sample_index,subject_id,session,window_index,local_index,calibration_anchor,logit,score,threshold,y_pred,network_logit,network_score,positive_above_threshold,anchor_embedding_norm,rest_cluster_center_norm,state_cluster_center_norm,y_true,correct,smoothed_score,smoothed_y_pred,smoothed_correct,fold_id
241,sub3,rest1,0,0,0,-1.1359564448736408,0.243063535916928,0.5,0,1.0589470863342285,0.7424892783164978,1,4.016452534506747e-06,1.7904098628907124,6.209382170183419,0,1,0.25131381068928665,0,1,fold_1
242,sub3,rest1,1,1,0,-1.2436746277591868,0.2237970113241332,0.5,0,0.8283534049987793,0.6960065960884094,1,4.016452534506747e-06,1.7904098628907124,6.209382170183419,0,1,0.2712534684423269,0,1,fold_1
243,sub3,rest1,2,2,0,-0.9096039663061332,0.2870808848267988,0.5,0,1.443939447402954,0.8090639710426331,1,4.016452534506747e-06,1.7904098628907124,6.209382170183419,0,1,0.29297601698572984,0,1,fold_1
244,sub3,rest1,3,3,0,-0.8336089911999885,0.30288250917604875,0.5,0,1.0992064476013184,0.7501114010810852,1,4.016452534506747e-06,1.7904098628907124,6.209382170183419,0,1,0.2826269891449093,0,1,fold_1
245,sub3,rest1,4,4,0,-0.9004177511345245,0.2889646569543421,0.5,0,1.0134074687957764,0.7336864471435547,1,4.016452534506747e-06,1.7904098628907124,6.209382170183419,0,1,0.2613623452286062,0,1,fold_1
246,sub3,rest1,5,5,0,-1.0666861298317674,0.25603380130433706,0.5,0,0.5161230564117432,0.6262407898902893,1,4.016452534506747e-06,1.7904098628907124,6.209382170183419,0,1,0.2359095696862222,0,1,fold_1
247,sub3,rest1,6,6,0,-1.1576828548736473,0.23908857742713943,0.5,0,0.7040870189666748,0.6690933108329773,1,4.016452534506747e-06,1.7904098628907124,6.209382170183419,0,1,0.22176060643709303,0,1,fold_1
248,sub3,rest1,7,7,0,-1.309286097718263,0.21260633032719006,0.5,0,0.2988086938858032,0.5741512179374695,1,4.016452534506747e-06,1.7904098628907124,6.209382170183419,0,1,0.2370972431513251,0,1,fold_1
249,sub3,rest1,8,8,0,-1.3034383824614786,0.21358691155694948,0.5,0,0.14539885520935059,0.5362857580184937,1,4.016452534506747e-06,1.7904098628907124,6.209382170183419,0,1,0.30501170620616386,0,1,fold_1
250,sub3,rest1,9,9,0,-0.9193100973599754,0.2850984875698358,0.5,0,-0.09078574180603027,0.4773191511631012,1,4.016452534506747e-06,1.7904098628907124,6.209382170183419,0,1,0.34472916444783813,0,1,fold_1
251,sub3,rest1,10,10,0,-0.33777638975935415,0.4163497194917063,0.5,0,0.13175392150878906,0.5328909158706665,1,4.016452534506747e-06,1.7904098628907124,6.209382170183419,0,1,0.3396690354049925,0,1,fold_1
252,sub3,rest1,11,11,0,-0.6958215854261455,0.3327392862819724,0.5,0,-0.14563345909118652,0.46365582942962646,1,4.016452534506747e-06,1.7904098628907124,6.209382170183419,0,1,0.27098315058881967,0,1,fold_1
253,sub3,rest1,12,12,0,-0.995038137740664,0.2699181004412988,0.5,0,-0.31707799434661865,0.42138800024986267,1,4.016452534506747e-06,1.7904098628907124,6.209382170183419,0,1,0.23395886161652193,0,1,fold_1
254,sub3,rest1,13,13,0,-1.3231658241274395,0.21029206504318781,0.5,0,-0.19213831424713135,0.45211261510849,1,4.016452534506747e-06,1.7904098628907124,6.209382170183419,0,1,0.21010716259610773,0,1,fold_1
255,sub3,rest1,14,14,0,-1.2559815628262068,0.22166641936507925,0.5,0,-0.3077723979949951,0.423658549785614,1,4.016452534506747e-06,1.7904098628907124,6.209382170183419,0,1,0.20332063233531036,0,1,fold_1
256,sub3,rest1,15,15,0,-1.3965571801702992,0.1983630033800562,0.5,0,-0.5389310121536255,0.3684363067150116,1,4.016452534506747e-06,1.7904098628907124,6.209382170183419,0,1,0.20710531734560733,0,1,fold_1
257,sub3,rest1,16,16,0,-1.4504489989379006,0.1899324742607956,0.5,0,-0.7772267460823059,0.3149178922176361,1,4.016452534506747e-06,1.7904098628907124,6.209382170183419,0,1,0.20715565599196306,0,1,fold_1
258,sub3,rest1,17,17,1,-1.4573381484097565,0.18887478612177425,0.5,0,-0.6321885585784912,0.347014456987381,1,4.016452534506747e-06,1.7904098628907124,6.209382170183419,0,1,,,,fold_1
259,sub3,rest1,18,18,0,-1.1913337842340523,0.2330204743959702,0.5,0,-0.333221435546875,0.4174569845199585,1,4.016452534506747e-06,1.7904098628907124,6.209382170183419,0,1,0.20831365507458321,0,1,fold_1
260,sub3,rest1,19,19,0,-1.395607756617875,0.1985140193191234,0.5,0,-0.33811724185943604,0.41626688838005066,1,4.016452534506747e-06,1.7904098628907124,6.209382170183419,0,1,0.18999110399004823,0,1,fold_1
261,sub3,rest1,20,20,0,-1.4280258149711658,0.19340647150865609,0.5,0,-0.5548546314239502,0.3647388219833374,1,4.016452534506747e-06,1.7904098628907124,6.209382170183419,0,1,0.1916190263626842,0,1,fold_1
262,sub3,rest1,21,21,0,-1.5295958794322568,0.17805282114236523,0.5,0,-0.4498891830444336,0.3893871307373047,1,4.016452534506747e-06,1.7904098628907124,6.209382170183419,0,1,0.19212121353876613,0,1,fold_1
263,sub3,rest1,22,22,0,-1.3651918487590196,0.20339778643703132,0.5,0,-0.2764679193496704,0.4313198924064636,1,4.016452534506747e-06,1.7904098628907124,6.209382170183419,0,1,0.18656524969383695,0,1,fold_1
264,sub3,rest1,23,23,0,-1.418396830420928,0.19491303303690188,0.5,0,-0.35981059074401855,0.4110054075717926,1,4.016452534506747e-06,1.7904098628907124,6.209382170183419,0,1,0.17726120394753273,0,1,fold_1
265,sub3,rest1,24,24,0,-1.6479594269331341,0.16138492960757772,0.5,0,-0.5349037051200867,0.3693738877773285,1,4.016452534506747e-06,1.7904098628907124,6.209382170183419,0,1,0.17127259810070714,0,1,fold_1
266,sub3,rest1,25,25,1,-1.5548270212273212,0.17439018939587253,0.5,0,-0.6605367064476013,0.3406190574169159,1,4.016452534506747e-06,1.7904098628907124,6.209382170183419,0,1,,,,fold_1
267,sub3,rest1,26,26,0,-1.547237278696713,0.17548564919811854,0.5,0,-0.56708163022995,0.36191052198410034,1,4.016452534506747e-06,1.7904098628907124,6.209382170183419,0,1,0.1782316072054235,0,1,fold_1
268,sub3,rest1,27,27,0,-1.5371688647559456,0.17694721549642506,0.5,0,-0.21878540515899658,0.44552081823349,1,4.016452534506747e-06,1.7904098628907124,6.209382170183419,0,1,0.17825475825594092,0,1,fold_1
269,sub3,rest1,28,28,0,-1.5010970685901461,0.18226195692172684,0.5,0,-0.17010438442230225,0.4575761556625366,1,4.016452534506747e-06,1.7904098628907124,6.209382170183419,0,1,0.18286550752305386,0,1,fold_1
270,sub3,rest1,29,29,0,-1.546757341406744,0.17555510234967092,0.5,0,-0.22391939163208008,0.4442528486251831,1,4.016452534506747e-06,1.7904098628907124,6.209382170183419,0,1,0.18113840522447489,0,1,fold_1
271,sub3,rest1,30,30,0,-1.4449533654772053,0.1907794632977639,0.5,0,-0.3659512996673584,0.4095197021961212,1,4.016452534506747e-06,1.7904098628907124,6.209382170183419,0,1,0.1860577225471072,0,1,fold_1
272,sub3,rest1,31,31,0,-1.5362529220426158,0.1770806500259898,0.5,0,-0.21767008304595947,0.44579631090164185,1,4.016452534506747e-06,1.7904098628907124,6.209382170183419,0,1,0.20208346308201222,0,1,fold_1
273,sub3,rest1,32,32,0,-1.4479773155791131,0.19031305431756795,0.5,0,-0.45618587732315063,0.38789102435112,1,4.016452534506747e-06,1.7904098628907124,6.209382170183419,0,1,0.20970987166611785,0,1,fold_1
274,sub3,rest1,33,33,0,-1.1589579375187093,0.23885668490247894,0.5,0,-0.48688262701034546,0.38062819838523865,1,4.016452534506747e-06,1.7904098628907124,6.209382170183419,0,1,0.21172025187583102,0,1,fold_1
275,sub3,rest1,34,34,1,-1.0894292308180267,0.2517257731880002,0.5,0,-0.6460961699485779,0.34386980533599854,1,4.016452534506747e-06,1.7904098628907124,6.209382170183419,0,1,,,,fold_1
276,sub3,rest1,35,35,0,-1.3865451563748468,0.19995987577830665,0.5,0,-0.5684818029403687,0.3615872263908386,1,4.016452534506747e-06,1.7904098628907124,6.209382170183419,0,1,0.19319863217974464,0,1,fold_1
277,sub3,rest1,36,36,0,-1.4093018585866364,0.19634419494670752,0.5,0,-0.059455037117004395,0.4851406216621399,1,4.016452534506747e-06,1.7904098628907124,6.209382170183419,0,1,0.18946224184424798,0,1,fold_1
278,sub3,rest1,37,37,0,-1.4942022798374028,0.1832918258142198,0.5,0,-0.1450495719909668,0.4638010263442993,1,4.016452534506747e-06,1.7904098628907124,6.209382170183419,0,1,0.18280212284624464,0,1,fold_1
279,sub3,rest1,38,38,0,-1.458148277257338,0.18875070477181663,0.5,0,-0.2389589548110962,0.44054293632507324,1,4.016452534506747e-06,1.7904098628907124,6.209382170183419,0,1,0.180341400596261,0,1,fold_1
280,sub3,rest1,39,39,0,-1.5411797591945846,0.17636383795269753,0.5,0,-0.5450645685195923,0.3670102059841156,1,4.016452534506747e-06,1.7904098628907124,6.209382170183419,0,1,0.17982257291380457,0,1,fold_1
281,sub3,rest1,40,40,0,-1.5443095984746824,0.1759096590642688,0.5,0,-0.22958457469940186,0.4428546726703644,1,4.016452534506747e-06,1.7904098628907124,6.209382170183419,0,1,0.21093332645539112,0,1,fold_1
282,sub3,rest1,41,41,0,-1.4683454891872907,0.18719422172444744,0.5,0,-0.29377198219299316,0.4270806908607483,1,4.016452534506747e-06,1.7904098628907124,6.209382170183419,0,1,0.2559002786930428,0,1,fold_1
283,sub3,rest1,42,42,1,-1.3734774597289603,0.20205859147088223,0.5,0,-0.13320696353912354,0.46674737334251404,1,4.016452534506747e-06,1.7904098628907124,6.209382170183419,0,1,,,,fold_1
284,sub3,rest1,43,43,0,-0.9961649865759681,0.26969609857745713,0.5,0,-0.25122320652008057,0.4375224709510803,1,4.016452534506747e-06,1.7904098628907124,6.209382170183419,0,1,0.3076633730722174,0,1,fold_1
285,sub3,rest1,44,44,0,-0.7963327941219821,0.3108105157772238,0.5,0,-0.1566396951675415,0.46091991662979126,1,4.016452534506747e-06,1.7904098628907124,6.209382170183419,0,1,0.3081523998884644,0,1,fold_1
286,sub3,rest1,45,45,0,-0.652246355844073,0.3424835048619714,0.5,0,-0.06093001365661621,0.4847721755504608,1,4.016452534506747e-06,1.7904098628907124,6.209382170183419,0,1,0.2867276131907645,0,1,fold_1
287,sub3,rest1,46,46,0,-0.9887290911145216,0.27116317902619796,0.5,0,-0.240625262260437,0.4401322901248932,1,4.016452534506747e-06,1.7904098628907124,6.209382170183419,0,1,0.2590117949790922,0,1,fold_1
288,sub3,rest1,47,47,0,-1.117172374330004,0.24653615568412413,0.5,0,-0.3203526735305786,0.420589804649353,1,4.016452534506747e-06,1.7904098628907124,6.209382170183419,0,1,0.26475482500315595,0,1,fold_1
289,sub3,rest1,48,48,0,-1.0494223014425752,0.2593360502269546,0.5,0,-0.23526406288146973,0.4414537847042084,1,4.016452534506747e-06,1.7904098628907124,6.209382170183419,0,1,0.2756348528122268,0,1,fold_1
290,sub3,rest1,49,49,0,-0.9032052209700466,0.28839226909838916,0.5,0,-0.2768592834472656,0.43122392892837524,1,4.016452534506747e-06,1.7904098628907124,6.209382170183419,0,1,0.33296595871636153,0,1,fold_1
291,sub3,rest1,50,50,0,-0.948551406560433,0.2791762391113368,0.5,0,-0.18591344356536865,0.45365503430366516,1,4.016452534506747e-06,1.7904098628907124,6.209382170183419,0,1,0.3681246594363104,0,1,fold_1
292,sub3,rest1,51,51,0,-0.2764294194916772,0.4313293679393587,0.5,0,0.7905855178833008,0.6879569888114929,1,4.016452534506747e-06,1.7904098628907124,6.209382170183419,0,1,0.4131876412123053,0,1,fold_1
293,sub3,rest1,52,52,0,-0.43108040124883096,0.39386837125823576,0.5,0,1.344567060470581,0.7932400107383728,1,4.016452534506747e-06,1.7904098628907124,6.209382170183419,0,1,0.39163615073481745,0,1,fold_1
294,sub3,rest1,53,53,0,-0.3459487406495687,0.41436518443932147,0.5,0,1.1930296421051025,0.7672824859619141,1,4.016452534506747e-06,1.7904098628907124,6.209382170183419,0,1,0.42084625971674444,0,1,fold_1
295,sub3,rest1,54,54,0,-0.5465082670321508,0.36667489650689505,0.5,0,0.3122202157974243,0.577427089214325,1,4.016452534506747e-06,1.7904098628907124,6.209382170183419,0,1,0.48280680698661954,0,1,fold_1
296,sub3,rest1,55,55,0,-0.07403901075424468,0.4814986982040168,0.5,0,0.623053789138794,0.6509127616882324,1,4.016452534506747e-06,1.7904098628907124,6.209382170183419,0,1,0.538331461794275,1,0,fold_1
297,sub3,rest1,56,56,0,0.4064936566831038,0.6002468262489468,0.5,1,1.690462589263916,0.8442850112915039,1,4.016452534506747e-06,1.7904098628907124,6.209382170183419,0,0,0.5391149997069278,1,0,fold_1
298,sub3,rest1,57,57,0,0.1331919984112595,0.5332488609298617,0.5,1,1.5859441757202148,0.8300447463989258,1,4.016452534506747e-06,1.7904098628907124,6.209382170183419,0,0,0.4397196189602959,0,1,fold_1
299,sub3,rest1,58,58,0,-0.06462523469124552,0.48384931194197495,0.5,0,0.5806694030761719,0.6412214636802673,1,4.016452534506747e-06,1.7904098628907124,6.209382170183419,0,1,0.36265689332002565,0,1,fold_1
300,sub3,rest1,59,59,0,-0.8375042215254711,0.302060684009051,0.5,0,0.09751486778259277,0.5243594646453857,1,4.016452534506747e-06,1.7904098628907124,6.209382170183419,0,1,0.302060684009051,0,1,fold_1
301,sub3,rest2,0,60,0,-1.1818557433657448,0.2347186927115183,0.5,0,0.024674177169799805,0.5061682462692261,1,4.016452534506747e-06,1.7904098628907124,6.209382170183419,1,0,0.34195017188241256,0,0,fold_1
302,sub3,rest2,1,61,0,-0.550148002648021,0.3658300719253776,0.5,0,0.12687253952026367,0.5316756367683411,1,4.016452534506747e-06,1.7904098628907124,6.209382170183419,1,0,0.38435191276543507,0,0,fold_1
303,sub3,rest2,2,62,0,-0.30104619931478366,0.4253017510103419,0.5,0,0.25719738006591797,0.5639472603797913,1,4.016452534506747e-06,1.7904098628907124,6.209382170183419,1,0,0.3789963739138324,0,0,fold_1
304,sub3,rest2,3,63,0,-0.567023519981956,0.36192391536058555,0.5,0,0.19173216819763184,0.5477867722511292,1,4.016452534506747e-06,1.7904098628907124,6.209382170183419,1,0,0.393459260047331,0,0,fold_1
305,sub3,rest2,4,64,0,-0.6200791273021875,0.34976345537056985,0.5,0,0.495678186416626,0.6214431524276733,1,4.016452534506747e-06,1.7904098628907124,6.209382170183419,1,0,0.4455601843619584,0,0,fold_1
306,sub3,rest2,5,65,0,-0.1254024418556226,0.4686904094108376,0.5,0,0.9294373989105225,0.716961145401001,1,4.016452534506747e-06,1.7904098628907124,6.209382170183419,1,0,0.4391674140977231,0,0,fold_1
307,sub3,rest2,6,66,0,0.07293907300457385,0.5182266883044678,0.5,1,0.8100802898406982,0.6921266317367554,1,4.016452534506747e-06,1.7904098628907124,6.209382170183419,1,1,0.3795114515248031,0,0,fold_1
308,sub3,rest2,7,67,0,-0.705539731030268,0.33058514457786387,0.5,0,0.13106000423431396,0.5327181816101074,1,4.016452534506747e-06,1.7904098628907124,6.209382170183419,1,0,0.31705573719744623,0,0,fold_1
309,sub3,rest2,8,68,0,-0.8967320650225303,0.2897225216920776,0.5,0,-0.030965089797973633,0.4922593832015991,1,4.016452534506747e-06,1.7904098628907124,6.209382170183419,1,0,0.3808763048071396,0,0,fold_1
310,sub3,rest2,9,69,0,-0.7043000343452649,0.3308595453223973,0.5,0,0.05735468864440918,0.5143347382545471,1,4.016452534506747e-06,1.7904098628907124,6.209382170183419,1,0,0.46426928148050844,0,0,fold_1
311,sub3,rest2,10,70,0,0.0882446092850767,0.5220468474069441,0.5,1,0.5064684152603149,0.6239782571792603,1,4.016452534506747e-06,1.7904098628907124,6.209382170183419,1,1,0.5012189049499939,1,1,fold_1
312,sub3,rest2,11,71,0,0.15994592412814984,0.5399014517121838,0.5,1,0.8330297470092773,0.696995198726654,1,4.016452534506747e-06,1.7904098628907124,6.209382170183419,1,1,0.4468991857986591,0,0,fold_1
313,sub3,rest2,12,72,0,-0.2342314068840283,0.44170841573085395,0.5,0,0.5738426446914673,0.6396493911743164,1,4.016452534506747e-06,1.7904098628907124,6.209382170183419,1,0,0.3765857368636756,0,0,fold_1
314,sub3,rest2,13,73,0,-0.579326025395195,0.35908768995293966,0.5,0,0.10336577892303467,0.5258184671401978,1,4.016452534506747e-06,1.7904098628907124,6.209382170183419,1,0,0.38346164611143196,0,0,fold_1
315,sub3,rest2,14,74,0,-0.712887579542663,0.32896110490723324,0.5,0,0.15562283992767334,0.5388273596763611,1,4.016452534506747e-06,1.7904098628907124,6.209382170183419,1,0,0.4117816891445183,0,0,fold_1
316,sub3,rest2,15,75,0,-0.15094135309649784,0.46233614347412294,0.5,0,0.6502237319946289,0.6570608615875244,1,4.016452534506747e-06,1.7904098628907124,6.209382170183419,1,0,0.5046396354430739,1,1,fold_1
317,sub3,rest2,16,76,0,-0.22475002786138173,0.4440478190521988,0.5,0,0.6319077014923096,0.6529219150543213,1,4.016452534506747e-06,1.7904098628907124,6.209382170183419,1,0,0.5945792928305347,1,1,fold_1
318,sub3,rest2,17,77,0,0.43696218976169643,0.6075349438029001,0.5,1,1.6129426956176758,0.8338195085525513,1,4.016452534506747e-06,1.7904098628907124,6.209382170183419,1,1,0.7030025108916291,1,1,fold_1
319,sub3,rest2,18,78,0,1.0055843748605309,0.7321551156365051,0.5,1,1.568756341934204,0.8276062607765198,1,4.016452534506747e-06,1.7904098628907124,6.209382170183419,1,1,0.7530064936569566,1,1,fold_1
320,sub3,rest2,19,79,0,1.2044613011333862,0.7693174732354822,0.5,1,2.016895294189453,0.882559597492218,1,4.016452534506747e-06,1.7904098628907124,6.209382170183419,1,1,0.7540630359696688,1,1,fold_1
321,sub3,rest2,20,80,0,1.139277117029145,0.7575468920988826,0.5,1,1.2888553142547607,0.7839533090591431,1,4.016452534506747e-06,1.7904098628907124,6.209382170183419,1,1,0.7424211320515721,1,1,fold_1
322,sub3,rest2,21,81,0,1.0218085974301154,0.7353247425746415,0.5,1,0.9889214038848877,0.7288748025894165,1,4.016452534506747e-06,1.7904098628907124,6.209382170183419,1,1,0.7459926662143567,1,1,fold_1
323,sub3,rest2,22,82,0,1.017020185575838,0.7343917614811923,0.5,1,0.8161671161651611,0.6934220790863037,1,4.016452534506747e-06,1.7904098628907124,6.209382170183419,1,1,0.7337069671152872,1,1,fold_1
324,sub3,rest2,23,83,0,1.1985205588047065,0.768261494587236,0.5,1,0.977388858795166,0.7265897989273071,1,4.016452534506747e-06,1.7904098628907124,6.209382170183419,1,1,0.7426231925757332,1,1,fold_1
325,sub3,rest2,24,84,0,0.8400115344118723,0.6984676452774332,0.5,1,0.6965289115905762,0.6674177646636963,1,4.016452534506747e-06,1.7904098628907124,6.209382170183419,1,1,0.7398677081955282,1,1,fold_1
326,sub3,rest2,25,85,0,1.158942111571946,0.7611404378625303,0.5,1,1.1023006439208984,0.7506909370422363,1,4.016452534506747e-06,1.7904098628907124,6.209382170183419,1,1,0.7726357157375983,1,1,fold_1
327,sub3,rest2,26,86,0,1.1526523250791088,0.7599950414466209,0.5,1,1.3236968517303467,0.7897961139678955,1,4.016452534506747e-06,1.7904098628907124,6.209382170183419,1,1,0.7819040662401636,1,1,fold_1
328,sub3,rest2,27,87,0,1.3662380126953906,0.7967716679036437,0.5,1,1.9281184673309326,0.873041033744812,1,4.016452534506747e-06,1.7904098628907124,6.209382170183419,1,1,0.7818758766568313,1,1,fold_1
329,sub3,rest2,28,88,0,1.3185807858806253,0.7889454893702265,0.5,1,1.9189040660858154,0.872016191482544,1,4.016452534506747e-06,1.7904098628907124,6.209382170183419,1,1,0.7510574282933945,1,1,fold_1
330,sub3,rest2,29,89,0,1.152188743043957,0.7599104726966236,0.5,1,1.5285863876342773,0.8217993974685669,1,4.016452534506747e-06,1.7904098628907124,6.209382170183419,1,1,0.7393978266014258,1,1,fold_1
331,sub3,rest2,30,90,0,0.867937352672447,0.7043163228133333,0.5,1,0.9575850963592529,0.7226380705833435,1,4.016452534506747e-06,1.7904098628907124,6.209382170183419,1,1,0.755246996891891,1,1,fold_1
332,sub3,rest2,31,91,0,1.119881225285238,0.7539666842943206,0.5,1,1.2913055419921875,0.784368097782135,1,4.016452534506747e-06,1.7904098628907124,6.209382170183419,1,1,0.7921917570163929,1,1,fold_1
333,sub3,rest2,32,92,0,1.4335766239198147,0.8074579835680193,0.5,1,1.5010454654693604,0.8177303075790405,1,4.016452534506747e-06,1.7904098628907124,6.209382170183419,1,1,0.7971591682939434,1,1,fold_1
334,sub3,rest2,33,93,0,1.4838314630935991,0.8151506031868385,0.5,1,1.6797192096710205,0.842867374420166,1,4.016452534506747e-06,1.7904098628907124,6.209382170183419,1,1,0.7787573578318878,1,1,fold_1
335,sub3,rest2,34,94,0,1.2019354938274458,0.7688689181269722,0.5,1,1.1314303874969482,0.7561028003692627,1,4.016452534506747e-06,1.7904098628907124,6.209382170183419,1,1,0.7477946542520226,1,1,fold_1
336,sub3,rest2,35,95,0,1.1106622365186802,0.7522525521818526,0.5,1,1.3351576328277588,0.7916924953460693,1,4.016452534506747e-06,1.7904098628907124,6.209382170183419,1,1,0.7520169801458794,1,1,fold_1
337,sub3,rest2,36,96,0,0.9557121855657291,0.7222624924472433,0.5,1,1.0860838890075684,0.7476435899734497,1,4.016452534506747e-06,1.7904098628907124,6.209382170183419,1,1,0.7610088294271712,1,1,fold_1
338,sub3,rest2,37,97,0,1.2746393625802948,0.7815358958085422,0.5,1,1.2217726707458496,0.7723753452301025,1,4.016452534506747e-06,1.7904098628907124,6.209382170183419,1,1,0.7921352812377019,1,1,fold_1
339,sub3,rest2,38,98,0,1.2611737726446022,0.7792281000257282,0.5,1,1.1526706218719482,0.7599983811378479,1,4.016452534506747e-06,1.7904098628907124,6.209382170183419,1,1,0.795940385160984,1,1,fold_1
340,sub3,rest2,39,99,0,1.4870950021079459,0.8156418478788356,0.5,1,1.6380901336669922,0.8372749090194702,1,4.016452534506747e-06,1.7904098628907124,6.209382170183419,1,1,0.7647916429443905,1,1,fold_1
341,sub3,rest2,40,100,0,1.342807213165618,0.7929512075783883,0.5,1,1.4367551803588867,0.8079516291618347,1,4.016452534506747e-06,1.7904098628907124,6.209382170183419,1,1,0.7268465876881395,1,1,fold_1
342,sub3,rest2,41,101,0,0.7804721928099193,0.6857818733759476,0.5,1,0.7325093746185303,0.6753556728363037,1,4.016452534506747e-06,1.7904098628907124,6.209382170183419,1,1,0.654892476260366,1,1,fold_1
343,sub3,rest2,42,102,0,0.8559159905613616,0.7018066821100825,0.5,1,0.9420170783996582,0.7195069193840027,1,4.016452534506747e-06,1.7904098628907124,6.209382170183419,1,1,0.6740090427814346,1,1,fold_1
344,sub3,rest2,43,103,0,0.3108342265358701,0.5770888732950676,0.5,1,0.2963615655899048,0.5735528469085693,1,4.016452534506747e-06,1.7904098628907124,6.209382170183419,1,1,0.652880239094609,1,1,fold_1
345,sub3,rest2,44,104,0,1.0623091155651252,0.7431315729391532,0.5,1,0.7681043148040771,0.6831106543540955,1,4.016452534506747e-06,1.7904098628907124,6.209382170183419,1,1,0.7061846513639244,1,1,fold_1
346,sub3,rest2,45,105,0,0.5685142309007019,0.6384202710496063,0.5,1,0.7071239948272705,0.6697653532028198,1,4.016452534506747e-06,1.7904098628907124,6.209382170183419,1,1,0.6991589336266885,1,1,fold_1
347,sub3,rest2,46,106,0,1.0304447463427475,0.7370021101030138,0.5,1,1.048076868057251,0.7404054403305054,1,4.016452534506747e-06,1.7904098628907124,6.209382170183419,1,1,0.7360443258494516,1,1,fold_1
348,sub3,rest2,47,107,0,0.9546751695231288,0.7220544197274451,0.5,1,1.2196991443634033,0.7720105648040771,1,4.016452534506747e-06,1.7904098628907124,6.209382170183419,1,1,0.7423939360665451,1,1,fold_1
349,sub3,rest2,48,108,0,1.0936927245289565,0.7490764477178957,0.5,1,1.4278497695922852,0.806566059589386,1,4.016452534506747e-06,1.7904098628907124,6.209382170183419,1,1,0.7398212303107101,1,1,fold_1
350,sub3,rest2,49,109,0,1.1311493259458083,0.7560509407542947,0.5,1,1.1642882823944092,0.7621110081672668,1,4.016452534506747e-06,1.7904098628907124,6.209382170183419,1,1,0.7041168573289068,1,1,fold_1
351,sub3,rest2,50,110,0,0.9165386270967253,0.71433630245994,0.5,1,0.9802358150482178,0.7271549701690674,1,4.016452534506747e-06,1.7904098628907124,6.209382170183419,1,1,0.6415049436365604,1,1,fold_1
352,sub3,rest2,51,111,0,0.5838957670153115,0.641963328772486,0.5,1,0.5700157880783081,0.6387668251991272,1,4.016452534506747e-06,1.7904098628907124,6.209382170183419,1,1,0.5415363601542719,1,1,fold_1
353,sub3,rest2,52,112,0,0.27457290291182923,0.5682151996772554,0.5,1,0.44387853145599365,0.6091827750205994,1,4.016452534506747e-06,1.7904098628907124,6.209382170183419,1,1,0.4758047615869534,0,0,fold_1
354,sub3,rest2,53,113,0,-0.34567937500468604,0.4144305520130741,0.5,0,0.19042563438415527,0.547463059425354,1,4.016452534506747e-06,1.7904098628907124,6.209382170183419,1,0,0.43795606879738774,0,0,fold_1
355,sub3,rest2,54,114,0,-0.22183108789490216,0.44476853307053066,0.5,0,0.5257705450057983,0.6284961104393005,1,4.016452534506747e-06,1.7904098628907124,6.209382170183419,1,0,0.4455720084007088,0,0,fold_1
356,sub3,rest2,55,115,0,-0.18182277881417566,0.4546691213085584,0.5,0,0.3927830457687378,0.596952497959137,1,4.016452534506747e-06,1.7904098628907124,6.209382170183419,1,0,0.40978007719105003,0,0,fold_1
357,sub3,rest2,56,116,0,-0.2522150674374818,0.43727837082303733,0.5,0,0.7732908725738525,0.6842323541641235,1,4.016452534506747e-06,1.7904098628907124,6.209382170183419,1,0,0.3714579036077725,0,0,fold_1
358,sub3,rest2,57,117,0,-0.6749347967467537,0.33739273944155423,0.5,0,0.694709062576294,0.6670136451721191,1,4.016452534506747e-06,1.7904098628907124,6.209382170183419,1,0,0.3614197066885043,0,0,fold_1
359,sub3,rest2,58,118,0,-0.6646198081482959,0.3397026005587258,0.5,0,1.0934126377105713,0.7490237951278687,1,4.016452534506747e-06,1.7904098628907124,6.209382170183419,1,0,0.3846767202297305,0,0,fold_1
360,sub3,rest2,59,119,0,-0.37570265934948266,0.4071637800652328,0.5,0,1.414069414138794,0.804407000541687,1,4.016452534506747e-06,1.7904098628907124,6.209382170183419,1,0,0.4071637800652328,0,0,fold_1
599,sub6,rest1,0,0,0,-0.4686776931410743,0.38492926362126145,0.5,0,2.7329556941986084,0.9389435648918152,1,3.168719095608977e-06,4.226551219575639,12.833864334292707,0,1,0.3641479071772758,0,1,fold_1
600,sub6,rest1,1,1,0,-0.6504468052411995,0.3428888578511726,0.5,0,2.6736414432525635,0.9354532957077026,1,3.168719095608977e-06,4.226551219575639,12.833864334292707,0,1,0.34856929297016964,0,1,fold_1
601,sub6,rest1,2,2,0,-0.5553433574732793,0.3646256000593933,0.5,0,2.783223867416382,0.9417624473571777,1,3.168719095608977e-06,4.226551219575639,12.833864334292707,0,1,0.32623058533197946,0,1,fold_1
602,sub6,rest1,3,3,0,-0.6713553532192943,0.33819342099994304,0.5,0,2.425234794616699,0.9187314510345459,1,3.168719095608977e-06,4.226551219575639,12.833864334292707,0,1,0.28133961450673856,0,1,fold_1
603,sub6,rest1,4,4,0,-0.9650275033392031,0.275872734936602,0.5,0,1.8730723857879639,0.8668133616447449,1,3.168719095608977e-06,4.226551219575639,12.833864334292707,0,1,0.24533609414321703,0,1,fold_1
604,sub6,rest1,5,5,0,-1.208578376051785,0.22995268758367066,0.5,0,1.560110092163086,0.8263691663742065,1,3.168719095608977e-06,4.226551219575639,12.833864334292707,0,1,0.24036019799897046,0,1,fold_1
605,sub6,rest1,6,6,0,-1.2072789701148936,0.23018285990937837,0.5,0,1.5188462734222412,0.8203685283660889,1,3.168719095608977e-06,4.226551219575639,12.833864334292707,0,1,0.2747373136048013,0,1,fold_1
606,sub6,rest1,7,7,0,-1.041062444793561,0.2609450465038623,0.5,0,1.8763158321380615,0.8671873807907104,1,3.168719095608977e-06,4.226551219575639,12.833864334292707,0,1,0.30845397122828905,0,1,fold_1
607,sub6,rest1,8,8,0,-0.6942692356677671,0.3330840344011632,0.5,0,2.1483089923858643,0.8955106139183044,1,3.168719095608977e-06,4.226551219575639,12.833864334292707,0,1,0.3335916980979799,0,1,fold_1
608,sub6,rest1,9,9,0,-0.7021630211754758,0.33133283277984166,0.5,0,2.0059313774108887,0.8814184069633484,1,3.168719095608977e-06,4.226551219575639,12.833864334292707,0,1,0.3160785769482361,0,1,fold_1
609,sub6,rest1,10,10,0,-0.679565761082112,0.3363582271129349,0.5,0,2.0124874114990234,0.8821019530296326,1,3.168719095608977e-06,4.226551219575639,12.833864334292707,0,1,0.3133958146305707,0,1,fold_1
610,sub6,rest1,11,11,0,-0.9417614712821999,0.28054467095193164,0.5,0,1.985935926437378,0.8793125152587891,1,3.168719095608977e-06,4.226551219575639,12.833864334292707,0,1,0.29795695415500484,0,1,fold_1
611,sub6,rest1,12,12,0,-0.7387179982828667,0.32328454582684557,0.5,0,2.333235025405884,0.9115923643112183,1,3.168719095608977e-06,4.226551219575639,12.833864334292707,0,1,0.29167968588638055,0,1,fold_1
612,sub6,rest1,13,13,0,-0.8951817939341252,0.2900416456862372,0.5,0,2.0176610946655273,0.8826389908790588,1,3.168719095608977e-06,4.226551219575639,12.833864334292707,0,1,0.2506971599998395,0,1,fold_1
613,sub6,rest1,14,14,0,-1.0370848471454088,0.2617128661460589,0.5,0,1.4148445129394531,0.8045288920402527,1,3.168719095608977e-06,4.226551219575639,12.833864334292707,0,1,0.2185127613833674,0,1,fold_1
614,sub6,rest1,15,15,0,-1.3841896390928996,0.20033696816722243,0.5,0,0.46385931968688965,0.6139293313026428,1,3.168719095608977e-06,4.226551219575639,12.833864334292707,0,1,0.18826801216934777,0,1,fold_1
615,sub6,rest1,16,16,0,-1.4275003988832873,0.1934884498368209,0.5,0,0.19497215747833252,0.5485891699790955,1,3.168719095608977e-06,4.226551219575639,12.833864334292707,0,1,0.17964523391345347,0,1,fold_1
616,sub6,rest1,17,17,1,-1.6329543397463295,0.16342604813980988,0.5,0,-0.5523775219917297,0.36531296372413635,1,3.168719095608977e-06,4.226551219575639,12.833864334292707,0,1,,,,fold_1
617,sub6,rest1,18,18,0,-1.5787074360193831,0.17097861850399998,0.5,0,-0.3859061002731323,0.40470317006111145,1,3.168719095608977e-06,4.226551219575639,12.833864334292707,0,1,0.17424722929253797,0,1,fold_1
618,sub6,rest1,19,19,0,-1.554282285538295,0.17446863339953958,0.5,0,-0.3244365453720093,0.4195948839187622,1,3.168719095608977e-06,4.226551219575639,12.833864334292707,0,1,0.18538418162247047,0,1,fold_1
619,sub6,rest1,20,20,0,-1.5347865466778257,0.17729443597407435,0.5,0,-0.16992270946502686,0.4576212167739868,1,3.168719095608977e-06,4.226551219575639,12.833864334292707,0,1,0.19772842549938896,0,1,fold_1
620,sub6,rest1,21,21,0,-1.3590824080336812,0.20438947549379743,0.5,0,0.22810494899749756,0.556780219078064,1,3.168719095608977e-06,4.226551219575639,12.833864334292707,0,1,0.20988483517294995,0,1,fold_1
621,sub6,rest1,22,22,0,-1.3158992227186526,0.21150136503029515,0.5,0,0.594261646270752,0.6443423628807068,1,3.168719095608977e-06,4.226551219575639,12.833864334292707,0,1,0.20437249649337919,0,1,fold_1
622,sub6,rest1,23,23,0,-1.3023863923286012,0.21376366499475719,0.5,0,0.4947216510772705,0.6212180852890015,1,3.168719095608977e-06,4.226551219575639,12.833864334292707,0,1,0.19684493710562392,0,1,fold_1
623,sub6,rest1,24,24,0,-1.46402515924623,0.1878524594550852,0.5,0,0.07772421836853027,0.5194212794303894,1,3.168719095608977e-06,4.226551219575639,12.833864334292707,0,1,0.18853627830716113,0,1,fold_1
624,sub6,rest1,25,25,1,-1.5625659606040332,0.17327875665616696,0.5,0,-0.5090826153755188,0.3754085898399353,1,3.168719095608977e-06,4.226551219575639,12.833864334292707,0,1,,,,fold_1
625,sub6,rest1,26,26,0,-1.4570516176239565,0.18891868686702934,0.5,0,-0.06680655479431152,0.48330461978912354,1,3.168719095608977e-06,4.226551219575639,12.833864334292707,0,1,0.19343277481797108,0,1,fold_1
626,sub6,rest1,27,27,0,-1.457580315844356,0.1888376885993689,0.5,0,0.0687035322189331,0.5171691179275513,1,3.168719095608977e-06,4.226551219575639,12.833864334292707,0,1,0.194887531829861,0,1,fold_1
627,sub6,rest1,28,28,0,-1.3704822120774762,0.202541948987515,0.5,0,0.3435637950897217,0.585055947303772,1,3.168719095608977e-06,4.226551219575639,12.833864334292707,0,1,0.19450174636191075,0,1,fold_1
628,sub6,rest1,29,29,0,-1.4288177590659394,0.1932829579026991,0.5,0,-0.035643577575683594,0.4910900592803955,1,3.168719095608977e-06,4.226551219575639,12.833864334292707,0,1,0.18601044862211033,0,1,fold_1
629,sub6,rest1,30,30,0,-1.4651537873385612,0.18768033219551822,0.5,0,-0.0628361701965332,0.48429611325263977,1,3.168719095608977e-06,4.226551219575639,12.833864334292707,0,1,0.1840555789518862,0,1,fold_1
630,sub6,rest1,31,31,0,-1.5363393504122527,0.17706805576811366,0.5,0,-0.3381298780441284,0.41626378893852234,1,3.168719095608977e-06,4.226551219575639,12.833864334292707,0,1,0.18534749440794387,0,1,fold_1
631,sub6,rest1,32,32,0,-1.4668731248372033,0.1874183488920268,0.5,0,0.03121638298034668,0.5078034400939941,1,3.168719095608977e-06,4.226551219575639,12.833864334292707,0,1,0.18120950520233045,0,1,fold_1
632,sub6,rest1,33,33,0,-1.4399307111655504,0.19155607856369114,0.5,0,-0.06378412246704102,0.4840593934059143,1,3.168719095608977e-06,4.226551219575639,12.833864334292707,0,1,0.17235803054711096,0,1,fold_1
633,sub6,rest1,34,34,1,-1.5261139976907367,0.17856296593180557,0.5,0,-0.2884472608566284,0.42838406562805176,1,3.168719095608977e-06,4.226551219575639,12.833864334292707,0,1,,,,fold_1
634,sub6,rest1,35,35,0,-1.6239990668967972,0.16465408815127341,0.5,0,0.1053844690322876,0.5263217687606812,1,3.168719095608977e-06,4.226551219575639,12.833864334292707,0,1,0.16508341972249196,0,1,fold_1
635,sub6,rest1,36,36,0,-1.6518140597115911,0.16086392492636836,0.5,0,0.42026424407958984,0.6035465002059937,1,3.168719095608977e-06,4.226551219575639,12.833864334292707,0,1,0.16516868249404723,0,1,fold_1
636,sub6,rest1,37,37,0,-1.5875260714438963,0.16973224608983414,0.5,0,0.2592732906341553,0.5644576549530029,1,3.168719095608977e-06,4.226551219575639,12.833864334292707,0,1,0.17324657890927267,0,1,fold_1
637,sub6,rest1,38,38,0,-1.622140529962176,0.16490987646593916,0.5,0,-0.21729516983032227,0.4458889663219452,1,3.168719095608977e-06,4.226551219575639,12.833864334292707,0,1,0.17615021478025986,0,1,fold_1
638,sub6,rest1,39,39,0,-1.482185003981086,0.1850976141720447,0.5,0,0.03806257247924805,0.5095145106315613,1,3.168719095608977e-06,4.226551219575639,12.833864334292707,0,1,0.17776929974252983,0,1,fold_1
639,sub6,rest1,40,40,0,-1.5269310494064918,0.17844315370279573,0.5,0,-0.17502784729003906,0.45635440945625305,1,3.168719095608977e-06,4.226551219575639,12.833864334292707,0,1,0.16927408868696783,0,1,fold_1
640,sub6,rest1,41,41,0,-1.587278543651795,0.169767131352749,0.5,0,-0.4123883843421936,0.39833956956863403,1,3.168719095608977e-06,4.226551219575639,12.833864334292707,0,1,0.17041307358506566,0,1,fold_1
641,sub6,rest1,42,42,1,-1.6489714207444066,0.1612480134626573,0.5,0,-0.6198758482933044,0.3498097062110901,1,3.168719095608977e-06,4.226551219575639,12.833864334292707,0,1,,,,fold_1
642,sub6,rest1,43,43,0,-1.6611179614022689,0.15961198100535873,0.5,0,-0.6135960817337036,0.35123932361602783,1,3.168719095608977e-06,4.226551219575639,12.833864334292707,0,1,0.2003870187409759,0,1,fold_1
643,sub6,rest1,44,44,0,-1.5037955822660563,0.18186010839708924,0.5,0,0.24733257293701172,0.5615198612213135,1,3.168719095608977e-06,4.226551219575639,12.833864334292707,0,1,0.2427164524481863,0,1,fold_1
644,sub6,rest1,45,45,0,-1.0475857795580301,0.25968896682047965,0.5,0,1.5530321598052979,0.8253511786460876,1,3.168719095608977e-06,4.226551219575639,12.833864334292707,0,1,0.2889327478256794,0,1,fold_1
645,sub6,rest1,46,46,0,-0.9119533776701123,0.28660028212698996,0.5,0,2.190598726272583,0.8994020819664001,1,3.168719095608977e-06,4.226551219575639,12.833864334292707,0,1,0.30097440301352835,0,1,fold_1
646,sub6,rest1,47,47,0,-0.7514336564993943,0.32050899452956877,0.5,0,2.5012855529785156,0.9242319464683533,1,3.168719095608977e-06,4.226551219575639,12.833864334292707,0,1,0.33491825389988367,0,1,fold_1
647,sub6,rest1,48,48,0,-0.8673119719704248,0.29581393238402637,0.5,0,1.863802194595337,0.8657395243644714,1,3.168719095608977e-06,4.226551219575639,12.833864334292707,0,1,0.32638684457023853,0,1,fold_1
648,sub6,rest1,49,49,0,-0.45390872407812044,0.3884318347860558,0.5,0,2.389742136001587,0.9160417318344116,1,3.168719095608977e-06,4.226551219575639,12.833864334292707,0,1,0.3019472756826934,0,1,fold_1
649,sub6,rest1,50,50,0,-0.87163230641708,0.2949147665406336,0.5,0,1.5014853477478027,0.8177959322929382,1,3.168719095608977e-06,4.226551219575639,12.833864334292707,0,1,0.22859914247228777,0,1,fold_1
650,sub6,rest1,51,51,0,-1.251184140641672,0.2224952257213909,0.5,0,1.0564305782318115,0.742007851600647,1,3.168719095608977e-06,4.226551219575639,12.833864334292707,0,1,0.1834128529993133,0,1,fold_1
651,sub6,rest1,52,52,0,-1.5970991791813807,0.16838743515483878,0.5,0,0.12806785106658936,0.5319733023643494,1,3.168719095608977e-06,4.226551219575639,12.833864334292707,0,1,0.17164693040945336,0,1,fold_1
652,sub6,rest1,53,53,0,-1.663028332149105,0.1593558981217103,0.5,0,0.2301100492477417,0.5572749972343445,1,3.168719095608977e-06,4.226551219575639,12.833864334292707,0,1,0.1832016217464307,0,1,fold_1
653,sub6,rest1,54,54,0,-1.4683242197052013,0.187197457951811,0.5,0,0.69783616065979,0.6677078604698181,1,3.168719095608977e-06,4.226551219575639,12.833864334292707,0,1,0.1978259910668724,0,1,fold_1
654,sub6,rest1,55,55,0,-1.3673303612982457,0.20305150916577075,0.5,0,1.1928563117980957,0.7672515511512756,1,3.168719095608977e-06,4.226551219575639,12.833864334292707,0,1,0.19242691715730478,0,1,fold_1
655,sub6,rest1,56,56,0,-1.3662338504024638,0.20322900608303557,0.5,0,1.1486024856567383,0.759255588054657,1,3.168719095608977e-06,4.226551219575639,12.833864334292707,0,1,0.18663129083857796,0,1,fold_1
656,sub6,rest1,57,57,0,-1.578554932262397,0.17100023622310806,0.5,0,0.3568267822265625,0.5882720947265625,1,3.168719095608977e-06,4.226551219575639,12.833864334292707,0,1,0.18518328197133693,0,1,fold_1
657,sub6,rest1,58,58,0,-1.478430300503939,0.18566463020959026,0.5,0,0.3356785774230957,0.5831404328346252,1,3.168719095608977e-06,4.226551219575639,12.833864334292707,0,1,0.1944781963907384,0,1,fold_1
658,sub6,rest1,59,59,0,-1.3932778678464026,0.19888497948131248,0.5,0,0.5011588335037231,0.6227315664291382,1,3.168719095608977e-06,4.226551219575639,12.833864334292707,0,1,0.19888497948131248,0,1,fold_1
659,sub6,rest2,0,60,0,0.23045002366321846,0.5573588827819425,0.5,1,3.380340337753296,0.9670844078063965,1,3.168719095608977e-06,4.226551219575639,12.833864334292707,1,1,0.5563039979987224,1,1,fold_1
660,sub6,rest2,1,61,0,0.3187639497435986,0.5790229877291383,0.5,1,3.6307284832000732,0.9741870760917664,1,3.168719095608977e-06,4.226551219575639,12.833864334292707,1,1,0.5906279698849558,1,1,fold_1
661,sub6,rest2,2,62,0,0.1303045545181245,0.5325301234850868,0.5,1,3.2556612491607666,0.9628760814666748,1,3.168719095608977e-06,4.226551219575639,12.833864334292707,1,1,0.6345085173001671,1,1,fold_1
662,sub6,rest2,3,63,0,0.6647687118053037,0.6603307984406421,0.5,1,4.241022109985352,0.9858113527297974,1,3.168719095608977e-06,4.226551219575639,12.833864334292707,1,1,0.7003966236079098,1,1,fold_1
663,sub6,rest2,4,64,0,0.8986141654991978,0.7106646299747724,0.5,1,4.9519853591918945,0.9929803013801575,1,3.168719095608977e-06,4.226551219575639,12.833864334292707,1,1,0.6845510765374542,1,1,fold_1
664,sub6,rest2,5,65,0,0.9956093156456233,0.7301944424083151,0.5,1,5.015878677368164,0.9934118390083313,1,3.168719095608977e-06,4.226551219575639,12.833864334292707,1,1,0.6398319525151859,1,1,fold_1
665,sub6,rest2,6,66,0,0.45907263874440146,0.612794157229275,0.5,1,3.8919026851654053,0.9800016283988953,1,3.168719095608977e-06,4.226551219575639,12.833864334292707,1,1,0.6049952818591463,1,1,fold_1
666,sub6,rest2,7,67,0,0.30845155320807954,0.5765072579079676,0.5,1,3.5035817623138428,0.9707895517349243,1,3.168719095608977e-06,4.226551219575639,12.833864334292707,1,1,0.6086436164849128,1,1,fold_1
667,sub6,rest2,8,68,0,0.5137469287503044,0.6256844304401962,0.5,1,3.79455304145813,0.9780017733573914,1,3.168719095608977e-06,4.226551219575639,12.833864334292707,1,1,0.6689057855207236,1,1,fold_1
668,sub6,rest2,9,69,0,0.5054496465929811,0.6237391611065748,0.5,1,3.9323647022247314,0.9807794094085693,1,3.168719095608977e-06,4.226551219575639,12.833864334292707,1,1,0.6755644732814227,1,1,fold_1
669,sub6,rest2,10,70,0,1.137899440417764,0.7572937650153996,0.5,1,4.845005035400391,0.9921938180923462,1,3.168719095608977e-06,4.226551219575639,12.833864334292707,1,1,0.6735150241459719,1,1,fold_1
670,sub6,rest2,11,71,0,0.6000183033046927,0.6456604937222935,0.5,1,3.499253034591675,0.9706665277481079,1,3.168719095608977e-06,4.226551219575639,12.833864334292707,1,1,0.6135361651194793,1,1,fold_1
671,sub6,rest2,12,72,0,0.4793349207707209,0.6175908137002224,0.5,1,3.3963820934295654,0.9675912857055664,1,3.168719095608977e-06,4.226551219575639,12.833864334292707,1,1,0.6344894304475729,1,1,fold_1
672,sub6,rest2,13,73,0,0.31193371179423085,0.5773571879359222,0.5,1,3.3045690059661865,0.9645852446556091,1,3.168719095608977e-06,4.226551219575639,12.833864334292707,1,1,0.6697901401602863,1,1,fold_1
673,sub6,rest2,14,74,0,0.888208297388274,0.7085202897065738,0.5,1,4.169787406921387,0.9847796559333801,1,3.168719095608977e-06,4.226551219575639,12.833864334292707,1,1,0.6354530649967849,1,1,fold_1
674,sub6,rest2,15,75,0,0.9618544480015772,0.7234929428383627,0.5,1,4.324395179748535,0.9869315028190613,1,3.168719095608977e-06,4.226551219575639,12.833864334292707,1,1,0.6084684424683094,1,1,fold_1
675,sub6,rest2,16,76,0,-0.10270633902252428,0.474345962445418,0.5,0,3.3499510288238525,0.9661032557487488,1,3.168719095608977e-06,4.226551219575639,12.833864334292707,1,0,0.5760122396829374,1,1,fold_1
676,sub6,rest2,17,77,0,0.5217908098893855,0.6275664221211477,0.5,1,3.804535150527954,0.9782155156135559,1,3.168719095608977e-06,4.226551219575639,12.833864334292707,1,1,0.6161253210342257,1,1,fold_1
677,sub6,rest2,18,78,0,0.5156256717593564,0.6261243344822461,0.5,1,3.827430486679077,0.978698194026947,1,3.168719095608977e-06,4.226551219575639,12.833864334292707,1,1,0.5191770071316754,1,1,fold_1
678,sub6,rest2,19,79,0,0.383368167741144,0.5946852064992832,0.5,1,3.3883774280548096,0.9673393368721008,1,3.168719095608977e-06,4.226551219575639,12.833864334292707,1,1,0.397765381742255,0,0,fold_1
679,sub6,rest2,20,80,0,-0.6779388708229016,0.33672148041349675,0.5,0,2.6561954021453857,0.9343917965888977,1,3.168719095608977e-06,4.226551219575639,12.833864334292707,1,0,0.29684812051696446,0,0,fold_1
680,sub6,rest2,21,81,0,-1.036171098968279,0.26188945831398514,0.5,0,2.1617190837860107,0.8967587947845459,1,3.168719095608977e-06,4.226551219575639,12.833864334292707,1,0,0.27619481350764347,0,0,fold_1
681,sub6,rest2,22,82,0,-0.8860123525908081,0.2919334228234115,0.5,0,2.4036853313446045,0.917107880115509,1,3.168719095608977e-06,4.226551219575639,12.833864334292707,1,0,0.273805332219403,0,0,fold_1
682,sub6,rest2,23,83,0,-0.9705968196149345,0.2747615593855338,0.5,0,2.1512157917022705,0.8957822918891907,1,3.168719095608977e-06,4.226551219575639,12.833864334292707,1,0,0.2908760276408113,0,0,fold_1
683,sub6,rest2,24,84,0,-1.0735897402762136,0.25472101444926365,0.5,0,1.7743525505065918,0.8549981117248535,1,3.168719095608977e-06,4.226551219575639,12.833864334292707,1,0,0.3041856303102279,0,0,fold_1
684,sub6,rest2,25,85,0,-0.649307936982805,0.34314550908763625,0.5,0,2.5979621410369873,0.9307302832603455,1,3.168719095608977e-06,4.226551219575639,12.833864334292707,1,0,0.34122447393434485,0,0,fold_1
685,sub6,rest2,26,86,0,-0.778281559787579,0.31469036739378387,0.5,0,2.229489326477051,0.902866542339325,1,3.168719095608977e-06,4.226551219575639,12.833864334292707,1,0,0.31278975447570173,0,0,fold_1
686,sub6,rest2,27,87,0,-0.5501157896544911,0.3658375453216145,0.5,0,2.7633044719696045,0.9406603574752808,1,3.168719095608977e-06,4.226551219575639,12.833864334292707,1,0,0.2954389650950246,0,0,fold_1
687,sub6,rest2,28,88,0,-1.0572185573107487,0.2578413507117068,0.5,0,1.7914676666259766,0.8571071624755859,1,3.168719095608977e-06,4.226551219575639,12.833864334292707,1,0,0.26898244778763664,0,0,fold_1
688,sub6,rest2,29,89,0,-1.0323022977467116,0.2626379992517524,0.5,0,1.914973497390747,0.8715768456459045,1,3.168719095608977e-06,4.226551219575639,12.833864334292707,1,0,0.27654175093395866,0,0,fold_1
689,sub6,rest2,30,90,0,-0.9126004804651208,0.2864679933994508,0.5,0,2.0948872566223145,0.8904052972793579,1,3.168719095608977e-06,4.226551219575639,12.833864334292707,1,0,0.2834903075260557,0,0,fold_1
690,sub6,rest2,31,91,0,-0.9418873709261472,0.28051926015067274,0.5,0,2.079166889190674,0.8888617753982544,1,3.168719095608977e-06,4.226551219575639,12.833864334292707,1,0,0.29626130648282833,0,0,fold_1
691,sub6,rest2,32,92,0,-0.9272465230426032,0.2834836690280436,0.5,0,2.062708616256714,0.8872255086898804,1,3.168719095608977e-06,4.226551219575639,12.833864334292707,1,0,0.35756418573326215,0,0,fold_1
692,sub6,rest2,33,93,0,-0.7318860180265714,0.32478099026976864,0.5,0,2.409529209136963,0.9175511002540588,1,3.168719095608977e-06,4.226551219575639,12.833864334292707,1,0,0.4617031170579466,0,0,fold_1
693,sub6,rest2,34,94,0,-0.1425292042437192,0.4644278979019742,0.5,0,3.021474599838257,0.9535349011421204,1,3.168719095608977e-06,4.226551219575639,12.833864334292707,1,0,0.5568427773797612,1,1,fold_1
694,sub6,rest2,35,95,0,0.3884124184095707,0.5959004630020968,0.5,1,4.119219779968262,0.9840028882026672,1,3.168719095608977e-06,4.226551219575639,12.833864334292707,1,1,0.5631990513434255,1,1,fold_1
695,sub6,rest2,36,96,0,0.4481528642754686,0.6101999712352125,0.5,1,4.227653503417969,0.9856231212615967,1,3.168719095608977e-06,4.226551219575639,12.833864334292707,1,1,0.4940958356138479,0,0,fold_1
696,sub6,rest2,37,97,0,-0.06603710880148167,0.4834967197929672,0.5,0,3.619842767715454,0.9739118814468384,1,3.168719095608977e-06,4.226551219575639,12.833864334292707,1,0,0.3987849174046403,0,0,fold_1
697,sub6,rest2,38,98,0,-0.45323952828443004,0.388590815813364,0.5,0,2.9318430423736572,0.9493982791900635,1,3.168719095608977e-06,4.226551219575639,12.833864334292707,1,0,0.3657614617155056,0,0,fold_1
698,sub6,rest2,39,99,0,-0.734229788560279,0.32426721660758967,0.5,0,2.628634214401245,0.9326818585395813,1,3.168719095608977e-06,4.226551219575639,12.833864334292707,1,0,0.39437486337346694,0,0,fold_1
699,sub6,rest2,40,100,0,-0.47080236262840613,0.3844263527255631,0.5,0,2.9845755100250244,0.9518724083900452,1,3.168719095608977e-06,4.226551219575639,12.833864334292707,1,0,0.4745687639400735,0,0,fold_1
700,sub6,rest2,41,101,0,-0.10236521060249527,0.474431020787248,0.5,0,3.507927656173706,0.9709124565124512,1,3.168719095608977e-06,4.226551219575639,12.833864334292707,1,0,0.5430759535518538,1,1,fold_1
701,sub6,rest2,42,102,0,0.2608650091376375,0.5648489183074094,0.5,1,4.169892311096191,0.9847812652587891,1,3.168719095608977e-06,4.226551219575639,12.833864334292707,1,1,0.6329093318633183,1,1,fold_1
702,sub6,rest2,43,103,0,0.3637500922479431,0.5899479215609037,0.5,1,4.176891326904297,0.9848857522010803,1,3.168719095608977e-06,4.226551219575639,12.833864334292707,1,1,0.7219186398695004,1,1,fold_1
703,sub6,rest2,44,104,0,1.0665021666308816,0.7439311557216419,0.5,1,4.90191650390625,0.9926224946975708,1,3.168719095608977e-06,4.226551219575639,12.833864334292707,1,1,0.8051518414053424,1,1,fold_1
704,sub6,rest2,45,105,0,1.598987611590271,0.8318768423259554,0.5,1,6.042254447937012,0.9976294636726379,1,3.168719095608977e-06,4.226551219575639,12.833864334292707,1,1,0.836975054490314,1,1,fold_1
705,sub6,rest2,46,106,0,1.655607838352104,0.83964752616843,0.5,1,7.841536521911621,0.9996071457862854,1,3.168719095608977e-06,4.226551219575639,12.833864334292707,1,1,0.8372814571585824,1,1,fold_1
706,sub6,rest2,47,107,0,1.6537764465166036,0.8394007949765566,0.5,1,8.087493896484375,0.9996927976608276,1,3.168719095608977e-06,4.226551219575639,12.833864334292707,1,1,0.83445107291716,1,1,fold_1
707,sub6,rest2,48,108,0,1.6055744518558603,0.8327960503307607,0.5,1,8.063529014587402,0.9996852874755859,1,3.168719095608977e-06,4.226551219575639,12.833864334292707,1,1,0.8300925969525687,1,1,fold_1
708,sub6,rest2,49,109,0,1.5938449522465283,0.831156373444163,0.5,1,7.831769943237305,0.9996032118797302,1,3.168719095608977e-06,4.226551219575639,12.833864334292707,1,1,0.7983866231802593,1,1,fold_1
709,sub6,rest2,50,110,0,1.5598049798822142,0.8263253670827821,0.5,1,5.734157562255859,0.9967768788337708,1,3.168719095608977e-06,4.226551219575639,12.833864334292707,1,1,0.6601285241348456,1,1,fold_1
710,sub6,rest2,51,111,0,1.0339353249481684,0.7376781290138327,0.5,1,4.25508975982666,0.9860067367553711,1,3.168719095608977e-06,4.226551219575639,12.833864334292707,1,1,0.5154487924705159,1,1,fold_1
711,sub6,rest2,52,112,0,-0.33764323706142413,0.41638207630792184,0.5,0,3.1342756748199463,0.9582846164703369,1,3.168719095608977e-06,4.226551219575639,12.833864334292707,1,0,0.40176658341184807,0,0,fold_1
712,sub6,rest2,53,113,0,-0.43771248909447225,0.392286172089793,0.5,0,3.073148012161255,0.9557714462280273,1,3.168719095608977e-06,4.226551219575639,12.833864334292707,1,0,0.48374450664169216,0,0,fold_1
713,sub6,rest2,54,114,0,-0.4195204754612454,0.39663150183782947,0.5,0,3.034773111343384,0.9541205763816833,1,3.168719095608977e-06,4.226551219575639,12.833864334292707,1,0,0.6178230260443763,1,1,fold_1
714,sub6,rest2,55,115,0,0.6736315479208771,0.6623158459974542,0.5,1,4.4019775390625,0.9878952503204346,1,3.168719095608977e-06,4.226551219575639,12.833864334292707,1,1,0.766410862505548,1,1,fold_1
715,sub6,rest2,56,116,0,1.3524000517093342,0.7945217302978456,0.5,1,6.012274742126465,0.9975574016571045,1,3.168719095608977e-06,4.226551219575639,12.833864334292707,1,1,0.8200692312786986,1,1,fold_1
716,sub6,rest2,57,117,0,1.6761572070906334,0.8423950112213446,0.5,1,7.056896209716797,0.9991393089294434,1,3.168719095608977e-06,4.226551219575639,12.833864334292707,1,1,0.8167603103730854,1,1,fold_1
717,sub6,rest2,58,118,0,1.538805083056037,0.8232909523169056,0.5,1,7.195293426513672,0.9992504715919495,1,3.168719095608977e-06,4.226551219575639,12.833864334292707,1,1,0.797493629159639,1,1,fold_1
718,sub6,rest2,59,119,0,1.2926474921787203,0.7845949675810058,0.5,1,7.670113563537598,0.9995336532592773,1,3.168719095608977e-06,4.226551219575639,12.833864334292707,1,1,0.7845949675810058,1,1,fold_1
959,sub9,rest1,0,0,0,0.8259222382503285,0.69549201881733,0.5,1,0.05290937423706055,0.5132242441177368,1,5.267972797596555e-06,2.0776584005635548,4.07054697566754,0,0,0.7743641258696572,1,0,fold_1
960,sub9,rest1,1,1,0,1.4428537278876126,0.8088961785961029,0.5,1,0.2558220624923706,0.5636090040206909,1,5.267972797596555e-06,2.0776584005635548,4.07054697566754,0,0,0.7709578270661582,1,0,fold_1
961,sub9,rest1,2,2,0,1.5075927615558309,0.818704180195539,0.5,1,0.2952624559402466,0.5732839703559875,1,5.267972797596555e-06,2.0776584005635548,4.07054697566754,0,0,0.7182401523610844,1,0,fold_1
962,sub9,rest1,3,3,0,0.7781122701810665,0.6852731224068325,0.5,1,0.18035030364990234,0.5449657440185547,1,5.267972797596555e-06,2.0776584005635548,4.07054697566754,0,0,0.6971001185053417,1,0,fold_1
963,sub9,rest1,4,4,0,0.6223074258168977,0.6507431544808819,0.5,1,0.5848051309585571,0.6421722769737244,1,5.267972797596555e-06,2.0776584005635548,4.07054697566754,0,0,0.7525407719650165,1,0,fold_1
964,sub9,rest1,5,5,0,1.1269959083698478,0.7552840786283104,0.5,1,0.5213593244552612,0.627465546131134,1,5.267972797596555e-06,2.0776584005635548,4.07054697566754,0,0,0.8217198457572669,1,0,fold_1
965,sub9,rest1,6,6,0,1.747166693863187,0.851595082785857,0.5,1,0.6806843280792236,0.6638914346694946,1,5.267972797596555e-06,2.0776584005635548,4.07054697566754,0,0,0.8484578459734785,1,0,fold_1
966,sub9,rest1,7,7,0,1.801080196616889,0.8582803758576331,0.5,1,0.3862903118133545,0.5953893065452576,1,5.267972797596555e-06,2.0776584005635548,4.07054697566754,0,0,0.8351381071123298,1,0,fold_1
967,sub9,rest1,8,8,0,1.6251058028770031,0.8354980792769454,0.5,1,0.19011247158050537,0.5473854541778564,1,5.267972797596555e-06,2.0776584005635548,4.07054697566754,0,0,0.8079137186900235,1,0,fold_1
968,sub9,rest1,9,9,0,1.4606748275498478,0.811635866202411,0.5,1,0.24180877208709717,0.5601593255996704,1,5.267972797596555e-06,2.0776584005635548,4.07054697566754,0,0,0.6356601338027451,1,0,fold_1
969,sub9,rest1,10,10,0,1.246003092551898,0.7766072105907142,0.5,1,-0.11089110374450684,0.472305566072464,1,5.267972797596555e-06,2.0776584005635548,4.07054697566754,0,0,0.41453879947062555,0,1,fold_1
970,sub9,rest1,11,11,0,-0.7595806221053558,0.31873732461511,0.5,0,-0.5330694913864136,0.36980125308036804,1,5.267972797596555e-06,2.0776584005635548,4.07054697566754,0,1,0.207016609560144,0,1,fold_1
971,sub9,rest1,12,12,0,-1.74821988538376,0.14827186320605237,0.5,0,-0.4089691638946533,0.39915934205055237,1,5.267972797596555e-06,2.0776584005635548,4.07054697566754,0,1,0.15621188951034745,0,1,fold_1
972,sub9,rest1,13,13,0,-1.703254850330303,0.1540406408592696,0.5,0,-0.24979960918426514,0.43787282705307007,1,5.267972797596555e-06,2.0776584005635548,4.07054697566754,0,1,0.16326879906247102,0,1,fold_1
973,sub9,rest1,14,14,0,-1.611913170159219,0.16632316446572043,0.5,0,-0.4156203269958496,0.3975652754306793,1,5.267972797596555e-06,2.0776584005635548,4.07054697566754,0,1,0.1594911058189176,0,1,fold_1
974,sub9,rest1,15,15,0,-1.5895828730791397,0.16944259186242303,0.5,0,-0.561660647392273,0.3631632924079895,1,5.267972797596555e-06,2.0776584005635548,4.07054697566754,0,1,0.17020099711379752,0,1,fold_1
975,sub9,rest1,16,16,0,-1.7929815866819092,0.14270756112860933,0.5,0,-0.5996168255805969,0.3544313609600067,1,5.267972797596555e-06,2.0776584005635548,4.07054697566754,0,1,0.17748107006371763,0,1,fold_1
976,sub9,rest1,17,17,1,-1.5769499914781642,0.17122787142144838,0.5,0,-0.5806784629821777,0.3587765097618103,1,5.267972797596555e-06,2.0776584005635548,4.07054697566754,0,1,,,,fold_1
977,sub9,rest1,18,18,0,-1.395992330328579,0.19845283835036023,0.5,0,-0.6433640122413635,0.3444865047931671,1,5.267972797596555e-06,2.0776584005635548,4.07054697566754,0,1,0.2109674642027527,0,1,fold_1
978,sub9,rest1,19,19,0,-1.4416962580611372,0.19128281071218328,0.5,0,-0.5041548609733582,0.37656474113464355,1,5.267972797596555e-06,2.0776584005635548,4.07054697566754,0,1,0.21123373432788908,0,1,fold_1
979,sub9,rest1,20,20,0,-1.1353955648374798,0.24316674354571452,0.5,0,-0.5450812578201294,0.3670063316822052,1,5.267972797596555e-06,2.0776584005635548,4.07054697566754,0,1,0.21656413606600963,0,1,fold_1
980,sub9,rest1,21,21,0,-1.3909781372153192,0.1992516487257695,0.5,0,-0.5651591420173645,0.362354576587677,1,5.267972797596555e-06,2.0776584005635548,4.07054697566754,0,1,0.20571432225464403,0,1,fold_1
981,sub9,rest1,22,22,0,-1.341435952187662,0.2072740159265448,0.5,0,-0.3470604419708252,0.4140954315662384,1,5.267972797596555e-06,2.0776584005635548,4.07054697566754,0,1,0.2310991138028281,0,1,fold_1
982,sub9,rest1,23,23,0,-1.3212084923340872,0.2106173021116178,0.5,0,-0.20902037620544434,0.4479343295097351,1,5.267972797596555e-06,2.0776584005635548,4.07054697566754,0,1,0.3594163210999344,0,1,fold_1
983,sub9,rest1,24,24,0,-0.9673650083358121,0.2754060233703217,0.5,0,-0.5558543801307678,0.3645072281360626,1,5.267972797596555e-06,2.0776584005635548,4.07054697566754,0,1,0.44370012117486857,0,1,fold_1
984,sub9,rest1,25,25,1,0.2849678412902531,0.5707637332699151,0.5,0,-0.518384575843811,0.3732300400733948,1,5.267972797596555e-06,2.0776584005635548,4.07054697566754,0,1,,,,fold_1
985,sub9,rest1,26,26,0,0.3731737196721079,0.5922256378178636,0.5,1,-0.40929579734802246,0.3990809917449951,1,5.267972797596555e-06,2.0776584005635548,4.07054697566754,0,0,0.4656214221506704,0,1,fold_1
986,sub9,rest1,27,27,0,-0.14638603901276873,0.4634687023364204,0.5,0,-0.3818012475967407,0.40569251775741577,1,5.267972797596555e-06,2.0776584005635548,4.07054697566754,0,1,0.3810321967725531,0,1,fold_1
987,sub9,rest1,28,28,0,-0.6580849757225457,0.3411699262977272,0.5,0,-0.271487832069397,0.4325418770313263,1,5.267972797596555e-06,2.0776584005635548,4.07054697566754,0,1,0.3649524299077523,0,1,fold_1
988,sub9,rest1,29,29,0,-0.6701736368872124,0.33845796168351167,0.5,0,-0.46152448654174805,0.3866242468357086,1,5.267972797596555e-06,2.0776584005635548,4.07054697566754,0,1,0.4042783284136766,0,1,fold_1
989,sub9,rest1,30,30,0,-0.3423884878063286,0.4152294017420181,0.5,0,-0.6082693338394165,0.3524540662765503,1,5.267972797596555e-06,2.0776584005635548,4.07054697566754,0,1,0.47855615945837143,0,1,fold_1
990,sub9,rest1,31,31,0,-0.1637745986816735,0.45914762181550006,0.5,0,-0.5786718130111694,0.35923823714256287,1,5.267972797596555e-06,2.0776584005635548,4.07054697566754,0,1,0.49700187013066127,0,1,fold_1
991,sub9,rest1,32,32,0,0.2464050115177624,0.5612914548175961,0.5,1,-0.18524515628814697,0.4538206458091736,1,5.267972797596555e-06,2.0776584005635548,4.07054697566754,0,0,0.4678960700399484,0,1,fold_1
992,sub9,rest1,33,33,0,-0.11787014343073957,0.4705665337588875,0.5,0,-0.4774801731109619,0.38284730911254883,1,5.267972797596555e-06,2.0776584005635548,4.07054697566754,0,1,0.4265505164293913,0,1,fold_1
993,sub9,rest1,34,34,1,-0.2649593098592657,0.43414499314457866,0.5,0,-0.6291418075561523,0.3477051556110382,1,5.267972797596555e-06,2.0776584005635548,4.07054697566754,0,1,,,,fold_1
994,sub9,rest1,35,35,0,-0.5243731213984885,0.3718302215433616,0.5,0,-0.535871148109436,0.3691485822200775,1,5.267972797596555e-06,2.0776584005635548,4.07054697566754,0,1,0.4649834230981398,0,1,fold_1
995,sub9,rest1,36,36,0,-0.25231088310923505,0.4372547939859249,0.5,0,-0.5396577715873718,0.3682671785354614,1,5.267972797596555e-06,2.0776584005635548,4.07054697566754,0,1,0.5482561239511345,1,0,fold_1
996,sub9,rest1,37,37,0,0.3468984258884835,0.5858652537651327,0.5,1,-0.4637529253959656,0.38609588146209717,1,5.267972797596555e-06,2.0776584005635548,4.07054697566754,0,0,0.6341121669732175,1,0,fold_1
997,sub9,rest1,38,38,0,0.4965504148880987,0.621648324102346,0.5,1,-0.3074464797973633,0.42373815178871155,1,5.267972797596555e-06,2.0776584005635548,4.07054697566754,0,0,0.6628784164169038,1,0,fold_1
998,sub9,rest1,39,39,0,0.8227648378330222,0.6948229230521737,0.5,1,0.02060222625732422,0.5051503777503967,1,5.267972797596555e-06,2.0776584005635548,4.07054697566754,0,0,0.6184948397080902,1,0,fold_1
999,sub9,rest1,40,40,0,0.7179888845375557,0.6721640020961914,0.5,1,-0.15281307697296143,0.46187087893486023,1,5.267972797596555e-06,2.0776584005635548,4.07054697566754,0,0,0.4893950436981838,0,1,fold_1
1000,sub9,rest1,41,41,0,-0.046017743100131896,0.48849759397590503,0.5,0,-0.45175987482070923,0.3889424502849579,1,5.267972797596555e-06,2.0776584005635548,4.07054697566754,0,1,0.41944717222687006,0,1,fold_1
1001,sub9,rest1,42,42,1,-1.1527811612824788,0.2399814592848724,0.5,0,-0.403212308883667,0.400540828704834,1,5.267972797596555e-06,2.0776584005635548,4.07054697566754,0,1,,,,fold_1
1002,sub9,rest1,43,43,0,-0.811722630915795,0.30752353502245505,0.5,0,-0.1087576150894165,0.4728373885154724,1,5.267972797596555e-06,2.0776584005635548,4.07054697566754,0,1,0.4679299308429985,0,1,fold_1
1003,sub9,rest1,44,44,0,-0.15100473606618714,0.4623203876822502,0.5,0,-0.11046457290649414,0.4724119305610657,1,5.267972797596555e-06,2.0776584005635548,4.07054697566754,0,1,0.50896272543689,1,0,fold_1
1004,sub9,rest1,45,45,0,0.5491823528455266,0.6339458698242902,0.5,1,-0.19873511791229248,0.450479120016098,1,5.267972797596555e-06,2.0776584005635548,4.07054697566754,0,0,0.4671794450144329,0,1,fold_1
1005,sub9,rest1,46,46,0,-0.27931419296958476,0.4306219188041297,0.5,0,-0.4020664691925049,0.4008159339427948,1,5.267972797596555e-06,2.0776584005635548,4.07054697566754,0,1,0.3472269276240358,0,1,fold_1
1006,sub9,rest1,47,47,0,-0.6768238867422828,0.3369705464148789,0.5,0,-0.6083823442459106,0.35242828726768494,1,5.267972797596555e-06,2.0776584005635548,4.07054697566754,0,1,0.3270467948791195,0,1,fold_1
1007,sub9,rest1,48,48,0,-0.9739779761120521,0.27408831765309877,0.5,0,-0.4194487929344177,0.396648645401001,1,5.267972797596555e-06,2.0776584005635548,4.07054697566754,0,1,0.3930309009822068,0,1,fold_1
1008,sub9,rest1,49,49,0,-0.5318671060505114,0.3700815205693807,0.5,0,-0.12041687965393066,0.4699321389198303,1,5.267972797596555e-06,2.0776584005635548,4.07054697566754,0,1,0.48556428670980684,0,1,fold_1
1009,sub9,rest1,50,50,0,0.1399192842715476,0.534922864724141,0.5,1,0.07965350151062012,0.5199028253555298,1,5.267972797596555e-06,2.0776584005635548,4.07054697566754,0,0,0.5548792738623859,1,0,fold_1
1010,sub9,rest1,51,51,0,0.20749517035821594,0.5516884748358987,0.5,1,0.24660873413085938,0.5613415837287903,1,5.267972797596555e-06,2.0776584005635548,4.07054697566754,0,0,0.49548847547365144,0,1,fold_1
1011,sub9,rest1,52,52,0,0.31467712583058266,0.5780264820271181,0.5,1,0.28348052501678467,0.570399284362793,1,5.267972797596555e-06,2.0776584005635548,4.07054697566754,0,0,0.4217147241271561,0,1,fold_1
1012,sub9,rest1,53,53,0,-0.5894961486180903,0.3567504695579375,0.5,0,0.027255654335021973,0.5068135261535645,1,5.267972797596555e-06,2.0776584005635548,4.07054697566754,0,1,0.33108584911226907,0,1,fold_1
1013,sub9,rest1,54,54,0,-0.7065246453269534,0.33036722079641256,0.5,0,-0.0878748893737793,0.47804540395736694,1,5.267972797596555e-06,2.0776584005635548,4.07054697566754,0,1,0.31937545925285354,0,1,fold_1
1014,sub9,rest1,55,55,0,-0.8182283706692373,0.3061398569824571,0.5,0,-0.14103102684020996,0.46480056643486023,1,5.267972797596555e-06,2.0776584005635548,4.07054697566754,0,1,0.3159730007833021,0,1,fold_1
1015,sub9,rest1,56,56,0,-0.7463400869316871,0.321619299979691,0.5,0,-0.11799585819244385,0.4705352187156677,1,5.267972797596555e-06,2.0776584005635548,4.07054697566754,0,1,0.307458468101322,0,1,fold_1
1016,sub9,rest1,57,57,0,-0.7530373158774192,0.3201598453877582,0.5,0,-0.0831613540649414,0.4792216420173645,1,5.267972797596555e-06,2.0776584005635548,4.07054697566754,0,1,0.30366409221116536,0,1,fold_1
1017,sub9,rest1,58,58,0,-0.9415058962952129,0.28059625893651674,0.5,0,-0.002997756004333496,0.499250590801239,1,5.267972797596555e-06,2.0776584005635548,4.07054697566754,0,1,0.3003562011849863,0,1,fold_1
1018,sub9,rest1,59,59,0,-0.7990154067110667,0.3102361723092211,0.5,0,0.16806185245513916,0.5419168472290039,1,5.267972797596555e-06,2.0776584005635548,4.07054697566754,0,1,0.3102361723092211,0,1,fold_1
1019,sub9,rest2,0,60,0,1.699722734992096,0.8454985190435819,0.5,1,0.6052298545837402,0.6468518972396851,1,5.267972797596555e-06,2.0776584005635548,4.07054697566754,1,1,0.8202930273394692,1,1,fold_1
1020,sub9,rest2,1,61,0,1.4788331871554952,0.8143962758287753,0.5,1,0.5113139152526855,0.6251144409179688,1,5.267972797596555e-06,2.0776584005635548,4.07054697566754,1,1,0.799704849549379,1,1,fold_1
1021,sub9,rest2,2,62,0,1.3924575496567342,0.8009842871460502,0.5,1,0.7256615161895752,0.6738525032997131,1,5.267972797596555e-06,2.0776584005635548,4.07054697566754,1,1,0.7838012845764272,1,1,fold_1
1022,sub9,rest2,3,63,0,1.2875604610256985,0.7837339856733117,0.5,1,0.37552881240844727,0.5927942991256714,1,5.267972797596555e-06,2.0776584005635548,4.07054697566754,1,1,0.705586708151746,1,1,fold_1
1023,sub9,rest2,4,64,0,1.1896898016497237,0.7666855809099196,0.5,1,0.14122116565704346,0.535246729850769,1,5.267972797596555e-06,2.0776584005635548,4.07054697566754,1,1,0.5673782256826684,1,1,fold_1
1024,sub9,rest2,5,65,0,0.26693605910421225,0.5663405578720068,0.5,1,-0.028165340423583984,0.49295908212661743,1,5.267972797596555e-06,2.0776584005635548,4.07054697566754,1,1,0.39342921812135434,0,0,fold_1
1025,sub9,rest2,6,66,0,-0.5360430953835672,0.36910853826607914,0.5,0,-0.030885696411132812,0.49227920174598694,1,5.267972797596555e-06,2.0776584005635548,4.07054697566754,1,0,0.2662896424463612,0,0,fold_1
1026,sub9,rest2,7,67,0,-1.126332509226922,0.24483855822597717,0.5,0,-0.1787198781967163,0.4554385542869568,1,5.267972797596555e-06,2.0776584005635548,4.07054697566754,1,0,0.2193740784592916,0,0,fold_1
1027,sub9,rest2,8,68,0,-1.4833508218897942,0.18492183084702724,0.5,0,-0.008579254150390625,0.49785518646240234,1,5.267972797596555e-06,2.0776584005635548,4.07054697566754,1,0,0.2258874086798762,0,0,fold_1
1028,sub9,rest2,9,69,0,-1.2175843111885727,0.22836184630487047,0.5,0,-0.16159653663635254,0.45968854427337646,1,5.267972797596555e-06,2.0776584005635548,4.07054697566754,1,0,0.3397506212759535,0,0,fold_1
1029,sub9,rest2,10,70,0,-1.023333680287271,0.26437854888773077,0.5,0,-0.07069087028503418,0.4823346436023712,1,5.267972797596555e-06,2.0776584005635548,4.07054697566754,1,0,0.42123138042218083,0,0,fold_1
1030,sub9,rest2,11,71,0,0.10614542276960323,0.5265114686352593,0.5,1,0.13176774978637695,0.5328943729400635,1,5.267972797596555e-06,2.0776584005635548,4.07054697566754,1,1,0.51925749001157,1,1,fold_1
1031,sub9,rest2,12,72,0,-0.10889097317018845,0.4728041237435524,0.5,0,0.2128887176513672,0.5530220866203308,1,5.267972797596555e-06,2.0776584005635548,4.07054697566754,1,0,0.5497597921132026,1,1,fold_1
1032,sub9,rest2,13,73,0,0.23490171689930256,0.5584568776558982,0.5,1,0.03357255458831787,0.508392333984375,1,5.267972797596555e-06,2.0776584005635548,4.07054697566754,1,1,0.6674002284739258,1,1,fold_1
1033,sub9,rest2,14,74,0,0.4811456844164971,0.6180183749401573,0.5,1,0.017990827560424805,0.5044975876808167,1,5.267972797596555e-06,2.0776584005635548,4.07054697566754,1,1,0.7661396998072983,1,1,fold_1
1034,sub9,rest2,15,75,0,1.5556302846915073,0.825725432825722,0.5,1,0.1305100917816162,0.5325812697410583,1,5.267972797596555e-06,2.0776584005635548,4.07054697566754,1,1,0.8312067494962271,1,1,fold_1
1035,sub9,rest2,16,76,0,1.7717510142998592,0.8546752916560159,0.5,1,0.20470261573791504,0.5509976744651794,1,5.267972797596555e-06,2.0776584005635548,4.07054697566754,1,1,0.7809834937267915,1,1,fold_1
1036,sub9,rest2,17,77,0,1.4710670882345545,0.8132195240069431,0.5,1,0.08944284915924072,0.5223458409309387,1,5.267972797596555e-06,2.0776584005635548,4.07054697566754,1,1,0.7074307269291654,1,1,fold_1
1037,sub9,rest2,18,78,0,0.7311412657607159,0.675055665517416,0.5,1,-0.056276559829711914,0.4859345853328705,1,5.267972797596555e-06,2.0776584005635548,4.07054697566754,1,1,0.6670102445060602,1,1,fold_1
1038,sub9,rest2,19,79,0,0.5494888460701887,0.6340169912631374,0.5,1,-0.2352977991104126,0.4414454698562622,1,5.267972797596555e-06,2.0776584005635548,4.07054697566754,1,1,0.6533178771633217,1,1,fold_1
1039,sub9,rest2,20,80,0,0.8092894828343038,0.6919580767376269,0.5,1,-0.22975873947143555,0.44281163811683655,1,5.267972797596555e-06,2.0776584005635548,4.07054697566754,1,1,0.619053162191053,1,1,fold_1
1040,sub9,rest2,21,81,0,0.5493232409465086,0.6339785634892008,0.5,1,-0.17582190036773682,0.4561574161052704,1,5.267972797596555e-06,2.0776584005635548,4.07054697566754,1,1,0.574699079579846,1,1,fold_1
1041,sub9,rest2,22,82,0,0.12505410277111415,0.5312228463463313,0.5,1,0.025212764739990234,0.5063028335571289,1,5.267972797596555e-06,2.0776584005635548,4.07054697566754,1,1,0.5871235524263908,1,1,fold_1
1042,sub9,rest2,23,83,0,0.23668204001304605,0.5588958289040057,0.5,1,0.11775767803192139,0.529405415058136,1,5.267972797596555e-06,2.0776584005635548,4.07054697566754,1,1,0.6820322245586897,1,1,fold_1
1043,sub9,rest2,24,84,0,0.7138530440731102,0.6712519820288354,0.5,1,-0.01666116714477539,0.4958348274230957,1,5.267972797596555e-06,2.0776584005635548,4.07054697566754,1,1,0.7564695407300448,1,1,fold_1
1044,sub9,rest2,25,85,0,1.4891380459233736,0.8159488627432282,0.5,1,0.01140141487121582,0.5028502941131592,1,5.267972797596555e-06,2.0776584005635548,4.07054697566754,1,1,0.7817164125634903,1,1,fold_1
1045,sub9,rest2,26,86,0,1.2785789044053666,0.782207777418071,0.5,1,-0.03370213508605957,0.4915752708911896,1,5.267972797596555e-06,2.0776584005635548,4.07054697566754,1,1,0.6914212324990817,1,1,fold_1
1046,sub9,rest2,27,87,0,1.0826365284067456,0.7469925975291716,0.5,1,-0.03593766689300537,0.49101659655570984,1,5.267972797596555e-06,2.0776584005635548,4.07054697566754,1,1,0.584561721412245,1,1,fold_1
1047,sub9,rest2,28,88,0,0.18074373725278386,0.5450633225500026,0.5,1,-0.17605125904083252,0.4561005234718323,1,5.267972797596555e-06,2.0776584005635548,4.07054697566754,1,1,0.4708240994326687,0,0,fold_1
1048,sub9,rest2,29,89,0,-0.15378539298803562,0.46162924415756085,0.5,0,0.17397427558898926,0.5433841943740845,1,5.267972797596555e-06,2.0776584005635548,4.07054697566754,1,0,0.38534029738272874,0,0,fold_1
1049,sub9,rest2,30,90,0,-0.3814395935144129,0.40577973159044245,0.5,0,0.35373055934906006,0.5875219106674194,1,5.267972797596555e-06,2.0776584005635548,4.07054697566754,1,0,0.29158824301456604,0,0,fold_1
1050,sub9,rest2,31,91,0,-0.902135172885977,0.2886119164001831,0.5,0,-0.0034551620483398438,0.49913614988327026,1,5.267972797596555e-06,2.0776584005635548,4.07054697566754,1,0,0.20442334603130619,0,0,fold_1
1051,sub9,rest2,32,92,0,-1.5138218814458761,0.1803730810530726,0.5,0,0.013328790664672852,0.5033321380615234,1,5.267972797596555e-06,2.0776584005635548,4.07054697566754,1,0,0.16438602972808244,0,0,fold_1
1052,sub9,rest2,33,93,0,-1.7801465373431467,0.1442850406406629,0.5,0,0.413490891456604,0.6019245982170105,1,5.267972797596555e-06,2.0776584005635548,4.07054697566754,1,0,0.16318324745468907,0,0,fold_1
1053,sub9,rest2,34,94,0,-1.5962957808726317,0.16849996749051183,0.5,0,0.7178924083709717,0.6721428036689758,1,5.267972797596555e-06,2.0776584005635548,4.07054697566754,1,0,0.18390267009223693,0,0,fold_1
1054,sub9,rest2,35,95,0,-1.5384223601565554,0.17676473423289255,0.5,0,0.22525274753570557,0.5560762882232666,1,5.267972797596555e-06,2.0776584005635548,4.07054697566754,1,0,0.2103389823774923,0,0,fold_1
1055,sub9,rest2,36,96,0,-1.346499142353071,0.2064433085533064,0.5,0,0.1024245023727417,0.5255837440490723,1,5.267972797596555e-06,2.0776584005635548,4.07054697566754,1,0,0.21753843351930388,0,0,fold_1
1056,sub9,rest2,37,97,0,-1.1103325060782514,0.24780890434627795,0.5,0,-0.08091521263122559,0.47978219389915466,1,5.267972797596555e-06,2.0776584005635548,4.07054697566754,1,0,0.22029305426626286,0,0,fold_1
1057,sub9,rest2,38,98,0,-1.396556650168772,0.1983630876583273,0.5,0,0.22313570976257324,0.5555536150932312,1,5.267972797596555e-06,2.0776584005635548,4.07054697566754,1,0,0.2002462915976054,0,0,fold_1
1058,sub9,rest2,39,99,0,-1.2967815755976142,0.2147071707941833,0.5,0,-0.030622243881225586,0.49234503507614136,1,5.267972797596555e-06,2.0776584005635548,4.07054697566754,1,0,0.24194865751664793,0,0,fold_1
1059,sub9,rest2,40,100,0,-1.4652306364212309,0.18766861634030563,0.5,0,-0.017102718353271484,0.4957244098186493,1,5.267972797596555e-06,2.0776584005635548,4.07054697566754,1,0,0.26559409952938634,0,0,fold_1
1060,sub9,rest2,41,101,0,-0.7378695713123178,0.3234701854154548,0.5,0,-0.1627211570739746,0.4594092071056366,1,5.267972797596555e-06,2.0776584005635548,4.07054697566754,1,0,0.32658537239329705,0,0,fold_1
1061,sub9,rest2,42,102,0,-0.9166376231827303,0.28564349683239865,0.5,0,-0.21253597736358643,0.4470651149749756,1,5.267972797596555e-06,2.0776584005635548,4.07054697566754,1,0,0.30692355499110574,0,0,fold_1
1062,sub9,rest2,43,103,0,-0.5294617504910069,0.37064243493203763,0.5,0,-0.17199945449829102,0.4571057856082916,1,5.267972797596555e-06,2.0776584005635548,4.07054697566754,1,0,0.2948461255375903,0,0,fold_1
1063,sub9,rest2,44,104,0,-1.0227877666546235,0.2644847332088809,0.5,0,-0.15696501731872559,0.46083909273147583,1,5.267972797596555e-06,2.0776584005635548,4.07054697566754,1,0,0.23641411781649901,0,0,fold_1
1064,sub9,rest2,45,105,0,-1.1017549799227466,0.24941120847185244,0.5,0,-0.1709955930709839,0.45735496282577515,1,5.267972797596555e-06,2.0776584005635548,4.07054697566754,1,0,0.2517646920500696,0,0,fold_1
1065,sub9,rest2,46,106,0,-1.4156374065083746,0.1953464117687637,0.5,0,-0.5570080280303955,0.36424002051353455,1,5.267972797596555e-06,2.0776584005635548,4.07054697566754,1,0,0.30946651671369074,0,0,fold_1
1066,sub9,rest2,47,107,0,-0.7976125180518736,0.31053645590959267,0.5,0,-0.33677446842193604,0.4165932238101959,1,5.267972797596555e-06,2.0776584005635548,4.07054697566754,1,0,0.347997005553129,0,0,fold_1
1067,sub9,rest2,48,108,0,-0.3124506234608082,0.42251668246271584,0.5,0,-0.36137497425079346,0.41062673926353455,1,5.267972797596555e-06,2.0776584005635548,4.07054697566754,1,0,0.34058862842890797,0,0,fold_1
1068,sub9,rest2,49,109,0,-0.7957382851332327,0.3109378782870786,0.5,0,-0.45239347219467163,0.38879185914993286,1,5.267972797596555e-06,2.0776584005635548,4.07054697566754,1,0,0.29136623713863297,0,0,fold_1
1069,sub9,rest2,50,110,0,-0.9035996779610473,0.28831132453692954,0.5,0,-0.31681275367736816,0.42145270109176636,1,5.267972797596555e-06,2.0776584005635548,4.07054697566754,1,0,0.29494088327898327,0,0,fold_1
1070,sub9,rest2,51,111,0,-0.9701555012788459,0.27484950859189067,0.5,0,-0.15770423412322998,0.46065548062324524,1,5.267972797596555e-06,2.0776584005635548,4.07054697566754,1,0,0.35778854471144933,0,0,fold_1
1071,sub9,rest2,52,112,0,-0.74614522403315,0.32166181670812954,0.5,0,-0.20828688144683838,0.4481157064437866,1,5.267972797596555e-06,2.0776584005635548,4.07054697566754,1,0,0.38212511097079155,0,0,fold_1
1072,sub9,rest2,53,113,0,-0.09264898144513607,0.4768543088343278,0.5,0,-0.14763116836547852,0.46315911412239075,1,5.267972797596555e-06,2.0776584005635548,4.07054697566754,1,0,0.42663650191285346,0,0,fold_1
1073,sub9,rest2,54,114,0,-0.6284626568436551,0.3478592073699173,0.5,0,-0.23497068881988525,0.4415261447429657,1,5.267972797596555e-06,2.0776584005635548,4.07054697566754,1,0,0.3613915531387086,0,0,fold_1
1074,sub9,rest2,55,115,0,-0.17969804372656534,0.45519598953431517,0.5,0,-0.11721587181091309,0.4707295596599579,1,5.267972797596555e-06,2.0776584005635548,4.07054697566754,1,0,0.35075607949207094,0,0,fold_1
1075,sub9,rest2,56,116,0,-0.9389154805114915,0.281119462511893,0.5,0,-0.11091125011444092,0.47230058908462524,1,5.267972797596555e-06,2.0776584005635548,4.07054697566754,1,0,0.2689814992816042,0,0,fold_1
1076,sub9,rest2,57,117,0,-0.7724341485350253,0.31595278643000446,0.5,0,-0.41060900688171387,0.39876610040664673,1,5.267972797596555e-06,2.0776584005635548,4.07054697566754,1,0,0.27769232435929453,0,0,fold_1
1077,sub9,rest2,58,118,0,-1.3256956355899054,0.20987224890291512,0.5,0,-0.5068186521530151,0.37593960762023926,1,5.267972797596555e-06,2.0776584005635548,4.07054697566754,1,0,0.274792041464281,0,0,fold_1
1078,sub9,rest2,59,119,0,-0.8129983313979897,0.3072519377449639,0.5,0,-0.1559232473373413,0.46109798550605774,1,5.267972797596555e-06,2.0776584005635548,4.07054697566754,1,0,0.3072519377449639,0,0,fold_1
1199,sub11,rest1,0,0,0,-1.32783188104081,0.2095182236577883,0.5,0,-0.5790914297103882,0.35914167761802673,1,5.680433530690332e-06,2.541232774771747,9.774186755234988,0,1,0.3159021248024611,0,1,fold_1
1200,sub11,rest1,1,1,0,-0.7476255778254515,0.3213388954948583,0.5,0,-0.041016340255737305,0.4897473454475403,1,5.680433530690332e-06,2.541232774771747,9.774186755234988,0,1,0.39260848564105943,0,1,fold_1
1201,sub11,rest1,2,2,0,-0.3357210619912858,0.41684925525473676,0.5,0,0.3138458728790283,0.5778237581253052,1,5.680433530690332e-06,2.541232774771747,9.774186755234988,0,1,0.39260870786606156,0,1,fold_1
1202,sub11,rest1,3,3,0,-0.24263415879437858,0.4396373061735833,0.5,0,0.5059415102005005,0.6238545775413513,1,5.680433530690332e-06,2.541232774771747,9.774186755234988,0,1,0.3534118519079426,0,1,fold_1
1203,sub11,rest1,4,4,0,-0.7476225208096733,0.32133956216986453,0.5,0,-0.014879822731018066,0.49628013372421265,1,5.680433530690332e-06,2.541232774771747,9.774186755234988,0,1,0.29409756409773813,0,1,fold_1
1204,sub11,rest1,5,5,0,-0.8508304181798482,0.2992586873803799,0.5,0,-0.17239058017730713,0.4570087790489197,1,5.680433530690332e-06,2.541232774771747,9.774186755234988,0,1,0.28139537497230305,0,1,fold_1
1205,sub11,rest1,6,6,0,-1.037180199044775,0.2616944427429699,0.5,0,-0.27961111068725586,0.43054911494255066,1,5.680433530690332e-06,2.541232774771747,9.774186755234988,0,1,0.301336053149606,0,1,fold_1
1206,sub11,rest1,7,7,0,-0.9284809678457462,0.28323299479355935,0.5,0,-0.2195117473602295,0.4453413784503937,1,5.680433530690332e-06,2.541232774771747,9.774186755234988,0,1,0.31226697451549945,0,1,fold_1
1207,sub11,rest1,8,8,0,-0.5793563024340529,0.3590807219122888,0.5,0,0.10539650917053223,0.5263247489929199,1,5.680433530690332e-06,2.541232774771747,9.774186755234988,0,1,0.31276263428560536,0,1,fold_1
1208,sub11,rest1,9,9,0,-0.8736893427145185,0.2944872068406502,0.5,0,-0.26576292514801025,0.4339475929737091,1,5.680433530690332e-06,2.541232774771747,9.774186755234988,0,1,0.2810178094566022,0,1,fold_1
1209,sub11,rest1,10,10,0,-0.921167960382251,0.2847199741038771,0.5,0,-0.2537163496017456,0.4369089901447296,1,5.680433530690332e-06,2.541232774771747,9.774186755234988,0,1,0.27718575354343944,0,1,fold_1
1210,sub11,rest1,11,11,0,-1.0260724624950204,0.2638462474252792,0.5,0,-0.43524467945098877,0.39287465810775757,1,5.680433530690332e-06,2.541232774771747,9.774186755234988,0,1,0.2666216053886593,0,1,fold_1
1211,sub11,rest1,12,12,0,-0.92967310509995,0.282991039101162,0.5,0,-0.4005330801010132,0.4011842906475067,1,5.680433530690332e-06,2.541232774771747,9.774186755234988,0,1,0.2588302046601541,0,1,fold_1
1212,sub11,rest1,13,13,0,-1.0825300352409266,0.2530275296395367,0.5,0,-0.5992071628570557,0.3545251190662384,1,5.680433530690332e-06,2.541232774771747,9.774186755234988,0,1,0.2649475632354814,0,1,fold_1
1213,sub11,rest1,14,14,0,-1.1500932813721396,0.24047204523976373,0.5,0,-0.5702474117279053,0.36117973923683167,1,5.680433530690332e-06,2.541232774771747,9.774186755234988,0,1,0.28341661961626685,0,1,fold_1
1214,sub11,rest1,15,15,0,-0.840910224538351,0.3013431148271438,0.5,0,-0.4074000120162964,0.3995357155799866,1,5.680433530690332e-06,2.541232774771747,9.774186755234988,0,1,0.31323523383146645,0,1,fold_1
1215,sub11,rest1,16,16,0,-0.8074474331779874,0.30843469878189306,0.5,0,-0.4411385655403137,0.39146968722343445,1,5.680433530690332e-06,2.541232774771747,9.774186755234988,0,1,0.330242147386701,0,1,fold_1
1216,sub11,rest1,17,17,1,-0.9135957117915243,0.2862646072927734,0.5,0,-0.44767647981643677,0.3899133503437042,1,5.680433530690332e-06,2.541232774771747,9.774186755234988,0,1,,,,fold_1
1217,sub11,rest1,18,18,0,-0.7085112275934597,0.32992788788536254,0.5,0,-0.26055610179901123,0.43522706627845764,1,5.680433530690332e-06,2.541232774771747,9.774186755234988,0,1,0.3641468283369766,0,1,fold_1
1218,sub11,rest1,19,19,0,-0.6086647111630706,0.35236385549284743,0.5,0,-0.28128671646118164,0.43013834953308105,1,5.680433530690332e-06,2.541232774771747,9.774186755234988,0,1,0.35867156011071205,0,1,fold_1
1219,sub11,rest1,20,20,0,-0.3633505222758293,0.4101487416327197,0.5,0,-0.16446757316589355,0.45897555351257324,1,5.680433530690332e-06,2.541232774771747,9.774186755234988,0,1,0.3312008259478682,0,1,fold_1
1220,sub11,rest1,21,21,0,-0.7837971856229824,0.313502083206569,0.5,0,-0.4213544726371765,0.39619266986846924,1,5.680433530690332e-06,2.541232774771747,9.774186755234988,0,1,0.2746183490992023,0,1,fold_1
1221,sub11,rest1,22,22,0,-0.9948678806929073,0.2699516530043159,0.5,0,-0.5180432200431824,0.3733099102973938,1,5.680433530690332e-06,2.541232774771747,9.774186755234988,0,1,0.2507791526202975,0,1,fold_1
1222,sub11,rest1,23,23,0,-1.1504805964961973,0.24040131108672202,0.5,0,-0.5449459552764893,0.3670378029346466,1,5.680433530690332e-06,2.541232774771747,9.774186755234988,0,1,0.23341726476436409,0,1,fold_1
1223,sub11,rest1,24,24,0,-1.1418301934285415,0.24198449376985456,0.5,0,-0.45646733045578003,0.3878242075443268,1,5.680433530690332e-06,2.541232774771747,9.774186755234988,0,1,0.2224136555872144,0,1,fold_1
1224,sub11,rest1,25,25,1,-1.2222682905895885,0.2275375199215865,0.5,0,-0.6486530900001526,0.34329313039779663,1,5.680433530690332e-06,2.541232774771747,9.774186755234988,0,1,,,,fold_1
1225,sub11,rest1,26,26,0,-1.2781459484590065,0.21786598943651567,0.5,0,-0.701053261756897,0.33157873153686523,1,5.680433530690332e-06,2.541232774771747,9.774186755234988,0,1,0.2113818765237292,0,1,fold_1
1226,sub11,rest1,27,27,0,-1.340727277055909,0.20739048355527298,0.5,0,-0.618204653263092,0.35018986463546753,1,5.680433530690332e-06,2.541232774771747,9.774186755234988,0,1,0.21244651670678452,0,1,fold_1
1227,sub11,rest1,28,28,0,-1.3316343287128316,0.208889156579399,0.5,0,-0.6430286169052124,0.34456223249435425,1,5.680433530690332e-06,2.541232774771747,9.774186755234988,0,1,0.23691414599391158,0,1,fold_1
1228,sub11,rest1,29,29,0,-1.2595003859529055,0.22105990998568162,0.5,0,-0.49376380443573,0.3790073096752167,1,5.680433530690332e-06,2.541232774771747,9.774186755234988,0,1,0.2828897414557072,0,1,fold_1
1229,sub11,rest1,30,30,0,-0.9405296339143876,0.28079337141665417,0.5,0,-0.27137744426727295,0.4325689971446991,1,5.680433530690332e-06,2.541232774771747,9.774186755234988,0,1,0.32433017193730324,0,1,fold_1
1230,sub11,rest1,31,31,0,-0.6330647378303825,0.34681594296478585,0.5,0,-0.04436683654785156,0.48891010880470276,1,5.680433530690332e-06,2.541232774771747,9.774186755234988,0,1,0.3372861463451872,0,1,fold_1
1231,sub11,rest1,32,32,0,-0.6394043405722253,0.3453812014304695,0.5,0,-0.04763150215148926,0.4880943298339844,1,5.680433530690332e-06,2.541232774771747,9.774186755234988,0,1,0.3235287293006534,0,1,fold_1
1232,sub11,rest1,33,33,0,-0.7553287892922097,0.3196612946403063,0.5,0,-0.2215132713317871,0.4448469877243042,1,5.680433530690332e-06,2.541232774771747,9.774186755234988,0,1,0.3036669982810239,0,1,fold_1
1233,sub11,rest1,34,34,1,-1.012400179288934,0.2665103945974668,0.5,0,-0.5291367769241333,0.37071824073791504,1,5.680433530690332e-06,2.541232774771747,9.774186755234988,0,1,,,,fold_1
1234,sub11,rest1,35,35,0,-0.8210364631750813,0.30554369183118446,0.5,0,-0.32345080375671387,0.41983500123023987,1,5.680433530690332e-06,2.541232774771747,9.774186755234988,0,1,0.2836290329445841,0,1,fold_1
1235,sub11,rest1,36,36,0,-0.9158903252064708,0.2857960083715808,0.5,0,-0.4091150760650635,0.3991243243217468,1,5.680433530690332e-06,2.541232774771747,9.774186755234988,0,1,0.25705548348511725,0,1,fold_1
1236,sub11,rest1,37,37,0,-1.048322283093703,0.2595473986309869,0.5,0,-0.5357922911643982,0.36916691064834595,1,5.680433530690332e-06,2.541232774771747,9.774186755234988,0,1,0.24193630646266687,0,1,fold_1
1237,sub11,rest1,38,38,0,-1.2320487744878135,0.22582304345278395,0.5,0,-0.6251786947250366,0.34860455989837646,1,5.680433530690332e-06,2.541232774771747,9.774186755234988,0,1,0.22612598474519072,0,1,fold_1
1238,sub11,rest1,39,39,0,-1.1502770777672768,0.24043847730422968,0.5,0,-0.5284950733184814,0.3708679676055908,1,5.680433530690332e-06,2.541232774771747,9.774186755234988,0,1,0.21892911982841176,0,1,fold_1
1239,sub11,rest1,40,40,0,-1.3122149822886193,0.21211643347855844,0.5,0,-0.5460331439971924,0.3667852282524109,1,5.680433530690332e-06,2.541232774771747,9.774186755234988,0,1,0.20478088829763155,0,1,fold_1
1240,sub11,rest1,41,41,0,-1.360048322632476,0.20423244870244717,0.5,0,-0.5964552164077759,0.3551551103591919,1,5.680433530690332e-06,2.541232774771747,9.774186755234988,0,1,0.2010097374366465,0,1,fold_1
1241,sub11,rest1,42,42,1,-1.4646446361218424,0.18775796791365046,0.5,0,-0.5795080661773682,0.3590458035469055,1,5.680433530690332e-06,2.541232774771747,9.774186755234988,0,1,,,,fold_1
1242,sub11,rest1,43,43,0,-1.3988807303095048,0.19799378271188905,0.5,0,-0.3741947412490845,0.4075278043746948,1,5.680433530690332e-06,2.541232774771747,9.774186755234988,0,1,0.21285001931174344,0,1,fold_1
1243,sub11,rest1,44,44,0,-1.3812832646730224,0.20080298089560317,0.5,0,-0.6537086367607117,0.34215429425239563,1,5.680433530690332e-06,2.541232774771747,9.774186755234988,0,1,0.24579252213645875,0,1,fold_1
1244,sub11,rest1,45,45,0,-1.1540325389837973,0.2397532943277381,0.5,0,-0.37400341033935547,0.40757399797439575,1,5.680433530690332e-06,2.541232774771747,9.774186755234988,0,1,0.2735543294213626,0,1,fold_1
1245,sub11,rest1,46,46,0,-0.862480823821943,0.29682129118603495,0.5,0,-0.2862352132797241,0.4289257824420929,1,5.680433530690332e-06,2.541232774771747,9.774186755234988,0,1,0.26993738041956833,0,1,fold_1
1246,sub11,rest1,47,47,0,-0.924271224795208,0.2840884027503148,0.5,0,-0.3499724864959717,0.41338908672332764,1,5.680433530690332e-06,2.541232774771747,9.774186755234988,0,1,0.25581805544841396,0,1,fold_1
1247,sub11,rest1,48,48,0,-1.2145189744597675,0.22890244732235515,0.5,0,-0.6630149483680725,0.34006267786026,1,5.680433530690332e-06,2.541232774771747,9.774186755234988,0,1,0.26633375215836885,0,1,fold_1
1248,sub11,rest1,49,49,0,-1.0749476546534789,0.25446331627257207,0.5,0,-0.4985104203224182,0.37789079546928406,1,5.680433530690332e-06,2.541232774771747,9.774186755234988,0,1,0.34364579156814085,0,1,fold_1
1249,sub11,rest1,50,50,0,-0.7739026365790518,0.3156354928801793,0.5,0,-0.20343554019927979,0.44931578636169434,1,5.680433530690332e-06,2.541232774771747,9.774186755234988,0,1,0.4056424469403031,0,1,fold_1
1250,sub11,rest1,51,51,0,-0.15696723490781264,0.4608385655516713,0.5,0,0.3526216745376587,0.5872531533241272,1,5.680433530690332e-06,2.541232774771747,9.774186755234988,0,1,0.42516261787682835,0,1,fold_1
1251,sub11,rest1,52,52,0,-0.23932263924250302,0.4404532823890589,0.5,0,0.229400634765625,0.5570999979972839,1,5.680433530690332e-06,2.541232774771747,9.774186755234988,0,1,0.3725745641288393,0,1,fold_1
1252,sub11,rest1,53,53,0,-0.5142574744236493,0.3741960056897549,0.5,0,0.029796957969665527,0.507448673248291,1,5.680433530690332e-06,2.541232774771747,9.774186755234988,0,1,0.35129310209389697,0,1,fold_1
1253,sub11,rest1,54,54,0,-0.8327003215609265,0.30307440430770405,0.5,0,-0.17267584800720215,0.4569379687309265,1,5.680433530690332e-06,2.541232774771747,9.774186755234988,0,1,0.34737994030347225,0,1,fold_1
1254,sub11,rest1,55,55,0,-0.5039668580651834,0.37660889628423194,0.5,0,0.06976974010467529,0.5174353718757629,1,5.680433530690332e-06,2.541232774771747,9.774186755234988,0,1,0.39543607339166814,0,1,fold_1
1255,sub11,rest1,56,56,0,-0.5647179549769648,0.3624565203184807,0.5,0,-0.11400234699249268,0.4715302586555481,1,5.680433530690332e-06,2.541232774771747,9.774186755234988,0,1,0.40737358904855436,0,1,fold_1
1256,sub11,rest1,57,57,0,-0.2118172071026023,0.4472428035722916,0.5,0,0.028310298919677734,0.5070770978927612,1,5.680433530690332e-06,2.541232774771747,9.774186755234988,0,1,0.46310269001427745,0,1,fold_1
1257,sub11,rest1,58,58,0,-0.353964203643724,0.4124214432548908,0.5,0,-0.07225728034973145,0.4819435477256775,1,5.680433530690332e-06,2.541232774771747,9.774186755234988,0,1,0.49056969656206356,0,1,fold_1
1258,sub11,rest1,59,59,0,0.11871451831637005,0.52964382321565,0.5,1,0.26969432830810547,0.5670178532600403,1,5.680433530690332e-06,2.541232774771747,9.774186755234988,0,0,0.52964382321565,1,0,fold_1
1259,sub11,rest2,0,60,0,0.4453911324208345,0.6095428772720066,0.5,1,0.44220685958862305,0.6087847352027893,1,5.680433530690332e-06,2.541232774771747,9.774186755234988,1,1,0.6575669022484556,1,1,fold_1
1260,sub11,rest2,1,61,0,0.7562942017778914,0.680548624725761,0.5,1,0.5651547908782959,0.6376444697380066,1,5.680433530690332e-06,2.541232774771747,9.774186755234988,1,1,0.6519042124155532,1,1,fold_1
1261,sub11,rest2,2,62,0,0.7657887140087949,0.6826092047475991,0.5,1,0.6024692058563232,0.6462210416793823,1,5.680433530690332e-06,2.541232774771747,9.774186755234988,1,1,0.5862592670507405,1,1,fold_1
1262,sub11,rest2,3,63,0,0.3745369452700416,0.5925548077732994,0.5,1,0.20110023021697998,0.5501062870025635,1,5.680433530690332e-06,2.541232774771747,9.774186755234988,1,1,0.5345043279569168,1,1,fold_1
1263,sub11,rest2,4,64,0,-0.06556832635519,0.4836137886313229,0.5,0,-0.03770613670349121,0.49057459831237793,1,5.680433530690332e-06,2.541232774771747,9.774186755234988,1,0,0.574027420500666,1,1,fold_1
1264,sub11,rest2,5,65,0,0.10948679035519285,0.5273443874661281,0.5,1,0.04866206645965576,0.5121631026268005,1,5.680433530690332e-06,2.541232774771747,9.774186755234988,1,1,0.6719937857984907,1,1,fold_1
1265,sub11,rest2,6,66,0,0.9008497022961643,0.7111240854045471,0.5,1,0.659820556640625,0.6592200994491577,1,5.680433530690332e-06,2.541232774771747,9.774186755234988,1,1,0.7531013862314723,1,1,fold_1
1266,sub11,rest2,7,67,0,1.2512310236992032,0.7775128845247967,0.5,1,0.8999595642089844,0.7109411358833313,1,5.680433530690332e-06,2.541232774771747,9.774186755234988,1,1,0.7527811271511428,1,1,fold_1
1267,sub11,rest2,8,68,0,1.2120823459165049,0.770667188765073,0.5,1,0.7912862300872803,0.6881074905395508,1,5.680433530690332e-06,2.541232774771747,9.774186755234988,1,1,0.7405316223570014,1,1,fold_1
1268,sub11,rest2,9,69,0,0.8961773223208508,0.7101633081635587,0.5,1,0.6213085651397705,0.6505160927772522,1,5.680433530690332e-06,2.541232774771747,9.774186755234988,1,1,0.7306085233304916,1,1,fold_1
1269,sub11,rest2,10,70,0,1.0499451698135025,0.7407643701423727,0.5,1,0.794158935546875,0.688723623752594,1,5.680433530690332e-06,2.541232774771747,9.774186755234988,1,1,0.749881343962465,1,1,fold_1
1270,sub11,rest2,11,71,0,1.0506405932023626,0.7408978916855434,0.5,1,0.875931978225708,0.7059785723686218,1,5.680433530690332e-06,2.541232774771747,9.774186755234988,1,1,0.754727161334997,1,1,fold_1
1271,sub11,rest2,12,72,0,1.1969500500551193,0.7679817700594784,0.5,1,0.893587589263916,0.7096299529075623,1,5.680433530690332e-06,2.541232774771747,9.774186755234988,1,1,0.7702617927540416,1,1,fold_1
1272,sub11,rest2,13,73,0,1.1270919104407595,0.7553018222599691,0.5,1,0.7296192646026611,0.6747217178344727,1,5.680433530690332e-06,2.541232774771747,9.774186755234988,1,1,0.7721644014264148,1,1,fold_1
1273,sub11,rest2,14,74,0,1.3099320546679094,0.7875017859426775,0.5,1,0.7871408462524414,0.6872170567512512,1,5.680433530690332e-06,2.541232774771747,9.774186755234988,1,1,0.7654522623084885,1,1,fold_1
1274,sub11,rest2,15,75,0,1.2292632288769467,0.7736895960765979,0.5,1,0.7001979351043701,0.6682316660881042,1,5.680433530690332e-06,2.541232774771747,9.774186755234988,1,1,0.7543186102560573,1,1,fold_1
1275,sub11,rest2,16,76,0,1.0209900529296227,0.7351654049061902,0.5,1,0.6759438514709473,0.6628327965736389,1,5.680433530690332e-06,2.541232774771747,9.774186755234988,1,1,0.7553994121630038,1,1,fold_1
1276,sub11,rest2,17,77,0,1.1206045108397824,0.7541008297853838,0.5,1,0.8188178539276123,0.6939853429794312,1,5.680433530690332e-06,2.541232774771747,9.774186755234988,1,1,0.7723545603530342,1,1,fold_1
1277,sub11,rest2,18,78,0,1.247876183108674,0.7769320017974373,0.5,1,0.8530304431915283,0.7012024521827698,1,5.680433530690332e-06,2.541232774771747,9.774186755234988,1,1,0.7723000598513566,1,1,fold_1
1278,sub11,rest2,19,79,0,1.3011641921574648,0.7860308494762818,0.5,1,1.0814182758331299,0.7467623353004456,1,5.680433530690332e-06,2.541232774771747,9.774186755234988,1,1,0.7721164324641135,1,1,fold_1
1279,sub11,rest2,20,80,0,1.1197229789880419,0.753937328280351,0.5,1,1.1107735633850098,0.7522733211517334,1,5.680433530690332e-06,2.541232774771747,9.774186755234988,1,1,0.7644690689419867,1,1,fold_1
1280,sub11,rest2,21,81,0,1.2447003573285835,0.7763811196357081,0.5,1,0.9622318744659424,0.7235684394836426,1,5.680433530690332e-06,2.541232774771747,9.774186755234988,1,1,0.7703920647839461,1,1,fold_1
1281,sub11,rest2,22,82,0,1.1696887925449828,0.7630887589099008,0.5,1,0.8737392425537109,0.7055231332778931,1,5.680433530690332e-06,2.541232774771747,9.774186755234988,1,1,0.7701289124722125,1,1,fold_1
1282,sub11,rest2,23,83,0,1.2179711690574067,0.7717063158062292,0.5,1,0.762056827545166,0.681800127029419,1,5.680433530690332e-06,2.541232774771747,9.774186755234988,1,1,0.764677898387137,1,1,fold_1
1283,sub11,rest2,24,84,0,1.240158847127691,0.7755916627005073,0.5,1,0.8019800186157227,0.6903978586196899,1,5.680433530690332e-06,2.541232774771747,9.774186755234988,1,1,0.7496689828532027,1,1,fold_1
1284,sub11,rest2,25,85,0,1.0812777878503539,0.7467357166546746,0.5,1,0.5519640445709229,0.6345911026000977,1,5.680433530690332e-06,2.541232774771747,9.774186755234988,1,1,0.7205630716408208,1,1,fold_1
1285,sub11,rest2,26,86,0,0.9778407766737127,0.7266795692044264,0.5,1,0.5107883214950562,0.624991238117218,1,5.680433530690332e-06,2.541232774771747,9.774186755234988,1,1,0.7256182923810623,1,1,fold_1
1286,sub11,rest2,27,87,0,0.7920620870058864,0.6882739290633615,0.5,1,0.40105366706848145,0.5989407896995544,1,5.680433530690332e-06,2.541232774771747,9.774186755234988,1,1,0.7222229144735759,1,1,fold_1
1287,sub11,rest2,28,88,0,1.1631321609474037,0.7619013788753991,0.5,1,0.6341056823730469,0.6534198522567749,1,5.680433530690332e-06,2.541232774771747,9.774186755234988,1,1,0.7142752585262082,1,1,fold_1
1288,sub11,rest2,29,89,0,0.9271338071368144,0.7164934354819672,0.5,1,0.5361785888671875,0.6309230327606201,1,5.680433530690332e-06,2.541232774771747,9.774186755234988,1,1,0.675212588940551,1,1,fold_1
1289,sub11,rest2,30,90,0,0.6831032629098149,0.6644309612212584,0.5,1,0.5287940502166748,0.6292018294334412,1,5.680433530690332e-06,2.541232774771747,9.774186755234988,1,1,0.671115913351345,1,1,fold_1
1290,sub11,rest2,31,91,0,0.5958809587991982,0.6447133701184272,0.5,1,0.4599270820617676,0.6129968166351318,1,5.680433530690332e-06,2.541232774771747,9.774186755234988,1,1,0.6968433142991225,1,1,fold_1
1291,sub11,rest2,32,92,0,0.8673952207607193,0.7042034087143492,0.5,1,0.4623110294342041,0.613562285900116,1,5.680433530690332e-06,2.541232774771747,9.774186755234988,1,1,0.7359649072207358,1,1,fold_1
1292,sub11,rest2,33,93,0,1.054369938901939,0.741613164064591,0.5,1,0.6569118499755859,0.6585663557052612,1,5.680433530690332e-06,2.541232774771747,9.774186755234988,1,1,0.7608351111841252,1,1,fold_1
1293,sub11,rest2,34,94,0,1.1641068449193246,0.7620781488832674,0.5,1,0.6791083812713623,0.663539707660675,1,5.680433530690332e-06,2.541232774771747,9.774186755234988,1,1,0.7798969408476433,1,1,fold_1
1294,sub11,rest2,35,95,0,1.2587683928153965,0.7788140206045173,0.5,1,0.8367421627044678,0.6977786421775818,1,5.680433530690332e-06,2.541232774771747,9.774186755234988,1,1,0.7918506365057357,1,1,fold_1
1295,sub11,rest2,36,96,0,1.3788027825697475,0.7987986530551453,0.5,1,1.0802793502807617,0.7465468645095825,1,5.680433530690332e-06,2.541232774771747,9.774186755234988,1,1,0.7988854598523442,1,1,fold_1
1296,sub11,rest2,37,97,0,1.3734639842560838,0.7979392358575448,0.5,1,1.2402172088623047,0.7756018042564392,1,5.680433530690332e-06,2.541232774771747,9.774186755234988,1,1,0.7839133674976354,1,1,fold_1
1297,sub11,rest2,38,98,0,1.3857850054808607,0.7999184906443425,0.5,1,1.146148443222046,0.7588067054748535,1,5.680433530690332e-06,2.541232774771747,9.774186755234988,1,1,0.7636894520537069,1,1,fold_1
1298,sub11,rest2,39,99,0,1.1194267877919954,0.7538823759910187,0.5,1,0.8628034591674805,0.7032460570335388,1,5.680433530690332e-06,2.541232774771747,9.774186755234988,1,1,0.7262771484461981,1,1,fold_1
1299,sub11,rest2,40,100,0,1.0318143258962755,0.7372674895257596,0.5,1,0.6312236785888672,0.6527668833732605,1,5.680433530690332e-06,2.541232774771747,9.774186755234988,1,1,0.7037230421410324,1,1,fold_1
1300,sub11,rest2,41,101,0,0.7893026659041512,0.6876815798218161,0.5,1,0.4935336112976074,0.6209384799003601,1,5.680433530690332e-06,2.541232774771747,9.774186755234988,1,1,0.6807159248957255,1,1,fold_1
1301,sub11,rest2,42,102,0,0.7825064376867992,0.6862200570755216,0.5,1,0.6309020519256592,0.6526939272880554,1,5.680433530690332e-06,2.541232774771747,9.774186755234988,1,1,0.6788150265132934,1,1,fold_1
1302,sub11,rest2,43,103,0,0.7002632603394086,0.6682461377898389,0.5,1,0.6878418922424316,0.6654866933822632,1,5.680433530690332e-06,2.541232774771747,9.774186755234988,1,1,0.7019711002153851,1,1,fold_1
1303,sub11,rest2,44,104,0,0.7628809155060013,0.6819788846745194,0.5,1,0.8449640274047852,0.6995096802711487,1,5.680433530690332e-06,2.541232774771747,9.774186755234988,1,1,0.7306793683051191,1,1,fold_1
1304,sub11,rest2,45,105,0,1.129184002342766,0.755688278181797,0.5,1,0.7994241714477539,0.6898512840270996,1,5.680433530690332e-06,2.541232774771747,9.774186755234988,1,1,0.7477767579852593,1,1,fold_1
1305,sub11,rest2,46,106,0,1.1220617092618237,0.7543709420590411,0.5,1,0.9704501628875732,0.7252091765403748,1,5.680433530690332e-06,2.541232774771747,9.774186755234988,1,1,0.7348712406075228,1,1,fold_1
1306,sub11,rest2,47,107,0,1.01128246001889,0.7332710537149398,0.5,1,1.3680338859558105,0.7970622777938843,1,5.680433530690332e-06,2.541232774771747,9.774186755234988,1,1,0.7419899175084724,1,1,fold_1
1307,sub11,rest2,48,108,0,0.9294896055298227,0.7169717260485876,0.5,1,1.3582727909088135,0.795478880405426,1,5.680433530690332e-06,2.541232774771747,9.774186755234988,1,1,0.7502250280026619,1,1,fold_1
1308,sub11,rest2,49,109,0,1.240936437816096,0.77572697276189,0.5,1,1.1617400646209717,0.7616487145423889,1,5.680433530690332e-06,2.541232774771747,9.774186755234988,1,1,0.7575376043983756,1,1,fold_1
1309,sub11,rest2,50,110,0,1.1416169278397075,0.7579763851975082,0.5,1,0.810333251953125,0.6921805143356323,1,5.680433530690332e-06,2.541232774771747,9.774186755234988,1,1,0.7135748743498013,1,1,fold_1
1310,sub11,rest2,51,111,0,1.0403081281126316,0.7389094552357285,0.5,1,0.8511695861816406,0.7008123993873596,1,5.680433530690332e-06,2.541232774771747,9.774186755234988,1,1,0.6904030601485497,1,1,fold_1
1311,sub11,rest2,52,112,0,0.5920648710495114,0.6438387826161669,0.5,1,0.6683635711669922,0.6611366271972656,1,5.680433530690332e-06,2.541232774771747,9.774186755234988,1,1,0.6785018908638832,1,1,fold_1
1312,sub11,rest2,53,113,0,0.7929338730014652,0.6884609425937536,0.5,1,0.7864327430725098,0.6870648264884949,1,5.680433530690332e-06,2.541232774771747,9.774186755234988,1,1,0.7275671464254024,1,1,fold_1
1313,sub11,rest2,54,114,0,0.8626113311872058,0.7032059473817289,0.5,1,0.7181196212768555,0.6721928119659424,1,5.680433530690332e-06,2.541232774771747,9.774186755234988,1,1,0.7590990624394988,1,1,fold_1
1314,sub11,rest2,55,115,0,1.3311727141762182,0.7910345493007247,0.5,1,0.809823751449585,0.6920719146728516,1,5.680433530690332e-06,2.541232774771747,9.774186755234988,1,1,0.7883428601627824,1,1,fold_1
1315,sub11,rest2,56,116,0,1.2835690229651724,0.7830566906360424,0.5,1,0.8333854675292969,0.697070300579071,1,5.680433530690332e-06,2.541232774771747,9.774186755234988,1,1,0.7883017032353618,1,1,fold_1
1316,sub11,rest2,57,117,0,1.330584736139932,0.7909373405515802,0.5,1,0.8879106044769287,0.7084588408470154,1,5.680433530690332e-06,2.541232774771747,9.774186755234988,1,1,0.7831275658948735,1,1,fold_1
1317,sub11,rest2,58,118,0,1.3304259217946424,0.7909110785184625,0.5,1,1.0824527740478516,0.7469578385353088,1,5.680433530690332e-06,2.541232774771747,9.774186755234988,1,1,0.7753265452492061,1,1,fold_1
1318,sub11,rest2,59,119,0,1.194440361897601,0.7675342786145779,0.5,1,1.2774255275726318,0.7820112705230713,1,5.680433530690332e-06,2.541232774771747,9.774186755234988,1,1,0.7675342786145779,1,1,fold_1
1559,sub14,rest1,0,0,0,0.13655074203623516,0.5340847396574593,0.5,1,-0.5863844156265259,0.35746487975120544,1,4.685881695124943e-06,1.96324657235981,3.134752950600143,0,0,0.4383868604352598,0,1,fold_1
1560,sub14,rest1,1,1,0,-0.30741382052446736,0.4237461211334805,0.5,0,-0.6594666838645935,0.34085944294929504,1,4.685881695124943e-06,1.96324657235981,3.134752950600143,0,1,0.3645687459716922,0,1,fold_1
1561,sub14,rest1,2,2,0,-0.5869728656801099,0.35732972051483963,0.5,0,-0.6430121064186096,0.3445659577846527,1,4.685881695124943e-06,1.96324657235981,3.134752950600143,0,1,0.37634110493751916,0,1,fold_1
1562,sub14,rest1,3,3,0,-0.7878504940565373,0.3126303962667565,0.5,0,-0.5238312482833862,0.37195679545402527,1,4.685881695124943e-06,1.96324657235981,3.134752950600143,0,1,0.40941078497556793,0,1,fold_1
1563,sub14,rest1,4,4,0,-0.16411456803544708,0.4590631980309614,0.5,0,-0.5167909264564514,0.3736029267311096,1,4.685881695124943e-06,1.96324657235981,3.134752950600143,0,1,0.45241452400703386,0,1,fold_1
1564,sub14,rest1,5,5,0,-0.1742847826047486,0.456538760628986,0.5,0,-0.5595927238464355,0.3636417090892792,1,4.685881695124943e-06,1.96324657235981,3.134752950600143,0,1,0.43446599716631606,0,1,fold_1
1565,sub14,rest1,6,6,0,-0.23450230249831241,0.44164161336115404,0.5,0,-0.5800074934959412,0.35893088579177856,1,4.685881695124943e-06,1.96324657235981,3.134752950600143,0,1,0.4018950148917633,0,1,fold_1
1566,sub14,rest1,7,7,0,-0.3837713449525797,0.4052176175088082,0.5,0,-0.4201090335845947,0.3964906334877014,1,4.685881695124943e-06,1.96324657235981,3.134752950600143,0,1,0.3630139173783726,0,1,fold_1
1567,sub14,rest1,8,8,0,-0.5804640889113858,0.35882581380532763,0.5,0,-0.5414581298828125,0.3678484559059143,1,4.685881695124943e-06,1.96324657235981,3.134752950600143,0,1,0.2897755268813128,0,1,fold_1
1568,sub14,rest1,9,9,0,-0.7308951629303357,0.32499832082098196,0.5,0,-0.5775680541992188,0.35949239134788513,1,4.685881695124943e-06,1.96324657235981,3.134752950600143,0,1,0.23047594453858752,0,1,fold_1
1569,sub14,rest1,10,10,0,-1.4795033569071636,0.18550244601762877,0.5,0,-0.6894636750221252,0.33415237069129944,1,4.685881695124943e-06,1.96324657235981,3.134752950600143,0,1,0.17854803025643076,0,1,fold_1
1570,sub14,rest1,11,11,0,-1.5100791273636731,0.18092706677715173,0.5,0,-0.5966895818710327,0.35510143637657166,1,4.685881695124943e-06,1.96324657235981,3.134752950600143,0,1,0.17888934106840285,0,1,fold_1
1571,sub14,rest1,12,12,0,-1.5912039432334715,0.16921457797451178,0.5,0,-0.551328182220459,0.3655563294887543,1,4.685881695124943e-06,1.96324657235981,3.134752950600143,0,1,0.18641969883401135,0,1,fold_1
1572,sub14,rest1,13,13,0,-1.4727408317417063,0.18652637845354503,0.5,0,-0.6583747863769531,0.34110480546951294,1,4.685881695124943e-06,1.96324657235981,3.134752950600143,0,1,0.19459314359428506,0,1,fold_1
1573,sub14,rest1,14,14,0,-1.3644492130362875,0.20351814007397726,0.5,0,-0.736592710018158,0.3237496614456177,1,4.685881695124943e-06,1.96324657235981,3.134752950600143,0,1,0.19929431773410525,0,1,fold_1
1574,sub14,rest1,15,15,0,-1.425921788445928,0.19373491225533285,0.5,0,-0.7245533466339111,0.3263911008834839,1,4.685881695124943e-06,1.96324657235981,3.134752950600143,0,1,0.19225749338435325,0,1,fold_1
1575,sub14,rest1,16,16,0,-1.3823621198199414,0.20062990087300572,0.5,0,-0.6691182255744934,0.33869433403015137,1,4.685881695124943e-06,1.96324657235981,3.134752950600143,0,1,0.19664390669989595,0,1,fold_1
1576,sub14,rest1,17,17,1,-1.5394705673983737,0.1766122518797496,0.5,0,-0.7042804956436157,0.3308638632297516,1,4.685881695124943e-06,1.96324657235981,3.134752950600143,0,1,,,,fold_1
1577,sub14,rest1,18,18,0,-1.5001197310454686,0.1824076670247211,0.5,0,-0.7831807136535645,0.3136347830295563,1,4.685881695124943e-06,1.96324657235981,3.134752950600143,0,1,0.2329431151114143,0,1,fold_1
1578,sub14,rest1,19,19,0,-1.3437493699387768,0.2068941522019611,0.5,0,-0.7521170973777771,0.3203601837158203,1,4.685881695124943e-06,1.96324657235981,3.134752950600143,0,1,0.3045585512433257,0,1,fold_1
1579,sub14,rest1,20,20,0,-0.8023290825195761,0.30952752610756074,0.5,0,-0.6449432969093323,0.3441299498081207,1,4.685881695124943e-06,1.96324657235981,3.134752950600143,0,1,0.34552242469136685,0,1,fold_1
1580,sub14,rest1,21,21,0,-0.4169201088495831,0.39725397542045515,0.5,0,-0.6509085297584534,0.3427848219871521,1,4.685881695124943e-06,1.96324657235981,3.134752950600143,0,1,0.4235405736113395,0,1,fold_1
1581,sub14,rest1,22,22,0,-0.7091541341938059,0.32978577254608465,0.5,0,-0.7473058700561523,0.32140862941741943,1,4.685881695124943e-06,1.96324657235981,3.134752950600143,0,1,0.4126432021583574,0,1,fold_1
1582,sub14,rest1,23,23,0,0.17477140348627335,0.5435819728674788,0.5,1,-0.6161837577819824,0.3506498634815216,1,4.685881695124943e-06,1.96324657235981,3.134752950600143,0,0,0.4221614350557607,0,1,fold_1
1583,sub14,rest1,24,24,0,-0.5556184916492831,0.3645618610615089,0.5,0,-0.6936031579971313,0.33323201537132263,1,4.685881695124943e-06,1.96324657235981,3.134752950600143,0,1,0.37623558161324344,0,1,fold_1
1584,sub14,rest1,25,25,1,-0.30732666894972344,0.4237674024123245,0.5,0,-0.404634952545166,0.4001992642879486,1,4.685881695124943e-06,1.96324657235981,3.134752950600143,0,1,,,,fold_1
1585,sub14,rest1,26,26,0,-0.5825742625541377,0.35834047123829443,0.5,0,-0.39078009128570557,0.4035295248031616,1,4.685881695124943e-06,1.96324657235981,3.134752950600143,0,1,0.4020675905442665,0,1,fold_1
1586,sub14,rest1,27,27,0,-0.38133723596884894,0.4058044125399269,0.5,0,-0.46997010707855225,0.38462328910827637,1,4.685881695124943e-06,1.96324657235981,3.134752950600143,0,1,0.38216142113414125,0,1,fold_1
1587,sub14,rest1,28,28,0,-0.23281437382597822,0.4420578878545781,0.5,0,-0.4970428943634033,0.3782358169555664,1,4.685881695124943e-06,1.96324657235981,3.134752950600143,0,1,0.37283996775237455,0,1,fold_1
1588,sub14,rest1,29,29,0,-0.8538685884412195,0.2986219630079188,0.5,0,-0.706463098526001,0.3303808569908142,1,4.685881695124943e-06,1.96324657235981,3.134752950600143,0,1,0.33582800703211196,0,1,fold_1
1589,sub14,rest1,30,30,0,-0.4987262459159422,0.37784005239462654,0.5,0,-0.6370889544487,0.3459048569202423,1,4.685881695124943e-06,1.96324657235981,3.134752950600143,0,1,0.4140319664223037,0,1,fold_1
1590,sub14,rest1,31,31,0,-0.7035663105477072,0.3310220056937904,0.5,0,-0.6434615850448608,0.3444644510746002,1,4.685881695124943e-06,1.96324657235981,3.134752950600143,0,1,0.5187385005535444,1,0,fold_1
1591,sub14,rest1,32,32,0,0.13313165268069263,0.5332338411784943,0.5,1,-0.5449578762054443,0.3670349717140198,1,4.685881695124943e-06,1.96324657235981,3.134752950600143,0,0,0.6020013517593804,1,0,fold_1
1592,sub14,rest1,33,33,0,0.8092968862471174,0.6919596547883486,0.5,1,-0.4769628047943115,0.38296955823898315,1,4.685881695124943e-06,1.96324657235981,3.134752950600143,0,0,0.5654959722597842,1,0,fold_1
1593,sub14,rest1,34,34,1,1.1552573091437517,0.7604698753913167,0.5,0,-0.42812901735305786,0.3945731818675995,1,4.685881695124943e-06,1.96324657235981,3.134752950600143,0,1,,,,fold_1
1594,sub14,rest1,35,35,0,0.3261017004849413,0.5808105593112983,0.5,1,-0.5651719570159912,0.3623516261577606,1,4.685881695124943e-06,1.96324657235981,3.134752950600143,0,0,0.41070630675738523,0,1,fold_1
1595,sub14,rest1,36,36,0,-0.3075302022258192,0.42371770267970593,0.5,0,-0.5541159510612488,0.3649100065231323,1,4.685881695124943e-06,1.96324657235981,3.134752950600143,0,1,0.34757511324545787,0,1,fold_1
1596,sub14,rest1,37,37,0,-1.2219659879358593,0.22759065828115135,0.5,0,-0.7458158731460571,0.321733683347702,1,4.685881695124943e-06,1.96324657235981,3.134752950600143,0,1,0.32175122172243964,0,1,fold_1
1597,sub14,rest1,38,38,0,-0.44135990536578945,0.39141697877551634,0.5,0,-0.592677652835846,0.3560206890106201,1,4.685881695124943e-06,1.96324657235981,3.134752950600143,0,1,0.36442713291075907,0,1,fold_1
1598,sub14,rest1,39,39,0,-0.635581504633258,0.34624602811065114,0.5,0,-0.5070894956588745,0.3758760690689087,1,4.685881695124943e-06,1.96324657235981,3.134752950600143,0,1,0.29911748532796545,0,1,fold_1
1599,sub14,rest1,40,40,0,-0.5944328869512252,0.35561839184610977,0.5,0,-0.578587532043457,0.35925763845443726,1,4.685881695124943e-06,1.96324657235981,3.134752950600143,0,1,0.24842689150454458,0,1,fold_1
1600,sub14,rest1,41,41,0,-1.4147366568761208,0.19548803602713544,0.5,0,-0.7631344795227051,0.31796613335609436,1,4.685881695124943e-06,1.96324657235981,3.134752950600143,0,1,0.18240907011347493,0,1,fold_1
1601,sub14,rest1,42,42,1,-1.1760996851754661,0.23575420777615375,0.5,0,-0.7036280035972595,0.33100834488868713,1,4.685881695124943e-06,1.96324657235981,3.134752950600143,0,1,,,,fold_1
1602,sub14,rest1,43,43,0,-1.4231115977350914,0.1941742466403886,0.5,0,-0.6804729700088501,0.3361557424068451,1,4.685881695124943e-06,1.96324657235981,3.134752950600143,0,1,0.1803380538789925,0,1,fold_1
1603,sub14,rest1,44,44,0,-1.67645898125822,0.15756492767290073,0.5,0,-0.6351944208145142,0.34633365273475647,1,4.685881695124943e-06,1.96324657235981,3.134752950600143,0,1,0.19064945905198286,0,1,fold_1
1604,sub14,rest1,45,45,0,-1.4547280076853826,0.18927498732368814,0.5,0,-0.6728373765945435,0.3378618061542511,1,4.685881695124943e-06,1.96324657235981,3.134752950600143,0,1,0.2234040394813727,0,1,fold_1
1605,sub14,rest1,46,46,0,-1.2361407282906052,0.22510846215935973,0.5,0,-0.662987232208252,0.34006890654563904,1,4.685881695124943e-06,1.96324657235981,3.134752950600143,0,1,0.2436285424478204,0,1,fold_1
1606,sub14,rest1,47,47,0,-1.067763333423313,0.2558286689610702,0.5,0,-0.686143159866333,0.33489158749580383,1,4.685881695124943e-06,1.96324657235981,3.134752950600143,0,1,0.24074934173939266,0,1,fold_1
1607,sub14,rest1,48,48,0,-1.0988869943448436,0.24994849622303125,0.5,0,-0.5634334683418274,0.36275339126586914,1,4.685881695124943e-06,1.96324657235981,3.134752950600143,0,1,0.23751851457527953,0,1,fold_1
1608,sub14,rest1,49,49,0,-1.286352310449592,0.2164708600340766,0.5,0,-0.6003544330596924,0.3542625904083252,1,4.685881695124943e-06,1.96324657235981,3.134752950600143,0,1,0.2135613506254851,0,1,fold_1
1609,sub14,rest1,50,50,0,-1.1193267413644707,0.24613618746873075,0.5,0,-0.571253776550293,0.3609475791454315,1,4.685881695124943e-06,1.96324657235981,3.134752950600143,0,1,0.21742802108129214,0,1,fold_1
1610,sub14,rest1,51,51,0,-1.5294306457967473,0.1780770043736479,0.5,0,-0.7304631471633911,0.3250930905342102,1,4.685881695124943e-06,1.96324657235981,3.134752950600143,0,1,0.20961418347945426,0,1,fold_1
1611,sub14,rest1,52,52,0,-1.2192363233430255,0.22807087140149784,0.5,0,-0.7157752513885498,0.32832399010658264,1,4.685881695124943e-06,1.96324657235981,3.134752950600143,0,1,0.23268021907645461,0,1,fold_1
1612,sub14,rest1,53,53,0,-1.2500315659088135,0.222694674663217,0.5,0,-0.5511674880981445,0.3655935525894165,1,4.685881695124943e-06,1.96324657235981,3.134752950600143,0,1,0.23852293256015278,0,1,fold_1
1613,sub14,rest1,54,54,0,-1.1131982803851541,0.2472751111646489,0.5,0,-0.6448426246643066,0.34415268898010254,1,4.685881695124943e-06,1.96324657235981,3.134752950600143,0,1,0.2870272430141713,0,1,fold_1
1614,sub14,rest1,55,55,0,-1.1222238683004426,0.2455990118525925,0.5,0,-0.7101777791976929,0.3295595645904541,1,4.685881695124943e-06,1.96324657235981,3.134752950600143,0,1,0.39571795122466735,0,1,fold_1
1615,sub14,rest1,56,56,0,-0.5399139237299525,0.3682076060252725,0.5,0,-0.745814859867096,0.32173389196395874,1,4.685881695124943e-06,1.96324657235981,3.134752950600143,0,1,0.5450502847343636,1,0,fold_1
1616,sub14,rest1,57,57,0,0.2955210455095439,0.5733472357961371,0.5,1,-0.5670405030250549,0.36191999912261963,1,4.685881695124943e-06,1.96324657235981,3.134752950600143,0,0,0.665314488965823,1,0,fold_1
1617,sub14,rest1,58,58,0,0.816985224086596,0.6935960123816811,0.5,1,-0.15402984619140625,0.4615684747695923,1,4.685881695124943e-06,1.96324657235981,3.134752950600143,0,0,0.7171988166069942,1,0,fold_1
1618,sub14,rest1,59,59,0,0.9895560182397755,0.7290002187196507,0.5,1,0.1369919776916504,0.5341945290565491,1,4.685881695124943e-06,1.96324657235981,3.134752950600143,0,0,0.7290002187196508,1,0,fold_1
1619,sub14,rest2,0,60,0,-1.0895576268419704,0.2517015892956574,0.5,0,-0.7326449751853943,0.32461458444595337,1,4.685881695124943e-06,1.96324657235981,3.134752950600143,1,0,0.606296754980928,1,1,fold_1
1620,sub14,rest2,1,61,0,1.1553150811393396,0.7604803987164681,0.5,1,-0.4432244896888733,0.39097288250923157,1,4.685881695124943e-06,1.96324657235981,3.134752950600143,1,1,0.8076653387127246,1,1,fold_1
1621,sub14,rest2,2,62,0,1.4287615459195437,0.8067082769306589,0.5,1,-0.5068454742431641,0.37593328952789307,1,4.685881695124943e-06,1.96324657235981,3.134752950600143,1,1,0.7354628597938507,1,1,fold_1
1622,sub14,rest2,3,63,0,1.7808949626658186,0.8558073404910467,0.5,1,-0.38984251022338867,0.40375521779060364,1,4.685881695124943e-06,1.96324657235981,3.134752950600143,1,1,0.6071052853356731,1,1,fold_1
1623,sub14,rest2,4,64,0,0.1759443308673326,0.5438729619598464,0.5,1,-0.5403153896331787,0.3681142330169678,1,4.685881695124943e-06,1.96324657235981,3.134752950600143,1,1,0.4043520009104604,0,0,fold_1
1624,sub14,rest2,5,65,0,-0.3160628764131704,0.4216355535561263,0.5,0,-0.7178183197975159,0.3278735876083374,1,4.685881695124943e-06,1.96324657235981,3.134752950600143,1,0,0.43789423005912287,0,0,fold_1
1625,sub14,rest2,6,66,0,-1.1117354575561418,0.24754748721540865,0.5,0,-0.7543028593063354,0.31988444924354553,1,4.685881695124943e-06,1.96324657235981,3.134752950600143,1,0,0.5454896233193766,1,1,fold_1
1626,sub14,rest2,7,67,0,0.594948042957563,0.6444996494058338,0.5,1,-0.6516210436820984,0.342624306678772,1,4.685881695124943e-06,1.96324657235981,3.134752950600143,1,1,0.6907277409864729,1,1,fold_1
1627,sub14,rest2,8,68,0,1.0690790299358954,0.7444217333368872,0.5,1,-0.6572636365890503,0.3413545489311218,1,4.685881695124943e-06,1.96324657235981,3.134752950600143,1,1,0.5418369849386081,1,1,fold_1
1628,sub14,rest2,9,69,0,0.768802715736219,0.6832618402166979,0.5,1,-0.7242864966392517,0.32644978165626526,1,4.685881695124943e-06,1.96324657235981,3.134752950600143,1,1,0.4951641991646865,0,0,fold_1
1629,sub14,rest2,10,70,0,-1.3999289814018507,0.1978273812622391,0.5,0,-0.5248883366584778,0.3717099130153656,1,4.685881695124943e-06,1.96324657235981,3.134752950600143,1,0,0.533253561372235,1,1,fold_1
1630,sub14,rest2,11,71,0,0.42384675031151886,0.6044033760151226,0.5,1,-0.7231086492538452,0.3267087936401367,1,4.685881695124943e-06,1.96324657235981,3.134752950600143,1,1,0.7523775245391896,1,1,fold_1
1631,sub14,rest2,12,72,0,1.3709272710081972,0.7975299268393432,0.5,1,-0.5668973922729492,0.3619530498981476,1,4.685881695124943e-06,1.96324657235981,3.134752950600143,1,1,0.6789696176586894,1,1,fold_1
1632,sub14,rest2,13,73,0,1.7759759908959356,0.8551992707631032,0.5,1,-0.427778959274292,0.39465680718421936,1,4.685881695124943e-06,1.96324657235981,3.134752950600143,1,1,0.5118779530295655,1,1,fold_1
1633,sub14,rest2,14,74,0,-0.4718449769477458,0.38417965537362175,0.5,0,-0.605118989944458,0.3531734347343445,1,4.685881695124943e-06,1.96324657235981,3.134752950600143,1,0,0.3381267920743478,0,0,fold_1
1634,sub14,rest2,15,75,0,-0.865195826280724,0.29625493295197164,0.5,0,-0.6413575410842896,0.3449397385120392,1,4.685881695124943e-06,1.96324657235981,3.134752950600143,1,0,0.4873411075383407,0,0,fold_1
1635,sub14,rest2,16,76,0,-0.6903923986625505,0.3339457878974502,0.5,0,-0.5779949426651001,0.3593940734863281,1,4.685881695124943e-06,1.96324657235981,3.134752950600143,1,0,0.6550953377521798,1,1,fold_1
1636,sub14,rest2,17,77,0,1.5985998348948487,0.8318226017656003,0.5,1,-0.3912191390991211,0.40342384576797485,1,4.685881695124943e-06,1.96324657235981,3.134752950600143,1,1,0.8036095511910446,1,1,fold_1
1637,sub14,rest2,18,78,0,1.3832822306385042,0.7995176235934888,0.5,1,-0.4323948621749878,0.3935546278953552,1,4.685881695124943e-06,1.96324657235981,3.134752950600143,1,1,0.5851312410113787,1,1,fold_1
1638,sub14,rest2,19,79,0,1.262687669983721,0.7794884282140447,0.5,1,-0.49439185857772827,0.3788595199584961,1,4.685881695124943e-06,1.96324657235981,3.134752950600143,1,1,0.3853275052748369,0,0,fold_1
1639,sub14,rest2,20,80,0,-1.5410156942873696,0.17638767122660268,0.5,0,-0.7272403240203857,0.3258006274700165,1,4.685881695124943e-06,1.96324657235981,3.134752950600143,1,0,0.17813357464812885,0,0,fold_1
1640,sub14,rest2,21,81,0,-1.3856293913781281,0.20010641638386328,0.5,0,-0.7565871477127075,0.31938767433166504,1,4.685881695124943e-06,1.96324657235981,3.134752950600143,1,0,0.18163062692523327,0,0,fold_1
1641,sub14,rest2,22,82,0,-1.6738869422168208,0.15790663633392055,0.5,0,-0.6757838726043701,0.3372029662132263,1,4.685881695124943e-06,1.96324657235981,3.134752950600143,1,0,0.2856176641980013,0,0,fold_1
1642,sub14,rest2,23,83,0,-1.4704197128952028,0.18687882805791603,0.5,0,-0.541684091091156,0.3677959144115448,1,4.685881695124943e-06,1.96324657235981,3.134752950600143,1,0,0.511081690914737,1,1,fold_1
1643,sub14,rest2,24,84,0,0.0482794885478646,0.5120675282021673,0.5,1,-0.7109777331352234,0.32938283681869507,1,4.685881695124943e-06,1.96324657235981,3.134752950600143,1,1,0.7347253687220464,1,1,fold_1
1644,sub14,rest2,25,85,0,1.6164048410477052,0.8342987164841279,0.5,1,-0.23444056510925293,0.44165682792663574,1,4.685881695124943e-06,1.96324657235981,3.134752950600143,1,1,0.7867096857422232,1,1,fold_1
1645,sub14,rest2,26,86,0,1.7972173026643592,0.8578098614798443,0.5,1,-0.06520736217498779,0.4837039113044739,1,4.685881695124943e-06,1.96324657235981,3.134752950600143,1,1,0.6109171623217577,1,1,fold_1
1646,sub14,rest2,27,87,0,0.6992455481578772,0.6680204792626975,0.5,1,-0.42007696628570557,0.39649835228919983,1,4.685881695124943e-06,1.96324657235981,3.134752950600143,1,1,0.4193808791287233,0,0,fold_1
1647,sub14,rest2,28,88,0,-0.8145529169309303,0.30692114622273153,0.5,0,-0.43512219190597534,0.3929038941860199,1,4.685881695124943e-06,1.96324657235981,3.134752950600143,1,0,0.3963179856314995,0,0,fold_1
1648,sub14,rest2,29,89,0,-0.9286385150588252,0.2832010119007408,0.5,0,-0.4159865975379944,0.39747750759124756,1,4.685881695124943e-06,1.96324657235981,3.134752950600143,1,0,0.5221900863371635,1,1,fold_1
1649,sub14,rest2,30,90,0,0.4005999614990341,0.598831798771026,0.5,1,-0.47804856300354004,0.3827130198478699,1,4.685881695124943e-06,1.96324657235981,3.134752950600143,1,1,0.6838989643903398,1,1,fold_1
1650,sub14,rest2,31,91,0,0.7747033725513482,0.6845374483397236,0.5,1,-0.2991905212402344,0.4257553815841675,1,4.685881695124943e-06,1.96324657235981,3.134752950600143,1,1,0.7033327571132807,1,1,fold_1
1651,sub14,rest2,32,92,0,1.1988921586690091,0.7683276460602702,0.5,1,-0.0777590274810791,0.4805700480937958,1,4.685881695124943e-06,1.96324657235981,3.134752950600143,1,1,0.7550770258062101,1,1,fold_1
1652,sub14,rest2,33,93,0,0.6505446017620692,0.6571331769398483,0.5,1,-0.2741488218307495,0.4318888485431671,1,4.685881695124943e-06,1.96324657235981,3.134752950600143,1,1,0.7750216733039658,1,1,fold_1
1653,sub14,rest2,34,94,0,1.6565196525976265,0.8397702544185117,0.5,1,-0.2665402889251709,0.43375664949417114,1,4.685881695124943e-06,1.96324657235981,3.134752950600143,1,1,0.805339818511908,1,1,fold_1
1654,sub14,rest2,35,95,0,1.5726537237008726,0.8281615885535372,0.5,1,-0.2711639404296875,0.4326213598251343,1,4.685881695124943e-06,1.96324657235981,3.134752950600143,1,1,0.6101798204405062,1,1,fold_1
1655,sub14,rest2,36,96,0,1.0884387420541155,0.7480876125636748,0.5,1,-0.47423869371414185,0.3836134970188141,1,4.685881695124943e-06,1.96324657235981,3.134752950600143,1,1,0.3778372917107739,0,0,fold_1
1656,sub14,rest2,37,97,0,-1.0758600644644052,0.2542902602043067,0.5,0,-0.5655571222305298,0.3622626066207886,1,4.685881695124943e-06,1.96324657235981,3.134752950600143,1,0,0.19508868650515962,0,0,fold_1
1657,sub14,rest2,38,98,0,-1.8909691912360174,0.13113400236434009,0.5,0,-0.5986807346343994,0.35464558005332947,1,4.685881695124943e-06,1.96324657235981,3.134752950600143,1,0,0.36002305969506687,0,0,fold_1
1658,sub14,rest2,39,99,0,-1.387283423669136,0.19984179694683205,0.5,0,-0.7304776310920715,0.3250899314880371,1,4.685881695124943e-06,1.96324657235981,3.134752950600143,1,0,0.5840160496183543,1,1,fold_1
1659,sub14,rest2,40,100,0,1.0937828094028679,0.7490933797740285,0.5,1,-0.48283398151397705,0.38158315420150757,1,4.685881695124943e-06,1.96324657235981,3.134752950600143,1,1,0.7549346655619015,1,1,fold_1
1660,sub14,rest2,41,101,0,1.405865290005233,0.8031129721342025,0.5,1,-0.41568630933761597,0.39754945039749146,1,4.685881695124943e-06,1.96324657235981,3.134752950600143,1,1,0.574787860719009,1,1,fold_1
1661,sub14,rest2,42,102,0,0.9080337795145622,0.7125976447774732,0.5,1,-0.5431510210037231,0.36745485663414,1,4.685881695124943e-06,1.96324657235981,3.134752950600143,1,1,0.3852490237832728,0,0,fold_1
1662,sub14,rest2,43,103,0,-1.3330641821876992,0.2086529652453513,0.5,0,-0.6935363411903381,0.3332468569278717,1,4.685881695124943e-06,1.96324657235981,3.134752950600143,1,0,0.23714940762283523,0,0,fold_1
1663,sub14,rest2,44,104,0,-1.1830933402995634,0.23449646132699378,0.5,0,-0.6251357197761536,0.34861430525779724,1,4.685881695124943e-06,1.96324657235981,3.134752950600143,1,0,0.3582422245777523,0,0,fold_1
1664,sub14,rest2,45,105,0,-1.0032709679556167,0.26829879629616066,0.5,0,-0.6284322738647461,0.34786608815193176,1,4.685881695124943e-06,1.96324657235981,3.134752950600143,1,0,0.4607456563865339,0,0,fold_1
1665,sub14,rest2,46,106,0,0.28973565680786667,0.5719314161101022,0.5,1,-0.5654852986335754,0.3622792363166809,1,4.685881695124943e-06,1.96324657235981,3.134752950600143,1,1,0.547710396076341,1,1,fold_1
1666,sub14,rest2,47,107,0,0.1684240364277012,0.5420067567533389,0.5,1,-0.5080229043960571,0.3756571114063263,1,4.685881695124943e-06,1.96324657235981,3.134752950600143,1,1,0.443997483146106,0,0,fold_1
1667,sub14,rest2,48,108,0,0.11690502272780336,0.5291930153655819,0.5,1,-0.579057514667511,0.3591494858264923,1,4.685881695124943e-06,1.96324657235981,3.134752950600143,1,1,0.3296315581913509,0,0,fold_1
1668,sub14,rest2,49,109,0,-1.0418526746069046,0.2607926773193972,0.5,0,-0.5407233834266663,0.36801931262016296,1,4.685881695124943e-06,1.96324657235981,3.134752950600143,1,0,0.24354846372755254,0,0,fold_1
1669,sub14,rest2,50,110,0,-1.3931272285596141,0.1989089818890737,0.5,0,-0.6885969638824463,0.334345281124115,1,4.685881695124943e-06,1.96324657235981,3.134752950600143,1,0,0.27771915755108684,0,0,fold_1
1670,sub14,rest2,51,111,0,-0.9898397460208069,0.27094373197418675,0.5,0,-0.5614781975746155,0.3632054924964905,1,4.685881695124943e-06,1.96324657235981,3.134752950600143,1,0,0.3172101551298468,0,0,fold_1
1671,sub14,rest2,52,112,0,-0.56104907491685,0.36330475879,0.5,0,-0.531234085559845,0.3702290952205658,1,4.685881695124943e-06,1.96324657235981,3.134752950600143,1,0,0.34767348549948013,0,0,fold_1
1672,sub14,rest2,53,113,0,-0.7658294273008628,0.31738197462535356,0.5,0,-0.6361404061317444,0.3461195230484009,1,4.685881695124943e-06,1.96324657235981,3.134752950600143,1,0,0.3298905018063682,0,0,fold_1
1673,sub14,rest2,54,114,0,-0.565249395440774,0.3623337230830868,0.5,0,-0.5247576236724854,0.3717404305934906,1,4.685881695124943e-06,1.96324657235981,3.134752950600143,1,0,0.3315346841181111,0,0,fold_1
1674,sub14,rest2,55,115,0,-0.8003259107914343,0.30995580771066417,0.5,0,-0.4274160861968994,0.39474353194236755,1,4.685881695124943e-06,1.96324657235981,3.134752950600143,1,0,0.28817627559688624,0,0,fold_1
1675,sub14,rest2,56,116,0,-0.7431554403572976,0.32231452156058243,0.5,0,-0.38550782203674316,0.4047991633415222,1,4.685881695124943e-06,1.96324657235981,3.134752950600143,1,0,0.2682050958084332,0,0,fold_1
1676,sub14,rest2,57,117,0,-1.195602126341434,0.23225849751941213,0.5,0,-0.4348781704902649,0.3929620385169983,1,4.685881695124943e-06,1.96324657235981,3.134752950600143,1,0,0.24192072732096867,0,0,fold_1
1677,sub14,rest2,58,118,0,-1.098386870196283,0.250042268345305,0.5,0,-0.36379361152648926,0.4100415110588074,1,4.685881695124943e-06,1.96324657235981,3.134752950600143,1,0,0.24565503351389426,0,0,fold_1
1678,sub14,rest2,59,119,0,-1.1337950605843548,0.24346141609818886,0.5,0,-0.29170751571655273,0.4275859296321869,1,4.685881695124943e-06,1.96324657235981,3.134752950600143,1,0,0.24346141609818886,0,0,fold_1
479,sub5,rest1,0,0,0,-1.5602770360560845,0.17360689774279092,0.5,0,-0.895129382610321,0.2900524437427521,1,4.436516183344914e-06,2.486384411803909,7.7508735975047856,0,1,0.17788303416027315,0,1,fold_2
480,sub5,rest1,1,1,0,-1.619966801394189,0.16520944873496685,0.5,0,-0.8439332842826843,0.30070701241493225,1,4.436516183344914e-06,2.486384411803909,7.7508735975047856,0,1,0.19701456015674565,0,1,fold_2
481,sub5,rest1,2,2,0,-1.4189084833191892,0.1948327560030617,0.5,0,-0.7331597805023193,0.32450172305107117,1,4.436516183344914e-06,2.486384411803909,7.7508735975047856,0,1,0.22447062149136154,0,1,fold_2
482,sub5,rest1,3,3,0,-1.2026649515237176,0.23100147573220836,0.5,0,-0.48138296604156494,0.3819256126880646,1,4.436516183344914e-06,2.486384411803909,7.7508735975047856,0,1,0.2440114654543574,0,1,fold_2
483,sub5,rest1,4,4,0,-1.1115736244137784,0.24757763273881453,0.5,0,-0.3359931707382202,0.4167831242084503,1,4.436516183344914e-06,2.486384411803909,7.7508735975047856,0,1,0.25100710596051007,0,1,fold_2
484,sub5,rest1,5,5,0,-1.0802680824920268,0.25345528789204935,0.5,0,-0.2594869136810303,0.43548986315727234,1,4.436516183344914e-06,2.486384411803909,7.7508735975047856,0,1,0.25522123478122016,0,1,fold_2
485,sub5,rest1,6,6,0,-1.088035445755801,0.25198839725066624,0.5,0,-0.29846179485321045,0.4259335398674011,1,4.436516183344914e-06,2.486384411803909,7.7508735975047856,0,1,0.24220514280055175,0,1,fold_2
486,sub5,rest1,7,7,0,-1.0448253178816964,0.2602200192009449,0.5,0,-0.42083096504211426,0.3963179290294647,1,4.436516183344914e-06,2.486384411803909,7.7508735975047856,0,1,0.21637381956231394,0,1,fold_2
487,sub5,rest1,8,8,0,-1.2985626977493705,0.21440701195004402,0.5,0,-0.5542019605636597,0.36489006876945496,1,4.436516183344914e-06,2.486384411803909,7.7508735975047856,0,1,0.19082691560383988,0,1,fold_2
488,sub5,rest1,9,9,0,-1.554103206506919,0.17449442753595293,0.5,0,-0.7937518358230591,0.3113636374473572,1,4.436516183344914e-06,2.486384411803909,7.7508735975047856,0,1,0.18837517542265658,0,1,fold_2
489,sub5,rest1,10,10,0,-1.492283010223548,0.1835793073255227,0.5,0,-0.6446233987808228,0.3442021608352661,1,4.436516183344914e-06,2.486384411803909,7.7508735975047856,0,1,0.19429759725397322,0,1,fold_2
490,sub5,rest1,11,11,0,-1.3427889467730976,0.20705179140649407,0.5,0,-0.6546262502670288,0.3419477641582489,1,4.436516183344914e-06,2.486384411803909,7.7508735975047856,0,1,0.20222161110287665,0,1,fold_2
491,sub5,rest1,12,12,0,-1.4353807000109242,0.19226169302990295,0.5,0,-0.7470489144325256,0.3214646577835083,1,4.436516183344914e-06,2.486384411803909,7.7508735975047856,0,1,0.19486966075538822,0,1,fold_2
492,sub5,rest1,13,13,0,-1.340965368599974,0.20735134887223297,0.5,0,-0.5859123468399048,0.3575733006000519,1,4.436516183344914e-06,2.486384411803909,7.7508735975047856,0,1,0.19642916291418924,0,1,fold_2
493,sub5,rest1,14,14,0,-1.4828592135175587,0.18499594036402875,0.5,0,-0.7507938146591187,0.32064834237098694,1,4.436516183344914e-06,2.486384411803909,7.7508735975047856,0,1,0.21937586399495368,0,1,fold_2
494,sub5,rest1,15,15,0,-1.4055290556734192,0.196940199506306,0.5,0,-0.94364333152771,0.2801649868488312,1,4.436516183344914e-06,2.486384411803909,7.7508735975047856,0,1,0.2872666814265506,0,1,fold_2
495,sub5,rest1,16,16,0,-0.9634326284709567,0.2761914521145263,0.5,0,-0.7303950786590576,0.32510805130004883,1,4.436516183344914e-06,2.486384411803909,7.7508735975047856,0,1,0.34570984507331876,0,1,fold_2
496,sub5,rest1,17,17,1,-0.722150466905333,0.3269196113497128,0.5,0,-0.5246580243110657,0.371763676404953,1,4.436516183344914e-06,2.486384411803909,7.7508735975047856,0,1,,,,fold_2
497,sub5,rest1,18,18,0,-0.45291302178457693,0.38866839265881964,0.5,0,-0.068564772605896,0.48286551237106323,1,4.436516183344914e-06,2.486384411803909,7.7508735975047856,0,1,0.37796899299609815,0,1,fold_2
498,sub5,rest1,19,19,0,-0.5224920649196035,0.3722696904466104,0.5,0,-0.23514926433563232,0.4414820671081543,1,4.436516183344914e-06,2.486384411803909,7.7508735975047856,0,1,0.3365341417847283,0,1,fold_2
499,sub5,rest1,20,20,0,-0.5195011201320416,0.3729688958828644,0.5,0,-0.23233091831207275,0.4421771466732025,1,4.436516183344914e-06,2.486384411803909,7.7508735975047856,0,1,0.2932619093767965,0,1,fold_2
500,sub5,rest1,21,21,0,-1.0234093175439911,0.26436383902470995,0.5,0,-0.6351754665374756,0.3463379144668579,1,4.436516183344914e-06,2.486384411803909,7.7508735975047856,0,1,0.2567963594759182,0,1,fold_2
501,sub5,rest1,22,22,0,-1.1392777414020494,0.24245299322281527,0.5,0,-0.5534375905990601,0.3650672137737274,1,4.436516183344914e-06,2.486384411803909,7.7508735975047856,0,1,0.25026706058079035,0,1,fold_2
502,sub5,rest1,23,23,0,-1.0274836277067814,0.2635722461802295,0.5,0,-0.529297947883606,0.37068063020706177,1,4.436516183344914e-06,2.486384411803909,7.7508735975047856,0,1,0.23659505521919452,0,1,fold_2
503,sub5,rest1,24,24,0,-1.1266711992852079,0.24477594233932615,0.5,0,-0.711244523525238,0.3293239176273346,1,4.436516183344914e-06,2.486384411803909,7.7508735975047856,0,1,0.21816794607409193,0,1,fold_2
504,sub5,rest1,25,25,1,-1.2724746539174092,0.2188339264632661,0.5,0,-0.8714690208435059,0.2949486970901489,1,4.436516183344914e-06,2.486384411803909,7.7508735975047856,0,1,,,,fold_2
505,sub5,rest1,26,26,0,-1.3773373271866165,0.20143697713802786,0.5,0,-0.8635766506195068,0.2965926229953766,1,4.436516183344914e-06,2.486384411803909,7.7508735975047856,0,1,0.21294674200487843,0,1,fold_2
506,sub5,rest1,27,27,0,-1.335258252371022,0.2082909187449218,0.5,0,-0.7037249803543091,0.3309868574142456,1,4.436516183344914e-06,2.486384411803909,7.7508735975047856,0,1,0.22821368392266791,0,1,fold_2
507,sub5,rest1,28,28,0,-1.2133302609952044,0.22911233013168558,0.5,0,-0.7237153649330139,0.326575368642807,1,4.436516183344914e-06,2.486384411803909,7.7508735975047856,0,1,0.23937285150861234,0,1,fold_2
508,sub5,rest1,29,29,0,-1.1133987324198276,0.2472378028913963,0.5,0,-0.6114857196807861,0.3517203629016876,1,4.436516183344914e-06,2.486384411803909,7.7508735975047856,0,1,0.22785560667937874,0,1,fold_2
509,sub5,rest1,30,30,0,-1.1430085194501127,0.24176842150275524,0.5,0,-0.6116470098495483,0.3516835868358612,1,4.436516183344914e-06,2.486384411803909,7.7508735975047856,0,1,0.2024605270969337,0,1,fold_2
510,sub5,rest1,31,31,0,-1.420644312154839,0.1945605956439847,0.5,0,-0.7170113325119019,0.32805144786834717,1,4.436516183344914e-06,2.486384411803909,7.7508735975047856,0,1,0.1790117531972469,0,1,fold_2
511,sub5,rest1,32,32,0,-1.5781858445148114,0.17105256414406114,0.5,0,-0.8541175127029419,0.29856982827186584,1,4.436516183344914e-06,2.486384411803909,7.7508735975047856,0,1,0.20404892512991055,0,1,fold_2
512,sub5,rest1,33,33,0,-1.57558192316737,0.17142209980369486,0.5,0,-0.8778712749481201,0.2936190962791443,1,4.436516183344914e-06,2.486384411803909,7.7508735975047856,0,1,0.2235473336153404,0,1,fold_2
513,sub5,rest1,34,34,1,-1.2764905137116407,0.2181482079267281,0.5,0,-0.7201200723648071,0.32736656069755554,1,4.436516183344914e-06,2.486384411803909,7.7508735975047856,0,1,,,,fold_2
514,sub5,rest1,35,35,0,-0.9962867767595555,0.26967211144197567,0.5,0,-0.5793073773384094,0.35909196734428406,1,4.436516183344914e-06,2.486384411803909,7.7508735975047856,0,1,0.23795726441980034,0,1,fold_2
515,sub5,rest1,36,36,0,-1.2108663873202405,0.22954778960035074,0.5,0,-0.6530399918556213,0.3423048257827759,1,4.436516183344914e-06,2.486384411803909,7.7508735975047856,0,1,0.22025800750683658,0,1,fold_2
516,sub5,rest1,37,37,0,-1.2971094589008296,0.21465189221707456,0.5,0,-0.6775519847869873,0.33680790662765503,1,4.436516183344914e-06,2.486384411803909,7.7508735975047856,0,1,0.238246721854482,0,1,fold_2
517,sub5,rest1,38,38,0,-1.285742310882238,0.21657434070308443,0.5,0,-0.7176392078399658,0.3279130458831787,1,4.436516183344914e-06,2.486384411803909,7.7508735975047856,0,1,0.2590416797068138,0,1,fold_2
518,sub5,rest1,39,39,0,-0.927097534572904,0.283513932643287,0.5,0,-0.6133719086647034,0.35129040479660034,1,4.436516183344914e-06,2.486384411803909,7.7508735975047856,0,1,0.24373779360787842,0,1,fold_2
519,sub5,rest1,40,40,0,-0.9592081433667848,0.27703676577407,0.5,0,-0.5426052212715149,0.3675817549228668,1,4.436516183344914e-06,2.486384411803909,7.7508735975047856,0,1,0.20956089502595518,0,1,fold_2
520,sub5,rest1,41,41,0,-1.5809379785287343,0.17066268240627833,0.5,0,-0.8604122996330261,0.29725322127342224,1,4.436516183344914e-06,2.486384411803909,7.7508735975047856,0,1,0.1917160677776628,0,1,fold_2
521,sub5,rest1,42,42,1,-1.6039541379993532,0.167429694850842,0.5,0,-0.8303642272949219,0.3035680651664734,1,4.436516183344914e-06,2.486384411803909,7.7508735975047856,0,1,,,,fold_2
522,sub5,rest1,43,43,0,-1.509700138261178,0.18098323689751716,0.5,0,-0.7285519242286682,0.325512558221817,1,4.436516183344914e-06,2.486384411803909,7.7508735975047856,0,1,0.21930710943883205,0,1,fold_2
523,sub5,rest1,44,44,0,-1.2453720677716889,0.22350228402919287,0.5,0,-0.6233353018760681,0.3490232527256012,1,4.436516183344914e-06,2.486384411803909,7.7508735975047856,0,1,0.268223445476484,0,1,fold_2
524,sub5,rest1,45,45,0,-1.0803710390450716,0.2534358073897861,0.5,0,-0.49332118034362793,0.37911149859428406,1,4.436516183344914e-06,2.486384411803909,7.7508735975047856,0,1,0.2880327816222873,0,1,fold_2
525,sub5,rest1,46,46,0,-0.7184597572690428,0.3277322450104731,0.5,0,-0.30888867378234863,0.42338600754737854,1,4.436516183344914e-06,2.486384411803909,7.7508735975047856,0,1,0.30595331414593036,0,1,fold_2
526,sub5,rest1,47,47,0,-0.9299725060505571,0.28293029246660273,0.5,0,-0.5246760249137878,0.37175947427749634,1,4.436516183344914e-06,2.486384411803909,7.7508735975047856,0,1,0.30898854453009744,0,1,fold_2
527,sub5,rest1,48,48,0,-0.8132545491233274,0.30719740496071535,0.5,0,-0.401577353477478,0.4009334146976471,1,4.436516183344914e-06,2.486384411803909,7.7508735975047856,0,1,0.3417966987806491,0,1,fold_2
528,sub5,rest1,49,49,0,-0.6774174874031836,0.33683793616297414,0.5,0,-0.17129004001617432,0.4572819173336029,1,4.436516183344914e-06,2.486384411803909,7.7508735975047856,0,1,0.3727691007219267,0,1,fold_2
529,sub5,rest1,50,50,0,-0.48380194022150425,0.3813547552182579,0.5,0,0.035790324211120605,0.5089466571807861,1,4.436516183344914e-06,2.486384411803909,7.7508735975047856,0,1,0.34835764177198003,0,1,fold_2
530,sub5,rest1,51,51,0,-0.4049875859673005,0.4001146107845482,0.5,0,-0.08174121379852295,0.479576051235199,1,4.436516183344914e-06,2.486384411803909,7.7508735975047856,0,1,0.28759691342773813,0,1,fold_2
531,sub5,rest1,52,52,0,-1.0273223107082516,0.2636035593131341,0.5,0,-0.6091733574867249,0.35224780440330505,1,4.436516183344914e-06,2.486384411803909,7.7508735975047856,0,1,0.21172971081622416,0,1,fold_2
532,sub5,rest1,53,53,0,-1.3921009109352778,0.1990725701855322,0.5,0,-0.7954702377319336,0.31099531054496765,1,4.436516183344914e-06,2.486384411803909,7.7508735975047856,0,1,0.1915530363944975,0,1,fold_2
533,sub5,rest1,54,54,0,-1.5679207805421542,0.17251300295000616,0.5,0,-0.8409295082092285,0.3013390600681305,1,4.436516183344914e-06,2.486384411803909,7.7508735975047856,0,1,0.2179854668227427,0,1,fold_2
534,sub5,rest1,55,55,0,-1.367194248487786,0.20307353604795417,0.5,0,-0.8821351528167725,0.2927355170249939,1,4.436516183344914e-06,2.486384411803909,7.7508735975047856,0,1,0.2719355436172559,0,1,fold_2
535,sub5,rest1,56,56,0,-0.9525620677443812,0.27836986147026777,0.5,0,-0.6710234880447388,0.3382677137851715,1,4.436516183344914e-06,2.486384411803909,7.7508735975047856,0,1,0.30574018146140997,0,1,fold_2
536,sub5,rest1,57,57,0,-0.6885161993619368,0.33436323333354573,0.5,0,-0.4560427665710449,0.38792499899864197,1,4.436516183344914e-06,2.486384411803909,7.7508735975047856,0,1,0.3255790473999047,0,1,fold_2
537,sub5,rest1,58,58,0,-0.8260191865603645,0.3044874495804165,0.5,0,-0.34073829650878906,0.41563013195991516,1,4.436516183344914e-06,2.486384411803909,7.7508735975047856,0,1,0.32675345605064005,0,1,fold_2
538,sub5,rest1,59,59,0,-0.6727271331069311,0.33788645928575184,0.5,0,0.07637643814086914,0.5190848112106323,1,4.436516183344914e-06,2.486384411803909,7.7508735975047856,0,1,0.33788645928575184,0,1,fold_2
539,sub5,rest2,0,60,0,1.557573825373223,0.8260049370174336,0.5,1,0.2299717664718628,0.5572408437728882,1,4.436516183344914e-06,2.486384411803909,7.7508735975047856,1,1,0.8105547343983638,1,1,fold_2
540,sub5,rest2,1,61,0,1.3701235323446914,0.797400111344412,0.5,1,0.1298995018005371,0.5324292778968811,1,4.436516183344914e-06,2.486384411803909,7.7508735975047856,1,1,0.7959517892258847,1,1,fold_2
541,sub5,rest2,2,62,0,1.4387380477576839,0.8082591548332456,0.5,1,0.00473332405090332,0.5011833310127258,1,4.436516183344914e-06,2.486384411803909,7.7508735975047856,1,1,0.7662628298200985,1,1,fold_2
542,sub5,rest2,3,63,0,1.2785103685018386,0.7821961014999966,0.5,1,-0.08965110778808594,0.4776022732257843,1,4.436516183344914e-06,2.486384411803909,7.7508735975047856,1,1,0.7226288873755423,1,1,fold_2
543,sub5,rest2,4,64,0,0.8873027099688744,0.7083332331270534,0.5,1,-0.16057729721069336,0.45994168519973755,1,4.436516183344914e-06,2.486384411803909,7.7508735975047856,1,1,0.6124858059720867,1,1,fold_2
544,sub5,rest2,5,65,0,0.7416535101028635,0.6773573274995769,0.5,1,-0.2687636613845825,0.43321067094802856,1,4.436516183344914e-06,2.486384411803909,7.7508735975047856,1,1,0.5274205083980023,1,1,fold_2
545,sub5,rest2,6,66,0,-0.19353439507116885,0.45176685728962973,0.5,0,-0.49019867181777954,0.3798467516899109,1,4.436516183344914e-06,2.486384411803909,7.7508735975047856,1,0,0.4421147598505128,0,0,fold_2
546,sub5,rest2,7,67,0,-0.18800243231074273,0.45313734040480025,0.5,0,-0.5769586563110352,0.3596327006816864,1,4.436516183344914e-06,2.486384411803909,7.7508735975047856,1,0,0.5291843454878428,1,1,fold_2
547,sub5,rest2,8,68,0,-0.3168645034926942,0.42144008185710835,0.5,0,-0.6224210858345032,0.3492310047149658,1,4.436516183344914e-06,2.486384411803909,7.7508735975047856,1,0,0.65610605871869,1,1,fold_2
548,sub5,rest2,9,69,0,0.9098800380599904,0.7129756142016199,0.5,1,-0.12212824821472168,0.46950581669807434,1,4.436516183344914e-06,2.486384411803909,7.7508735975047856,1,1,0.7983528772228916,1,1,fold_2
549,sub5,rest2,10,70,0,1.613541380025811,0.8339024800973418,0.5,1,0.25459587574005127,0.5633074045181274,1,4.436516183344914e-06,2.486384411803909,7.7508735975047856,1,1,0.8338417502681414,1,1,fold_2
550,sub5,rest2,11,71,0,1.7204014419102542,0.8481805373697132,0.5,1,0.5229896306991577,0.6278465986251831,1,4.436516183344914e-06,2.486384411803909,7.7508735975047856,1,1,0.7980431670662839,1,1,fold_2
551,sub5,rest2,12,72,0,1.5125731420838742,0.8194422333373695,0.5,1,0.6999534368515015,0.6681774854660034,1,4.436516183344914e-06,2.486384411803909,7.7508735975047856,1,1,0.6890228656169937,1,1,fold_2
552,sub5,rest2,13,73,0,0.9769707344226995,0.726506730491769,0.5,1,0.19213664531707764,0.5478869080543518,1,4.436516183344914e-06,2.486384411803909,7.7508735975047856,1,1,0.5074171842031548,1,1,fold_2
553,sub5,rest2,14,74,0,0.0845288268871929,0.5211196330218424,0.5,1,-0.13727867603302002,0.4657341539859772,1,4.436516183344914e-06,2.486384411803909,7.7508735975047856,1,1,0.36439726115371823,0,0,fold_2
554,sub5,rest2,15,75,0,-0.9712812825589419,0.2746251890958534,0.5,0,-0.5288513898849487,0.37078481912612915,1,4.436516183344914e-06,2.486384411803909,7.7508735975047856,1,0,0.34099509660766963,0,0,fold_2
555,sub5,rest2,16,76,0,-0.859484970331647,0.2974469613434589,0.5,0,-0.4636112451553345,0.3861294984817505,1,4.436516183344914e-06,2.486384411803909,7.7508735975047856,1,0,0.48372833820863087,0,0,fold_2
556,sub5,rest2,17,77,0,-0.19698191970132653,0.4509131393836966,0.5,0,-0.43214672803878784,0.3936138153076172,1,4.436516183344914e-06,2.486384411803909,7.7508735975047856,1,0,0.6270940757222437,1,1,fold_2
557,sub5,rest2,18,78,0,0.860786324571421,0.7028249138987372,0.5,1,-0.05901932716369629,0.48524942994117737,1,4.436516183344914e-06,2.486384411803909,7.7508735975047856,1,1,0.7329730893335654,1,1,fold_2
558,sub5,rest2,19,79,0,0.9821982223528501,0.7275441738842976,0.5,1,0.16217613220214844,0.5404554009437561,1,4.436516183344914e-06,2.486384411803909,7.7508735975047856,1,1,0.7527739288470693,1,1,fold_2
559,sub5,rest2,20,80,0,1.200142768330614,0.7685501802176613,0.5,1,-0.06941008567810059,0.4826544523239136,1,4.436516183344914e-06,2.486384411803909,7.7508735975047856,1,1,0.7858369755852709,1,1,fold_2
560,sub5,rest2,21,81,0,1.1649303606101233,0.7622274324392486,0.5,1,-0.11185276508331299,0.4720659554004669,1,4.436516183344914e-06,2.486384411803909,7.7508735975047856,1,1,0.8079640199484937,1,1,fold_2
561,sub5,rest2,22,82,0,1.562650224585142,0.8267333140989026,0.5,1,0.2307194471359253,0.557425320148468,1,4.436516183344914e-06,2.486384411803909,7.7508735975047856,1,1,0.8293547880853415,1,1,fold_2
562,sub5,rest2,23,83,0,1.6209877916904407,0.83493131330733,0.5,1,0.22930145263671875,0.5570755004882812,1,4.436516183344914e-06,2.486384411803909,7.7508735975047856,1,1,0.7999188508084378,1,1,fold_2
563,sub5,rest2,24,84,0,1.5603232813084813,0.8263997368497921,0.5,1,0.3585054874420166,0.5886785984039307,1,4.436516183344914e-06,2.486384411803909,7.7508735975047856,1,1,0.7688939835763425,1,1,fold_2
564,sub5,rest2,25,85,0,1.0378010906955324,0.7384255022681915,0.5,1,-0.1678386926651001,0.45813852548599243,1,4.436516183344914e-06,2.486384411803909,7.7508735975047856,1,1,0.729646616647151,1,1,fold_2
565,sub5,rest2,26,86,0,1.0556413013757011,0.7418567116110443,0.5,1,-0.12043237686157227,0.46992823481559753,1,4.436516183344914e-06,2.486384411803909,7.7508735975047856,1,1,0.7010084060912299,1,1,fold_2
566,sub5,rest2,27,87,0,0.8888734430555821,0.7086576360622175,0.5,1,-0.1546630859375,0.46141111850738525,1,4.436516183344914e-06,2.486384411803909,7.7508735975047856,1,1,0.6730093705435124,1,1,fold_2
567,sub5,rest2,28,88,0,0.6300944167699458,0.652510870600428,0.5,1,-0.206742525100708,0.4484976828098297,1,4.436516183344914e-06,2.486384411803909,7.7508735975047856,1,1,0.6102188320646721,1,1,fold_2
568,sub5,rest2,29,89,0,0.6537703776338095,0.6578596049678918,0.5,1,-0.3019479513168335,0.425081342458725,1,4.436516183344914e-06,2.486384411803909,7.7508735975047856,1,1,0.6244825906104711,1,1,fold_2
569,sub5,rest2,30,90,0,0.08118865003034612,0.5202860206256968,0.5,1,-0.5466039776802063,0.3666526675224304,1,4.436516183344914e-06,2.486384411803909,7.7508735975047856,1,1,0.5617222600445455,1,1,fold_2
570,sub5,rest2,31,91,0,0.8250258516865356,0.6953021462378246,0.5,1,-0.06943643093109131,0.4826478660106659,1,4.436516183344914e-06,2.486384411803909,7.7508735975047856,1,1,0.5185742841756279,1,1,fold_2
571,sub5,rest2,32,92,0,-0.12183603491100284,0.46957861327011485,0.5,0,-0.4589143395423889,0.3872434198856354,1,4.436516183344914e-06,2.486384411803909,7.7508735975047856,1,0,0.37572966102731137,0,0,fold_2
572,sub5,rest2,33,93,0,-0.44377389882476437,0.3908420930189442,0.5,0,-0.4720979332923889,0.38411980867385864,1,4.436516183344914e-06,2.486384411803909,7.7508735975047856,1,0,0.33581244195269716,0,0,fold_2
573,sub5,rest2,34,94,0,-1.011081377418498,0.2667682767928752,0.5,0,-0.6949692964553833,0.33292853832244873,1,4.436516183344914e-06,2.486384411803909,7.7508735975047856,1,0,0.354667880398714,0,0,fold_2
574,sub5,rest2,35,95,0,-0.6197999280007811,0.349826956046272,0.5,0,-0.43417876958847046,0.3931289315223694,1,4.436516183344914e-06,2.486384411803909,7.7508735975047856,1,0,0.4426230773892889,0,0,fold_2
575,sub5,rest2,36,96,0,-0.21114735367815113,0.4474084083569948,0.5,0,-0.5823347568511963,0.3583955764770508,1,4.436516183344914e-06,2.486384411803909,7.7508735975047856,1,0,0.5241881021473498,1,1,fold_2
576,sub5,rest2,37,97,0,0.12268913921743885,0.5306338677645999,0.5,1,-0.3671875,0.40922078490257263,1,4.436516183344914e-06,2.486384411803909,7.7508735975047856,1,1,0.5583856636696144,1,1,fold_2
577,sub5,rest2,38,98,0,0.3826912290339533,0.5945220303204547,0.5,1,0.032518863677978516,0.5081290006637573,1,4.436516183344914e-06,2.486384411803909,7.7508735975047856,1,1,0.6013318444151622,1,1,fold_2
578,sub5,rest2,39,99,0,0.20067511131681687,0.5500010929237884,0.5,1,-0.06834077835083008,0.48292142152786255,1,4.436516183344914e-06,2.486384411803909,7.7508735975047856,1,1,0.6477748469642051,1,1,fold_2
579,sub5,rest2,40,100,0,0.6609439863574039,0.6594724100012435,0.5,1,-0.046924710273742676,0.48827093839645386,1,4.436516183344914e-06,2.486384411803909,7.7508735975047856,1,1,0.7257562321088548,1,1,fold_2
580,sub5,rest2,41,101,0,1.014249902793428,0.7338510379675832,0.5,1,0.07928621768951416,0.51981121301651,1,4.436516183344914e-06,2.486384411803909,7.7508735975047856,1,1,0.7633296273534128,1,1,fold_2
581,sub5,rest2,42,102,0,1.2888073262444748,0.7839452483577376,0.5,1,0.2615929841995239,0.5650278329849243,1,4.436516183344914e-06,2.486384411803909,7.7508735975047856,1,1,0.7210101919625981,1,1,fold_2
582,sub5,rest2,43,103,0,1.2207334414078657,0.7721925957349176,0.5,1,0.11990773677825928,0.5299410820007324,1,4.436516183344914e-06,2.486384411803909,7.7508735975047856,1,1,0.5516415117766127,1,1,fold_2
583,sub5,rest2,44,104,0,0.4342695351066265,0.6068927317951389,0.5,1,-0.3412889242172241,0.4154964089393616,1,4.436516183344914e-06,2.486384411803909,7.7508735975047856,1,1,0.35979777931045276,0,0,fold_2
584,sub5,rest2,45,105,0,-0.9651953408863564,0.27583920779978155,0.5,0,-0.6590085625648499,0.34096235036849976,1,4.436516183344914e-06,2.486384411803909,7.7508735975047856,1,0,0.2307625636579387,0,0,fold_2
585,sub5,rest2,46,106,0,-1.4072928361294692,0.19666139833643778,0.5,0,-0.6953506469726562,0.3328438699245453,1,4.436516183344914e-06,2.486384411803909,7.7508735975047856,1,0,0.2573562861188879,0,0,fold_2
586,sub5,rest2,47,107,0,-1.2669075690490261,0.21978708483759682,0.5,0,-0.7456741333007812,0.32176461815834045,1,4.436516183344914e-06,2.486384411803909,7.7508735975047856,1,0,0.37262708254460825,0,0,fold_2
587,sub5,rest2,48,108,0,-0.5944242319224534,0.3556203751826292,0.5,0,-0.515326738357544,0.3739456236362457,1,4.436516183344914e-06,2.486384411803909,7.7508735975047856,1,0,0.49879587807281656,0,0,fold_2
588,sub5,rest2,49,109,0,0.17030558857636804,0.5424737876135985,0.5,1,-0.1966487169265747,0.45099568367004395,1,4.436516183344914e-06,2.486384411803909,7.7508735975047856,1,1,0.5380328372206399,1,1,fold_2
589,sub5,rest2,50,110,0,0.39835959485146133,0.5982934714222219,0.5,1,-0.06958508491516113,0.4826107621192932,1,4.436516183344914e-06,2.486384411803909,7.7508735975047856,1,1,0.458845216103851,0,0,fold_2
590,sub5,rest2,51,111,0,-0.10677632199785607,0.4733312526260991,0.5,0,-0.4088791608810425,0.39918091893196106,1,4.436516183344914e-06,2.486384411803909,7.7508735975047856,1,0,0.3381147635437369,0,0,fold_2
591,sub5,rest2,52,112,0,-0.8240203215238096,0.3049109242632321,0.5,0,-0.48194241523742676,0.3817935585975647,1,4.436516183344914e-06,2.486384411803909,7.7508735975047856,1,0,0.333731987847702,0,0,fold_2
592,sub5,rest2,53,113,0,-1.1741697267122102,0.23610211374187934,0.5,0,-0.6758624315261841,0.33718541264533997,1,4.436516183344914e-06,2.486384411803909,7.7508735975047856,1,0,0.3689090154215274,0,0,fold_2
593,sub5,rest2,54,114,0,-0.15960625652423954,0.4601829255379946,0.5,0,-0.43429452180862427,0.3931013345718384,1,4.436516183344914e-06,2.486384411803909,7.7508735975047856,1,0,0.4332626857560762,0,0,fold_2
594,sub5,rest2,55,115,0,-0.3621384469359571,0.41044200698470823,0.5,0,-0.5011404156684875,0.37727269530296326,1,4.436516183344914e-06,2.486384411803909,7.7508735975047856,1,0,0.4221491687798664,0,0,fold_2
595,sub5,rest2,56,116,0,-0.285266395458787,0.4291631247455256,0.5,0,-0.36216819286346436,0.4104348123073578,1,4.436516183344914e-06,2.486384411803909,7.7508735975047856,1,0,0.4977169977058625,0,0,fold_2
596,sub5,rest2,57,117,0,-0.29474596786323276,0.4268423746093654,0.5,0,-0.3584325313568115,0.41133904457092285,1,4.436516183344914e-06,2.486384411803909,7.7508735975047856,1,0,0.593676812671823,1,1,fold_2
597,sub5,rest2,58,118,0,0.5629960894870852,0.6371454937626965,0.5,1,-0.10617339611053467,0.47348153591156006,1,4.436516183344914e-06,2.486384411803909,7.7508735975047856,1,1,0.6904102110165038,1,1,fold_2
598,sub5,rest2,59,119,0,0.9298387471644025,0.7170425696434074,0.5,1,0.350078821182251,0.5866367220878601,1,4.436516183344914e-06,2.486384411803909,7.7508735975047856,1,1,0.7170425696434074,1,1,fold_2
1439,sub13,rest1,0,0,0,0.37432713610676266,0.5925041518066156,0.5,1,-0.6144856810569763,0.3510366380214691,1,6.356917821520224e-06,3.1414496766388873,7.77369632860041,0,0,0.45779928146436993,0,1,fold_2
1440,sub13,rest1,1,1,0,-0.35943386455015525,0.41109661827435007,0.5,0,-0.6238186359405518,0.3489134609699249,1,6.356917821520224e-06,3.1414496766388873,7.77369632860041,0,1,0.3172646406000869,0,1,fold_2
1441,sub13,rest1,2,2,0,-0.5330874644068294,0.36979707431214426,0.5,0,-0.6858748197555542,0.33495137095451355,1,6.356917821520224e-06,3.1414496766388873,7.77369632860041,0,1,0.23347598432272654,0,1,fold_2
1442,sub13,rest1,3,3,0,-1.579260567324829,0.17090022921376632,0.5,0,-0.8262099623680115,0.3044470548629761,1,6.356917821520224e-06,3.1414496766388873,7.77369632860041,0,1,0.17633691961496697,0,1,fold_2
1443,sub13,rest1,4,4,0,-1.6602335401953199,0.15973064944226906,0.5,0,-0.916877031326294,0.285594642162323,1,6.356917821520224e-06,3.1414496766388873,7.77369632860041,0,1,0.20279791935827982,0,1,fold_2
1444,sub13,rest1,5,5,0,-1.3964510502103826,0.1983798801888656,0.5,0,-0.7726496458053589,0.31590619683265686,1,6.356917821520224e-06,3.1414496766388873,7.77369632860041,0,1,0.23585558724914546,0,1,fold_2
1445,sub13,rest1,6,6,0,-1.0971023069077193,0.25028322844370476,0.5,0,-0.7018483877182007,0.3314025402069092,1,6.356917821520224e-06,3.1414496766388873,7.77369632860041,0,1,0.2656816926289772,0,1,fold_2
1446,sub13,rest1,7,7,0,-1.051674642834335,0.258903653114866,0.5,0,-0.6061632633209229,0.35293492674827576,1,6.356917821520224e-06,3.1414496766388873,7.77369632860041,0,1,0.2775481046014632,0,1,fold_2
1447,sub13,rest1,8,8,0,-0.9058090690216579,0.2878581963283609,0.5,0,-0.5585501790046692,0.36388301849365234,1,6.356917821520224e-06,3.1414496766388873,7.77369632860041,0,1,0.3238126802344219,0,1,fold_2
1448,sub13,rest1,9,9,0,-0.9154668019536291,0.2858824643611626,0.5,0,-0.5785045623779297,0.35927677154541016,1,6.356917821520224e-06,3.1414496766388873,7.77369632860041,0,1,0.4513109401097614,0,1,fold_2
1449,sub13,rest1,10,10,0,-0.41506864566290896,0.3976973800137423,0.5,0,-0.5134033560752869,0.37439602613449097,1,6.356917821520224e-06,3.1414496766388873,7.77369632860041,0,1,0.5815861868973617,1,0,fold_2
1450,sub13,rest1,11,11,0,0.70978194554134,0.6703529759543794,0.5,1,-0.5045755505561829,0.3764660060405731,1,6.356917821520224e-06,3.1414496766388873,7.77369632860041,0,0,0.6537228715222938,1,0,fold_2
1451,sub13,rest1,12,12,0,0.7386848614171074,0.6767082047239636,0.5,1,-0.5779587030410767,0.3594024181365967,1,6.356917821520224e-06,3.1414496766388873,7.77369632860041,0,0,0.5390171959697613,1,0,fold_2
1452,sub13,rest1,13,13,0,0.4646108820120403,0.6141074338885384,0.5,1,-0.663149893283844,0.3400323987007141,1,6.356917821520224e-06,3.1414496766388873,7.77369632860041,0,0,0.41051615305800765,0,1,fold_2
1453,sub13,rest1,14,14,0,-0.7252590860618517,0.32623594929678185,0.5,0,-0.6685954332351685,0.3388114273548126,1,6.356917821520224e-06,3.1414496766388873,7.77369632860041,0,1,0.30175100102606506,0,1,fold_2
1454,sub13,rest1,15,15,0,-0.8895384904311252,0.29120507598870266,0.5,0,-0.6097263097763062,0.35212165117263794,1,6.356917821520224e-06,3.1414496766388873,7.77369632860041,0,1,0.2873592682255699,0,1,fold_2
1455,sub13,rest1,16,16,0,-0.9060345406368697,0.2878119777927106,0.5,0,-0.6680148839950562,0.3389414846897125,1,6.356917821520224e-06,3.1414496766388873,7.77369632860041,0,1,0.33252937560724555,0,1,fold_2
1456,sub13,rest1,17,17,1,-1.6424832267415121,0.16212745265565995,0.5,0,-0.877345085144043,0.2937282621860504,1,6.356917821520224e-06,3.1414496766388873,7.77369632860041,0,1,,,,fold_2
1457,sub13,rest1,18,18,0,-0.9293295656477312,0.2830607508952964,0.5,0,-0.8654080629348755,0.2962106764316559,1,6.356917821520224e-06,3.1414496766388873,7.77369632860041,0,1,0.42754632999960007,0,1,fold_2
1458,sub13,rest1,19,19,0,-0.295265004682567,0.4267153981337296,0.5,0,-0.753668487071991,0.32002246379852295,1,6.356917821520224e-06,3.1414496766388873,7.77369632860041,0,1,0.5447740217904443,1,0,fold_2
1459,sub13,rest1,20,20,0,0.29354114084843863,0.5728628409697741,0.5,1,-0.43222635984420776,0.3935948312282562,1,6.356917821520224e-06,3.1414496766388873,7.77369632860041,0,0,0.6208874577730068,1,0,fold_2
1460,sub13,rest1,21,21,0,0.5526225410499479,0.634743826267829,0.5,1,-0.32254981994628906,0.42005443572998047,1,6.356917821520224e-06,3.1414496766388873,7.77369632860041,0,0,0.6251037228979354,1,0,fold_2
1461,sub13,rest1,22,22,0,0.641337342379951,0.6550557060814174,0.5,1,-0.38199102878570557,0.40564677119255066,1,6.356917821520224e-06,3.1414496766388873,7.77369632860041,0,0,0.5302375517520447,1,0,fold_2
1462,sub13,rest1,23,23,0,0.34544115606740156,0.5855116363445598,0.5,1,-0.44896823167800903,0.3896061182022095,1,6.356917821520224e-06,3.1414496766388873,7.77369632860041,0,0,0.41881058537890264,0,1,fold_2
1463,sub13,rest1,24,24,0,-0.6184005318615556,0.3501453128301569,0.5,0,-0.6903910040855408,0.3339460790157318,1,6.356917821520224e-06,3.1414496766388873,7.77369632860041,0,1,0.4015070270913026,0,1,fold_2
1464,sub13,rest1,25,25,1,-1.3592727645433789,0.20435852252265838,0.5,0,-0.7351158261299133,0.32407310605049133,1,6.356917821520224e-06,3.1414496766388873,7.77369632860041,0,1,,,,fold_2
1465,sub13,rest1,26,26,0,-0.7502133855378788,0.32077480696199145,0.5,0,-0.800452470779419,0.3099287450313568,1,6.356917821520224e-06,3.1414496766388873,7.77369632860041,0,1,0.5387405959048871,1,0,fold_2
1466,sub13,rest1,27,27,0,0.13460672293904635,0.5336009614817594,0.5,1,-0.6757473945617676,0.33721110224723816,1,6.356917821520224e-06,3.1414496766388873,7.77369632860041,0,0,0.6569437557353681,1,0,fold_2
1467,sub13,rest1,28,28,0,1.1628270184943825,0.7618460192709104,0.5,1,-0.328816294670105,0.41852867603302,1,6.356917821520224e-06,3.1414496766388873,7.77369632860041,0,0,0.6659437912232443,1,0,fold_2
1468,sub13,rest1,29,29,0,0.7326397792764489,0.6753842864534346,0.5,1,-0.5122814774513245,0.37465885281562805,1,6.356917821520224e-06,3.1414496766388873,7.77369632860041,0,0,0.5470770777802457,1,0,fold_2
1469,sub13,rest1,30,30,0,0.2436018142484544,0.5606010679453882,0.5,1,-0.5116395354270935,0.37480929493904114,1,6.356917821520224e-06,3.1414496766388873,7.77369632860041,0,0,0.42875315595491,0,1,fold_2
1470,sub13,rest1,31,31,0,-0.38365408682918983,0.4052458789419143,0.5,0,-0.5637085437774658,0.3626898229122162,1,6.356917821520224e-06,3.1414496766388873,7.77369632860041,0,1,0.31971808516898487,0,1,fold_2
1471,sub13,rest1,32,32,0,-0.7518766719521968,0.32041252097742745,0.5,0,-0.79277104139328,0.31157398223876953,1,6.356917821520224e-06,3.1414496766388873,7.77369632860041,0,1,0.2875823044425286,0,1,fold_2
1472,sub13,rest1,33,33,0,-1.1886757773659757,0.2334958555876129,0.5,0,-0.9690356254577637,0.27507275342941284,1,6.356917821520224e-06,3.1414496766388873,7.77369632860041,0,1,0.2942293441199234,0,1,fold_2
1473,sub13,rest1,34,34,1,-0.9030862737392013,0.28841668032141277,0.5,0,-0.8004540801048279,0.30992838740348816,1,6.356917821520224e-06,3.1414496766388873,7.77369632860041,0,1,,,,fold_2
1474,sub13,rest1,35,35,0,-0.8055548569376891,0.30883853676254536,0.5,0,-0.8920084238052368,0.29069554805755615,1,6.356917821520224e-06,3.1414496766388873,7.77369632860041,0,1,0.2979308437893094,0,1,fold_2
1475,sub13,rest1,36,36,0,-0.6617186784842842,0.340353640009612,0.5,0,-0.8858604431152344,0.2919647991657257,1,6.356917821520224e-06,3.1414496766388873,7.77369632860041,0,1,0.2553893388503223,0,1,fold_2
1476,sub13,rest1,37,37,0,-1.1276212679151212,0.24460035459577076,0.5,0,-0.9969933032989502,0.2695330083370209,1,6.356917821520224e-06,3.1414496766388873,7.77369632860041,0,1,0.2024209350084892,0,1,fold_2
1477,sub13,rest1,38,38,0,-1.5081439542253356,0.18121402194558398,0.5,0,-1.0253145694732666,0.263993501663208,1,6.356917821520224e-06,3.1414496766388873,7.77369632860041,0,1,0.2326585588396796,0,1,fold_2
1478,sub13,rest1,39,39,0,-1.5065649294302814,0.18144842848411286,0.5,0,-0.9173312187194824,0.28550195693969727,1,6.356917821520224e-06,3.1414496766388873,7.77369632860041,0,1,0.2742154622589663,0,1,fold_2
1479,sub13,rest1,40,40,0,-0.6842508147833807,0.33531322608934194,0.5,0,-0.7896703481674194,0.3122394382953644,1,6.356917821520224e-06,3.1414496766388873,7.77369632860041,0,1,0.29219932508787316,0,1,fold_2
1480,sub13,rest1,41,41,0,-0.8194296998004758,0.30588473220344414,0.5,0,-0.9249733686447144,0.28394562005996704,1,6.356917821520224e-06,3.1414496766388873,7.77369632860041,0,1,0.28059146700851545,0,1,fold_2
1481,sub13,rest1,42,42,1,-0.8409650661993905,0.301331568839591,0.5,0,-0.8928455710411072,0.290522962808609,1,6.356917821520224e-06,3.1414496766388873,7.77369632860041,0,1,,,,fold_2
1482,sub13,rest1,43,43,0,-1.1780665321468369,0.2354000169708334,0.5,0,-0.8051439523696899,0.3089262545108795,1,6.356917821520224e-06,3.1414496766388873,7.77369632860041,0,1,0.31240192499749414,0,1,fold_2
1483,sub13,rest1,44,44,0,-0.8449672706853418,0.3004896518512687,0.5,0,-0.8035556674003601,0.30926546454429626,1,6.356917821520224e-06,3.1414496766388873,7.77369632860041,0,1,0.3422474408583682,0,1,fold_2
1484,sub13,rest1,45,45,0,-0.39998432420995683,0.40131610617038027,0.5,0,-0.6904554963111877,0.3339317739009857,1,6.356917821520224e-06,3.1414496766388873,7.77369632860041,0,1,0.3399977304726933,0,1,fold_2
1485,sub13,rest1,46,46,0,-0.7311766876070521,0.3249365645534556,0.5,0,-0.6746165156364441,0.3374638855457306,1,6.356917821520224e-06,3.1414496766388873,7.77369632860041,0,1,0.29951520387781444,0,1,fold_2
1486,sub13,rest1,47,47,0,-0.8772859094357844,0.29374052069424417,0.5,0,-0.6971588730812073,0.33244243264198303,1,6.356917821520224e-06,3.1414496766388873,7.77369632860041,0,1,0.3211357867399849,0,1,fold_2
1487,sub13,rest1,48,48,0,-0.945113853307933,0.2798685263857436,0.5,0,-0.7178136110305786,0.32787463068962097,1,6.356917821520224e-06,3.1414496766388873,7.77369632860041,0,1,0.30569490115019077,0,1,fold_2
1488,sub13,rest1,49,49,0,-0.4481600771539624,0.3897983131399669,0.5,0,-0.5859271287918091,0.3575698733329773,1,6.356917821520224e-06,3.1414496766388873,7.77369632860041,0,1,0.27206097873297397,0,1,fold_2
1489,sub13,rest1,50,50,0,-1.1124314775967126,0.24741786392486173,0.5,0,-0.6707731485366821,0.338323712348938,1,6.356917821520224e-06,3.1414496766388873,7.77369632860041,0,1,0.1896091182362921,0,1,fold_2
1490,sub13,rest1,51,51,0,-1.5233635114639188,0.1789667591340933,0.5,0,-0.8941636085510254,0.29025137424468994,1,6.356917821520224e-06,3.1414496766388873,7.77369632860041,0,1,0.172507382173094,0,1,fold_2
1491,sub13,rest1,52,52,0,-1.7951479262843861,0.14244273164992124,0.5,0,-0.91975998878479,0.2850067913532257,1,6.356917821520224e-06,3.1414496766388873,7.77369632860041,0,1,0.23621581368719444,0,1,fold_2
1492,sub13,rest1,53,53,0,-1.4107698720170108,0.1961126557352674,0.5,0,-0.8602274060249329,0.2972918450832367,1,6.356917821520224e-06,3.1414496766388873,7.77369632860041,0,1,0.4264247267952981,0,1,fold_2
1493,sub13,rest1,54,54,0,-0.5318219233485687,0.3700920536763946,0.5,0,-0.8355824947357178,0.3024659752845764,1,6.356917821520224e-06,3.1414496766388873,7.77369632860041,0,1,0.6083856806437274,1,0,fold_2
1494,sub13,rest1,55,55,0,0.9103387230993959,0.7130694709742321,0.5,1,-0.4295217990875244,0.39424052834510803,1,6.356917821520224e-06,3.1414496766388873,7.77369632860041,0,0,0.7286936235644643,1,0,fold_2
1495,sub13,rest1,56,56,0,1.0563662420960185,0.7419955172805555,0.5,1,-0.22424566745758057,0.44417229294776917,1,6.356917821520224e-06,3.1414496766388873,7.77369632860041,0,0,0.7242164628165336,1,0,fold_2
1496,sub13,rest1,57,57,0,0.9997828511798829,0.7310158824386055,0.5,1,-0.0631335973739624,0.48422184586524963,1,6.356917821520224e-06,3.1414496766388873,7.77369632860041,0,0,0.7228325922231488,1,0,fold_2
1497,sub13,rest1,58,58,0,0.8455745909083785,0.6996379887304398,0.5,1,0.022172093391418457,0.5055428147315979,1,6.356917821520224e-06,3.1414496766388873,7.77369632860041,0,0,0.725108599910414,1,0,fold_2
1498,sub13,rest1,59,59,0,1.0347921851798298,0.737843905500401,0.5,1,0.1698969602584839,0.5423724055290222,1,6.356917821520224e-06,3.1414496766388873,7.77369632860041,0,0,0.737843905500401,1,0,fold_2
1499,sub13,rest2,0,60,0,1.6289750082490853,0.8360291767965268,0.5,1,-0.3516603708267212,0.4129798114299774,1,6.356917821520224e-06,3.1414496766388873,7.77369632860041,1,1,0.8316041954103511,1,1,fold_2
1500,sub13,rest2,1,61,0,1.7280879443093728,0.8491676839413094,0.5,1,-0.2956181764602661,0.4266290068626404,1,6.356917821520224e-06,3.1414496766388873,7.77369632860041,1,1,0.7942736890312277,1,1,fold_2
1501,sub13,rest2,2,62,0,1.4475151950554859,0.8096157254932177,0.5,1,-0.42339277267456055,0.3957051932811737,1,6.356917821520224e-06,3.1414496766388873,7.77369632860041,1,1,0.7597806687379273,1,1,fold_2
1502,sub13,rest2,3,63,0,0.9645789887602327,0.7240376576591564,0.5,1,-0.5516866445541382,0.3654731810092926,1,6.356917821520224e-06,3.1414496766388873,7.77369632860041,1,1,0.7644747744466108,1,1,fold_2
1503,sub13,rest2,4,64,0,1.07574870802632,0.7456886230614077,0.5,1,-0.596470296382904,0.3551516532897949,1,6.356917821520224e-06,3.1414496766388873,7.77369632860041,1,1,0.7900390202989619,1,1,fold_2
1504,sub13,rest2,5,65,0,1.5416058177183498,0.8236980426192684,0.5,1,-0.5026696920394897,0.37691348791122437,1,6.356917821520224e-06,3.1414496766388873,7.77369632860041,1,1,0.7409285367218215,1,1,fold_2
1505,sub13,rest2,6,66,0,1.3908655994402932,0.8007303952162096,0.5,1,-0.5062426924705505,0.3760747015476227,1,6.356917821520224e-06,3.1414496766388873,7.77369632860041,1,1,0.6991233111096898,1,1,fold_2
1506,sub13,rest2,7,67,0,0.39862464849860685,0.5983571723299863,0.5,1,-0.6543691158294678,0.3420056402683258,1,6.356917821520224e-06,3.1414496766388873,7.77369632860041,1,1,0.689357592100145,1,1,fold_2
1507,sub13,rest2,8,68,0,0.8391319624987202,0.6982823657828736,0.5,1,-0.5510241985321045,0.36562681198120117,1,6.356917821520224e-06,3.1414496766388873,7.77369632860041,1,1,0.7611094213414002,1,1,fold_2
1508,sub13,rest2,9,69,0,1.2164217910876785,0.7714332381875749,0.5,1,-0.4082270860671997,0.3993372917175293,1,6.356917821520224e-06,3.1414496766388873,7.77369632860041,1,1,0.7885812095294424,1,1,fold_2
1509,sub13,rest2,10,70,0,1.4736574239497255,0.813612660053752,0.5,1,-0.3787999153137207,0.4064163863658905,1,6.356917821520224e-06,3.1414496766388873,7.77369632860041,1,1,0.7798928611625054,1,1,fold_2
1510,sub13,rest2,11,71,0,1.2697370410143394,0.7806977303470002,0.5,1,-0.4695567488670349,0.38472115993499756,1,6.356917821520224e-06,3.1414496766388873,7.77369632860041,1,1,0.7352444924085612,1,1,fold_2
1511,sub13,rest2,12,72,0,1.0740597079216148,0.7453681930867642,0.5,1,-0.47731006145477295,0.3828875422477722,1,6.356917821520224e-06,3.1414496766388873,7.77369632860041,1,1,0.6849200793393319,1,1,fold_2
1512,sub13,rest2,13,73,0,0.7522444362245683,0.6796675537919191,0.5,1,-0.5777438282966614,0.35945188999176025,1,6.356917821520224e-06,3.1414496766388873,7.77369632860041,1,1,0.6755213090889409,1,1,fold_2
1513,sub13,rest2,14,74,0,0.5310350609934903,0.6297244911393122,0.5,1,-0.6496239304542542,0.3430742919445038,1,6.356917821520224e-06,3.1414496766388873,7.77369632860041,1,1,0.7166221503956073,1,1,fold_2
1514,sub13,rest2,15,75,0,0.9304761811374496,0.7171718823355917,0.5,1,-0.5210220813751221,0.37261325120925903,1,6.356917821520224e-06,3.1414496766388873,7.77369632860041,1,1,0.7726471420287186,1,1,fold_2
1515,sub13,rest2,16,76,0,1.404961843137963,0.8029700777119179,0.5,1,-0.43554723262786865,0.39280247688293457,1,6.356917821520224e-06,3.1414496766388873,7.77369632860041,1,1,0.704712151233602,1,1,fold_2
1516,sub13,rest2,17,77,0,1.372597322837527,0.7977994660386464,0.5,1,-0.4946398138999939,0.378801167011261,1,6.356917821520224e-06,3.1414496766388873,7.77369632860041,1,1,0.6195604546859288,1,1,fold_2
1517,sub13,rest2,18,78,0,0.05348038298876782,0.5133669099502419,0.5,1,-0.6327269077301025,0.34689247608184814,1,6.356917821520224e-06,3.1414496766388873,7.77369632860041,1,1,0.5481553349075695,1,1,fold_2
1518,sub13,rest2,19,79,0,0.19063519699704748,0.5475149880688981,0.5,1,-0.45279616117477417,0.38869616389274597,1,6.356917821520224e-06,3.1414496766388873,7.77369632860041,1,1,0.6309768128021359,1,1,fold_2
1519,sub13,rest2,20,80,0,0.3375040787246433,0.5835841067035682,0.5,1,-0.48183953762054443,0.3818178176879883,1,6.356917821520224e-06,3.1414496766388873,7.77369632860041,1,1,0.6857762700965884,1,1,fold_2
1520,sub13,rest2,21,81,0,1.1627461344768864,0.7618313436339417,0.5,1,-0.3711240291595459,0.408269464969635,1,6.356917821520224e-06,3.1414496766388873,7.77369632860041,1,1,0.7154198153420799,1,1,fold_2
1521,sub13,rest2,22,82,0,0.9046949501536485,0.7119133599522554,0.5,1,-0.5674102306365967,0.3618346154689789,1,6.356917821520224e-06,3.1414496766388873,7.77369632860041,1,1,0.6636614053974784,1,1,fold_2
1522,sub13,rest2,23,83,0,0.7195809941016469,0.6725147424400428,0.5,1,-0.7068229913711548,0.3303012251853943,1,6.356917821520224e-06,3.1414496766388873,7.77369632860041,1,1,0.6653499679478231,1,1,fold_2
1523,sub13,rest2,24,84,0,0.43285878888745094,0.6065561138001369,0.5,1,-0.7055844664573669,0.33057525753974915,1,6.356917821520224e-06,3.1414496766388873,7.77369632860041,1,1,0.7115302315508188,1,1,fold_2
1524,sub13,rest2,25,85,0,0.9295256862218806,0.7169790476032898,0.5,1,-0.531181812286377,0.37024128437042236,1,6.356917821520224e-06,3.1414496766388873,7.77369632860041,1,1,0.7791744817730657,1,1,fold_2
1525,sub13,rest2,26,86,0,1.4568833816310642,0.81105553324903,0.5,1,-0.4192206859588623,0.39670324325561523,1,6.356917821520224e-06,3.1414496766388873,7.77369632860041,1,1,0.811271559651395,1,1,fold_2
1526,sub13,rest2,27,87,0,1.4466923698594323,0.8094888644668771,0.5,1,-0.4096182584762573,0.39900365471839905,1,6.356917821520224e-06,3.1414496766388873,7.77369632860041,1,1,0.7930506098066409,1,1,fold_2
1527,sub13,rest2,28,88,0,1.4714012864391488,0.8132702812382778,0.5,1,-0.4041407108306885,0.400317907333374,1,6.356917821520224e-06,3.1414496766388873,7.77369632860041,1,1,0.78669966680107,1,1,fold_2
1528,sub13,rest2,29,89,0,1.1330030948329275,0.7563926837147678,0.5,1,-0.48364830017089844,0.3813909888267517,1,6.356917821520224e-06,3.1414496766388873,7.77369632860041,1,1,0.7929733783326115,1,1,fold_2
1529,sub13,rest2,30,90,0,1.327555723995561,0.7904360354501643,0.5,1,-0.4333806037902832,0.39331933856010437,1,6.356917821520224e-06,3.1414496766388873,7.77369632860041,1,1,0.8141658053596624,1,1,fold_2
1530,sub13,rest2,31,91,0,1.6005226201427434,0.8320914158329026,0.5,1,-0.3813483715057373,0.4058017134666443,1,6.356917821520224e-06,3.1414496766388873,7.77369632860041,1,1,0.7308998769641087,1,1,fold_2
1531,sub13,rest2,32,92,0,1.516144012074668,0.8199699647959205,0.5,1,-0.40147364139556885,0.4009583294391632,1,6.356917821520224e-06,3.1414496766388873,7.77369632860041,1,1,0.5939823827888149,1,1,fold_2
1532,sub13,rest2,33,93,0,0.1629123611036488,0.5406382502635029,0.5,1,-0.7685837149620056,0.3167855441570282,1,6.356917821520224e-06,3.1414496766388873,7.77369632860041,1,1,0.4934254063260258,0,0,fold_2
1533,sub13,rest2,34,94,0,-0.31727935210431607,0.4213389333070213,0.5,0,-0.8264709711074829,0.3043918013572693,1,6.356917821520224e-06,3.1414496766388873,7.77369632860041,1,0,0.5336558352939019,1,1,fold_2
1534,sub13,rest2,35,95,0,0.07322884801452044,0.5182990354075531,0.5,1,-0.71650630235672,0.3281627893447876,1,6.356917821520224e-06,3.1414496766388873,7.77369632860041,1,1,0.6000875795058618,1,1,fold_2
1535,sub13,rest2,36,96,0,0.6692247104298993,0.6613295371671315,0.5,1,-0.4691007733345032,0.3848291039466858,1,6.356917821520224e-06,3.1414496766388873,7.77369632860041,1,1,0.6701179630273595,1,1,fold_2
1536,sub13,rest2,37,97,0,0.4922408026996309,0.6206341659429007,0.5,1,-0.5085000991821289,0.3755452036857605,1,6.356917821520224e-06,3.1414496766388873,7.77369632860041,1,1,0.7140515773289627,1,1,fold_2
1537,sub13,rest2,38,98,0,0.9864703452027662,0.7283901859720462,0.5,1,-0.4769175052642822,0.38298025727272034,1,6.356917821520224e-06,3.1414496766388873,7.77369632860041,1,1,0.7834300243363884,1,1,fold_2
1538,sub13,rest2,39,99,0,1.3438988824271751,0.7931303800719411,0.5,1,-0.38607215881347656,0.40466317534446716,1,6.356917821520224e-06,3.1414496766388873,7.77369632860041,1,1,0.8044868109919628,1,1,fold_2
1539,sub13,rest2,40,100,0,1.5769315176707963,0.8287695069651779,0.5,1,-0.25463712215423584,0.43668246269226074,1,6.356917821520224e-06,3.1414496766388873,7.77369632860041,1,1,0.7931424818774717,1,1,fold_2
1540,sub13,rest2,41,101,0,1.3343577607077572,0.7915605459387695,0.5,1,-0.3219752311706543,0.42019444704055786,1,6.356917821520224e-06,3.1414496766388873,7.77369632860041,1,1,0.7344046122592015,1,1,fold_2
1541,sub13,rest2,42,102,0,1.1477373537217719,0.7590973927284679,0.5,1,-0.3759474754333496,0.4071047008037567,1,6.356917821520224e-06,3.1414496766388873,7.77369632860041,1,1,0.7018720550625034,1,1,fold_2
1542,sub13,rest2,43,103,0,0.6302930089354121,0.652555898110367,0.5,1,-0.4005545377731323,0.40117910504341125,1,6.356917821520224e-06,3.1414496766388873,7.77369632860041,1,1,0.7080206480553453,1,1,fold_2
1543,sub13,rest2,44,104,0,0.8187120436501255,0.6939628743486754,0.5,1,-0.42509835958480835,0.39529740810394287,1,6.356917821520224e-06,3.1414496766388873,7.77369632860041,1,1,0.7487229412721162,1,1,fold_2
1544,sub13,rest2,45,105,0,1.2514061161868852,0.7775431717069934,0.5,1,-0.3583385944366455,0.41136178374290466,1,6.356917821520224e-06,3.1414496766388873,7.77369632860041,1,1,0.7520028107258009,1,1,fold_2
1545,sub13,rest2,46,106,0,1.2348297635042487,0.7746627777606799,0.5,1,-0.36331236362457275,0.4101579487323761,1,6.356917821520224e-06,3.1414496766388873,7.77369632860041,1,1,0.722918511780755,1,1,fold_2
1546,sub13,rest2,47,107,0,0.8654712325306109,0.7038024827097296,0.5,1,-0.5270552635192871,0.3712039589881897,1,6.356917821520224e-06,3.1414496766388873,7.77369632860041,1,1,0.7168356596902222,1,1,fold_2
1547,sub13,rest2,48,108,0,0.8014767090908507,0.6902902748718549,0.5,1,-0.5388386249542236,0.3684577941894531,1,6.356917821520224e-06,3.1414496766388873,7.77369632860041,1,1,0.7241194971663599,1,1,fold_2
1548,sub13,rest2,49,109,0,1.1331199845186635,0.7564142214890824,0.5,1,-0.5050632357597351,0.3763515055179596,1,6.356917821520224e-06,3.1414496766388873,7.77369632860041,1,1,0.7296837908855133,1,1,fold_2
1549,sub13,rest2,50,110,0,0.9726832092963711,0.7256539951381422,0.5,1,-0.5277022123336792,0.37105295062065125,1,6.356917821520224e-06,3.1414496766388873,7.77369632860041,1,1,0.7265064916438706,1,1,fold_2
1550,sub13,rest2,51,111,0,0.8807767457239415,0.7069831560293153,0.5,1,-0.5426734685897827,0.36756590008735657,1,6.356917821520224e-06,3.1414496766388873,7.77369632860041,1,1,0.7484793140811822,1,1,fold_2
1551,sub13,rest2,52,112,0,1.0820531368955182,0.7468823237641545,0.5,1,-0.5663312077522278,0.3620838224887848,1,6.356917821520224e-06,3.1414496766388873,7.77369632860041,1,1,0.7673622351974053,1,1,fold_2
1552,sub13,rest2,53,113,0,1.3344299868150382,0.7915724624500767,0.5,1,-0.511862576007843,0.37475696206092834,1,6.356917821520224e-06,3.1414496766388873,7.77369632860041,1,1,0.705081709058792,1,1,fold_2
1553,sub13,rest2,54,114,0,1.1726956384878964,0.7636319193779846,0.5,1,-0.551742672920227,0.36546018719673157,1,6.356917821520224e-06,3.1414496766388873,7.77369632860041,1,1,0.5743973223110783,1,1,fold_2
1554,sub13,rest2,55,115,0,0.24132742107288066,0.5600407453483143,0.5,1,-0.5410502552986145,0.36794328689575195,1,6.356917821520224e-06,3.1414496766388873,7.77369632860041,1,1,0.5048224433965353,1,1,fold_2
1555,sub13,rest2,56,116,0,-0.4074684174934447,0.39951930220693604,0.5,0,-0.7444028258323669,0.3220421373844147,1,6.356917821520224e-06,3.1414496766388873,7.77369632860041,1,0,0.5770861719717754,1,1,fold_2
1556,sub13,rest2,57,117,0,0.22051842737986352,0.5549072826343553,0.5,1,-0.7174898982048035,0.3279459774494171,1,6.356917821520224e-06,3.1414496766388873,7.77369632860041,1,1,0.7272595826494496,1,1,fold_2
1557,sub13,rest2,58,118,0,1.247298862140834,0.7768319310740346,0.5,1,-0.46703433990478516,0.385318398475647,1,6.356917821520224e-06,3.1414496766388873,7.77369632860041,1,1,0.8256369998513174,1,1,fold_2
1558,sub13,rest2,59,119,0,1.7349111615152366,0.8500395342399588,0.5,1,-0.04770934581756592,0.48807492852211,1,6.356917821520224e-06,3.1414496766388873,7.77369632860041,1,1,0.8500395342399588,1,1,fold_2
1679,sub15,rest1,0,0,0,-0.8897110424845649,0.29116946172057856,0.5,0,0.6577197313308716,0.6587479710578918,1,3.1547851674900614e-06,1.9435691667735742,14.253339623988039,0,1,0.26801652113731084,0,1,fold_2
1680,sub15,rest1,1,1,0,-0.9354230052162429,0.28182580065207924,0.5,0,0.7879894971847534,0.6873994469642639,1,3.1547851674900614e-06,1.9435691667735742,14.253339623988039,0,1,0.25285509159641806,0,1,fold_2
1681,sub15,rest1,2,2,0,-1.2023676021462504,0.23105430103927485,0.5,0,-0.033643126487731934,0.4915900230407715,1,3.1547851674900614e-06,1.9435691667735742,14.253339623988039,0,1,0.24104387998456367,0,1,fold_2
1682,sub15,rest1,3,3,0,-1.1217588910175251,0.24568517309790008,0.5,0,0.10131895542144775,0.5253080725669861,1,3.1547851674900614e-06,1.9435691667735742,14.253339623988039,0,1,0.24763525772429973,0,1,fold_2
1683,sub15,rest1,4,4,0,-1.1179476823087604,0.2463921658165161,0.5,0,0.16355741024017334,0.5407984256744385,1,3.1547851674900614e-06,1.9435691667735742,14.253339623988039,0,1,0.2387302712334407,0,1,fold_2
1684,sub15,rest1,5,5,0,-1.0941988404532783,0.250828434258483,0.5,0,0.19878339767456055,0.5495328307151794,1,3.1547851674900614e-06,1.9435691667735742,14.253339623988039,0,1,0.2336328437908851,0,1,fold_2
1685,sub15,rest1,6,6,0,-1.2716775781535,0.21897021362532293,0.5,0,-0.3780161142349243,0.40660548210144043,1,3.1547851674900614e-06,1.9435691667735742,14.253339623988039,0,1,0.22521821247791454,0,1,fold_2
1686,sub15,rest1,7,7,0,-1.2021110604465945,0.23109988348884927,0.5,0,-0.24653363227844238,0.4386768639087677,1,3.1547851674900614e-06,1.9435691667735742,14.253339623988039,0,1,0.23112230324877014,0,1,fold_2
1687,sub15,rest1,8,8,0,-1.2334135088698357,0.2255845403195714,0.5,0,-0.23705625534057617,0.4410119354724884,1,3.1547851674900614e-06,1.9435691667735742,14.253339623988039,0,1,0.22988561233047997,0,1,fold_2
1688,sub15,rest1,9,9,0,-1.1709545626048228,0.23668248593788982,0.5,0,0.030455946922302246,0.5076134204864502,1,3.1547851674900614e-06,1.9435691667735742,14.253339623988039,0,1,0.22700102348057052,0,1,fold_2
1689,sub15,rest1,10,10,0,-1.2231088657920248,0.2273898107339787,0.5,0,-0.08523797988891602,0.47870340943336487,1,3.1547851674900614e-06,1.9435691667735742,14.253339623988039,0,1,0.22190255795226366,0,1,fold_2
1690,sub15,rest1,11,11,0,-1.283642815856631,0.21693077376984304,0.5,0,-0.38728153705596924,0.40437188744544983,1,3.1547851674900614e-06,1.9435691667735742,14.253339623988039,0,1,0.22020318457952362,0,1,fold_2
1691,sub15,rest1,12,12,0,-1.257601312010791,0.22138708935296922,0.5,0,-0.37024545669555664,0.4084816873073578,1,3.1547851674900614e-06,1.9435691667735742,14.253339623988039,0,1,0.22393253380326497,0,1,fold_2
1692,sub15,rest1,13,13,0,-1.252361089081151,0.22229169061575857,0.5,0,-0.43822312355041504,0.3921644687652588,1,3.1547851674900614e-06,1.9435691667735742,14.253339623988039,0,1,0.22671996745109727,0,1,fold_2
1693,sub15,rest1,14,14,0,-1.2189639845190456,0.22811882144106713,0.5,0,-0.2999298572540283,0.4255746006965637,1,3.1547851674900614e-06,1.9435691667735742,14.253339623988039,0,1,0.2262885912484829,0,1,fold_2
1694,sub15,rest1,15,15,0,-1.2097268215794204,0.22974939029646607,0.5,0,-0.2634831666946411,0.4345076382160187,1,3.1547851674900614e-06,1.9435691667735742,14.253339623988039,0,1,0.2239682453319404,0,1,fold_2
1695,sub15,rest1,16,16,0,-1.2598625056905792,0.2209975620079155,0.5,0,-0.4319217801094055,0.3936675488948822,1,3.1547851674900614e-06,1.9435691667735742,14.253339623988039,0,1,0.2236152020664186,0,1,fold_2
1696,sub15,rest1,17,17,1,-1.2713447056793359,0.21902714755334707,0.5,0,-0.5614402890205383,0.36321428418159485,1,3.1547851674900614e-06,1.9435691667735742,14.253339623988039,0,1,,,,fold_2
1697,sub15,rest1,18,18,0,-1.2589320787673701,0.22115778369143968,0.5,0,-0.4903412461280823,0.37981319427490234,1,3.1547851674900614e-06,1.9435691667735742,14.253339623988039,0,1,0.2208109956209068,0,1,fold_2
1698,sub15,rest1,19,19,0,-1.2157215164788973,0.22869026049990054,0.5,0,-0.37166833877563477,0.4081379473209381,1,3.1547851674900614e-06,1.9435691667735742,14.253339623988039,0,1,0.2245693820802334,0,1,fold_2
1699,sub15,rest1,20,20,0,-1.3094138624604992,0.2125849426713802,0.5,0,-0.6917797327041626,0.3336372673511505,1,3.1547851674900614e-06,1.9435691667735742,14.253339623988039,0,1,0.228175075444769,0,1,fold_2
1700,sub15,rest1,21,21,0,-1.1946240797168213,0.2324329430694194,0.5,0,-0.07862579822540283,0.4803536534309387,1,3.1547851674900614e-06,1.9435691667735742,14.253339623988039,0,1,0.2350982196932213,0,1,fold_2
1701,sub15,rest1,22,22,0,-1.1553823932862926,0.23950734059350742,0.5,0,0.22033417224884033,0.5548617839813232,1,3.1547851674900614e-06,1.9435691667735742,14.253339623988039,0,1,0.23186343518244568,0,1,fold_2
1702,sub15,rest1,23,23,0,-1.1894664440099978,0.23335437541673712,0.5,0,-0.0669015645980835,0.48328083753585815,1,3.1547851674900614e-06,1.9435691667735742,14.253339623988039,0,1,0.23029318803675092,0,1,fold_2
1703,sub15,rest1,24,24,0,-1.2498356520594325,0.2227285895370925,0.5,0,-0.5029441714286804,0.3768490254878998,1,3.1547851674900614e-06,1.9435691667735742,14.253339623988039,0,1,0.22832804841530638,0,1,fold_2
1704,sub15,rest1,25,25,1,-1.2220227825667371,0.22758067432852358,0.5,0,-0.5295353531837463,0.3706252872943878,1,3.1547851674900614e-06,1.9435691667735742,14.253339623988039,0,1,,,,fold_2
1705,sub15,rest1,26,26,0,-1.1814220780940077,0.2347965991564232,0.5,0,-0.292272686958313,0.4274475574493408,1,3.1547851674900614e-06,1.9435691667735742,14.253339623988039,0,1,0.232242280219653,0,1,fold_2
1706,sub15,rest1,27,27,0,-1.222715326680656,0.22745895655240347,0.5,0,-0.35676372051239014,0.4117431938648224,1,3.1547851674900614e-06,1.9435691667735742,14.253339623988039,0,1,0.23203699099230843,0,1,fold_2
1707,sub15,rest1,28,28,0,-1.1832335977395765,0.23447128495013234,0.5,0,-0.1140221357345581,0.47152525186538696,1,3.1547851674900614e-06,1.9435691667735742,14.253339623988039,0,1,0.2347257283697389,0,1,fold_2
1708,sub15,rest1,29,29,0,-1.184853026057464,0.2341807314743894,0.5,0,-0.09415698051452637,0.4764781892299652,1,3.1547851674900614e-06,1.9435691667735742,14.253339623988039,0,1,0.23232076564321047,0,1,fold_2
1709,sub15,rest1,30,30,0,-1.1773713219266126,0.23552516868469503,0.5,0,0.011428594589233398,0.5028570890426636,1,3.1547851674900614e-06,1.9435691667735742,14.253339623988039,0,1,0.22474797775650687,0,1,fold_2
1710,sub15,rest1,31,31,0,-1.2238684217810918,0.22725639677054704,0.5,0,-0.13027167320251465,0.46747806668281555,1,3.1547851674900614e-06,1.9435691667735742,14.253339623988039,0,1,0.21662846069865796,0,1,fold_2
1711,sub15,rest1,32,32,0,-1.3161330788631205,0.21146236781427852,0.5,0,-0.37677550315856934,0.40690484642982483,1,3.1547851674900614e-06,1.9435691667735742,14.253339623988039,0,1,0.21283064879235913,0,1,fold_2
1712,sub15,rest1,33,33,0,-1.3179076446800055,0.21116661751114832,0.5,0,-0.5536292791366577,0.36502280831336975,1,3.1547851674900614e-06,1.9435691667735742,14.253339623988039,0,1,0.21561042941520672,0,1,fold_2
1713,sub15,rest1,34,34,1,-1.3340640331950024,0.20848792103295175,0.5,0,-0.6325528025627136,0.34693193435668945,1,3.1547851674900614e-06,1.9435691667735742,14.253339623988039,0,1,,,,fold_2
1714,sub15,rest1,35,35,0,-1.2899400328860702,0.2158629610516506,0.5,0,-0.3651542663574219,0.40971243381500244,1,3.1547851674900614e-06,1.9435691667735742,14.253339623988039,0,1,0.21795298353034184,0,1,fold_2
1715,sub15,rest1,36,36,0,-1.2668222854349296,0.21980170968282128,0.5,0,-0.3510315418243408,0.41313228011131287,1,3.1547851674900614e-06,1.9435691667735742,14.253339623988039,0,1,0.2187621439113936,0,1,fold_2
1716,sub15,rest1,37,37,0,-1.2762204120489766,0.21819427985655362,0.5,0,-0.46347862482070923,0.3861609399318695,1,3.1547851674900614e-06,1.9435691667735742,14.253339623988039,0,1,0.21822252537365153,0,1,fold_2
1717,sub15,rest1,38,38,0,-1.27565678239347,0.21829044219480592,0.5,0,-0.4223744869232178,0.3959486782550812,1,3.1547851674900614e-06,1.9435691667735742,14.253339623988039,0,1,0.21828044667534538,0,1,fold_2
1718,sub15,rest1,39,39,0,-1.2762873931242402,0.218182854069595,0.5,0,-0.44062113761901855,0.39159297943115234,1,3.1547851674900614e-06,1.9435691667735742,14.253339623988039,0,1,0.21739085773646447,0,1,fold_2
1719,sub15,rest1,40,40,0,-1.2752020721688693,0.2183680437616352,0.5,0,-0.45386213064193726,0.38844290375709534,1,3.1547851674900614e-06,1.9435691667735742,14.253339623988039,0,1,0.2154637716128235,0,1,fold_2
1720,sub15,rest1,41,41,0,-1.291366091742168,0.21562167537816312,0.5,0,-0.6233739852905273,0.3490144908428192,1,3.1547851674900614e-06,1.9435691667735742,14.253339623988039,0,1,0.2141757979017345,0,1,fold_2
1721,sub15,rest1,42,42,1,-1.2990507745147162,0.21432481339649567,0.5,0,-0.5570337772369385,0.3642340302467346,1,3.1547851674900614e-06,1.9435691667735742,14.253339623988039,0,1,,,,fold_2
1722,sub15,rest1,43,43,0,-1.310509518690986,0.21240159569867226,0.5,0,-0.5221694111824036,0.37234508991241455,1,3.1547851674900614e-06,1.9435691667735742,14.253339623988039,0,1,0.2137763508032663,0,1,fold_2
1723,sub15,rest1,44,44,0,-1.2979862513729108,0.21450412262836813,0.5,0,-0.4193906784057617,0.39666256308555603,1,3.1547851674900614e-06,1.9435691667735742,14.253339623988039,0,1,0.2187064712389454,0,1,fold_2
1724,sub15,rest1,45,45,0,-1.2984657967394548,0.21442333408275846,0.5,0,-0.36956119537353516,0.4086470603942871,1,3.1547851674900614e-06,1.9435691667735742,14.253339623988039,0,1,0.22960912766097916,0,1,fold_2
1725,sub15,rest1,46,46,0,-1.2242354047281117,0.22719195700570968,0.5,0,-0.13452255725860596,0.4664199650287628,1,3.1547851674900614e-06,1.9435691667735742,14.253339623988039,0,1,0.2416521296017805,0,1,fold_2
1726,sub15,rest1,47,47,0,-1.1135368857651773,0.24721209189446935,0.5,0,0.14272332191467285,0.535620391368866,1,3.1547851674900614e-06,1.9435691667735742,14.253339623988039,0,1,0.2443986768668073,0,1,fold_2
1727,sub15,rest1,48,48,0,-1.0956686415717842,0.25055233990516246,0.5,0,0.17237043380737305,0.5429862141609192,1,3.1547851674900614e-06,1.9435691667735742,14.253339623988039,0,1,0.2352557712289952,0,1,fold_2
1728,sub15,rest1,49,49,0,-1.1778910728619951,0.23543159880079015,0.5,0,-0.19294369220733643,0.4519132077693939,1,3.1547851674900614e-06,1.9435691667735742,14.253339623988039,0,1,0.2396666957052913,0,1,fold_2
1729,sub15,rest1,50,50,0,-1.2669292034287218,0.21978337498103293,0.5,0,-0.4892541170120239,0.3800692856311798,1,3.1547851674900614e-06,1.9435691667735742,14.253339623988039,0,1,0.25209111965808567,0,1,fold_2
1730,sub15,rest1,51,51,0,-1.026387234640478,0.2637851133340509,0.5,0,0.13783729076385498,0.5344048738479614,1,3.1547851674900614e-06,1.9435691667735742,14.253339623988039,0,1,0.26978966685723793,0,1,fold_2
1731,sub15,rest1,52,52,0,-0.98094219967108,0.2727048706591732,0.5,0,0.38618409633636475,0.5953637957572937,1,3.1547851674900614e-06,1.9435691667735742,14.253339623988039,0,1,0.26293904474713875,0,1,fold_2
1732,sub15,rest1,53,53,0,-0.9800643440550122,0.27287901657848973,0.5,0,0.443889856338501,0.609185516834259,1,3.1547851674900614e-06,1.9435691667735742,14.253339623988039,0,1,0.2544492298546267,0,1,fold_2
1733,sub15,rest1,54,54,0,-1.1350342385638972,0.24323324700375326,0.5,0,0.19369494915008545,0.5482729077339172,1,3.1547851674900614e-06,1.9435691667735742,14.253339623988039,0,1,0.2495602181167784,0,1,fold_2
1734,sub15,rest1,55,55,0,-1.113411503905458,0.24723542598163703,0.5,0,0.3531787395477295,0.5873881578445435,1,3.1547851674900614e-06,1.9435691667735742,14.253339623988039,0,1,0.25301282071246156,0,1,fold_2
1735,sub15,rest1,56,56,0,-1.0552826324160722,0.25821198136494483,0.5,0,0.5441802740097046,0.6327843070030212,1,3.1547851674900614e-06,1.9435691667735742,14.253339623988039,0,1,0.26469894130570853,0,1,fold_2
1736,sub15,rest1,57,57,0,-1.0795506848983396,0.25359105479080285,0.5,0,0.5585695505142212,0.6361215114593506,1,3.1547851674900614e-06,1.9435691667735742,14.253339623988039,0,1,0.28605997516167603,0,1,fold_2
1737,sub15,rest1,58,58,0,-0.9331119809453357,0.28229378776137776,0.5,0,1.1067780256271362,0.7515279650688171,1,3.1547851674900614e-06,1.9435691667735742,14.253339623988039,0,1,0.3089613178756909,0,1,fold_2
1738,sub15,rest1,59,59,0,-0.7432444351136233,0.3222950829328475,0.5,0,2.170736789703369,0.897590696811676,1,3.1547851674900614e-06,1.9435691667735742,14.253339623988039,0,1,0.3222950829328475,0,1,fold_2
1739,sub15,rest2,0,60,0,1.0386493327788988,0.7385893098700278,0.5,1,5.920845031738281,0.9973242282867432,1,3.1547851674900614e-06,1.9435691667735742,14.253339623988039,1,1,0.7276534998878451,1,1,fold_2
1740,sub15,rest2,1,61,0,0.9376827592755768,0.7186313480338798,0.5,1,5.2104973793029785,0.9945706725120544,1,3.1547851674900614e-06,1.9435691667735742,14.253339623988039,1,1,0.7292226884550841,1,1,fold_2
1741,sub15,rest2,2,62,0,0.9731144673766321,0.7257398417596277,0.5,1,5.531323432922363,0.9960548877716064,1,3.1547851674900614e-06,1.9435691667735742,14.253339623988039,1,1,0.7464888141416909,1,1,fold_2
1742,sub15,rest2,3,63,0,1.0631752689478038,0.7432968755717451,0.5,1,5.753996849060059,0.9968398809432983,1,3.1547851674900614e-06,1.9435691667735742,14.253339623988039,1,1,0.7640809792588867,1,1,fold_2
1743,sub15,rest2,4,64,0,1.2107392523434224,0.7704297250936998,0.5,1,6.83993673324585,0.9989309906959534,1,3.1547851674900614e-06,1.9435691667735742,14.253339623988039,1,1,0.777187717969154,1,1,fold_2
1744,sub15,rest2,5,65,0,1.2570411463694702,0.7785163371112155,0.5,1,7.141335964202881,0.9992089867591858,1,3.1547851674900614e-06,1.9435691667735742,14.253339623988039,1,1,0.7671805805095295,1,1,fold_2
1745,sub15,rest2,6,66,0,1.2809831962686609,0.7826170917025467,0.5,1,6.993459224700928,0.9990829229354858,1,3.1547851674900614e-06,1.9435691667735742,14.253339623988039,1,1,0.75390736082372,1,1,fold_2
1746,sub15,rest2,7,67,0,1.0480918448922139,0.7404083127148265,0.5,1,5.0594940185546875,0.9936913251876831,1,3.1547851674900614e-06,1.9435691667735742,14.253339623988039,1,1,0.7364414949766641,1,1,fold_2
1747,sub15,rest2,8,68,0,1.0392055019117032,0.7386966780537866,0.5,1,4.954989910125732,0.9930012226104736,1,3.1547851674900614e-06,1.9435691667735742,14.253339623988039,1,1,0.748333253962724,1,1,fold_2
1748,sub15,rest2,9,69,0,0.9957364788376519,0.7302194941613791,0.5,1,5.072212219238281,0.9937705397605896,1,3.1547851674900614e-06,1.9435691667735742,14.253339623988039,1,1,0.7577340290681592,1,1,fold_2
1749,sub15,rest2,10,70,0,1.2429874190053587,0.7760835896730061,0.5,1,6.4574294090271,0.9984336495399475,1,3.1547851674900614e-06,1.9435691667735742,14.253339623988039,1,1,0.7646041609909618,1,1,fold_2
1750,sub15,rest2,11,71,0,1.1908832936342848,0.7668990033700928,0.5,1,5.805323600769043,0.996997594833374,1,3.1547851674900614e-06,1.9435691667735742,14.253339623988039,1,1,0.7605726335801509,1,1,fold_2
1751,sub15,rest2,12,72,0,1.1030432785137894,0.7508298899297869,0.5,1,5.5633111000061035,0.9961786270141602,1,3.1547851674900614e-06,1.9435691667735742,14.253339623988039,1,1,0.757952590962465,1,1,fold_2
1752,sub15,rest2,13,73,0,1.174675018313722,0.763989007440573,0.5,1,5.760807037353516,0.9968613386154175,1,3.1547851674900614e-06,1.9435691667735742,14.253339623988039,1,1,0.7651803212701834,1,1,fold_2
1753,sub15,rest2,14,74,0,1.147417384194384,0.7590388755170352,0.5,1,6.095842361450195,0.997752845287323,1,3.1547851674900614e-06,1.9435691667735742,14.253339623988039,1,1,0.7695372175507934,1,1,fold_2
1754,sub15,rest2,15,75,0,1.2225562032882764,0.7725130808529419,0.5,1,6.252656936645508,0.9980783462524414,1,3.1547851674900614e-06,1.9435691667735742,14.253339623988039,1,1,0.7757421325793947,1,1,fold_2
1755,sub15,rest2,16,76,0,1.2486131373193041,0.7770596962824029,0.5,1,6.248587608337402,0.9980705380439758,1,3.1547851674900614e-06,1.9435691667735742,14.253339623988039,1,1,0.7571345571436527,1,1,fold_2
1756,sub15,rest2,17,77,0,1.2520447738311298,0.7776536206028392,0.5,1,5.582956790924072,0.9962526559829712,1,3.1547851674900614e-06,1.9435691667735742,14.253339623988039,1,1,0.7259335229722109,1,1,fold_2
1757,sub15,rest2,18,78,0,0.928103431719631,0.7166903545457162,0.5,1,4.514861106872559,0.989173412322998,1,3.1547851674900614e-06,1.9435691667735742,14.253339623988039,1,1,0.692419217768662,1,1,fold_2
1758,sub15,rest2,19,79,0,0.7697027716482092,0.6834565937680773,0.5,1,4.265751838684082,0.9861531257629395,1,3.1547851674900614e-06,1.9435691667735742,14.253339623988039,1,1,0.6631245142986962,1,1,fold_2
1759,sub15,rest2,20,80,0,0.7405252578674593,0.6771107049921925,0.5,1,4.069997310638428,0.9832093119621277,1,3.1547851674900614e-06,1.9435691667735742,14.253339623988039,1,1,0.6386815919496712,1,1,fold_2
1760,sub15,rest2,21,81,0,0.5270989920231524,0.6288062441358188,0.5,1,3.444688320159912,0.9690723419189453,1,3.1547851674900614e-06,1.9435691667735742,14.253339623988039,1,1,0.6309563809416582,1,1,fold_2
1761,sub15,rest2,22,82,0,0.44784956264075554,0.6101278267210024,0.5,1,3.3957724571228027,0.9675722122192383,1,3.1547851674900614e-06,1.9435691667735742,14.253339623988039,1,1,0.6485168133098352,1,1,fold_2
1762,sub15,rest2,23,83,0,0.636381657468337,0.6539350719681534,0.5,1,3.6013712882995605,0.9734385013580322,1,3.1547851674900614e-06,1.9435691667735742,14.253339623988039,1,1,0.6527679509731477,1,1,fold_2
1763,sub15,rest2,24,84,0,0.7606163783587414,0.6814875412403497,0.5,1,4.0643415451049805,0.9831157326698303,1,3.1547851674900614e-06,1.9435691667735742,14.253339623988039,1,1,0.6470282948905778,1,1,fold_2
1764,sub15,rest2,25,85,0,0.501795722277882,0.62288123971094,0.5,1,3.9669809341430664,0.981421172618866,1,3.1547851674900614e-06,1.9435691667735742,14.253339623988039,1,1,0.6587151193638986,1,1,fold_2
1765,sub15,rest2,26,86,0,0.5611392671689261,0.6367161037204435,0.5,1,3.9158663749694824,0.980465829372406,1,3.1547851674900614e-06,1.9435691667735742,14.253339623988039,1,1,0.6918964680453717,1,1,fold_2
1766,sub15,rest2,27,87,0,0.9274025128648198,0.7165480146603119,0.5,1,4.877655982971191,0.9924426674842834,1,3.1547851674900614e-06,1.9435691667735742,14.253339623988039,1,1,0.7218069980875015,1,1,fold_2
1767,sub15,rest2,28,88,0,0.9565238664511141,0.7224252857553597,0.5,1,4.501617431640625,0.989030659198761,1,3.1547851674900614e-06,1.9435691667735742,14.253339623988039,1,1,0.7069591080414419,1,1,fold_2
1768,sub15,rest2,29,89,0,0.9766736320231446,0.7264476938468329,0.5,1,4.7399396896362305,0.9913365840911865,1,3.1547851674900614e-06,1.9435691667735742,14.253339623988039,1,1,0.7024437162776285,1,1,fold_2
1769,sub15,rest2,30,90,0,0.7172644427628363,0.6720043445221332,0.5,1,4.250410556793213,0.9859420657157898,1,3.1547851674900614e-06,1.9435691667735742,14.253339623988039,1,1,0.6819987840561753,1,1,fold_2
1770,sub15,rest2,31,91,0,0.889946396026834,0.7088791104639193,0.5,1,4.778533935546875,0.991661787033081,1,3.1547851674900614e-06,1.9435691667735742,14.253339623988039,1,1,0.6863340744877221,1,1,fold_2
1771,sub15,rest2,32,92,0,0.6861633279349717,0.6651128971824738,0.5,1,4.4361348152160645,0.9882969260215759,1,3.1547851674900614e-06,1.9435691667735742,14.253339623988039,1,1,0.6786012574437632,1,1,fold_2
1772,sub15,rest2,33,93,0,0.7768935446167737,0.6850102158167729,0.5,1,4.811929702758789,0.9919335246086121,1,3.1547851674900614e-06,1.9435691667735742,14.253339623988039,1,1,0.6871891669565908,1,1,fold_2
1773,sub15,rest2,34,94,0,0.7800025305619829,0.6856806593320428,0.5,1,4.715700626373291,0.9911258816719055,1,3.1547851674900614e-06,1.9435691667735742,14.253339623988039,1,1,0.6811124540411898,1,1,fold_2
1774,sub15,rest2,35,95,0,0.8042207965615891,0.6908766257209566,0.5,1,4.828738689422607,0.9920668601989746,1,3.1547851674900614e-06,1.9435691667735742,14.253339623988039,1,1,0.685688851675839,1,1,fold_2
1775,sub15,rest2,36,96,0,0.6936575708012614,0.66678007707057,0.5,1,3.7975730895996094,0.9780666828155518,1,3.1547851674900614e-06,1.9435691667735742,14.253339623988039,1,1,0.6973433361951873,1,1,fold_2
1776,sub15,rest2,37,97,0,0.844489209681621,0.6994098522359902,0.5,1,4.369908809661865,0.9875056743621826,1,3.1547851674900614e-06,1.9435691667735742,14.253339623988039,1,1,0.7260295972266725,1,1,fold_2
1777,sub15,rest2,38,98,0,0.9736181256894195,0.7258400792790021,0.5,1,5.317845821380615,0.9951205849647522,1,3.1547851674900614e-06,1.9435691667735742,14.253339623988039,1,1,0.7331847146195051,1,1,fold_2
1778,sub15,rest2,39,99,0,1.113810695863154,0.7528388601650252,0.5,1,5.666703224182129,0.9965527057647705,1,3.1547851674900614e-06,1.9435691667735742,14.253339623988039,1,1,0.7116951226824364,1,1,fold_2
1779,sub15,rest2,40,100,0,0.9488070576801905,0.7208752044144879,0.5,1,4.72257661819458,0.9911862015724182,1,3.1547851674900614e-06,1.9435691667735742,14.253339623988039,1,1,0.6762842132976408,1,1,fold_2
1780,sub15,rest2,41,101,0,0.6694111954003736,0.661371303467796,0.5,1,4.188046455383301,0.9850509166717529,1,3.1547851674900614e-06,1.9435691667735742,14.253339623988039,1,1,0.6338053648064303,1,1,fold_2
1781,sub15,rest2,42,102,0,0.6041541404528884,0.6466061320106382,0.5,1,4.2862629890441895,0.9864304065704346,1,3.1547851674900614e-06,1.9435691667735742,14.253339623988039,1,1,0.5757129648034094,1,1,fold_2
1782,sub15,rest2,43,103,0,0.3781990358149197,0.5934386589408567,0.5,1,3.3934850692749023,0.9675003290176392,1,3.1547851674900614e-06,1.9435691667735742,14.253339623988039,1,1,0.498635406031848,0,0,fold_2
1783,sub15,rest2,44,104,0,-0.05163505546533208,0.48709410345873333,0.5,0,2.634305477142334,0.9330371022224426,1,3.1547851674900614e-06,1.9435691667735742,14.253339623988039,1,0,0.43932834486151956,0,0,fold_2
1784,sub15,rest2,45,105,0,-0.3417952487590397,0.41537345569595396,0.5,0,2.6836485862731934,0.9360548257827759,1,3.1547851674900614e-06,1.9435691667735742,14.253339623988039,1,0,0.44130268567977976,0,0,fold_2
1785,sub15,rest2,46,106,0,-0.34120221017417685,0.4155174754298714,0.5,0,2.764228343963623,0.9407118558883667,1,3.1547851674900614e-06,1.9435691667735742,14.253339623988039,1,0,0.48653693753528476,0,0,fold_2
1786,sub15,rest2,47,107,0,-0.027933312497923662,0.49301712591351404,0.5,0,2.960692882537842,0.950766384601593,1,3.1547851674900614e-06,1.9435691667735742,14.253339623988039,1,0,0.544577849474449,1,1,fold_2
1787,sub15,rest2,48,108,0,0.20501997625490384,0.5510762112624686,0.5,1,2.7524337768554688,0.9400506615638733,1,3.1547851674900614e-06,1.9435691667735742,14.253339623988039,1,1,0.5979394081221213,1,1,fold_2
1788,sub15,rest2,49,109,0,0.36247823101008314,0.5896402112473642,0.5,1,3.131401538848877,0.9581695795059204,1,3.1547851674900614e-06,1.9435691667735742,14.253339623988039,1,1,0.634261715767272,1,1,fold_2
1789,sub15,rest2,50,110,0,0.6327016560385906,0.6531018018565313,0.5,1,3.71323823928833,0.976182758808136,1,3.1547851674900614e-06,1.9435691667735742,14.253339623988039,1,1,0.6805539057920075,1,1,fold_2
1790,sub15,rest2,51,111,0,0.6634864434561448,0.6600431341979202,0.5,1,3.8464555740356445,0.979091227054596,1,3.1547851674900614e-06,1.9435691667735742,14.253339623988039,1,1,0.656819123240102,1,1,fold_2
1791,sub15,rest2,52,112,0,0.9871103330069775,0.7285167813215708,0.5,1,4.686638832092285,0.9908665418624878,1,3.1547851674900614e-06,1.9435691667735742,14.253339623988039,1,1,0.6099750061076071,1,1,fold_2
1792,sub15,rest2,53,113,0,0.330567509359974,0.581897454200815,0.5,1,3.391512393951416,0.9674381613731384,1,3.1547851674900614e-06,1.9435691667735742,14.253339623988039,1,1,0.5093916650063472,1,1,fold_2
1793,sub15,rest2,54,114,0,0.07808277906956253,0.5195107828004357,0.5,1,3.0061278343200684,0.9528501629829407,1,3.1547851674900614e-06,1.9435691667735742,14.253339623988039,1,1,0.4673286005771921,0,0,fold_2
1794,sub15,rest2,55,115,0,-0.29505505812285004,0.42676675801779096,0.5,0,2.8462986946105957,0.945127010345459,1,3.1547851674900614e-06,1.9435691667735742,14.253339623988039,1,0,0.4292945602994773,0,0,fold_2
1795,sub15,rest2,56,116,0,-0.17763256212237533,0.45570826091334954,0.5,0,2.7982420921325684,0.9425807595252991,1,3.1547851674900614e-06,1.9435691667735742,14.253339623988039,1,0,0.405820293633209,0,0,fold_2
1796,sub15,rest2,57,117,0,-0.3829787424757286,0.40540866196729136,0.5,0,2.1583590507507324,0.8964473009109497,1,3.1547851674900614e-06,1.9435691667735742,14.253339623988039,1,0,0.36131584894769797,0,0,fold_2
1797,sub15,rest2,58,118,0,-0.5912680485045597,0.3563439580189862,0.5,0,1.8564985990524292,0.8648883104324341,1,3.1547851674900614e-06,1.9435691667735742,14.253339623988039,1,0,0.33357793724420626,0,0,fold_2
1798,sub15,rest2,59,119,0,-0.7437030185693286,0.32219492685681633,0.5,0,1.9813603162765503,0.8788261413574219,1,3.1547851674900614e-06,1.9435691667735742,14.253339623988039,1,0,0.32219492685681633,0,0,fold_2
2039,sub18,rest1,0,0,0,-0.7486407936936205,0.32111753717429287,0.5,0,-0.6992659568786621,0.33197498321533203,1,3.704845566971501e-06,1.4341275443744084,7.702117516552341,0,1,0.3146094242100031,0,1,fold_2
2040,sub18,rest1,1,1,0,-0.5379626436538638,0.36866165042163945,0.5,0,-0.6547395586967468,0.3419222831726074,1,3.704845566971501e-06,1.4341275443744084,7.702117516552341,0,1,0.2876025312004193,0,1,fold_2
2041,sub18,rest1,2,2,0,-1.0771323038920178,0.2540490850340771,0.5,0,-0.6605768203735352,0.3406100273132324,1,3.704845566971501e-06,1.4341275443744084,7.702117516552341,0,1,0.2568088607536191,0,1,fold_2
2042,sub18,rest1,3,3,0,-1.1521485626965557,0.2400968581455413,0.5,0,-0.778964638710022,0.31454309821128845,1,3.704845566971501e-06,1.4341275443744084,7.702117516552341,0,1,0.33052335395247706,0,1,fold_2
2043,sub18,rest1,4,4,0,-0.9629865368169584,0.2762806390812389,0.5,0,-0.8222825527191162,0.30527934432029724,1,3.704845566971501e-06,1.4341275443744084,7.702117516552341,0,1,0.4568000064397533,0,1,fold_2
2044,sub18,rest1,5,5,0,-0.09931128443013174,0.47519256463065096,0.5,0,-0.7033597230911255,0.3310677409172058,1,3.704845566971501e-06,1.4341275443744084,7.702117516552341,0,1,0.5644607587460236,1,0,fold_2
2045,sub18,rest1,6,6,0,0.4849955939575543,0.6189268156073702,0.5,1,-0.5015228986740112,0.37718284130096436,1,3.704845566971501e-06,1.4341275443744084,7.702117516552341,0,0,0.6162401650555737,1,0,fold_2
2046,sub18,rest1,7,7,0,0.4023947820080155,0.5992628960000499,0.5,1,-0.4081733226776123,0.39935019612312317,1,3.704845566971501e-06,1.4341275443744084,7.702117516552341,0,0,0.6229869392747179,1,0,fold_2
2047,sub18,rest1,8,8,0,0.5344945527306333,0.6305307835593009,0.5,1,-0.2866004705429077,0.42883631587028503,1,3.704845566971501e-06,1.4341275443744084,7.702117516552341,0,0,0.6495327275909855,1,0,fold_2
2048,sub18,rest1,9,9,0,0.5717511181675858,0.6391671382648026,0.5,1,-0.08322429656982422,0.4792059361934662,1,3.704845566971501e-06,1.4341275443744084,7.702117516552341,0,0,0.6506563041111213,1,0,fold_2
2049,sub18,rest1,10,10,0,0.7487224372540843,0.6789002609488528,0.5,1,-0.15377295017242432,0.4616323709487915,1,3.704845566971501e-06,1.4341275443744084,7.702117516552341,0,0,0.5405860559965174,1,0,fold_2
2050,sub18,rest1,11,11,0,0.5489912132478632,0.6339015131197082,0.5,1,-0.4281609058380127,0.3945655822753906,1,3.704845566971501e-06,1.4341275443744084,7.702117516552341,0,0,0.38504708547151023,0,1,fold_2
2051,sub18,rest1,12,12,0,-0.8050027805923304,0.30895639392099106,0.5,0,-0.9200853705406189,0.2849404811859131,1,3.704845566971501e-06,1.4341275443744084,7.702117516552341,0,1,0.2410836828878055,0,1,fold_2
2052,sub18,rest1,13,13,0,-1.311216508840297,0.21228334937383136,0.5,0,-0.8643360137939453,0.296434223651886,1,3.704845566971501e-06,1.4341275443744084,7.702117516552341,0,1,0.2093719339707317,0,1,fold_2
2053,sub18,rest1,14,14,0,-1.3737707672145312,0.20201130536859407,0.5,0,-0.726923942565918,0.3258701264858246,1,3.704845566971501e-06,1.4341275443744084,7.702117516552341,0,1,0.20965724387413234,0,1,fold_2
2054,sub18,rest1,15,15,0,-1.3020444099840427,0.21382114716976966,0.5,0,-0.7369159460067749,0.3236789107322693,1,3.704845566971501e-06,1.4341275443744084,7.702117516552341,0,1,0.2187470347439727,0,1,fold_2
2055,sub18,rest1,16,16,0,-1.306105413633485,0.21313927908403324,0.5,0,-0.5262826681137085,0.37138432264328003,1,3.704845566971501e-06,1.4341275443744084,7.702117516552341,0,1,0.2971490300428595,0,1,fold_2
2056,sub18,rest1,17,17,1,-1.3566640684648472,0.20478301351810405,0.5,0,-0.698737382888794,0.3320922255516052,1,3.704845566971501e-06,1.4341275443744084,7.702117516552341,0,1,,,,fold_2
2057,sub18,rest1,18,18,0,-1.2123773421499302,0.22928067797811516,0.5,0,-1.006590723991394,0.2676475942134857,1,3.704845566971501e-06,1.4341275443744084,7.702117516552341,0,1,0.41727345061153026,0,1,fold_2
2058,sub18,rest1,19,19,0,-0.20460224871718288,0.44902713306643,0.5,0,-0.7611384391784668,0.3183991312980652,1,3.704845566971501e-06,1.4341275443744084,7.702117516552341,0,1,0.5403161096806405,1,0,fold_2
2059,sub18,rest1,20,20,0,0.29619684090779774,0.5735125407900457,0.5,1,-0.4967040419578552,0.3783155083656311,1,3.704845566971501e-06,1.4341275443744084,7.702117516552341,0,0,0.5828965771839755,1,0,fold_2
2060,sub18,rest1,21,21,0,0.3988388740463995,0.5984086551854458,0.5,1,-0.42020952701568604,0.39646658301353455,1,3.704845566971501e-06,1.4341275443744084,7.702117516552341,0,0,0.5959522321402528,1,0,fold_2
2061,sub18,rest1,22,22,0,0.3095218079040265,0.5767685355764349,0.5,1,-0.4427053928375244,0.3910965025424957,1,3.704845566971501e-06,1.4341275443744084,7.702117516552341,0,0,0.574655181669035,1,0,fold_2
2062,sub18,rest1,23,23,0,0.4585894688911889,0.612679505658878,0.5,1,-0.4400060176849365,0.39173951745033264,1,3.704845566971501e-06,1.4341275443744084,7.702117516552341,0,0,0.4505987564614848,0,1,fold_2
2063,sub18,rest1,24,24,0,0.13828998394238323,0.5345175037717921,0.5,1,-0.5447592735290527,0.3670811653137207,1,3.704845566971501e-06,1.4341275443744084,7.702117516552341,0,0,0.33559830442283384,0,1,fold_2
2064,sub18,rest1,25,25,1,-0.8645889615708648,0.29638147257202874,0.5,0,-0.8870419263839722,0.2917206585407257,1,3.704845566971501e-06,1.4341275443744084,7.702117516552341,0,1,,,,fold_2
2065,sub18,rest1,26,26,0,-1.3577928267089643,0.20459925995378422,0.5,0,-0.840506911277771,0.30142802000045776,1,3.704845566971501e-06,1.4341275443744084,7.702117516552341,0,1,0.25148458243762756,0,1,fold_2
2066,sub18,rest1,27,27,0,-1.006434779474554,0.267678149542925,0.5,0,-0.5116065740585327,0.37481698393821716,1,3.704845566971501e-06,1.4341275443744084,7.702117516552341,0,1,0.31093513481427576,0,1,fold_2
2067,sub18,rest1,28,28,0,-0.9336917561231025,0.2821763378161734,0.5,0,-0.5072433352470398,0.3758399486541748,1,3.704845566971501e-06,1.4341275443744084,7.702117516552341,0,1,0.3061298611892704,0,1,fold_2
2068,sub18,rest1,29,29,0,-0.4770417445193049,0.38295091708372875,0.5,0,-0.5639872550964355,0.362625390291214,1,3.704845566971501e-06,1.4341275443744084,7.702117516552341,0,1,0.3351112388998951,0,1,fold_2
2069,sub18,rest1,30,30,0,-1.0812881234417304,0.253262328667909,0.5,0,-1.0164421796798706,0.26572099328041077,1,3.704845566971501e-06,1.4341275443744084,7.702117516552341,0,1,0.2771721232912581,0,1,fold_2
2070,sub18,rest1,31,31,0,-0.5359918533434915,0.3691204709480475,0.5,0,-0.7772144079208374,0.3149205446243286,1,3.704845566971501e-06,1.4341275443744084,7.702117516552341,0,1,0.2564344783817836,0,1,fold_2
2071,sub18,rest1,32,32,0,-1.3301559510080208,0.2091335702578179,0.5,0,-0.8717707395553589,0.2948859930038452,1,3.704845566971501e-06,1.4341275443744084,7.702117516552341,0,1,0.20228214802505487,0,1,fold_2
2072,sub18,rest1,33,33,0,-1.4432058580184863,0.19104939393948553,0.5,0,-0.8445426225662231,0.30057892203330994,1,3.704845566971501e-06,1.4341275443744084,7.702117516552341,0,1,0.20762115992977184,0,1,fold_2
2073,sub18,rest1,34,34,1,-1.394659070395851,0.1986650043549288,0.5,0,-0.8152590990066528,0.3067709505558014,1,3.704845566971501e-06,1.4341275443744084,7.702117516552341,0,1,,,,fold_2
2074,sub18,rest1,35,35,0,-1.3451557256437157,0.2066634798778612,0.5,0,-0.933567225933075,0.2822015583515167,1,3.704845566971501e-06,1.4341275443744084,7.702117516552341,0,1,0.23779031197812484,0,1,fold_2
2075,sub18,rest1,36,36,0,-1.2358991420239265,0.22515060597196876,0.5,0,-1.009740948677063,0.2670305371284485,1,3.704845566971501e-06,1.4341275443744084,7.702117516552341,0,1,0.3043823918642945,0,1,fold_2
2076,sub18,rest1,37,37,0,-0.9367521977888,0.2815568500845446,0.5,0,-0.8443419337272644,0.3006211221218109,1,3.704845566971501e-06,1.4341275443744084,7.702117516552341,0,1,0.38583215386691067,0,1,fold_2
2077,sub18,rest1,38,38,0,-0.37870315008065386,0.4064397195363702,0.5,0,-0.7062979936599731,0.33041736483573914,1,3.704845566971501e-06,1.4341275443744084,7.702117516552341,0,1,0.4431417872385565,0,1,fold_2
2078,sub18,rest1,39,39,0,-0.12215209310023503,0.46949989197981706,0.5,0,-0.6514198780059814,0.34266966581344604,1,3.704845566971501e-06,1.4341275443744084,7.702117516552341,0,1,0.4812980205038378,0,1,fold_2
2079,sub18,rest1,40,40,0,-0.1865965347043459,0.4534857501994823,0.5,0,-0.6861490607261658,0.33489030599594116,1,3.704845566971501e-06,1.4341275443744084,7.702117516552341,0,1,0.4541051487322339,0,1,fold_2
2080,sub18,rest1,41,41,0,0.08368247716008362,0.5209084193322141,0.5,1,-0.6272931694984436,0.34812456369400024,1,3.704845566971501e-06,1.4341275443744084,7.702117516552341,0,0,0.37127121491144427,0,1,fold_2
2081,sub18,rest1,42,42,1,0.2472201033722435,0.5614921557348072,0.5,0,-0.6259384155273438,0.3484320640563965,1,3.704845566971501e-06,1.4341275443744084,7.702117516552341,0,1,,,,fold_2
2082,sub18,rest1,43,43,0,-0.4560584832961682,0.3879212766650053,0.5,0,-0.8681796789169312,0.2956331968307495,1,3.704845566971501e-06,1.4341275443744084,7.702117516552341,0,1,0.258251396446343,0,1,fold_2
2083,sub18,rest1,44,44,0,-1.3554306274887489,0.20498394873711334,0.5,0,-0.9852771759033203,0.2718459367752075,1,3.704845566971501e-06,1.4341275443744084,7.702117516552341,0,1,0.19144234884122255,0,1,fold_2
2084,sub18,rest1,45,45,0,-1.5038704861558703,0.18184896393691033,0.5,0,-0.699434757232666,0.3319375514984131,1,3.704845566971501e-06,1.4341275443744084,7.702117516552341,0,1,0.22887786162037257,0,1,fold_2
2085,sub18,rest1,46,46,0,-1.4663755752693786,0.18749413384964397,0.5,0,-0.9223213195800781,0.2844851315021515,1,3.704845566971501e-06,1.4341275443744084,7.702117516552341,0,1,0.3556004395182702,0,1,fold_2
2086,sub18,rest1,47,47,0,-0.7662517413118816,0.3172904870745634,0.5,0,-0.890424907207489,0.2910221517086029,1,3.704845566971501e-06,1.4341275443744084,7.702117516552341,0,1,0.506866896861538,1,0,fold_2
2087,sub18,rest1,48,48,0,0.2493507733333407,0.5620166976306032,0.5,1,-0.5365536212921143,0.36898964643478394,1,3.704845566971501e-06,1.4341275443744084,7.702117516552341,0,0,0.6019536135340536,1,0,fold_2
2088,sub18,rest1,49,49,0,0.580982750633786,0.6412935058794473,0.5,1,-0.3944593667984009,0.40264424681663513,1,3.704845566971501e-06,1.4341275443744084,7.702117516552341,0,0,0.5499255600624061,1,0,fold_2
2089,sub18,rest1,50,50,0,0.4161041697306264,0.6025506370921102,0.5,1,-0.4813729524612427,0.3819279670715332,1,3.704845566971501e-06,1.4341275443744084,7.702117516552341,0,0,0.4523988770816145,0,1,fold_2
2090,sub18,rest1,51,51,0,-0.3808059053232097,0.4059325372156611,0.5,0,-0.7523098587989807,0.32031822204589844,1,3.704845566971501e-06,1.4341275443744084,7.702117516552341,0,1,0.3670448569485947,0,1,fold_2
2091,sub18,rest1,52,52,0,-0.6246991590127849,0.3487134569370721,0.5,0,-0.808802604675293,0.3081457018852234,1,3.704845566971501e-06,1.4341275443744084,7.702117516552341,0,1,0.3919328300185965,0,1,fold_2
2092,sub18,rest1,53,53,0,-0.6345101627160721,0.3464885766930507,0.5,0,-0.7973988056182861,0.3105822205543518,1,3.704845566971501e-06,1.4341275443744084,7.702117516552341,0,1,0.4611110584234899,0,1,fold_2
2093,sub18,rest1,54,54,0,-0.0776531715982486,0.48059645642566684,0.5,0,-0.6108042597770691,0.35187575221061707,1,3.704845566971501e-06,1.4341275443744084,7.702117516552341,0,1,0.4831603680030217,0,1,fold_2
2094,sub18,rest1,55,55,0,0.2259489660418271,0.5562481421517519,0.5,1,-0.5687982439994812,0.3615141808986664,1,3.704845566971501e-06,1.4341275443744084,7.702117516552341,0,0,0.4443132887034138,0,1,fold_2
2095,sub18,rest1,56,56,0,-0.35307679605948067,0.41263650543164654,0.5,0,-0.8275622129440308,0.3041607737541199,1,3.704845566971501e-06,1.4341275443744084,7.702117516552341,0,1,0.3743843455056457,0,1,fold_2
2096,sub18,rest1,57,57,0,-0.5578061826066822,0.364055218526843,0.5,0,-0.8384171724319458,0.3018682301044464,1,3.704845566971501e-06,1.4341275443744084,7.702117516552341,0,1,0.3755523750316441,0,1,fold_2
2097,sub18,rest1,58,58,0,-0.6346305713532036,0.34646131255844753,0.5,0,-0.6347349882125854,0.3464376926422119,1,3.704845566971501e-06,1.4341275443744084,7.702117516552341,0,1,0.39291416685924374,0,1,fold_2
2098,sub18,rest1,59,59,0,-0.33863704114491827,0.4161405940096419,0.5,0,-0.390372633934021,0.40362757444381714,1,3.704845566971501e-06,1.4341275443744084,7.702117516552341,0,1,0.4161405940096419,0,1,fold_2
2099,sub18,rest2,0,60,0,0.5718379882372381,0.6391871730845816,0.5,1,-0.18224036693572998,0.4545655846595764,1,3.704845566971501e-06,1.4341275443744084,7.702117516552341,1,1,0.7175548903715331,1,1,fold_2
2100,sub18,rest2,1,61,0,1.057487803047525,0.7422101685746317,0.5,1,-0.1993046998977661,0.45033809542655945,1,3.704845566971501e-06,1.4341275443744084,7.702117516552341,1,1,0.7631078361609505,1,1,fold_2
2101,sub18,rest2,2,62,0,1.2154811001733317,0.7712673294553856,0.5,1,-0.16680049896240234,0.4583962857723236,1,3.704845566971501e-06,1.4341275443744084,7.702117516552341,1,1,0.7823585309484115,1,1,fold_2
2102,sub18,rest2,3,63,0,1.2416207913504735,0.7758460104528343,0.5,1,-0.04512941837310791,0.48871955275535583,1,3.704845566971501e-06,1.4341275443744084,7.702117516552341,1,1,0.7972963608790519,1,1,fold_2
2103,sub18,rest2,4,64,0,1.3860584586713107,0.7999622529370148,0.5,1,-0.007976174354553223,0.4980059862136841,1,3.704845566971501e-06,1.4341275443744084,7.702117516552341,1,1,0.8114475463228414,1,1,fold_2
2104,sub18,rest2,5,65,0,1.490016967177574,0.8160808192473068,0.5,1,-0.01001584529876709,0.497496098279953,1,3.704845566971501e-06,1.4341275443744084,7.702117516552341,1,1,0.8105064303449572,1,1,fold_2
2105,sub18,rest2,6,66,0,1.50486912848777,0.8182995667842027,0.5,1,-0.07859838008880615,0.4803604781627655,1,3.704845566971501e-06,1.4341275443744084,7.702117516552341,1,1,0.8104707690783322,1,1,fold_2
2106,sub18,rest2,7,67,0,1.3685074646986581,0.7971389050033618,0.5,1,-0.18829703330993652,0.45306435227394104,1,3.704845566971501e-06,1.4341275443744084,7.702117516552341,1,1,0.8100052228438375,1,1,fold_2
2107,sub18,rest2,8,68,0,1.4893043438924005,0.8159738354474321,0.5,1,-0.11823511123657227,0.47047558426856995,1,3.704845566971501e-06,1.4341275443744084,7.702117516552341,1,1,0.8184385984702395,1,1,fold_2
2108,sub18,rest2,9,69,0,1.4955038128721057,0.8169029280807185,0.5,1,-0.08211016654968262,0.4794839918613434,1,3.704845566971501e-06,1.4341275443744084,7.702117516552341,1,1,0.814287059939065,1,1,fold_2
2109,sub18,rest2,10,70,0,1.5329603222307249,0.8224390318825678,0.5,1,0.0401836633682251,0.5100445747375488,1,3.704845566971501e-06,1.4341275443744084,7.702117516552341,1,1,0.805409402602031,1,1,fold_2
2110,sub18,rest2,11,71,0,1.4084364894939982,0.8035192198539088,0.5,1,-0.14538812637329102,0.4637168347835541,1,3.704845566971501e-06,1.4341275443744084,7.702117516552341,1,1,0.7927991455590561,1,1,fold_2
2111,sub18,rest2,12,72,0,1.3265534049794903,0.7902699560696161,0.5,1,-0.1706705093383789,0.45743560791015625,1,3.704845566971501e-06,1.4341275443744084,7.702117516552341,1,1,0.7946514903971448,1,1,fold_2
2112,sub18,rest2,13,73,0,1.292726149110816,0.7846082607536433,0.5,1,-0.177293062210083,0.45579248666763306,1,3.704845566971501e-06,1.4341275443744084,7.702117516552341,1,1,0.8021125253440049,1,1,fold_2
2113,sub18,rest2,14,74,0,1.4440190593787683,0.809076254368175,0.5,1,-0.05902683734893799,0.48524752259254456,1,3.704845566971501e-06,1.4341275443744084,7.702117516552341,1,1,0.8100039950927865,1,1,fold_2
2114,sub18,rest2,15,75,0,1.4673420919393032,0.8126530609101967,0.5,1,-0.04443812370300293,0.4888923168182373,1,3.704845566971501e-06,1.4341275443744084,7.702117516552341,1,1,0.8080525421530784,1,1,fold_2
2115,sub18,rest2,16,76,0,1.4388897888156083,0.8082826699999882,0.5,1,0.014315009117126465,0.5035787224769592,1,3.704845566971501e-06,1.4341275443744084,7.702117516552341,1,1,0.8089225216337438,1,1,fold_2
2116,sub18,rest2,17,77,0,1.406554288403293,0.8032218955490501,0.5,1,-0.016027092933654785,0.49599331617355347,1,3.704845566971501e-06,1.4341275443744084,7.702117516552341,1,1,0.8125110335804244,1,1,fold_2
2117,sub18,rest2,18,78,0,1.4845775642759154,0.8152629993521933,0.5,1,-0.03217959403991699,0.49195581674575806,1,3.704845566971501e-06,1.4341275443744084,7.702117516552341,1,1,0.811966225743996,1,1,fold_2
2118,sub18,rest2,19,79,0,1.5099122763248276,0.8190482058400298,0.5,1,-0.10647022724151611,0.4734075665473938,1,3.704845566971501e-06,1.4341275443744084,7.702117516552341,1,1,0.8067378958933941,1,1,fold_2
2119,sub18,rest2,20,80,0,1.3962457636974885,0.8015874720397651,0.5,1,-0.11240160465240479,0.4719291031360626,1,3.704845566971501e-06,1.4341275443744084,7.702117516552341,1,1,0.8028392635884867,1,1,fold_2
2120,sub18,rest2,21,81,0,1.3836590060221647,0.799578009800387,0.5,1,-0.09790098667144775,0.4755443036556244,1,3.704845566971501e-06,1.4341275443744084,7.702117516552341,1,1,0.8086811938615405,1,1,fold_2
2121,sub18,rest2,22,82,0,1.4328970532828298,0.8073523089253076,0.5,1,-0.08316457271575928,0.47922080755233765,1,3.704845566971501e-06,1.4341275443744084,7.702117516552341,1,1,0.8153805374090396,1,1,fold_2
2122,sub18,rest2,23,83,0,1.5103512946366096,0.8191132628589268,0.5,1,-0.06841933727264404,0.4829018712043762,1,3.704845566971501e-06,1.4341275443744084,7.702117516552341,1,1,0.8209134099068841,1,1,fold_2
2123,sub18,rest2,24,84,0,1.514154181013339,0.819676040442884,0.5,1,-0.10228157043457031,0.47445186972618103,1,3.704845566971501e-06,1.4341275443744084,7.702117516552341,1,1,0.818858750737224,1,1,fold_2
2124,sub18,rest2,25,85,0,1.543348189480288,0.8239509264188415,0.5,1,-0.03066718578338623,0.4923337996006012,1,3.704845566971501e-06,1.4341275443744084,7.702117516552341,1,1,0.8155054524887912,1,1,fold_2
2125,sub18,rest2,26,86,0,1.4692889465354213,0.8129492853499465,0.5,1,-0.003701329231262207,0.49907463788986206,1,3.704845566971501e-06,1.4341275443744084,7.702117516552341,1,1,0.8080126679314389,1,1,fold_2
2126,sub18,rest2,27,87,0,1.4475179212128466,0.8096161456975859,0.5,1,0.10672271251678467,0.526655375957489,1,3.704845566971501e-06,1.4341275443744084,7.702117516552341,1,1,0.8055210813818503,1,1,fold_2
2127,sub18,rest2,28,88,0,1.3955234884173173,0.8014725727467843,0.5,1,0.0019477605819702148,0.5004869103431702,1,3.704845566971501e-06,1.4341275443744084,7.702117516552341,1,1,0.8056256485099805,1,1,fold_2
2128,sub18,rest2,29,89,0,1.4208684489274033,0.8054745257011804,0.5,1,0.03479719161987305,0.5086984038352966,1,3.704845566971501e-06,1.4341275443744084,7.702117516552341,1,1,0.8080816050472442,1,1,fold_2
2129,sub18,rest2,30,90,0,1.4495544054772656,0.8099298470819771,0.5,1,-0.054877638816833496,0.4862840473651886,1,3.704845566971501e-06,1.4341275443744084,7.702117516552341,1,1,0.80911098567123,1,1,fold_2
2130,sub18,rest2,31,91,0,1.4424932097400098,0.8088404423585753,0.5,1,-0.01396322250366211,0.49650928378105164,1,3.704845566971501e-06,1.4341275443744084,7.702117516552341,1,1,0.803637838311258,1,1,fold_2
2131,sub18,rest2,32,92,0,1.44069767767494,0.8085626675731373,0.5,1,-0.13964903354644775,0.4651443064212799,1,3.704845566971501e-06,1.4341275443744084,7.702117516552341,1,1,0.7668902983005372,1,1,fold_2
2132,sub18,rest2,33,93,0,1.3462166289621067,0.7935104050020617,0.5,1,-0.1955026388168335,0.4512794613838196,1,3.704845566971501e-06,1.4341275443744084,7.702117516552341,1,1,0.6731915862834578,1,1,fold_2
2133,sub18,rest2,34,94,0,0.8406297038105348,0.6985978223264127,0.5,1,-0.37914562225341797,0.40633299946784973,1,3.704845566971501e-06,1.4341275443744084,7.702117516552341,1,1,0.5933990502493356,1,1,fold_2
2134,sub18,rest2,35,95,0,0.10997683880233974,0.5274665315218987,0.5,1,-0.5880061388015747,0.3570924699306488,1,3.704845566971501e-06,1.4341275443744084,7.702117516552341,1,1,0.5684086494803321,1,1,fold_2
2135,sub18,rest2,36,96,0,0.21738320683031961,0.5541327968996955,0.5,1,-0.36526739597320557,0.40968504548072815,1,3.704845566971501e-06,1.4341275443744084,7.702117516552341,1,1,0.6389403503598537,1,1,fold_2
2136,sub18,rest2,37,97,0,0.5049701414006967,0.6236266200194024,0.5,1,-0.34363269805908203,0.41492730379104614,1,3.704845566971501e-06,1.4341275443744084,7.702117516552341,1,1,0.7020754418575196,1,1,fold_2
2137,sub18,rest2,38,98,0,1.041097086354912,0.7390616341604634,0.5,1,-0.04023468494415283,0.48994264006614685,1,3.704845566971501e-06,1.4341275443744084,7.702117516552341,1,1,0.7486520637606001,1,1,fold_2
2138,sub18,rest2,39,99,0,1.0644397431160855,0.7435380713926929,0.5,1,-0.15842759609222412,0.46047574281692505,1,3.704845566971501e-06,1.4341275443744084,7.702117516552341,1,1,0.7534199878468822,1,1,fold_2
2139,sub18,rest2,40,100,0,1.1711702885096513,0.7633564857286438,0.5,1,-0.05298435688018799,0.48675698041915894,1,3.704845566971501e-06,1.4341275443744084,7.702117516552341,1,1,0.7616783666492495,1,1,fold_2
2140,sub18,rest2,41,101,0,1.1166425145330683,0.7533654064193103,0.5,1,-0.14452743530273438,0.4639309346675873,1,3.704845566971501e-06,1.4341275443744084,7.702117516552341,1,1,0.7527454348457425,1,1,fold_2
2141,sub18,rest2,42,102,0,1.198811046736495,0.7683132077997941,0.5,1,-0.22822582721710205,0.4431898891925812,1,3.704845566971501e-06,1.4341275443744084,7.702117516552341,1,1,0.7418132818730756,1,1,fold_2
2142,sub18,rest2,43,103,0,1.0281531577836993,0.7365576903181233,0.5,1,-0.3484123945236206,0.4137674868106842,1,3.704845566971501e-06,1.4341275443744084,7.702117516552341,1,1,0.7509442797447395,1,1,fold_2
2143,sub18,rest2,44,104,0,0.9472855242402222,0.7205689475013096,0.5,1,-0.32720375061035156,0.41892117261886597,1,3.704845566971501e-06,1.4341275443744084,7.702117516552341,1,1,0.7516674519199628,1,1,fold_2
2144,sub18,rest2,45,105,0,1.3596708771028354,0.7957062014147858,0.5,1,-0.24224638938903809,0.4397328197956085,1,3.704845566971501e-06,1.4341275443744084,7.702117516552341,1,1,0.7608129159960879,1,1,fold_2
2145,sub18,rest2,46,106,0,1.0393636685599799,0.7387272068437931,0.5,1,-0.1590512990951538,0.4603208005428314,1,3.704845566971501e-06,1.4341275443744084,7.702117516552341,1,1,0.7244314857381075,1,1,fold_2
2146,sub18,rest2,47,107,0,1.088002218741633,0.7480053397296849,0.5,1,-0.08562314510345459,0.47860732674598694,1,3.704845566971501e-06,1.4341275443744084,7.702117516552341,1,1,0.720709267672084,1,1,fold_2
2147,sub18,rest2,48,108,0,0.7840945456954469,0.6865619106408443,0.5,1,-0.26773154735565186,0.43346405029296875,1,3.704845566971501e-06,1.4341275443744084,7.702117516552341,1,1,0.6710212921362686,1,1,fold_2
2148,sub18,rest2,49,109,0,0.9822808515924657,0.7275605526457231,0.5,1,-0.220505952835083,0.4450957775115967,1,3.704845566971501e-06,1.4341275443744084,7.702117516552341,1,1,0.6177386384840736,1,1,fold_2
2149,sub18,rest2,50,110,0,0.4010562669483949,0.5989414131222387,0.5,1,-0.2061018943786621,0.4486561417579651,1,3.704845566971501e-06,1.4341275443744084,7.702117516552341,1,1,0.5250344217340719,1,1,fold_2
2150,sub18,rest2,51,111,0,0.10695764796626438,0.526713949684259,0.5,1,-0.11617481708526611,0.4709888994693756,1,3.704845566971501e-06,1.4341275443744084,7.702117516552341,1,1,0.47663014637847817,0,0,fold_2
2151,sub18,rest2,52,112,0,-0.20290164260679397,0.4494479023957178,0.5,0,-0.43415653705596924,0.3931342363357544,1,3.704845566971501e-06,1.4341275443744084,7.702117516552341,1,0,0.4860214922529765,0,0,fold_2
2152,sub18,rest2,53,113,0,-0.1856167521368046,0.45372858705545766,0.5,0,-0.49256420135498047,0.3792897164821625,1,3.704845566971501e-06,1.4341275443744084,7.702117516552341,1,0,0.557878208803249,1,1,fold_2
2153,sub18,rest2,54,114,0,0.2204403042996143,0.554887987307754,0.5,1,-0.4265877604484558,0.39494141936302185,1,3.704845566971501e-06,1.4341275443744084,7.702117516552341,1,1,0.6664827701593036,1,1,fold_2
2154,sub18,rest2,55,115,0,0.6857375425549996,0.6650180520465354,0.5,1,-0.4147789478302002,0.39776673913002014,1,3.704845566971501e-06,1.4341275443744084,7.702117516552341,1,1,0.6751219762982371,1,1,fold_2
2155,sub18,rest2,56,116,0,1.263000944804676,0.7795422711236211,0.5,1,-0.25472700595855713,0.4366603195667267,1,3.704845566971501e-06,1.4341275443744084,7.702117516552341,1,1,0.5848486257913685,1,1,fold_2
2156,sub18,rest2,57,117,0,0.32608135471072164,0.5808056057245545,0.5,1,-0.4957864284515381,0.3785313665866852,1,3.704845566971501e-06,1.4341275443744084,7.702117516552341,1,1,0.42701131514541846,0,0,fold_2
2157,sub18,rest2,58,118,0,-0.42969987666593357,0.39419800052593,0.5,0,-0.4862511157989502,0.38077712059020996,1,3.704845566971501e-06,1.4341275443744084,7.702117516552341,1,0,0.33541955963249054,0,0,fold_2
2158,sub18,rest2,59,119,0,-0.8187439984417111,0.3060303391857708,0.5,0,-0.1801217794418335,0.4550909101963043,1,3.704845566971501e-06,1.4341275443744084,7.702117516552341,1,0,0.3060303391857708,0,0,fold_2
839,sub8,rest1,0,0,0,-0.9747870652056156,0.2739273675497366,0.5,0,-0.7536799311637878,0.32001999020576477,1,4.95468555133673e-06,2.200715442015553,6.392790392504585,0,1,0.22581027715075438,0,1,fold_3
840,sub8,rest1,1,1,0,-1.3330374570678551,0.20865737804879383,0.5,0,-0.8464565873146057,0.3001767098903656,1,4.95468555133673e-06,2.200715442015553,6.392790392504585,0,1,0.1894425029339025,0,1,fold_3
841,sub8,rest1,2,2,0,-1.4188235132541542,0.19484608585373267,0.5,0,-0.8624902963638306,0.2968193292617798,1,4.95468555133673e-06,2.200715442015553,6.392790392504585,0,1,0.16888931288057188,0,1,fold_3
842,sub8,rest1,3,3,0,-1.6227639169762336,0.16482404489918098,0.5,0,-0.6926019191741943,0.3334544897079468,1,4.95468555133673e-06,2.200715442015553,6.392790392504585,0,1,0.15447674764555974,0,1,fold_3
843,sub8,rest1,4,4,0,-1.7583444430260757,0.14699780788880207,0.5,0,-0.8309080600738525,0.30345308780670166,1,4.95468555133673e-06,2.200715442015553,6.392790392504585,0,1,0.15660073992996926,0,1,fold_3
844,sub8,rest1,5,5,0,-1.722041517597544,0.1516083901486962,0.5,0,-0.8395856618881226,0.30162203311920166,1,4.95468555133673e-06,2.200715442015553,6.392790392504585,0,1,0.16670125686238355,0,1,fold_3
845,sub8,rest1,6,6,0,-1.5771744454927232,0.17119602175240947,0.5,0,-0.8343838453292847,0.3027189373970032,1,4.95468555133673e-06,2.200715442015553,6.392790392504585,0,1,0.18056388600693676,0,1,fold_3
846,sub8,rest1,7,7,0,-1.5347527977364115,0.17729935868604496,0.5,0,-0.7294193506240845,0.32532215118408203,1,4.95468555133673e-06,2.200715442015553,6.392790392504585,0,1,0.25116134132566165,0,1,fold_3
847,sub8,rest1,8,8,0,-1.4293737654533958,0.19319627758235589,0.5,0,-0.7384964227676392,0.3233330249786377,1,4.95468555133673e-06,2.200715442015553,6.392790392504585,0,1,0.32002001310832323,0,1,fold_3
848,sub8,rest1,9,9,0,-0.47688317487556886,0.38298838770858395,0.5,0,-0.9396558403968811,0.28096985816955566,1,4.95468555133673e-06,2.200715442015553,6.392790392504585,0,1,0.41357329918384916,0,1,fold_3
849,sub8,rest1,10,10,0,-0.47313130482580534,0.3838753740340299,0.5,0,-0.8403686285018921,0.30145716667175293,1,4.95468555133673e-06,2.200715442015553,6.392790392504585,0,1,0.4112088188323458,0,1,fold_3
850,sub8,rest1,11,11,0,-0.1046709167337217,0.47385613580893354,0.5,0,-0.7547346353530884,0.3197905123233795,1,4.95468555133673e-06,2.200715442015553,6.392790392504585,0,1,0.4111516714689434,0,1,fold_3
851,sub8,rest1,12,12,0,-0.5070090017657833,0.3758949466540739,0.5,0,-0.9319677352905273,0.2825256586074829,1,4.95468555133673e-06,2.200715442015553,6.392790392504585,0,1,0.37918977817860555,0,1,fold_3
852,sub8,rest1,13,13,0,-0.4738562333860076,0.3837039319438227,0.5,0,-0.884894073009491,0.2921646237373352,1,4.95468555133673e-06,2.200715442015553,6.392790392504585,0,1,0.3525435651079789,0,1,fold_3
853,sub8,rest1,14,14,0,-0.4981715564326212,0.37797045593792,0.5,0,-0.8982738852500916,0.28940534591674805,1,4.95468555133673e-06,2.200715442015553,6.392790392504585,0,1,0.3546762271821616,0,1,fold_3
854,sub8,rest1,15,15,0,-0.8666285840884883,0.2959563074421941,0.5,0,-1.0518337488174438,0.2588731348514557,1,4.95468555133673e-06,2.200715442015553,6.392790392504585,0,1,0.370970242795495,0,1,fold_3
855,sub8,rest1,16,16,0,-0.4468838306318159,0.39010191816637074,0.5,0,-0.8499031662940979,0.2994531989097595,1,4.95468555133673e-06,2.200715442015553,6.392790392504585,0,1,0.40272211979977723,0,1,fold_3
856,sub8,rest1,17,17,1,-0.6831646004626616,0.3355553629450662,0.5,0,-0.9614623785018921,0.27658548951148987,1,4.95468555133673e-06,2.200715442015553,6.392790392504585,0,1,,,,fold_3
857,sub8,rest1,18,18,0,-0.2947045690393671,0.42685250277792014,0.5,0,-0.8702234029769897,0.29520782828330994,1,4.95468555133673e-06,2.200715442015553,6.392790392504585,0,1,0.3849895199816567,0,1,fold_3
858,sub8,rest1,19,19,0,-0.4422207413226231,0.3912119384550407,0.5,0,-0.9704251885414124,0.2747957408428192,1,4.95468555133673e-06,2.200715442015553,6.392790392504585,0,1,0.30416493975595266,0,1,fold_3
859,sub8,rest1,20,20,0,-0.6771212213942429,0.33690411871200926,0.5,0,-0.7992292642593384,0.3101904094219208,1,4.95468555133673e-06,2.200715442015553,6.392790392504585,0,1,0.2597551904235249,0,1,fold_3
860,sub8,rest1,21,21,0,-1.4869579464625668,0.18437876210080795,0.5,0,-0.8008284568786621,0.3098483383655548,1,4.95468555133673e-06,2.200715442015553,6.392790392504585,0,1,0.24488959701843513,0,1,fold_3
861,sub8,rest1,22,22,0,-1.056480079697431,0.2579826904577575,0.5,0,-0.7752305269241333,0.31534871459007263,1,4.95468555133673e-06,2.200715442015553,6.392790392504585,0,1,0.27667439454875425,0,1,fold_3
862,sub8,rest1,23,23,0,-0.8842041276794104,0.29230733849673995,0.5,0,-0.7555438280105591,0.3196145296096802,1,4.95468555133673e-06,2.200715442015553,6.392790392504585,0,1,0.2650588986619642,0,1,fold_3
863,sub8,rest1,24,24,0,-0.9457856320317236,0.27973315469176546,0.5,0,-0.7708709239959717,0.3162907361984253,1,4.95468555133673e-06,2.200715442015553,6.392790392504585,0,1,0.24284962519202188,0,1,fold_3
864,sub8,rest1,25,25,1,-1.3466965160187903,0.2064109757908206,0.5,0,-0.7185609340667725,0.32770994305610657,1,4.95468555133673e-06,2.200715442015553,6.392790392504585,0,1,,,,fold_3
865,sub8,rest1,26,26,0,-1.2474826819372387,0.22313620279738716,0.5,0,-1.036825180053711,0.2617630362510681,1,4.95468555133673e-06,2.200715442015553,6.392790392504585,0,1,0.23240403748271074,0,1,fold_3
866,sub8,rest1,27,27,0,-1.2328699159009382,0.22567951808691297,0.5,0,-1.073154330253601,0.25480368733406067,1,4.95468555133673e-06,2.200715442015553,6.392790392504585,0,1,0.21249395327467824,0,1,fold_3
867,sub8,rest1,28,28,0,-1.107183245295705,0.24839639156383206,0.5,0,-1.0586611032485962,0.2575654089450836,1,4.95468555133673e-06,2.200715442015553,6.392790392504585,0,1,0.19335686085121287,0,1,fold_3
868,sub8,rest1,29,29,0,-1.6331013501230662,0.16340595017328968,0.5,0,-0.8541061282157898,0.29857221245765686,1,4.95468555133673e-06,2.200715442015553,6.392790392504585,0,1,0.16322962686653056,0,1,fold_3
869,sub8,rest1,30,30,0,-1.5979506064046838,0.16826824081651695,0.5,0,-0.831800103187561,0.3032645881175995,1,4.95468555133673e-06,2.200715442015553,6.392790392504585,0,1,0.16724903693791707,0,1,fold_3
870,sub8,rest1,31,31,0,-1.6730745670786127,0.15801468960978507,0.5,0,-0.641190767288208,0.34497740864753723,1,4.95468555133673e-06,2.200715442015553,6.392790392504585,0,1,0.19650497495790895,0,1,fold_3
871,sub8,rest1,32,32,0,-1.5473856633797,0.1754641803874492,0.5,0,-0.8871931433677673,0.291689395904541,1,4.95468555133673e-06,2.200715442015553,6.392790392504585,0,1,0.2575397178861538,0,1,fold_3
872,sub8,rest1,33,33,0,-1.0666742988793962,0.2560360548764925,0.5,0,-0.37182819843292236,0.40809935331344604,1,4.95468555133673e-06,2.200715442015553,6.392790392504585,0,1,0.2837301250085008,0,1,fold_3
873,sub8,rest1,34,34,1,-1.0654471072756304,0.2562698822650375,0.5,0,-0.9026965498924255,0.2884966731071472,1,4.95468555133673e-06,2.200715442015553,6.392790392504585,0,1,,,,fold_3
874,sub8,rest1,35,35,0,-0.6583119146353489,0.3411189183945197,0.5,0,-1.0378329753875732,0.2615683376789093,1,4.95468555133673e-06,2.200715442015553,6.392790392504585,0,1,0.35483801648214053,0,1,fold_3
875,sub8,rest1,36,36,0,-1.0772045093500937,0.25403540175449024,0.5,0,-1.0789098739624023,0.25371235609054565,1,4.95468555133673e-06,2.200715442015553,6.392790392504585,0,1,0.3972956598471939,0,1,fold_3
876,sub8,rest1,37,37,0,-0.1227148474916239,0.4693597292974117,0.5,0,-0.792827844619751,0.31156182289123535,1,4.95468555133673e-06,2.200715442015553,6.392790392504585,0,1,0.5350647548677441,1,0,fold_3
877,sub8,rest1,38,38,0,-0.1261998321076334,0.4684918484896796,0.5,0,-0.8525115251541138,0.29890626668930054,1,4.95468555133673e-06,2.200715442015553,6.392790392504585,0,1,0.5891517450768534,1,0,fold_3
878,sub8,rest1,39,39,0,0.6961908167505476,0.6673426868161411,0.5,1,-0.3254523277282715,0.41934752464294434,1,4.95468555133673e-06,2.200715442015553,6.392790392504585,0,0,0.6330949174989846,1,0,fold_3
879,sub8,rest1,40,40,0,0.5391759415511017,0.6316206999247397,0.5,1,-0.33307111263275146,0.4174935519695282,1,4.95468555133673e-06,2.200715442015553,6.392790392504585,0,0,0.5115937123087136,1,0,fold_3
880,sub8,rest1,41,41,0,0.4068043116144878,0.600321365756073,0.5,1,-0.6493004560470581,0.3431471884250641,1,4.95468555133673e-06,2.200715442015553,6.392790392504585,0,0,0.3894235152988521,0,1,fold_3
881,sub8,rest1,42,42,1,-0.4861414163100565,0.38080297169435146,0.5,0,-0.9668158888816833,0.275515615940094,1,4.95468555133673e-06,2.200715442015553,6.392790392504585,0,1,,,,fold_3
882,sub8,rest1,43,43,0,-0.8338147254358713,0.30283907124532816,0.5,0,-0.8388322591781616,0.3017807602882385,1,4.95468555133673e-06,2.200715442015553,6.392790392504585,0,1,0.3055010213021274,0,1,fold_3
883,sub8,rest1,44,44,0,-1.0195754350173252,0.2651101088951551,0.5,0,-0.6736421585083008,0.33768177032470703,1,4.95468555133673e-06,2.200715442015553,6.392790392504585,0,1,0.31408414159593484,0,1,fold_3
884,sub8,rest1,45,45,0,-0.6254018513992661,0.34855388376589896,0.5,0,-0.7453038692474365,0.3218454122543335,1,4.95468555133673e-06,2.200715442015553,6.392790392504585,0,1,0.3168800698497853,0,1,fold_3
885,sub8,rest1,46,46,0,-0.7145763124041463,0.32858843212675043,0.5,0,-0.7905171513557434,0.31205764412879944,1,4.95468555133673e-06,2.200715442015553,6.392790392504585,0,1,0.262445457104376,0,1,fold_3
886,sub8,rest1,47,47,0,-0.9769474619142948,0.2734978936567064,0.5,0,-0.7178055644035339,0.32787638902664185,1,4.95468555133673e-06,2.200715442015553,6.392790392504585,0,1,0.22564720729954743,0,1,fold_3
887,sub8,rest1,48,48,0,-1.4811747518855305,0.18525004552967125,0.5,0,-0.6705741882324219,0.3383682668209076,1,4.95468555133673e-06,2.200715442015553,6.392790392504585,0,1,0.21745325987824093,0,1,fold_3
888,sub8,rest1,49,49,0,-1.2762239126088233,0.2181936827122646,0.5,0,-0.6761719584465027,0.33711621165275574,1,4.95468555133673e-06,2.200715442015553,6.392790392504585,0,1,0.307688525784752,0,1,fold_3
889,sub8,rest1,50,50,0,-1.1044017313316106,0.24891605139278697,0.5,0,-0.8307794332504272,0.3034802973270416,1,4.95468555133673e-06,2.200715442015553,6.392790392504585,0,1,0.33447019839602654,0,1,fold_3
890,sub8,rest1,51,51,0,-0.17663444421382057,0.4559558432492043,0.5,0,-0.7847827076911926,0.3132900297641754,1,4.95468555133673e-06,2.200715442015553,6.392790392504585,0,1,0.35537630823929905,0,1,fold_3
891,sub8,rest1,52,52,0,-0.8542661552445541,0.2985387005460883,0.5,0,-0.9493550062179565,0.27901455760002136,1,4.95468555133673e-06,2.200715442015553,6.392790392504585,0,1,0.26013171296678816,0,1,fold_3
892,sub8,rest1,53,53,0,-0.7924894752236775,0.3116343809226045,0.5,0,-0.9255836009979248,0.28382155299186707,1,4.95468555133673e-06,2.200715442015553,6.392790392504585,0,1,0.21521198990828552,0,1,fold_3
893,sub8,rest1,54,54,0,-1.5840543210482305,0.1702220574316717,0.5,0,-0.8437900543212891,0.3007371723651886,1,4.95468555133673e-06,2.200715442015553,6.392790392504585,0,1,0.16231243628936362,0,1,fold_3
894,sub8,rest1,55,55,0,-1.6303710942702336,0.16377953137058043,0.5,0,-0.9262276887893677,0.2836906611919403,1,4.95468555133673e-06,2.200715442015553,6.392790392504585,0,1,0.1606555705872477,0,1,fold_3
895,sub8,rest1,56,56,0,-1.7117588802517265,0.1529357200658387,0.5,0,-0.7685354948043823,0.3167960047721863,1,4.95468555133673e-06,2.200715442015553,6.392790392504585,0,1,0.1621470531987764,0,1,fold_3
896,sub8,rest1,57,57,0,-1.6196622136460903,0.16525146032532395,0.5,0,-0.7743333578109741,0.31554245948791504,1,4.95468555133673e-06,2.200715442015553,6.392790392504585,0,1,0.17486767740455303,0,1,fold_3
897,sub8,rest1,58,58,0,-1.59805251195515,0.16825397920516647,0.5,0,-0.7437664270401001,0.3221810758113861,1,4.95468555133673e-06,2.200715442015553,6.392790392504585,0,1,0.18348305485716798,0,1,fold_3
898,sub8,rest1,59,59,0,-1.4428940220478894,0.19109759268316873,0.5,0,-0.6618427634239197,0.34032580256462097,1,4.95468555133673e-06,2.200715442015553,6.392790392504585,0,1,0.19109759268316873,0,1,fold_3
899,sub8,rest2,0,60,0,-1.4467436197700239,0.19050323206932995,0.5,0,-0.8694444894790649,0.2953698933124542,1,4.95468555133673e-06,2.200715442015553,6.392790392504585,1,0,0.1992539169304457,0,0,fold_3
900,sub8,rest2,1,61,0,-1.5077191438060527,0.18127706194018878,0.5,0,-1.0405910015106201,0.2610359787940979,1,4.95468555133673e-06,2.200715442015553,6.392790392504585,1,0,0.25210159541126664,0,0,fold_3
901,sub8,rest2,2,62,0,-1.2311428846809183,0.2259814567818184,0.5,0,-0.9929916262626648,0.2703215777873993,1,4.95468555133673e-06,2.200715442015553,6.392790392504585,1,0,0.2850764569416135,0,0,fold_3
902,sub8,rest2,3,63,0,-0.6232340831535798,0.3490462675117928,0.5,0,-0.9088055491447449,0.2872442901134491,1,4.95468555133673e-06,2.200715442015553,6.392790392504585,1,0,0.36172243646614977,0,0,fold_3
903,sub8,rest2,4,64,0,-0.9434615980009922,0.28020164653122914,0.5,0,-0.8796647787094116,0.293247252702713,1,4.95468555133673e-06,2.200715442015553,6.392790392504585,1,0,0.4039759325572192,0,0,fold_3
904,sub8,rest2,5,65,0,-0.1767813768640746,0.4559193953554273,0.5,0,-0.7531311511993408,0.32013940811157227,1,4.95468555133673e-06,2.200715442015553,6.392790392504585,1,0,0.45825955631590315,0,0,fold_3
905,sub8,rest2,6,66,0,-0.09684860644623004,0.47580675578500126,0.5,0,-0.7655194997787476,0.3174491226673126,1,4.95468555133673e-06,2.200715442015553,6.392790392504585,1,0,0.4418611757815693,0,0,fold_3
906,sub8,rest2,7,67,0,-0.2287826352012134,0.443052517807281,0.5,0,-0.8874476552009583,0.2916368246078491,1,4.95468555133673e-06,2.200715442015553,6.392790392504585,1,0,0.41374894041849514,0,0,fold_3
907,sub8,rest2,8,68,0,-0.3775238463998695,0.4067242537524257,0.5,0,-0.8656742572784424,0.2961552143096924,1,4.95468555133673e-06,2.200715442015553,6.392790392504585,1,0,0.45153677042260076,0,0,fold_3
908,sub8,rest2,9,69,0,-0.4411371200193829,0.3914700496957788,0.5,0,-0.7502903938293457,0.32075804471969604,1,4.95468555133673e-06,2.200715442015553,6.392790392504585,1,0,0.5227810923880495,1,1,fold_3
909,sub8,rest2,10,70,0,0.2266290613124856,0.5564160078195977,0.5,1,-0.7892045974731445,0.3123394846916199,1,4.95468555133673e-06,2.200715442015553,6.392790392504585,1,1,0.6475452479024456,1,1,fold_3
910,sub8,rest2,11,71,0,0.4914893386215634,0.6204572196487722,0.5,1,-0.797619640827179,0.31053492426872253,1,4.95468555133673e-06,2.200715442015553,6.392790392504585,1,1,0.7057087550291609,1,1,fold_3
911,sub8,rest2,12,72,0,1.1845366020765615,0.7657625162389667,0.5,1,-0.35766541957855225,0.41152483224868774,1,4.95468555133673e-06,2.200715442015553,6.392790392504585,1,1,0.7342920456744414,1,1,fold_3
912,sub8,rest2,13,73,0,0.9992267902020386,0.7309065291997435,0.5,1,-0.4572952389717102,0.38762763142585754,1,4.95468555133673e-06,2.200715442015553,6.392790392504585,1,1,0.6926573521794154,1,1,fold_3
913,sub8,rest2,14,74,0,0.8770333993442258,0.7062070915846136,0.5,1,-0.6511407494544983,0.3427325189113617,1,4.95468555133673e-06,2.200715442015553,6.392790392504585,1,1,0.6691645488686689,1,1,fold_3
914,sub8,rest2,15,75,0,0.5790919433347919,0.6408584357538887,0.5,1,-0.7080484628677368,0.3300302028656006,1,4.95468555133673e-06,2.200715442015553,6.392790392504585,1,1,0.7031782698176618,1,1,fold_3
915,sub8,rest2,16,76,0,0.6652026404168013,0.6604281192675043,0.5,1,-0.6555087566375732,0.3417492210865021,1,4.95468555133673e-06,2.200715442015553,6.392790392504585,1,1,0.7644791951981794,1,1,fold_3
916,sub8,rest2,17,77,0,1.438667713353111,0.8082482544315926,0.5,1,-0.40324461460113525,0.4005330204963684,1,4.95468555133673e-06,2.200715442015553,6.392790392504585,1,1,0.8159106669338917,1,1,fold_3
917,sub8,rest2,18,78,0,1.5489443570227934,0.8247612118954415,0.5,1,-0.3483511209487915,0.41378235816955566,1,4.95468555133673e-06,2.200715442015553,6.392790392504585,1,1,0.8055425631623789,1,1,fold_3
918,sub8,rest2,19,79,0,1.480993091646004,0.8147225344746408,0.5,1,-0.37983012199401855,0.4061678946018219,1,4.95468555133673e-06,2.200715442015553,6.392790392504585,1,1,0.7818868095288406,1,1,fold_3
919,sub8,rest2,20,80,0,1.2490995099717108,0.7771439431170541,0.5,1,-0.5649927854537964,0.36239299178123474,1,4.95468555133673e-06,2.200715442015553,6.392790392504585,1,1,0.763928513214983,1,1,fold_3
920,sub8,rest2,21,81,0,1.118950273193727,0.7537939509948269,0.5,1,-0.6068464517593384,0.3527788817882538,1,4.95468555133673e-06,2.200715442015553,6.392790392504585,1,1,0.7613394150275582,1,1,fold_3
921,sub8,rest2,22,82,0,1.1573323196145515,0.7608476455330677,0.5,1,-0.35952603816986084,0.41107428073883057,1,4.95468555133673e-06,2.200715442015553,6.392790392504585,1,1,0.7769068743156081,1,1,fold_3
922,sub8,rest2,23,83,0,1.204794773091641,0.7693766485547799,0.5,1,-0.3253657817840576,0.4193686246871948,1,4.95468555133673e-06,2.200715442015553,6.392790392504585,1,1,0.7949601724197833,1,1,fold_3
923,sub8,rest2,24,84,0,1.3893993084962637,0.8004963288589767,0.5,1,-0.2529623508453369,0.4370945394039154,1,4.95468555133673e-06,2.200715442015553,6.392790392504585,1,1,0.7940061733961353,1,1,fold_3
924,sub8,rest2,25,85,0,1.4828822962167012,0.8150075398455933,0.5,1,-0.4044187068939209,0.4002511501312256,1,4.95468555133673e-06,2.200715442015553,6.392790392504585,1,1,0.7535125779851635,1,1,fold_3
925,sub8,rest2,26,86,0,1.188734485029518,0.7665146514838361,0.5,1,-0.6358043551445007,0.3461955785751343,1,4.95468555133673e-06,2.200715442015553,6.392790392504585,1,1,0.6337922492090188,1,1,fold_3
926,sub8,rest2,27,87,0,0.7492513152002643,0.6790155426260612,0.5,1,-0.7320187091827393,0.3247518837451935,1,4.95468555133673e-06,2.200715442015553,6.392790392504585,1,1,0.496722395804617,0,0,fold_3
927,sub8,rest2,28,88,0,-0.17707503038308897,0.45584655351715914,0.5,0,-0.762623131275177,0.318077027797699,1,4.95468555133673e-06,2.200715442015553,6.392790392504585,1,0,0.3651942338635627,0,0,fold_3
928,sub8,rest2,29,89,0,-0.5958003627471848,0.3553050912706309,0.5,0,-0.7765542268753052,0.3150629699230194,1,4.95468555133673e-06,2.200715442015553,6.392790392504585,1,0,0.29273723376057625,0,0,fold_3
929,sub8,rest2,30,90,0,-0.9225870579216632,0.28443105680289793,0.5,0,-0.7459156513214111,0.321711927652359,1,4.95468555133673e-06,2.200715442015553,6.392790392504585,1,0,0.2756611264042647,0,0,fold_3
930,sub8,rest2,31,91,0,-1.1610554724861366,0.23847555320819985,0.5,0,-0.8337963819503784,0.302842915058136,1,4.95468555133673e-06,2.200715442015553,6.392790392504585,1,0,0.3615164772544603,0,0,fold_3
931,sub8,rest2,32,92,0,-0.8279591538791553,0.30407676920169635,0.5,0,-0.8638220429420471,0.2965414226055145,1,4.95468555133673e-06,2.200715442015553,6.392790392504585,1,0,0.5310033387346251,1,1,fold_3
932,sub8,rest2,33,93,0,0.16838517257972854,0.5419971093534846,0.5,1,-0.8939962387084961,0.2902858257293701,1,4.95468555133673e-06,2.200715442015553,6.392790392504585,1,1,0.6631204657942299,1,1,fold_3
933,sub8,rest2,34,94,0,1.0823378124736194,0.7469361376486945,0.5,1,-0.6545013189315796,0.3419758677482605,1,4.95468555133673e-06,2.200715442015553,6.392790392504585,1,1,0.5931832738735019,1,1,fold_3
934,sub8,rest2,35,95,0,0.8493375041195326,0.7004281503805104,0.5,1,-0.6906418800354004,0.33389031887054443,1,4.95468555133673e-06,2.200715442015553,6.392790392504585,1,1,0.41277861140050315,0,0,fold_3
935,sub8,rest2,36,96,0,-0.6983167411171205,0.3321855335913008,0.5,0,-0.6941192150115967,0.33311736583709717,1,4.95468555133673e-06,2.200715442015553,6.392790392504585,1,0,0.23816671127511577,0,0,fold_3
936,sub8,rest2,37,97,0,-1.3509068637047412,0.20572215022969823,0.5,0,-0.7981058359146118,0.3104308247566223,1,4.95468555133673e-06,2.200715442015553,6.392790392504585,1,0,0.19750583367799215,0,0,fold_3
937,sub8,rest2,38,98,0,-1.539606743287808,0.1765924500043482,0.5,0,-0.8147761225700378,0.3068736791610718,1,4.95468555133673e-06,2.200715442015553,6.392790392504585,1,0,0.22528433845342558,0,0,fold_3
938,sub8,rest2,39,99,0,-1.3237028174797372,0.2102029007999301,0.5,0,-0.734736442565918,0.3241562247276306,1,4.95468555133673e-06,2.200715442015553,6.392790392504585,1,0,0.3556427235572351,0,0,fold_3
939,sub8,rest2,40,100,0,-0.8999651235155528,0.28905766455599846,0.5,0,-0.7477756142616272,0.32130616903305054,1,4.95468555133673e-06,2.200715442015553,6.392790392504585,1,0,0.5197593585014272,1,1,fold_3
940,sub8,rest2,41,101,0,0.27234132099247726,0.5676676053157768,0.5,1,-0.7537137269973755,0.320012629032135,1,4.95468555133673e-06,2.200715442015553,6.392790392504585,1,1,0.6966697090161773,1,1,fold_3
941,sub8,rest2,42,102,0,0.8594838552363958,0.7025528056325064,0.5,1,-0.6020348072052002,0.35387828946113586,1,4.95468555133673e-06,2.200715442015553,6.392790392504585,1,1,0.7843896386052741,1,1,fold_3
942,sub8,rest2,43,103,0,1.5149166817957072,0.8197887161002486,0.5,1,-0.46232515573501587,0.3864343762397766,1,4.95468555133673e-06,2.200715442015553,6.392790392504585,1,1,0.8353631003996274,1,1,fold_3
943,sub8,rest2,44,104,0,1.5915025340962787,0.8308273940830675,0.5,1,-0.32042431831359863,0.42057234048843384,1,4.95468555133673e-06,2.200715442015553,6.392790392504585,1,1,0.8386838410299058,1,1,fold_3
944,sub8,rest2,45,105,0,1.7781897359816359,0.8554731910155658,0.5,1,-0.30297553539276123,0.42483025789260864,1,4.95468555133673e-06,2.200715442015553,6.392790392504585,1,1,0.8330551873176755,1,1,fold_3
945,sub8,rest2,46,106,0,1.5838631455276573,0.8297509379910843,0.5,1,-0.5260593891143799,0.3714364171028137,1,4.95468555133673e-06,2.200715442015553,6.392790392504585,1,1,0.7500947211757412,1,1,fold_3
946,sub8,rest2,47,107,0,1.4758269129343666,0.8139414329463764,0.5,1,-0.5573136806488037,0.36416923999786377,1,4.95468555133673e-06,2.200715442015553,6.392790392504585,1,1,0.5709591400514453,1,1,fold_3
947,sub8,rest2,48,108,0,0.4330082964794333,0.6065917925897626,0.5,1,-0.7662135362625122,0.3172987699508667,1,4.95468555133673e-06,2.200715442015553,6.392790392504585,1,1,0.3865924713012203,0,0,fold_3
948,sub8,rest2,49,109,0,-0.8840259681115821,0.29234419461819705,0.5,0,-0.9243595600128174,0.2840704321861267,1,4.95468555133673e-06,2.200715442015553,6.392790392504585,1,0,0.2680747032546193,0,0,fold_3
949,sub8,rest2,50,110,0,-1.041599814019086,0.26084142669570126,0.5,0,-0.9712318778038025,0.27463504672050476,1,4.95468555133673e-06,2.200715442015553,6.392790392504585,1,0,0.2695727057454978,0,0,fold_3
950,sub8,rest2,51,111,0,-1.0930813279339204,0.25103848844995946,0.5,0,-0.9790169596672058,0.27308687567710876,1,4.95468555133673e-06,2.200715442015553,6.392790392504585,1,0,0.23553006515334052,0,0,fold_3
951,sub8,rest2,52,112,0,-0.8623998025730841,0.29683820209083267,0.5,0,-0.98442542552948,0.2720145881175995,1,4.95468555133673e-06,2.200715442015553,6.392790392504585,1,0,0.20725251905016343,0,0,fold_3
952,sub8,rest2,53,113,0,-1.667831540914783,0.15871350491922936,0.5,0,-0.7649195194244385,0.31757915019989014,1,4.95468555133673e-06,2.200715442015553,6.392790392504585,1,0,0.17448622431123503,0,0,fold_3
953,sub8,rest2,54,114,0,-1.6127594679799075,0.1662058501404282,0.5,0,-0.8300460577011108,0.3036353290081024,1,4.95468555133673e-06,2.200715442015553,6.392790392504585,1,0,0.22891080509549244,0,0,fold_3
954,sub8,rest2,55,115,0,-1.3954487600373768,0.19853931787404747,0.5,0,-0.6755730509757996,0.33725008368492126,1,4.95468555133673e-06,2.200715442015553,6.392790392504585,1,0,0.299787728868772,0,0,fold_3
955,sub8,rest2,56,116,0,-0.74465415708205,0.3219872472720017,0.5,0,-0.5581328868865967,0.3639795780181885,1,4.95468555133673e-06,2.200715442015553,6.392790392504585,1,0,0.36227699923766404,0,0,fold_3
956,sub8,rest2,57,117,0,-0.494489102567114,0.3788366214602668,0.5,0,-0.5792441368103027,0.35910654067993164,1,4.95468555133673e-06,2.200715442015553,6.392790392504585,1,0,0.36253671004953586,0,0,fold_3
957,sub8,rest2,58,118,0,-0.464127479205685,0.38600712898072354,0.5,0,-0.7492431402206421,0.32098624110221863,1,4.95468555133673e-06,2.200715442015553,6.392790392504585,1,0,0.3438466294653193,0,0,fold_3
958,sub8,rest2,59,119,0,-0.7410875161693182,0.3227663797076172,0.5,0,-0.6744429469108582,0.33750268816947937,1,4.95468555133673e-06,2.200715442015553,6.392790392504585,1,0,0.3227663797076172,0,0,fold_3
1799,sub16,rest1,0,0,0,0.27594556045598323,0.5685519450730553,0.5,1,1.49185311794281,0.8163562417030334,1,3.4713525776355815e-06,1.2548569814645942,11.451738723983834,0,0,0.5673294144354227,1,0,fold_3
1800,sub16,rest1,1,1,0,0.43380496175192546,0.6067818911953852,0.5,1,1.7939952611923218,0.8574163913726807,1,3.4713525776355815e-06,1.2548569814645942,11.451738723983834,0,0,0.5677388505684539,1,0,fold_3
1801,sub16,rest1,2,2,0,0.10671879708960644,0.5266544070378278,0.5,1,1.2192572355270386,0.77193284034729,1,3.4713525776355815e-06,1.2548569814645942,11.451738723983834,0,0,0.549841481633811,1,0,fold_3
1802,sub16,rest1,3,3,0,0.2809546496834686,0.5697802534721487,0.5,1,1.5333486795425415,0.8224957585334778,1,3.4713525776355815e-06,1.2548569814645942,11.451738723983834,0,0,0.5739289914269728,1,0,fold_3
1803,sub16,rest1,4,4,0,0.21316263259610654,0.5530897843914564,0.5,1,1.7093685865402222,0.8467544317245483,1,3.4713525776355815e-06,1.2548569814645942,11.451738723983834,0,0,0.5549308778691352,1,0,fold_3
1804,sub16,rest1,5,5,0,0.40095437111820137,0.5989169364173136,0.5,1,2.0922422409057617,0.8901468515396118,1,3.4713525776355815e-06,1.2548569814645942,11.451738723983834,0,0,0.49265454150427995,0,1,fold_3
1805,sub16,rest1,6,6,0,0.05115480349302541,0.5127859127986356,0.5,1,1.2982529401779175,0.7855408191680908,1,3.4713525776355815e-06,1.2548569814645942,11.451738723983834,0,0,0.38297431947531896,0,1,fold_3
1806,sub16,rest1,7,7,0,-0.5482919718156533,0.36626077529689044,0.5,0,0.34954237937927246,0.5865066051483154,1,3.4713525776355815e-06,1.2548569814645942,11.451738723983834,0,1,0.29842897653896033,0,1,fold_3
1807,sub16,rest1,8,8,0,-0.9952504165475825,0.26987627033043066,0.5,0,0.018181800842285156,0.5045453310012817,1,3.4713525776355815e-06,1.2548569814645942,11.451738723983834,0,1,0.2626100288409901,0,1,fold_3
1808,sub16,rest1,9,9,0,-1.0503917352676089,0.2591498839895599,0.5,0,-0.014832496643066406,0.4962919354438782,1,3.4713525776355815e-06,1.2548569814645942,11.451738723983834,0,1,0.25820209285201007,0,1,fold_3
1809,sub16,rest1,10,10,0,-1.0521944327173134,0.2588039322029797,0.5,0,-0.023055195808410645,0.49423643946647644,1,3.4713525776355815e-06,1.2548569814645942,11.451738723983834,0,1,0.25537348354840533,0,1,fold_3
1810,sub16,rest1,11,11,0,-1.0634408013242411,0.25665246236349054,0.5,0,-0.04776453971862793,0.48806115984916687,1,3.4713525776355815e-06,1.2548569814645942,11.451738723983834,0,1,0.25088375667382307,0,1,fold_3
1811,sub16,rest1,12,12,0,-1.0950737855720554,0.2506640560787456,0.5,0,-0.0625532865524292,0.4843667447566986,1,3.4713525776355815e-06,1.2548569814645942,11.451738723983834,0,1,0.24862202793921942,0,1,fold_3
1812,sub16,rest1,13,13,0,-1.1236506604144243,0.24533475157923296,0.5,0,-0.4054361581802368,0.4000069499015808,1,3.4713525776355815e-06,1.2548569814645942,11.451738723983834,0,1,0.25032854421253176,0,1,fold_3
1813,sub16,rest1,14,14,0,-1.0993202744681778,0.2498672761596797,0.5,0,-0.41241657733917236,0.39833277463912964,1,3.4713525776355815e-06,1.2548569814645942,11.451738723983834,0,1,0.2508395777361392,0,1,fold_3
1814,sub16,rest1,15,15,0,-1.0680000525210267,0.2557836048986825,0.5,0,-0.32847559452056885,0.4186115860939026,1,3.4713525776355815e-06,1.2548569814645942,11.451738723983834,0,1,0.2436571827354496,0,1,fold_3
1815,sub16,rest1,16,16,0,-1.11538752563507,0.2468678521500554,0.5,0,-0.52501380443573,0.3716805875301361,1,3.4713525776355815e-06,1.2548569814645942,11.451738723983834,0,1,0.2325887158540704,0,1,fold_3
1816,sub16,rest1,17,17,1,-1.1888183282835845,0.23347034342927286,0.5,0,-0.7341313362121582,0.3242887854576111,1,3.4713525776355815e-06,1.2548569814645942,11.451738723983834,0,1,,,,fold_3
1817,sub16,rest1,18,18,0,-1.2178212852097097,0.22832009115761082,0.5,0,-0.786333441734314,0.31295648217201233,1,3.4713525776355815e-06,1.2548569814645942,11.451738723983834,0,1,0.2245643053244604,0,1,fold_3
1818,sub16,rest1,19,19,0,-1.2507045350967865,0.22257820425454497,0.5,0,-0.6541987657546997,0.3420439660549164,1,3.4713525776355815e-06,1.2548569814645942,11.451738723983834,0,1,0.22282623615072136,0,1,fold_3
1819,sub16,rest1,20,20,0,-1.249454275978974,0.22279462056122548,0.5,0,-0.47950804233551025,0.3823682963848114,1,3.4713525776355815e-06,1.2548569814645942,11.451738723983834,0,1,0.22308534212159978,0,1,fold_3
1820,sub16,rest1,21,21,0,-1.2476575954210596,0.2231058836363936,0.5,0,-0.3673816919326782,0.409173846244812,1,3.4713525776355815e-06,1.2548569814645942,11.451738723983834,0,1,0.22338862760611322,0,1,fold_3
1821,sub16,rest1,22,22,0,-1.2462179164004648,0.2233555221671803,0.5,0,-0.28566932678222656,0.42906445264816284,1,3.4713525776355815e-06,1.2548569814645942,11.451738723983834,0,1,0.2242525259789412,0,1,fold_3
1822,sub16,rest1,23,23,0,-1.2442073945029941,0.22370447701476578,0.5,0,-0.5072123408317566,0.3758472204208374,1,3.4713525776355815e-06,1.2548569814645942,11.451738723983834,0,1,0.2247284752665677,0,1,fold_3
1823,sub16,rest1,24,24,0,-1.2327665663478156,0.22569757875487753,0.5,0,-0.4385265111923218,0.3920920789241791,1,3.4713525776355815e-06,1.2548569814645942,11.451738723983834,0,1,0.22784730231333852,0,1,fold_3
1824,sub16,rest1,25,25,1,-1.2394290226295772,0.22453538824396985,0.5,0,-0.5094282627105713,0.37532755732536316,1,3.4713525776355815e-06,1.2548569814645942,11.451738723983834,0,1,,,,fold_3
1825,sub16,rest1,26,26,0,-1.238005374287545,0.22478337003005983,0.5,0,-0.32412469387054443,0.41967087984085083,1,3.4713525776355815e-06,1.2548569814645942,11.451738723983834,0,1,0.2301319215766093,0,1,fold_3
1826,sub16,rest1,27,27,0,-1.1911072797950806,0.2330609581550782,0.5,0,-0.39520585536956787,0.40246474742889404,1,3.4713525776355815e-06,1.2548569814645942,11.451738723983834,0,1,0.23256564991696846,0,1,fold_3
1827,sub16,rest1,28,28,0,-1.1939600259068552,0.23255143654468988,0.5,0,-0.46050095558166504,0.386866956949234,1,3.4713525776355815e-06,1.2548569814645942,11.451738723983834,0,1,0.2307989560223338,0,1,fold_3
1828,sub16,rest1,29,29,0,-1.1965778626699455,0.23208455505113723,0.5,0,-0.6039606332778931,0.3534380793571472,1,3.4713525776355815e-06,1.2548569814645942,11.451738723983834,0,1,0.22957529876588176,0,1,fold_3
1829,sub16,rest1,30,30,0,-1.2209979563822464,0.22776087647117424,0.5,0,-0.5934728384017944,0.355838418006897,1,3.4713525776355815e-06,1.2548569814645942,11.451738723983834,0,1,0.2288934426708262,0,1,fold_3
1830,sub16,rest1,31,31,0,-1.2146435213573967,0.22888046477533372,0.5,0,-0.6468197107315063,0.34370654821395874,1,3.4713525776355815e-06,1.2548569814645942,11.451738723983834,0,1,0.22936948020848122,0,1,fold_3
1831,sub16,rest1,32,32,0,-1.2080910791657546,0.23003898676597065,0.5,0,-0.6532821655273438,0.3422502875328064,1,3.4713525776355815e-06,1.2548569814645942,11.451738723983834,0,1,0.23220359007972366,0,1,fold_3
1832,sub16,rest1,33,33,0,-1.2128962784458208,0.2291889890841392,0.5,0,-0.7460089921951294,0.3216915428638458,1,3.4713525776355815e-06,1.2548569814645942,11.451738723983834,0,1,0.2339143561568567,0,1,fold_3
1833,sub16,rest1,34,34,1,-1.2169286699090778,0.2284773992092926,0.5,0,-0.8249078392982483,0.3047228455543518,1,3.4713525776355815e-06,1.2548569814645942,11.451738723983834,0,1,,,,fold_3
1834,sub16,rest1,35,35,0,-1.1670822045900813,0.23738279438906104,0.5,0,-0.7094128727912903,0.3297286033630371,1,3.4713525776355815e-06,1.2548569814645942,11.451738723983834,0,1,0.23228962103206455,0,1,fold_3
1835,sub16,rest1,36,36,0,-1.179337785824446,0.23517128499736986,0.5,0,-0.7445161938667297,0.3220173418521881,1,3.4713525776355815e-06,1.2548569814645942,11.451738723983834,0,1,0.2261690896918526,0,1,fold_3
1836,sub16,rest1,37,37,0,-1.2406964389892783,0.2243147837097627,0.5,0,-0.8010967969894409,0.3097909390926361,1,3.4713525776355815e-06,1.2548569814645942,11.451738723983834,0,1,0.22078767977806416,0,1,fold_3
1837,sub16,rest1,38,38,0,-1.2713794738467734,0.21902120036842518,0.5,0,-0.7986323237419128,0.3103181719779968,1,3.4713525776355815e-06,1.2548569814645942,11.451738723983834,0,1,0.22140115616482728,0,1,fold_3
1838,sub16,rest1,39,39,0,-1.2713452452587564,0.21902705525600463,0.5,0,-0.7967610359191895,0.3107188045978546,1,3.4713525776355815e-06,1.2548569814645942,11.451738723983834,0,1,0.22643061585888305,0,1,fold_3
1839,sub16,rest1,40,40,0,-1.230149773900491,0.226155212870052,0.5,0,-0.7288311719894409,0.3254512846469879,1,3.4713525776355815e-06,1.2548569814645942,11.451738723983834,0,1,0.23212513860197567,0,1,fold_3
1840,sub16,rest1,41,41,0,-1.1852498113989574,0.23410957945059255,0.5,0,-0.6790328025817871,0.3364771902561188,1,3.4713525776355815e-06,1.2548569814645942,11.451738723983834,0,1,0.2340820809884349,0,1,fold_3
1841,sub16,rest1,42,42,1,-1.1870851950818928,0.23378065157648584,0.5,0,-0.6367231607437134,0.3459876477718353,1,3.4713525776355815e-06,1.2548569814645942,11.451738723983834,0,1,,,,fold_3
1842,sub16,rest1,43,43,0,-1.1741225447635268,0.23611062348528244,0.5,0,-0.5852288007736206,0.35773035883903503,1,3.4713525776355815e-06,1.2548569814645942,11.451738723983834,0,1,0.23848412626620333,0,1,fold_3
1843,sub16,rest1,44,44,0,-1.1969062194106552,0.23202604002942967,0.5,0,-0.5883972644805908,0.35700270533561707,1,3.4713525776355815e-06,1.2548569814645942,11.451738723983834,0,1,0.2467377690312185,0,1,fold_3
1844,sub16,rest1,45,45,0,-1.112980143317092,0.24731571528389787,0.5,0,-0.48922449350357056,0.3800762891769409,1,3.4713525776355815e-06,1.2548569814645942,11.451738723983834,0,1,0.27397458555268656,0,1,fold_3
1845,sub16,rest1,46,46,0,-1.041443571992824,0.26087155178032795,0.5,0,-0.37539732456207275,0.4072374701499939,1,3.4713525776355815e-06,1.2548569814645942,11.451738723983834,0,1,0.31051774379132596,0,1,fold_3
1846,sub16,rest1,47,47,0,-0.7827082514615773,0.31373648959383393,0.5,0,0.14347970485687256,0.5358085036277771,1,3.4713525776355815e-06,1.2548569814645942,11.451738723983834,0,1,0.3538275700636338,0,1,fold_3
1847,sub16,rest1,48,48,0,-0.588647721082124,0.3569451899998159,0.5,0,0.5836578607559204,0.6419086456298828,1,3.4713525776355815e-06,1.2548569814645942,11.451738723983834,0,1,0.38697831047114417,0,1,fold_3
1848,sub16,rest1,49,49,0,-0.44394637198455955,0.3908010305972517,0.5,0,0.9387010335922241,0.7188372015953064,1,3.4713525776355815e-06,1.2548569814645942,11.451738723983834,0,1,0.4028071917548403,0,1,fold_3
1849,sub16,rest1,50,50,0,-0.35079886912016456,0.41318871081636493,0.5,0,1.039035677909851,0.7386638522148132,1,3.4713525776355815e-06,1.2548569814645942,11.451738723983834,0,1,0.4052919838177142,0,1,fold_3
1850,sub16,rest1,51,51,0,-0.38703264823904415,0.4044318338509042,0.5,0,0.9744375944137573,0.726003110408783,1,3.4713525776355815e-06,1.2548569814645942,11.451738723983834,0,1,0.3814416989092558,0,1,fold_3
1851,sub16,rest1,52,52,0,-0.41273956646031257,0.39825540678587357,0.5,0,0.8878425359725952,0.7084447741508484,1,3.4713525776355815e-06,1.2548569814645942,11.451738723983834,0,1,0.3549657215397388,0,1,fold_3
1852,sub16,rest1,53,53,0,-0.6560038748964746,0.3416378560909895,0.5,0,0.45028626918792725,0.6107072830200195,1,3.4713525776355815e-06,1.2548569814645942,11.451738723983834,0,1,0.3336276723948332,0,1,fold_3
1853,sub16,rest1,54,54,0,-0.7308697228780203,0.32500390174235344,0.5,0,0.30191874504089355,0.5749114751815796,1,3.4713525776355815e-06,1.2548569814645942,11.451738723983834,0,1,0.3382641646013198,0,1,fold_3
1854,sub16,rest1,55,55,0,-0.6890642880273347,0.33424125935115656,0.5,0,0.3547482490539551,0.5877685546875,1,3.4713525776355815e-06,1.2548569814645942,11.451738723983834,0,1,0.35786721184466147,0,1,fold_3
1855,sub16,rest1,56,56,0,-0.5947429942718112,0.3555473327104496,0.5,0,0.5324327945709229,0.6300503611564636,1,3.4713525776355815e-06,1.2548569814645942,11.451738723983834,0,1,0.3746662111142995,0,1,fold_3
1856,sub16,rest1,57,57,0,-0.4733948502703143,0.38381304347237827,0.5,0,0.726467490196228,0.6740296483039856,1,3.4713525776355815e-06,1.2548569814645942,11.451738723983834,0,1,0.38781495269410754,0,1,fold_3
1857,sub16,rest1,58,58,0,-0.46990699382188267,0.38463825716007055,0.5,0,0.7397123575210571,0.6769329309463501,1,3.4713525776355815e-06,1.2548569814645942,11.451738723983834,0,1,0.39154179068660605,0,1,fold_3
1858,sub16,rest1,59,59,0,-0.4263696523027027,0.39499355744987374,0.5,0,0.7852016687393188,0.6868001222610474,1,3.4713525776355815e-06,1.2548569814645942,11.451738723983834,0,1,0.39499355744987374,0,1,fold_3
1859,sub16,rest2,0,60,0,0.8898821486028538,0.7088658515761214,0.5,1,2.458235263824463,0.9211615920066833,1,3.4713525776355815e-06,1.2548569814645942,11.451738723983834,1,1,0.7085971954101029,1,1,fold_3
1860,sub16,rest2,1,61,0,0.8831362855874129,0.7074717146935333,0.5,1,2.3765945434570312,0.915024995803833,1,3.4713525776355815e-06,1.2548569814645942,11.451738723983834,1,1,0.7153942212319793,1,1,fold_3
1861,sub16,rest2,2,62,0,0.8927338455108559,0.7094540199606539,0.5,1,2.5734429359436035,0.9291327595710754,1,3.4713525776355815e-06,1.2548569814645942,11.451738723983834,1,1,0.7282368499238944,1,1,fold_3
1862,sub16,rest2,3,63,0,0.9908558167776316,0.7292569290417507,0.5,1,2.5875391960144043,0.9300553202629089,1,3.4713525776355815e-06,1.2548569814645942,11.451738723983834,1,1,0.7301521265033394,1,1,fold_3
1863,sub16,rest2,4,64,0,1.0773892262499982,0.7459996007692787,0.5,1,2.7876334190368652,0.9420039057731628,1,3.4713525776355815e-06,1.2548569814645942,11.451738723983834,1,1,0.7144493097248997,1,1,fold_3
1864,sub16,rest2,5,65,0,0.9207743064268656,0.7151998496989888,0.5,1,2.7018656730651855,0.9371366500854492,1,3.4713525776355815e-06,1.2548569814645942,11.451738723983834,1,1,0.6748798473940497,1,1,fold_3
1865,sub16,rest2,6,66,0,0.7636629852905238,0.6821484787064319,0.5,1,2.161235809326172,0.8967140913009644,1,3.4713525776355815e-06,1.2548569814645942,11.451738723983834,1,1,0.656846651230729,1,1,fold_3
1866,sub16,rest2,7,67,0,0.5206135078645288,0.6272912137767285,0.5,1,1.697874903678894,0.845257043838501,1,3.4713525776355815e-06,1.2548569814645942,11.451738723983834,1,1,0.6703614953806553,1,1,fold_3
1867,sub16,rest2,8,68,0,0.6682012015949403,0.6611002612090265,0.5,1,2.15181827545166,0.8958385586738586,1,3.4713525776355815e-06,1.2548569814645942,11.451738723983834,1,1,0.7057215471022255,1,1,fold_3
1868,sub16,rest2,9,69,0,0.9578593722876675,0.7226930111562107,0.5,1,2.344721794128418,0.912513792514801,1,3.4713525776355815e-06,1.2548569814645942,11.451738723983834,1,1,0.7381167377137619,1,1,fold_3
1869,sub16,rest2,10,70,0,1.0117954207753,0.7333713689414393,0.5,1,2.656515598297119,0.9344114661216736,1,3.4713525776355815e-06,1.2548569814645942,11.451738723983834,1,1,0.7518355171658316,1,1,fold_3
1870,sub16,rest2,11,71,0,1.1433045032150018,0.7582858330436356,0.5,1,3.2428483963012695,0.9624152779579163,1,3.4713525776355815e-06,1.2548569814645942,11.451738723983834,1,1,0.764056323342753,1,1,fold_3
1871,sub16,rest2,12,72,0,1.1739006323297747,0.7638493495124199,0.5,1,3.397270679473877,0.9676191806793213,1,3.4713525776355815e-06,1.2548569814645942,11.451738723983834,1,1,0.7595430883149885,1,1,fold_3
1872,sub16,rest2,13,73,0,1.2085019976400944,0.7700337874722034,0.5,1,3.835531711578369,0.9788663983345032,1,3.4713525776355815e-06,1.2548569814645942,11.451738723983834,1,1,0.7502299213298205,1,1,fold_3
1873,sub16,rest2,14,74,0,1.070784765939729,0.7447461279603421,0.5,1,3.596858024597168,0.9733215570449829,1,3.4713525776355815e-06,1.2548569814645942,11.451738723983834,1,1,0.7310664856124262,1,1,fold_3
1874,sub16,rest2,15,75,0,1.0248170952594964,0.735909848556916,0.5,1,2.803872585296631,0.9428847432136536,1,3.4713525776355815e-06,1.2548569814645942,11.451738723983834,1,1,0.7071320369451021,1,1,fold_3
1875,sub16,rest2,16,76,0,0.9077693223870291,0.7125434803200204,0.5,1,2.3659515380859375,0.914193868637085,1,3.4713525776355815e-06,1.2548569814645942,11.451738723983834,1,1,0.668745954933495,1,1,fold_3
1876,sub16,rest2,17,77,0,0.7215251723411795,0.6729427819583697,0.5,1,2.0073952674865723,0.881571352481842,1,3.4713525776355815e-06,1.2548569814645942,11.451738723983834,1,1,0.6006134671220654,1,1,fold_3
1877,sub16,rest2,18,78,0,0.49273961325861126,0.6207516025220949,0.5,1,1.7920337915420532,0.8571764230728149,1,3.4713525776355815e-06,1.2548569814645942,11.451738723983834,1,1,0.5612174384086125,1,1,fold_3
1878,sub16,rest2,19,79,0,0.032586950935784356,0.5081460168857315,0.5,1,1.60088312625885,0.8321417570114136,1,3.4713525776355815e-06,1.2548569814645942,11.451738723983834,1,1,0.5674130823568282,1,1,fold_3
1879,sub16,rest2,20,80,0,0.2199006508840622,0.5547546958180111,0.5,1,1.8563753366470337,0.8648738861083984,1,3.4713525776355815e-06,1.2548569814645942,11.451738723983834,1,1,0.6367425402400251,1,1,fold_3
1880,sub16,rest2,21,81,0,0.572494351806787,0.6393385343667419,0.5,1,1.8240803480148315,0.8610550165176392,1,3.4713525776355815e-06,1.2548569814645942,11.451738723983834,1,1,0.6824282455388399,1,1,fold_3
1881,sub16,rest2,22,82,0,0.9253669255727133,0.716134390535322,0.5,1,2.441145896911621,0.9199115633964539,1,3.4713525776355815e-06,1.2548569814645942,11.451738723983834,1,1,0.6993952974487471,1,1,fold_3
1882,sub16,rest2,23,83,0,0.8086033729278869,0.6918118117144555,0.5,1,2.111149787902832,0.8919821977615356,1,3.4713525776355815e-06,1.2548569814645942,11.451738723983834,1,1,0.6933293934320246,1,1,fold_3
1883,sub16,rest2,24,84,0,0.8012401096702072,0.6902396900964637,0.5,1,2.171351909637451,0.8976472616195679,1,3.4713525776355815e-06,1.2548569814645942,11.451738723983834,1,1,0.6887747066511624,1,1,fold_3
1884,sub16,rest2,25,85,0,0.8374917108579688,0.6979366784851547,0.5,1,2.441838264465332,0.9199625849723816,1,3.4713525776355815e-06,1.2548569814645942,11.451738723983834,1,1,0.6948177555765082,1,1,fold_3
1885,sub16,rest2,26,86,0,0.7452726015301381,0.6781477513718683,0.5,1,2.2552828788757324,0.9051052927970886,1,3.4713525776355815e-06,1.2548569814645942,11.451738723983834,1,1,0.70348709768304,1,1,fold_3
1886,sub16,rest2,27,87,0,0.8874750502176054,0.7083688368725019,0.5,1,2.281008720397949,0.9072919487953186,1,3.4713525776355815e-06,1.2548569814645942,11.451738723983834,1,1,0.7273514126422969,1,1,fold_3
1887,sub16,rest2,28,88,0,0.9641138243288386,0.7239447048047496,0.5,1,2.2779970169067383,0.9070383310317993,1,3.4713525776355815e-06,1.2548569814645942,11.451738723983834,1,1,0.7380251806151518,1,1,fold_3
1888,sub16,rest2,29,89,0,1.097229813087391,0.7497406962496389,0.5,1,2.9079017639160156,0.9482356905937195,1,3.4713525776355815e-06,1.2548569814645942,11.451738723983834,1,1,0.747780437478661,1,1,fold_3
1889,sub16,rest2,30,90,0,1.0479973019817037,0.740390140791067,0.5,1,3.0395584106445312,0.9543296098709106,1,3.4713525776355815e-06,1.2548569814645942,11.451738723983834,1,1,0.7453723490970106,1,1,fold_3
1890,sub16,rest2,31,91,0,1.115808858284904,0.7532104753952772,0.5,1,3.3360862731933594,0.9656462669372559,1,3.4713525776355815e-06,1.2548569814645942,11.451738723983834,1,1,0.7519338006518734,1,1,fold_3
1891,sub16,rest2,32,92,0,1.0590890919133757,0.7425164311046872,0.5,1,3.2462034225463867,0.9625364542007446,1,3.4713525776355815e-06,1.2548569814645942,11.451738723983834,1,1,0.7600100469887489,1,1,fold_3
1892,sub16,rest2,33,93,0,1.1530879713863418,0.7600744954556559,0.5,1,3.3185081481933594,0.9650582671165466,1,3.4713525776355815e-06,1.2548569814645942,11.451738723983834,1,1,0.7637160468452587,1,1,fold_3
1893,sub16,rest2,34,94,0,1.250805202191659,0.7774392144059032,0.5,1,3.0768837928771973,0.955929160118103,1,3.4713525776355815e-06,1.2548569814645942,11.451738723983834,1,1,0.7611255324217262,1,1,fold_3
1894,sub16,rest2,35,95,0,1.118090923464032,0.753634430674217,0.5,1,2.905261516571045,0.9481059312820435,1,3.4713525776355815e-06,1.2548569814645942,11.451738723983834,1,1,0.7433678533800254,1,1,fold_3
1895,sub16,rest2,36,96,0,1.110932686736097,0.7523029521850586,0.5,1,2.784606456756592,0.941838264465332,1,3.4713525776355815e-06,1.2548569814645942,11.451738723983834,1,1,0.7461381519620494,1,1,fold_3
1896,sub16,rest2,37,97,0,0.9652222998893358,0.7241661772808003,0.5,1,2.944392681121826,0.9499978423118591,1,3.4713525776355815e-06,1.2548569814645942,11.451738723983834,1,1,0.7460776291808902,1,1,fold_3
1897,sub16,rest2,38,98,0,1.163374434795058,0.761945326420289,0.5,1,3.1194863319396973,0.9576894640922546,1,3.4713525776355815e-06,1.2548569814645942,11.451738723983834,1,1,0.7590926702891307,1,1,fold_3
1898,sub16,rest2,39,99,0,1.1099585502362068,0.7521213838415809,0.5,1,3.0978217124938965,0.9568028450012207,1,3.4713525776355815e-06,1.2548569814645942,11.451738723983834,1,1,0.752137420013821,1,1,fold_3
1899,sub16,rest2,40,100,0,1.1703667471781076,0.7632113006055224,0.5,1,2.7655253410339355,0.940784215927124,1,3.4713525776355815e-06,1.2548569814645942,11.451738723983834,1,1,0.7525018822102886,1,1,fold_3
1900,sub16,rest2,41,101,0,1.051587236182244,0.7410795755943598,0.5,1,2.6073966026306152,0.9313361644744873,1,3.4713525776355815e-06,1.2548569814645942,11.451738723983834,1,1,0.752769856253351,1,1,fold_3
1901,sub16,rest2,42,102,0,1.1158319643635288,0.7532147704309838,0.5,1,2.665555953979492,0.9349633455276489,1,3.4713525776355815e-06,1.2548569814645942,11.451738723983834,1,1,0.7594933380088076,1,1,fold_3
1902,sub16,rest2,43,103,0,1.1748204141814311,0.7640152227347093,0.5,1,3.030409336090088,0.9539291858673096,1,3.4713525776355815e-06,1.2548569814645942,11.451738723983834,1,1,0.7688007978375232,1,1,fold_3
1903,sub16,rest2,44,104,0,1.1595449544413128,0.7612500208607298,0.5,1,3.4864988327026367,0.9703012108802795,1,3.4713525776355815e-06,1.2548569814645942,11.451738723983834,1,1,0.7707257668703354,1,1,fold_3
1904,sub16,rest2,45,105,0,1.2723054642035472,0.7811371499171305,0.5,1,3.6055283546447754,0.9735457897186279,1,3.4713525776355815e-06,1.2548569814645942,11.451738723983834,1,1,0.7691590760277635,1,1,fold_3
1905,sub16,rest2,46,106,0,1.2071265471849757,0.7697901298331463,0.5,1,2.8553075790405273,0.9455923438072205,1,3.4713525776355815e-06,1.2548569814645942,11.451738723983834,1,1,0.7596070544707656,1,1,fold_3
1906,sub16,rest2,47,107,0,1.1338567617476718,0.7565499483330137,0.5,1,2.911562442779541,0.9484150409698486,1,3.4713525776355815e-06,1.2548569814645942,11.451738723983834,1,1,0.758338320673166,1,1,fold_3
1907,sub16,rest2,48,108,0,1.111888858085016,0.7524810852461367,0.5,1,2.6621532440185547,0.9347561001777649,1,3.4713525776355815e-06,1.2548569814645942,11.451738723983834,1,1,0.7609108856887182,1,1,fold_3
1908,sub16,rest2,49,109,0,1.185771393494048,0.7659839284403477,0.5,1,3.198570728302002,0.9607805013656616,1,3.4713525776355815e-06,1.2548569814645942,11.451738723983834,1,1,0.7717095685772248,1,1,fold_3
1909,sub16,rest2,50,110,0,1.17622096702845,0.7642676433796702,0.5,1,3.5185956954956055,0.9712122678756714,1,3.4713525776355815e-06,1.2548569814645942,11.451738723983834,1,1,0.7721693350242513,1,1,fold_3
1910,sub16,rest2,51,111,0,1.2943178531431998,0.7848771339116567,0.5,1,3.483635902404785,0.9702185988426208,1,3.4713525776355815e-06,1.2548569814645942,11.451738723983834,1,1,0.7729807786410444,1,1,fold_3
1911,sub16,rest2,52,112,0,1.1934819390633196,0.767363227781427,0.5,1,3.3096814155578613,0.9647595286369324,1,3.4713525776355815e-06,1.2548569814645942,11.451738723983834,1,1,0.7674368974129528,1,1,fold_3
1912,sub16,rest2,53,113,0,1.1897814487354819,0.7667019742300493,0.5,1,3.1666150093078613,0.9595584869384766,1,3.4713525776355815e-06,1.2548569814645942,11.451738723983834,1,1,0.7570990671141486,1,1,fold_3
1913,sub16,rest2,54,114,0,1.1984306669033231,0.7682454902273825,0.5,1,3.448357105255127,0.9691820740699768,1,3.4713525776355815e-06,1.2548569814645942,11.451738723983834,1,1,0.748152260446601,1,1,fold_3
1914,sub16,rest2,55,115,0,1.0270817279021203,0.7363497368850139,0.5,1,3.8605246543884277,0.9793773293495178,1,3.4713525776355815e-06,1.2548569814645942,11.451738723983834,1,1,0.7414619559164465,1,1,fold_3
1915,sub16,rest2,56,116,0,1.045249106775912,0.7398615542274063,0.5,1,3.5819039344787598,0.9729304313659668,1,3.4713525776355815e-06,1.2548569814645942,11.451738723983834,1,1,0.7376992753968327,1,1,fold_3
1916,sub16,rest2,57,117,0,1.0889002589617671,0.7481745766369192,0.5,1,3.037682056427002,0.954247772693634,1,3.4713525776355815e-06,1.2548569814645942,11.451738723983834,1,1,0.7186301506609282,1,1,fold_3
1917,sub16,rest2,58,118,0,0.969710022379276,0.7250616953261725,0.5,1,2.970424175262451,0.9512199759483337,1,3.4713525776355815e-06,1.2548569814645942,11.451738723983834,1,1,0.6967900184551862,1,1,fold_3
1918,sub16,rest2,59,119,0,0.7659963123106733,0.6826541800196929,0.5,1,2.8904972076416016,0.947374701499939,1,3.4713525776355815e-06,1.2548569814645942,11.451738723983834,1,1,0.6826541800196929,1,1,fold_3
1919,sub17,rest1,0,0,0,1.5316234957184587,0.8222437268457807,0.5,1,-0.4231487512588501,0.3957635164260864,1,4.083505087582943e-06,2.7749614188595824,3.9120780135855995,0,0,0.7125463918120231,1,0,fold_3
1920,sub17,rest1,1,1,0,0.9229868748166159,0.7156503109280032,0.5,1,-0.8232136368751526,0.30508190393447876,1,4.083505087582943e-06,2.7749614188595824,3.9120780135855995,0,0,0.6790839500409458,1,0,fold_3
1921,sub17,rest1,2,2,0,0.40440329435805383,0.5997451376622853,0.5,1,-0.7463229298591614,0.3216230273246765,1,4.083505087582943e-06,2.7749614188595824,3.9120780135855995,0,0,0.6363178307564082,1,0,fold_3
1922,sub17,rest1,3,3,0,0.9536887076885495,0.7218564015325486,0.5,1,-0.6925424337387085,0.3334677517414093,1,4.083505087582943e-06,2.7749614188595824,3.9120780135855995,0,0,0.525793276318788,1,0,fold_3
1923,sub17,rest1,4,4,0,0.3530291764725139,0.5873519530743908,0.5,1,-0.7792176008224487,0.3144885301589966,1,4.083505087582943e-06,2.7749614188595824,3.9120780135855995,0,0,0.3522998167676335,0,1,fold_3
1924,sub17,rest1,5,5,0,-1.003919626374545,0.2681714743494248,0.5,0,-0.9207960367202759,0.28479573130607605,1,4.083505087582943e-06,2.7749614188595824,3.9120780135855995,0,1,0.22448127731729606,0,1,fold_3
1925,sub17,rest1,6,6,0,-1.3777162971631773,0.20137602287908488,0.5,0,-0.3850104808807373,0.40491899847984314,1,4.083505087582943e-06,2.7749614188595824,3.9120780135855995,0,1,0.21079584337431767,0,1,fold_3
1926,sub17,rest1,7,7,0,-1.3621177085595215,0.2038963347233785,0.5,0,-0.4888424873352051,0.38016629219055176,1,4.083505087582943e-06,2.7749614188595824,3.9120780135855995,0,1,0.20283187771431802,0,1,fold_3
1927,sub17,rest1,8,8,0,-1.2246727865361653,0.22711517252048963,0.5,0,-0.41390907764434814,0.3979751467704773,1,4.083505087582943e-06,2.7749614188595824,3.9120780135855995,0,1,0.18561600434382153,0,1,fold_3
1928,sub17,rest1,9,9,0,-1.5334866089102437,0.17748412589908585,0.5,0,-0.7482748031616211,0.3211973309516907,1,4.083505087582943e-06,2.7749614188595824,3.9120780135855995,0,1,0.1716881053464576,0,1,fold_3
1929,sub17,rest1,10,10,0,-1.717071833299951,0.1522487146118891,0.5,0,-0.6326590180397034,0.3469078540802002,1,4.083505087582943e-06,2.7749614188595824,3.9120780135855995,0,1,0.17650579894660676,0,1,fold_3
1930,sub17,rest1,11,11,0,-1.480635330663852,0.18533147552839782,0.5,0,-0.6999527215957642,0.3318226933479309,1,4.083505087582943e-06,2.7749614188595824,3.9120780135855995,0,1,0.24518309934037186,0,1,fold_3
1931,sub17,rest1,12,12,0,-1.4374714998864107,0.1919372066995333,0.5,0,-0.7759256958961487,0.3151986598968506,1,4.083505087582943e-06,2.7749614188595824,3.9120780135855995,0,1,0.42161951105228845,0,1,fold_3
1932,sub17,rest1,13,13,0,-0.5828345895305439,0.35828061579318454,0.5,0,-0.9891370534896851,0.2710825502872467,1,4.083505087582943e-06,2.7749614188595824,3.9120780135855995,0,1,0.6335655268990331,1,0,fold_3
1933,sub17,rest1,14,14,0,0.9180308631947479,0.7146407106641475,0.5,1,-0.737941324710846,0.32345449924468994,1,4.083505087582943e-06,2.7749614188595824,3.9120780135855995,0,0,0.7913095083729321,1,0,fold_3
1934,sub17,rest1,15,15,0,1.5699414001922585,0.8277752542397674,0.5,1,-0.20873689651489258,0.44800442457199097,1,4.083505087582943e-06,2.7749614188595824,3.9120780135855995,0,0,0.6973054447236126,1,0,fold_3
1935,sub17,rest1,16,16,0,1.596385198329365,0.8315125602148813,0.5,1,-0.28747475147247314,0.42862221598625183,1,4.083505087582943e-06,2.7749614188595824,3.9120780135855995,0,0,0.5581520765677573,1,0,fold_3
1936,sub17,rest1,17,17,1,1.3346428470239926,0.7916075791182785,0.5,0,-0.5990282893180847,0.3545660078525543,1,4.083505087582943e-06,2.7749614188595824,3.9120780135855995,0,1,,,,fold_3
1937,sub17,rest1,18,18,0,-0.27113481960474906,0.43262851971618904,0.5,0,-1.0872764587402344,0.25213149189949036,1,4.083505087582943e-06,2.7749614188595824,3.9120780135855995,0,1,0.40461434001860347,0,1,fold_3
1938,sub17,rest1,19,19,0,-0.362662719620324,0.41031514977220146,0.5,0,-1.0143463611602783,0.26613011956214905,1,4.083505087582943e-06,2.7749614188595824,3.9120780135855995,0,1,0.3894421690002294,0,1,fold_3
1939,sub17,rest1,20,20,0,-0.5283605253656355,0.3708993505674198,0.5,0,-0.891298770904541,0.29084187746047974,1,4.083505087582943e-06,2.7749614188595824,3.9120780135855995,0,1,0.3434663857596858,0,1,fold_3
1940,sub17,rest1,21,21,0,-0.45946812632940304,0.38711200666106693,0.5,0,-0.8568990230560303,0.2979876399040222,1,4.083505087582943e-06,2.7749614188595824,3.9120780135855995,0,1,0.2650728137341612,0,1,fold_3
1941,sub17,rest1,22,22,0,-0.9825414275083223,0.27238780005057056,0.5,0,-1.0252859592437744,0.2639990448951721,1,4.083505087582943e-06,2.7749614188595824,3.9120780135855995,0,1,0.18943984981679593,0,1,fold_3
1942,sub17,rest1,23,23,0,-1.8513144916719657,0.1357186344908461,0.5,0,-0.7910243272781372,0.3119487762451172,1,4.083505087582943e-06,2.7749614188595824,3.9120780135855995,0,1,0.1715494426622468,0,1,fold_3
1943,sub17,rest1,24,24,0,-1.656643254290826,0.16021311490897108,0.5,0,-0.8342527151107788,0.30274662375450134,1,4.083505087582943e-06,2.7749614188595824,3.9120780135855995,0,1,0.19446665737675564,0,1,fold_3
1944,sub17,rest1,25,25,1,-1.6326351921768076,0.1634696860362895,0.5,0,-0.821094274520874,0.30553144216537476,1,4.083505087582943e-06,2.7749614188595824,3.9120780135855995,0,1,,,,fold_3
1945,sub17,rest1,26,26,0,-1.273161249581853,0.21871657858692325,0.5,0,-1.0398850440979004,0.26117217540740967,1,4.083505087582943e-06,2.7749614188595824,3.9120780135855995,0,1,0.24788577929583536,0,1,fold_3
1946,sub17,rest1,27,27,0,-1.3585855807782299,0.20447027863437264,0.5,0,-0.9703106880187988,0.2748185694217682,1,4.083505087582943e-06,2.7749614188595824,3.9120780135855995,0,1,0.31697103198176974,0,1,fold_3
1947,sub17,rest1,28,28,0,-0.7516105072624518,0.3204704806662102,0.5,0,-1.0138447284698486,0.2662280797958374,1,4.083505087582943e-06,2.7749614188595824,3.9120780135855995,0,1,0.46786377303936644,0,1,fold_3
1948,sub17,rest1,29,29,0,-0.2983031824498585,0.4259723366447264,0.5,0,-0.8487114906311035,0.2997032403945923,1,4.083505087582943e-06,2.7749614188595824,3.9120780135855995,0,1,0.5700620185033628,1,0,fold_3
1949,sub17,rest1,30,30,0,0.6506126195505615,0.6571485018071628,0.5,1,-0.6557430028915405,0.34169653058052063,1,4.083505087582943e-06,2.7749614188595824,3.9120780135855995,0,0,0.625619702865936,1,0,fold_3
1950,sub17,rest1,31,31,0,0.5196469899740281,0.6270652170581994,0.5,1,-0.3454636335372925,0.41448289155960083,1,4.083505087582943e-06,2.7749614188595824,3.9120780135855995,0,0,0.5339266517212767,1,0,fold_3
1951,sub17,rest1,32,32,0,0.3749121420237096,0.5926453897324458,0.5,1,-0.4559594988822937,0.3879447877407074,1,4.083505087582943e-06,2.7749614188595824,3.9120780135855995,0,0,0.39993284043440896,0,1,fold_3
1952,sub17,rest1,33,33,0,-0.48077410459103675,0.3820693483731848,0.5,0,-0.8827979564666748,0.29259830713272095,1,4.083505087582943e-06,2.7749614188595824,3.9120780135855995,0,1,0.29802566716417594,0,1,fold_3
1953,sub17,rest1,34,34,1,-1.4827903353903455,0.1850063255128188,0.5,0,-0.9921607375144958,0.2704854905605316,1,4.083505087582943e-06,2.7749614188595824,3.9120780135855995,0,1,,,,fold_3
1954,sub17,rest1,35,35,0,-1.2362822134984899,0.22508378319759625,0.5,0,-0.9776361584663391,0.27336108684539795,1,4.083505087582943e-06,2.7749614188595824,3.9120780135855995,0,1,0.2870909784432079,0,1,fold_3
1955,sub17,rest1,36,36,0,-0.9103712700427856,0.2869238699217469,0.5,0,-1.0298528671264648,0.2631126344203949,1,4.083505087582943e-06,2.7749614188595824,3.9120780135855995,0,1,0.31427659624891996,0,1,fold_3
1956,sub17,rest1,37,37,0,-0.6222703051999247,0.3492652822102807,0.5,0,-1.0344196557998657,0.2622281312942505,1,4.083505087582943e-06,2.7749614188595824,3.9120780135855995,0,1,0.32971685814542023,0,1,fold_3
1957,sub17,rest1,38,38,0,-0.8158719294983762,0.3066406366147323,0.5,0,-0.9949191212654114,0.2699415385723114,1,4.083505087582943e-06,2.7749614188595824,3.9120780135855995,0,1,0.2960623835575598,0,1,fold_3
1958,sub17,rest1,39,39,0,-0.6935462568565088,0.33324465561124783,0.5,0,-1.0177587270736694,0.265464186668396,1,4.083505087582943e-06,2.7749614188595824,3.9120780135855995,0,1,0.2892064542203218,0,1,fold_3
1959,sub17,rest1,40,40,0,-1.1076896586866207,0.2483018584466994,0.5,0,-0.9613146781921387,0.27661505341529846,1,4.083505087582943e-06,2.7749614188595824,3.9120780135855995,0,1,0.30364919286341424,0,1,fold_3
1960,sub17,rest1,41,41,0,-0.9145344344979568,0.2860728486030181,0.5,0,-1.0448780059814453,0.2602098882198334,1,4.083505087582943e-06,2.7749614188595824,3.9120780135855995,0,1,0.33712692655797255,0,1,fold_3
1961,sub17,rest1,42,42,1,-0.2847364993328039,0.4292929447008204,0.5,0,-1.0754096508026123,0.2543756663799286,1,4.083505087582943e-06,2.7749614188595824,3.9120780135855995,0,1,,,,fold_3
1962,sub17,rest1,43,43,0,-0.5041203049049097,0.3765728715405252,0.5,0,-0.9322913885116577,0.2824600636959076,1,4.083505087582943e-06,2.7749614188595824,3.9120780135855995,0,1,0.30503735167658036,0,1,fold_3
1963,sub17,rest1,44,44,0,-0.6246040418629466,0.34873505953037415,0.5,0,-0.7796159386634827,0.31440266966819763,1,4.083505087582943e-06,2.7749614188595824,3.9120780135855995,0,1,0.25799338062877425,0,1,fold_3
1964,sub17,rest1,45,45,0,-1.4512834268474195,0.18980412395884158,0.5,0,-0.74510258436203,0.32188937067985535,1,4.083505087582943e-06,2.7749614188595824,3.9120780135855995,0,1,0.23809155795207704,0,1,fold_3
1965,sub17,rest1,46,46,0,-1.177839076848654,0.23544095839710705,0.5,0,-0.8554136753082275,0.2982984483242035,1,4.083505087582943e-06,2.7749614188595824,3.9120780135855995,0,1,0.2970080745370945,0,1,fold_3
1966,sub17,rest1,47,47,0,-0.9001017337816009,0.2890295915002825,0.5,0,-0.8767884969711304,0.29384374618530273,1,4.083505087582943e-06,2.7749614188595824,3.9120780135855995,0,1,0.29849345807116273,0,1,fold_3
1967,sub17,rest1,48,48,0,-0.5470303104706647,0.3665536737138938,0.5,0,-0.7928324341773987,0.31156080961227417,1,4.083505087582943e-06,2.7749614188595824,3.9120780135855995,0,1,0.267130236449951,0,1,fold_3
1968,sub17,rest1,49,49,0,-1.1532436880969361,0.2398971089993119,0.5,0,-0.8567255139350891,0.29802390933036804,1,4.083505087582943e-06,2.7749614188595824,3.9120780135855995,0,1,0.205469514069648,0,1,fold_3
1969,sub17,rest1,50,50,0,-1.4182254573594497,0.19493992663664728,0.5,0,-0.8226850032806396,0.3051939904689789,1,4.083505087582943e-06,2.7749614188595824,3.9120780135855995,0,1,0.26343163920376883,0,1,fold_3
1970,sub17,rest1,51,51,0,-1.5057364783211429,0.18157150657298482,0.5,0,-0.8999390602111816,0.2890630066394806,1,4.083505087582943e-06,2.7749614188595824,3.9120780135855995,0,1,0.3329328855866696,0,1,fold_3
1971,sub17,rest1,52,52,0,-0.34834634939491954,0.41378348440167445,0.5,0,-0.895133376121521,0.2900516092777252,1,4.083505087582943e-06,2.7749614188595824,3.9120780135855995,0,1,0.3909127428467987,0,1,fold_3
1972,sub17,rest1,53,53,0,-0.3911368142956027,0.4034436657853496,0.5,0,-0.6595536470413208,0.3408398926258087,1,4.083505087582943e-06,2.7749614188595824,3.9120780135855995,0,1,0.30655983740151144,0,1,fold_3
1973,sub17,rest1,54,54,0,-0.5949012216692041,0.35551107835337215,0.5,0,-0.6293365955352783,0.34766095876693726,1,4.083505087582943e-06,2.7749614188595824,3.9120780135855995,0,1,0.22594976175169065,0,1,fold_3
1974,sub17,rest1,55,55,0,-1.6528453132918641,0.16072476806581246,0.5,0,-0.6967360377311707,0.3325362801551819,1,4.083505087582943e-06,2.7749614188595824,3.9120780135855995,0,1,0.1832148545876708,0,1,fold_3
1975,sub17,rest1,56,56,0,-1.646271980549986,0.16161343883588736,0.5,0,-0.727584958076477,0.32572489976882935,1,4.083505087582943e-06,2.7749614188595824,3.9120780135855995,0,1,0.2565104449994577,0,1,fold_3
1976,sub17,rest1,57,57,0,-1.2235839507877464,0.22730635686131262,0.5,0,-0.6635735034942627,0.33993732929229736,1,4.083505087582943e-06,2.7749614188595824,3.9120780135855995,0,1,0.34435701136411095,0,1,fold_3
1977,sub17,rest1,58,58,0,-0.4869533644478041,0.380611539301173,0.5,0,-0.4107893705368042,0.39872288703918457,1,4.083505087582943e-06,2.7749614188595824,3.9120780135855995,0,1,0.41030593838695584,0,1,fold_3
1978,sub17,rest1,59,59,0,-0.30165424992760775,0.42515313792984727,0.5,0,-0.11714959144592285,0.4707460403442383,1,4.083505087582943e-06,2.7749614188595824,3.9120780135855995,0,1,0.42515313792984727,0,1,fold_3
1979,sub17,rest2,0,60,0,0.33132281836389715,0.5820812040734143,0.5,1,-0.7688855528831482,0.31672024726867676,1,4.083505087582943e-06,2.7749614188595824,3.9120780135855995,1,1,0.6864340155425754,1,1,fold_3
1980,sub17,rest2,1,61,0,0.7024651340505245,0.6687340973355308,0.5,1,-0.7363784313201904,0.3237966001033783,1,4.083505087582943e-06,2.7749614188595824,3.9120780135855995,1,1,0.6794541186825297,1,1,fold_3
1981,sub17,rest2,2,62,0,1.4402072628024167,0.8084867452187814,0.5,1,-0.5396865606307983,0.3682605028152466,1,4.083505087582943e-06,2.7749614188595824,3.9120780135855995,1,1,0.6459723229328901,1,1,fold_3
1982,sub17,rest2,3,63,0,0.2457961190195561,0.5611415134932771,0.5,1,-0.8358106017112732,0.3024178445339203,1,4.083505087582943e-06,2.7749614188595824,3.9120780135855995,1,1,0.503789459156322,1,1,fold_3
1983,sub17,rest2,4,64,0,0.27487252755082925,0.5682887100866117,0.5,1,-0.7063944935798645,0.33039602637290955,1,4.083505087582943e-06,2.7749614188595824,3.9120780135855995,1,1,0.5818248153021658,1,1,fold_3
1984,sub17,rest2,5,65,0,-0.4813298323784152,0.3819381538890771,0.5,0,-0.8037108182907104,0.30923232436180115,1,4.083505087582943e-06,2.7749614188595824,3.9120780135855995,1,0,0.6011679489129612,1,1,fold_3
1985,sub17,rest2,6,66,0,1.3568519574591553,0.7952475819308085,0.5,1,-0.6583492159843445,0.3411105275154114,1,4.083505087582943e-06,2.7749614188595824,3.9120780135855995,1,1,0.7179366688736769,1,1,fold_3
1986,sub17,rest2,7,67,0,0.5164535349104109,0.6263181109189979,0.5,1,-0.8162500262260437,0.3065602779388428,1,4.083505087582943e-06,2.7749614188595824,3.9120780135855995,1,1,0.5457691941981911,1,1,fold_3
1987,sub17,rest2,8,68,0,1.0060392740731017,0.7322443137712243,0.5,1,-0.7578698992729187,0.31910890340805054,1,4.083505087582943e-06,2.7749614188595824,3.9120780135855995,1,1,0.4347830729074078,0,0,fold_3
1988,sub17,rest2,9,69,0,-0.9506945794005434,0.2787451579043512,0.5,0,-0.7833896279335022,0.31358981132507324,1,4.083505087582943e-06,2.7749614188595824,3.9120780135855995,1,0,0.320022586360822,0,0,fold_3
1989,sub17,rest2,10,70,0,-0.8791220389030646,0.29335974704664786,0.5,0,-0.8168626427650452,0.30643007159233093,1,4.083505087582943e-06,2.7749614188595824,3.9120780135855995,1,0,0.38170079871266077,0,0,fold_3
1990,sub17,rest2,11,71,0,-0.455883378268377,0.3879628541314669,0.5,0,-0.8916610479354858,0.2907671630382538,1,4.083505087582943e-06,2.7749614188595824,3.9120780135855995,1,0,0.5410178275347871,1,1,fold_3
1991,sub17,rest2,12,72,0,-0.1451350472521612,0.46377979495986743,0.5,0,-0.6922376751899719,0.33353546261787415,1,4.083505087582943e-06,2.7749614188595824,3.9120780135855995,1,0,0.6604911162652415,1,1,fold_3
1992,sub17,rest2,13,73,0,1.2157277186922288,0.771310833513027,0.5,1,-0.6389509439468384,0.3454837203025818,1,4.083505087582943e-06,2.7749614188595824,3.9120780135855995,1,1,0.7965395848842632,1,1,fold_3
1993,sub17,rest2,14,74,0,1.07941214080218,0.7463827203228302,0.5,1,-0.7797498106956482,0.31437382102012634,1,4.083505087582943e-06,2.7749614188595824,3.9120780135855995,1,1,0.8023069614212064,1,1,fold_3
1994,sub17,rest2,15,75,0,1.9180891794896182,0.8719252008169326,0.5,1,-0.23557579517364502,0.4413768947124481,1,4.083505087582943e-06,2.7749614188595824,3.9120780135855995,1,1,0.8330647493424072,1,1,fold_3
1995,sub17,rest2,16,76,0,1.3165849082597183,0.7886129631238562,0.5,1,-0.5604175329208374,0.3634508550167084,1,4.083505087582943e-06,2.7749614188595824,3.9120780135855995,1,1,0.7779213216015476,1,1,fold_3
1996,sub17,rest2,17,77,0,1.648262500330818,0.8386560840864327,0.5,1,-0.45784634351730347,0.38749685883522034,1,4.083505087582943e-06,2.7749614188595824,3.9120780135855995,1,1,0.786023607343484,1,1,fold_3
1997,sub17,rest2,18,78,0,0.8784210526564386,0.7064949175943539,0.5,1,-0.6731452941894531,0.33779290318489075,1,4.083505087582943e-06,2.7749614188595824,3.9120780135855995,1,1,0.7488653102003783,1,1,fold_3
1998,sub17,rest2,19,79,0,1.4690951895848299,0.8129198203496651,0.5,1,-0.5071654319763184,0.37585824728012085,1,4.083505087582943e-06,2.7749614188595824,3.9120780135855995,1,1,0.747682929587874,1,1,fold_3
1999,sub17,rest2,20,80,0,0.9803678143804216,0.7271811926571157,0.5,1,-0.19027948379516602,0.45257315039634705,1,4.083505087582943e-06,2.7749614188595824,3.9120780135855995,1,1,0.7180973798826175,1,1,fold_3
2000,sub17,rest2,21,81,0,0.8613746388179843,0.7029477757568411,0.5,1,-0.33247971534729004,0.4176374077796936,1,4.083505087582943e-06,2.7749614188595824,3.9120780135855995,1,1,0.6690032450585747,1,1,fold_3
2001,sub17,rest2,22,82,0,0.9652072508584835,0.7241631712338956,0.5,1,-0.29294800758361816,0.42728230357170105,1,4.083505087582943e-06,2.7749614188595824,3.9120780135855995,1,1,0.5503781364983352,1,1,fold_3
2002,sub17,rest2,23,83,0,0.32235792242547917,0.5798987881849869,0.5,1,-0.7477636337280273,0.32130879163742065,1,4.083505087582943e-06,2.7749614188595824,3.9120780135855995,1,1,0.38563787529859,0,0,fold_3
2003,sub17,rest2,24,84,0,-0.6319326255424549,0.3470724500761234,0.5,0,-0.6919785737991333,0.33359307050704956,1,4.083505087582943e-06,2.7749614188595824,3.9120780135855995,1,0,0.2627350232126367,0,0,fold_3
2004,sub17,rest2,25,85,0,-1.2086365443017055,0.22994238763465977,0.5,0,-0.6752030253410339,0.3373327851295471,1,4.083505087582943e-06,2.7749614188595824,3.9120780135855995,1,0,0.26758393965108485,0,0,fold_3
2005,sub17,rest2,26,86,0,-1.3177658862537922,0.211190231927127,0.5,0,-0.7120493650436401,0.3291461765766144,1,4.083505087582943e-06,2.7749614188595824,3.9120780135855995,1,0,0.2561436174797387,0,0,fold_3
2006,sub17,rest2,27,87,0,-0.5683432486778633,0.36161919939146775,0.5,0,-0.9613577127456665,0.2766064405441284,1,4.083505087582943e-06,2.7749614188595824,3.9120780135855995,1,0,0.3421502262196059,0,0,fold_3
2007,sub17,rest2,28,88,0,-1.4138887610717898,0.19562142112062125,0.5,0,-0.6380327939987183,0.34569138288497925,1,4.083505087582943e-06,2.7749614188595824,3.9120780135855995,1,0,0.3409601845387122,0,0,fold_3
2008,sub17,rest2,29,89,0,-0.12331579989557918,0.46921005814672867,0.5,0,-0.7586996555328369,0.31892865896224976,1,4.083505087582943e-06,2.7749614188595824,3.9120780135855995,1,0,0.45256377849689744,0,0,fold_3
2009,sub17,rest2,30,90,0,-0.5838418047799117,0.3580490743487866,0.5,0,-0.4848403334617615,0.3811098039150238,1,4.083505087582943e-06,2.7749614188595824,3.9120780135855995,1,0,0.42853607616277517,0,0,fold_3
2010,sub17,rest2,31,91,0,0.12187946078510581,0.5304322029951771,0.5,1,-0.6486116647720337,0.343302458524704,1,4.083505087582943e-06,2.7749614188595824,3.9120780135855995,1,1,0.5226851750051118,1,1,fold_3
2011,sub17,rest2,32,92,0,-0.4174506362324206,0.39712695114436186,0.5,0,-0.48085492849349976,0.3820502460002899,1,4.083505087582943e-06,2.7749614188595824,3.9120780135855995,1,0,0.5191001176911163,1,1,fold_3
2012,sub17,rest2,33,93,0,0.5775191832093568,0.6404963708757966,0.5,1,-0.5155045986175537,0.3739039897918701,1,4.083505087582943e-06,2.7749614188595824,3.9120780135855995,1,1,0.638085840421729,1,1,fold_3
2013,sub17,rest2,34,94,0,0.07874879487707614,0.5196770310531903,0.5,1,-0.5111318826675415,0.37492820620536804,1,4.083505087582943e-06,2.7749614188595824,3.9120780135855995,1,1,0.6334194218754422,1,1,fold_3
2014,sub17,rest2,35,95,0,1.1205143969580131,0.7540841193362001,0.5,1,-0.49820566177368164,0.3779624402523041,1,4.083505087582943e-06,2.7749614188595824,3.9120780135855995,1,1,0.6855108556067068,1,1,fold_3
2015,sub17,rest2,36,96,0,0.5172184416166555,0.6264971152369363,0.5,1,-0.3938925266265869,0.4027806222438812,1,4.083505087582943e-06,2.7749614188595824,3.9120780135855995,1,1,0.6490096055303303,1,1,fold_3
2016,sub17,rest2,37,97,0,0.7352273661074957,0.675951332246984,0.5,1,-0.36236298084259033,0.41038766503334045,1,4.083505087582943e-06,2.7749614188595824,3.9120780135855995,1,1,0.6555397622525198,1,1,fold_3
2017,sub17,rest2,38,98,0,0.5953003642910092,0.6445803691070705,0.5,1,-0.5193108320236206,0.3730134069919586,1,4.083505087582943e-06,2.7749614188595824,3.9120780135855995,1,1,0.6287643599262466,1,1,fold_3
2018,sub17,rest2,39,99,0,0.6018856095850803,0.6460875854035046,0.5,1,-0.7141298651695251,0.32868692278862,1,4.083505087582943e-06,2.7749614188595824,3.9120780135855995,1,1,0.587315110445341,1,1,fold_3
2019,sub17,rest2,40,100,0,0.38726912924930984,0.5956251252681648,0.5,1,-0.8783416748046875,0.29352155327796936,1,4.083505087582943e-06,2.7749614188595824,3.9120780135855995,1,1,0.48585290981029106,0,0,fold_3
2020,sub17,rest2,41,101,0,0.08097469892834382,0.5202326206643534,0.5,1,-0.8518511056900024,0.2990446984767914,1,4.083505087582943e-06,2.7749614188595824,3.9120780135855995,1,1,0.37169057423413543,0,0,fold_3
2021,sub17,rest2,42,102,0,-0.6557232231074476,0.3417009834983551,0.5,0,-0.7796543836593628,0.31439438462257385,1,4.083505087582943e-06,2.7749614188595824,3.9120780135855995,1,0,0.25172497754673595,0,0,fold_3
2022,sub17,rest2,43,103,0,-1.0819450075460995,0.2531381185396979,0.5,0,-0.6398966312408447,0.34526991844177246,1,4.083505087582943e-06,2.7749614188595824,3.9120780135855995,1,0,0.19507438641021468,0,0,fold_3
2023,sub17,rest2,44,104,0,-1.6557314567632286,0.1603358306021548,0.5,0,-0.11642265319824219,0.4709271788597107,1,4.083505087582943e-06,2.7749614188595824,3.9120780135855995,1,0,0.1695979125379454,0,0,fold_3
2024,sub17,rest2,45,105,0,-1.5732806629906553,0.17174921008879132,0.5,0,0.0383991003036499,0.5095986127853394,1,4.083505087582943e-06,2.7749614188595824,3.9120780135855995,1,0,0.21530568725253052,0,0,fold_3
2025,sub17,rest2,46,106,0,-1.5388074940633285,0.17670869692289004,0.5,0,-0.12252163887023926,0.4694078862667084,1,4.083505087582943e-06,2.7749614188595824,3.9120780135855995,1,0,0.27977550452738525,0,0,fold_3
2026,sub17,rest2,47,107,0,-0.8594266216399903,0.2974591547459102,0.5,0,-0.5146589279174805,0.37410199642181396,1,4.083505087582943e-06,2.7749614188595824,3.9120780135855995,1,0,0.4788878645724659,0,0,fold_3
2027,sub17,rest2,48,108,0,-0.5530431570856217,0.36515866191335544,0.5,0,-0.6752052307128906,0.33733227849006653,1,4.083505087582943e-06,2.7749614188595824,3.9120780135855995,1,0,0.6600406205202891,1,1,fold_3
2028,sub17,rest2,49,109,0,1.231298589925761,0.774045777058132,0.5,1,-0.645153284072876,0.3440825641155243,1,4.083505087582943e-06,2.7749614188595824,3.9120780135855995,1,1,0.8167641449474331,1,1,fold_3
2029,sub17,rest2,50,110,0,1.665070043417157,0.8409174225893798,0.5,1,-0.5190434455871582,0.373075932264328,1,4.083505087582943e-06,2.7749614188595824,3.9120780135855995,1,1,0.7735139301372834,1,1,fold_3
2030,sub17,rest2,51,111,0,1.6238778250928196,0.8353292351947872,0.5,1,-0.35888946056365967,0.4112284183502197,1,4.083505087582943e-06,2.7749614188595824,3.9120780135855995,1,1,0.566777993720776,1,1,fold_3
2031,sub17,rest2,52,112,0,0.5940555388173632,0.644295132627683,0.5,1,-0.7299408316612244,0.3252077102661133,1,4.083505087582943e-06,2.7749614188595824,3.9120780135855995,1,1,0.36404131332203415,0,0,fold_3
2032,sub17,rest2,53,113,0,-1.2615358741896092,0.22070961333985772,0.5,0,-0.32853949069976807,0.4185960590839386,1,4.083505087582943e-06,2.7749614188595824,3.9120780135855995,1,0,0.2593866291168434,0,0,fold_3
2033,sub17,rest2,54,114,0,-1.2246498766959755,0.2271191939985617,0.5,0,-0.2564951181411743,0.4362254738807678,1,4.083505087582943e-06,2.7749614188595824,3.9120780135855995,1,0,0.31869845564366667,0,0,fold_3
2034,sub17,rest2,55,115,0,-0.7066880166984748,0.3303310800121108,0.5,0,-0.04918396472930908,0.4877064824104309,1,4.083505087582943e-06,2.7749614188595824,3.9120780135855995,1,0,0.4176591696090841,0,0,fold_3
2035,sub17,rest2,56,116,0,-0.41111375819934615,0.3986450929203274,0.5,0,-0.47527432441711426,0.3833686411380768,1,4.083505087582943e-06,2.7749614188595824,3.9120780135855995,1,0,0.4959456507809672,0,0,fold_3
2036,sub17,rest2,57,117,0,0.09607918600960572,0.5240013358948142,0.5,1,-0.7187962532043457,0.32765811681747437,1,4.083505087582943e-06,2.7749614188595824,3.9120780135855995,1,1,0.5559859423044298,1,1,fold_3
2037,sub17,rest2,58,118,0,0.26225493406374756,0.5651905235277599,0.5,1,-0.5833041071891785,0.3581726849079132,1,4.083505087582943e-06,2.7749614188595824,3.9120780135855995,1,1,0.5742408195030634,1,1,fold_3
2038,sub17,rest2,59,119,0,0.3177096187109552,0.5787659674907152,0.5,1,-0.32675325870513916,0.4190308153629303,1,4.083505087582943e-06,2.7749614188595824,3.9120780135855995,1,1,0.5787659674907152,1,1,fold_3
121,sub2,rest1,0,0,0,-1.1886094143840749,0.23350773314826404,0.5,0,-0.1207047700881958,0.4698604345321655,1,5.102659463816522e-06,2.4611231379405814,5.243074174964947,0,1,0.19912846525116815,0,1,fold_4
122,sub2,rest1,1,1,0,-1.6074926826038922,0.16693701268621775,0.5,0,-0.2502094507217407,0.4377719461917877,1,5.102659463816522e-06,2.4611231379405814,5.243074174964947,0,1,0.2207047328651465,0,1,fold_4
123,sub2,rest1,2,2,0,-1.405526207751956,0.1969406499190227,0.5,0,-0.39192819595336914,0.4032532572746277,1,5.102659463816522e-06,2.4611231379405814,5.243074174964947,0,1,0.28261519037044947,0,1,fold_4
124,sub2,rest1,3,3,0,-0.8557094848017731,0.2982365359901991,0.5,0,-0.08904802799224854,0.477752685546875,1,5.102659463816522e-06,2.4611231379405814,5.243074174964947,0,1,0.3917232495777503,0,1,fold_4
125,sub2,rest1,4,4,0,-0.6073305086753181,0.35266838520212657,0.5,0,-0.07379543781280518,0.4815594553947449,1,5.102659463816522e-06,2.4611231379405814,5.243074174964947,0,1,0.42168801861911004,0,1,fold_4
126,sub2,rest1,5,5,0,0.09713561369646988,0.5242648275409252,0.5,1,0.3111182451248169,0.5771581530570984,1,5.102659463816522e-06,2.4611231379405814,5.243074174964947,0,0,0.4053365021056865,0,1,fold_4
127,sub2,rest1,6,6,0,-0.4551759564191531,0.3881308431142783,0.5,0,-0.10203385353088379,0.4745136499404907,1,5.102659463816522e-06,2.4611231379405814,5.243074174964947,0,1,0.3008498234719203,0,1,fold_4
128,sub2,rest1,7,7,0,-0.8301477237983675,0.303613835661856,0.5,0,-0.3480861186981201,0.41384661197662354,1,5.102659463816522e-06,2.4611231379405814,5.243074174964947,0,1,0.24470266176350008,0,1,fold_4
129,sub2,rest1,8,8,0,-1.3200811554679086,0.21080479163962657,0.5,0,-0.24655652046203613,0.4386712312698364,1,5.102659463816522e-06,2.4611231379405814,5.243074174964947,0,1,0.22760309108933915,0,1,fold_4
130,sub2,rest1,9,9,0,-1.267477560000791,0.21968935798901768,0.5,0,-0.19995856285095215,0.45017626881599426,1,5.102659463816522e-06,2.4611231379405814,5.243074174964947,0,1,0.22840449315919745,0,1,fold_4
131,sub2,rest1,10,10,0,-1.086302803988059,0.2523151236393732,0.5,0,-0.29529714584350586,0.42670756578445435,1,5.102659463816522e-06,2.4611231379405814,5.243074174964947,0,1,0.2384112901706552,0,1,fold_4
132,sub2,rest1,11,11,0,-1.3056897552472795,0.21320899784920155,0.5,0,-0.6075395941734314,0.3526206314563751,1,5.102659463816522e-06,2.4611231379405814,5.243074174964947,0,1,0.22724332539811834,0,1,fold_4
133,sub2,rest1,12,12,0,-1.1001608934981437,0.24970974902339083,0.5,0,-0.3927873373031616,0.40304648876190186,1,5.102659463816522e-06,2.4611231379405814,5.243074174964947,0,1,0.24022687287070288,0,1,fold_4
134,sub2,rest1,13,13,0,-1.2726074329049784,0.21881122932176264,0.5,0,-0.3217726945877075,0.4202437698841095,1,5.102659463816522e-06,2.4611231379405814,5.243074174964947,0,1,0.2509527802119668,0,1,fold_4
135,sub2,rest1,14,14,0,-1.0871271523176063,0.25215964026695514,0.5,0,-0.18296396732330322,0.4543861448764801,1,5.102659463816522e-06,2.4611231379405814,5.243074174964947,0,1,0.26030454499331407,0,1,fold_4
136,sub2,rest1,15,15,0,-0.935118329867932,0.2818874710471826,0.5,0,-0.33832383155822754,0.4162167012691498,1,5.102659463816522e-06,2.4611231379405814,5.243074174964947,0,1,0.2779607479672362,0,1,fold_4
137,sub2,rest1,16,16,0,-1.1153946709515798,0.24686652366580455,0.5,0,-0.5399453639984131,0.36820030212402344,1,5.102659463816522e-06,2.4611231379405814,5.243074174964947,0,1,0.3304214644835739,0,1,fold_4
138,sub2,rest1,17,17,1,-0.941065619926393,0.28068514258875055,0.5,0,-0.7910799980163574,0.3119368255138397,1,5.102659463816522e-06,2.4611231379405814,5.243074174964947,0,1,,,,fold_4
139,sub2,rest1,18,18,0,-0.8229951199600457,0.3051282491887214,0.5,0,-0.5510274171829224,0.3656260669231415,1,5.102659463816522e-06,2.4611231379405814,5.243074174964947,0,1,0.38236126200280673,0,1,fold_4
140,sub2,rest1,19,19,0,-0.24412678839772334,0.43926962059619573,0.5,0,-0.30291008949279785,0.42484626173973083,1,5.102659463816522e-06,2.4611231379405814,5.243074174964947,0,1,0.4059517977699249,0,1,fold_4
141,sub2,rest1,20,20,0,-0.39428618465206877,0.4026859162235031,0.5,0,-0.3350999355316162,0.41700029373168945,1,5.102659463816522e-06,2.4611231379405814,5.243074174964947,0,1,0.3494342518173547,0,1,fold_4
142,sub2,rest1,21,21,0,-0.50698807309378,0.3758998564900759,0.5,0,-0.20064616203308105,0.45000606775283813,1,5.102659463816522e-06,2.4611231379405814,5.243074174964947,0,1,0.2891046532809682,0,1,fold_4
143,sub2,rest1,22,22,0,-0.9960589567267852,0.26971698273848504,0.5,0,-0.11952924728393555,0.47015321254730225,1,5.102659463816522e-06,2.4611231379405814,5.243074174964947,0,1,0.23390287048990308,0,1,fold_4
144,sub2,rest1,23,23,0,-1.2558036247605238,0.22169712061434355,0.5,0,-0.1441119909286499,0.46403419971466064,1,5.102659463816522e-06,2.4611231379405814,5.243074174964947,0,1,0.23648643091344548,0,1,fold_4
145,sub2,rest1,24,24,0,-1.3231511130213056,0.21029450811688064,0.5,0,-0.6118389368057251,0.35163983702659607,1,5.102659463816522e-06,2.4611231379405814,5.243074174964947,0,1,0.25586712539941114,0,1,fold_4
146,sub2,rest1,25,25,1,-0.7118052979337048,0.3292000581245096,0.5,0,-0.7248543500900269,0.3263249099254608,1,5.102659463816522e-06,2.4611231379405814,5.243074174964947,0,1,,,,fold_4
147,sub2,rest1,26,26,0,-0.9570577743783042,0.2774676640091122,0.5,0,-0.6727391481399536,0.33788377046585083,1,5.102659463816522e-06,2.4611231379405814,5.243074174964947,0,1,0.27858101240466765,0,1,fold_4
148,sub2,rest1,27,27,0,-0.9452593477117955,0.2798392040722406,0.5,0,-0.3472508192062378,0.4140492379665375,1,5.102659463816522e-06,2.4611231379405814,5.243074174964947,0,1,0.33721260854894625,0,1,fold_4
149,sub2,rest1,28,28,0,-0.9522320060881311,0.2784361691326501,0.5,0,-0.447107195854187,0.3900488018989563,1,5.102659463816522e-06,2.4611231379405814,5.243074174964947,0,1,0.3703862198688827,0,1,fold_4
150,sub2,rest1,29,29,0,-0.18709404274237298,0.453362452441948,0.5,0,-0.3920576572418213,0.40322208404541016,1,5.102659463816522e-06,2.4611231379405814,5.243074174964947,0,1,0.3739694444084529,0,1,fold_4
151,sub2,rest1,30,30,0,-0.49226541984261496,0.37936003803204993,0.5,0,-0.15014135837554932,0.46253502368927,1,5.102659463816522e-06,2.4611231379405814,5.243074174964947,0,1,0.30037593614269736,0,1,fold_4
152,sub2,rest1,31,31,0,-0.899341477482426,0.2891858427513609,0.5,0,-0.23035740852355957,0.4426639676094055,1,5.102659463816522e-06,2.4611231379405814,5.243074174964947,0,1,0.2498860860574609,0,1,fold_4
153,sub2,rest1,32,32,0,-1.1937891877231315,0.23258192764468127,0.5,0,-0.22371411323547363,0.44430357217788696,1,5.102659463816522e-06,2.4611231379405814,5.243074174964947,0,1,0.22817875112840283,0,1,fold_4
154,sub2,rest1,33,33,0,-1.2202611983813165,0.2278904877763406,0.5,0,-0.605241060256958,0.3531455397605896,1,5.102659463816522e-06,2.4611231379405814,5.243074174964947,0,1,0.21588619268209439,0,1,fold_4
155,sub2,rest1,34,34,1,-1.425023198600517,0.19387531214276235,0.5,0,-0.5548182129859924,0.3647472560405731,1,5.102659463816522e-06,2.4611231379405814,5.243074174964947,0,1,,,,fold_4
156,sub2,rest1,35,35,0,-1.2421392492170762,0.2240638379641866,0.5,0,-0.475349485874176,0.3833508789539337,1,5.102659463816522e-06,2.4611231379405814,5.243074174964947,0,1,0.25781436217729126,0,1,fold_4
157,sub2,rest1,36,36,0,-1.4133624440695838,0.19570425230575597,0.5,0,-0.4848359227180481,0.3811108469963074,1,5.102659463816522e-06,2.4611231379405814,5.243074174964947,0,1,0.28411651459133785,0,1,fold_4
158,sub2,rest1,37,37,0,-0.6029240772552797,0.35367499626193116,0.5,0,-0.4271387457847595,0.394809752702713,1,5.102659463816522e-06,2.4611231379405814,5.243074174964947,0,1,0.3330806158763791,0,1,fold_4
159,sub2,rest1,38,38,0,-0.8331932628399198,0.3029702952063264,0.5,0,-0.32035601139068604,0.42058899998664856,1,5.102659463816522e-06,2.4611231379405814,5.243074174964947,0,1,0.2972075728437634,0,1,fold_4
160,sub2,rest1,39,39,0,-0.6517443660215915,0.34259655616087975,0.5,0,-0.15954983234405518,0.46019694209098816,1,5.102659463816522e-06,2.4611231379405814,5.243074174964947,0,1,0.30261647259098695,0,1,fold_4
161,sub2,rest1,40,40,0,-1.1197596584391918,0.2460558671640841,0.5,0,-0.3198033571243286,0.42072367668151855,1,5.102659463816522e-06,2.4611231379405814,5.243074174964947,0,1,0.3972339558520928,0,1,fold_4
162,sub2,rest1,41,41,0,-0.7574645423434391,0.31919699444799693,0.5,0,-0.6326972246170044,0.3468991816043854,1,5.102659463816522e-06,2.4611231379405814,5.243074174964947,0,1,0.440186753603083,0,1,fold_4
163,sub2,rest1,42,42,1,-0.3929628332380414,0.4030042628486778,0.5,0,-0.6714821457862854,0.3381650447845459,1,5.102659463816522e-06,2.4611231379405814,5.243074174964947,0,1,,,,fold_4
164,sub2,rest1,43,43,0,0.5170128503590632,0.6264490059441974,0.5,1,-0.3380962610244751,0.41627198457717896,1,5.102659463816522e-06,2.4611231379405814,5.243074174964947,0,0,0.4583781739661171,0,1,fold_4
165,sub2,rest1,44,44,0,-0.5111914627196396,0.3749142604170547,0.5,0,-0.22703814506530762,0.44348305463790894,1,5.102659463816522e-06,2.4611231379405814,5.243074174964947,0,1,0.3640721870507489,0,1,fold_4
166,sub2,rest1,45,45,0,-0.5160717167555883,0.3737712555370992,0.5,0,-0.3693695068359375,0.4086933732032776,1,5.102659463816522e-06,2.4611231379405814,5.243074174964947,0,1,0.4347111213778061,0,1,fold_4
167,sub2,rest1,46,46,0,-0.6475979170587955,0.3435310451980929,0.5,0,-0.33796536922454834,0.4163037836551666,1,5.102659463816522e-06,2.4611231379405814,5.243074174964947,0,1,0.4816676104561089,0,1,fold_4
168,sub2,rest1,47,47,0,0.3508804250249928,0.5868310633982261,0.5,1,-0.33682072162628174,0.41658198833465576,1,5.102659463816522e-06,2.4611231379405814,5.243074174964947,0,0,0.5201922548063816,1,0,fold_4
169,sub2,rest1,48,48,0,0.0585796370375666,0.5146407227720079,0.5,1,-0.3172966241836548,0.42133474349975586,1,5.102659463816522e-06,2.4611231379405814,5.243074174964947,0,0,0.5057172804256976,1,0,fold_4
170,sub2,rest1,49,49,0,-0.16394632050279925,0.4591049782489112,0.5,0,-0.35757339000701904,0.41154709458351135,1,5.102659463816522e-06,2.4611231379405814,5.243074174964947,0,1,0.5533324720479789,1,0,fold_4
171,sub2,rest1,50,50,0,0.17406271040126864,0.5434061402561738,0.5,1,-0.1329866647720337,0.4668022394180298,1,5.102659463816522e-06,2.4611231379405814,5.243074174964947,0,0,0.6075414832955733,1,0,fold_4
172,sub2,rest1,51,51,0,0.6521122599458704,0.6574862976388516,0.5,1,0.13438868522644043,0.5335466861724854,1,5.102659463816522e-06,2.4611231379405814,5.243074174964947,0,0,0.5821624007750924,1,0,fold_4
173,sub2,rest1,52,52,0,0.4969062436001936,0.6217320119916945,0.5,1,0.06394946575164795,0.515981912612915,1,5.102659463816522e-06,2.4611231379405814,5.243074174964947,0,0,0.5077366841422325,1,0,fold_4
174,sub2,rest1,53,53,0,-0.13111192843823946,0.4672688926947311,0.5,0,0.11222052574157715,0.52802574634552,1,5.102659463816522e-06,2.4611231379405814,5.243074174964947,0,1,0.41131649022877625,0,1,fold_4
175,sub2,rest1,54,54,0,-0.26469816568242355,0.43420914774027186,0.5,0,-0.05644106864929199,0.4858934283256531,1,5.102659463816522e-06,2.4611231379405814,5.243074174964947,0,1,0.3786930442468823,0,1,fold_4
176,sub2,rest1,55,55,0,-0.6970282581320092,0.3324714302513258,0.5,0,-0.19135797023773193,0.45230594277381897,1,5.102659463816522e-06,2.4611231379405814,5.243074174964947,0,1,0.33531426969808303,0,1,fold_4
177,sub2,rest1,56,56,0,-0.5347978836453747,0.3693985547490493,0.5,0,-0.3330742120742798,0.4174928069114685,1,5.102659463816522e-06,2.4611231379405814,5.243074174964947,0,1,0.3708283099105656,0,1,fold_4
178,sub2,rest1,57,57,0,-0.8279777968829196,0.304072824093874,0.5,0,-0.24111735820770264,0.44001102447509766,1,5.102659463816522e-06,2.4611231379405814,5.243074174964947,0,1,0.3997319762123291,0,1,fold_4
179,sub2,rest1,58,58,0,-0.24516647012205206,0.4390135508887735,0.5,0,-0.08777940273284912,0.4780692160129547,1,5.102659463816522e-06,2.4611231379405814,5.243074174964947,0,1,0.45041088606581764,0,1,fold_4
180,sub2,rest1,59,59,0,-0.17601481128004287,0.45610955365433975,0.5,0,0.35326099395751953,0.587408185005188,1,5.102659463816522e-06,2.4611231379405814,5.243074174964947,0,1,0.45610955365433975,0,1,fold_4
181,sub2,rest2,0,60,0,0.9343633767276837,0.717959680948917,0.5,1,0.016518592834472656,0.5041295886039734,1,5.102659463816522e-06,2.4611231379405814,5.243074174964947,1,1,0.7390348775034069,1,1,fold_4
182,sub2,rest2,1,61,0,1.0364451290883283,0.7381635091752533,0.5,1,0.012002348899841309,0.5030005574226379,1,5.102659463816522e-06,2.4611231379405814,5.243074174964947,1,1,0.7445686744481077,1,1,fold_4
183,sub2,rest2,2,62,0,1.1580677759004325,0.7609814423860503,0.5,1,-0.135062575340271,0.4662855863571167,1,5.102659463816522e-06,2.4611231379405814,5.243074174964947,1,1,0.7466262804116335,1,1,fold_4
184,sub2,rest2,3,63,0,1.017888350907538,0.7345610717830195,0.5,1,-0.1360548734664917,0.46603864431381226,1,5.102659463816522e-06,2.4611231379405814,5.243074174964947,1,1,0.7052569881794571,1,1,fold_4
185,sub2,rest2,4,64,0,1.0686301820797155,0.7443363270658303,0.5,1,-0.20914554595947266,0.4479033946990967,1,5.102659463816522e-06,2.4611231379405814,5.243074174964947,1,1,0.6880816664434822,1,1,fold_4
186,sub2,rest2,5,65,0,0.5618200743609664,0.6368735656895215,0.5,1,-0.18159258365631104,0.4547261893749237,1,5.102659463816522e-06,2.4611231379405814,5.243074174964947,1,1,0.6809265173566685,1,1,fold_4
187,sub2,rest2,6,66,0,0.7677552373482336,0.6830351065750951,0.5,1,-0.14933061599731445,0.462736576795578,1,5.102659463816522e-06,2.4611231379405814,5.243074174964947,1,1,0.7409925665432522,1,1,fold_4
188,sub2,rest2,7,67,0,0.9587470812634683,0.7228708798053889,0.5,1,-0.04793083667755127,0.4880196154117584,1,5.102659463816522e-06,2.4611231379405814,5.243074174964947,1,1,0.7805438083752577,1,1,fold_4
189,sub2,rest2,8,68,0,1.4966326669637886,0.8170717132492723,0.5,1,0.07712602615356445,0.519271969795227,1,5.102659463816522e-06,2.4611231379405814,5.243074174964947,1,1,0.8054348310119083,1,1,fold_4
190,sub2,rest2,9,69,0,1.3968831903523238,0.8016888320711119,0.5,1,-0.07521533966064453,0.4812049865722656,1,5.102659463816522e-06,2.4611231379405814,5.243074174964947,1,1,0.7824241594083395,1,1,fold_4
191,sub2,rest2,10,70,0,1.3710141027554366,0.7975439477153407,0.5,1,-0.00508272647857666,0.49872931838035583,1,5.102659463816522e-06,2.4611231379405814,5.243074174964947,1,1,0.7498516407882736,1,1,fold_4
192,sub2,rest2,11,71,0,1.0881845077296521,0.7480396984385661,0.5,1,-0.1998833417892456,0.4501948654651642,1,5.102659463816522e-06,2.4611231379405814,5.243074174964947,1,1,0.6844441363940094,1,1,fold_4
193,sub2,rest2,12,72,0,0.8662810650449028,0.7039712762109143,0.5,1,-0.1612110137939453,0.45978429913520813,1,5.102659463816522e-06,2.4611231379405814,5.243074174964947,1,1,0.6706484242711469,1,1,fold_4
194,sub2,rest2,13,73,0,0.41097413250862724,0.6013214345325478,0.5,1,-0.1387087106704712,0.4653783142566681,1,5.102659463816522e-06,2.4611231379405814,5.243074174964947,1,1,0.6782439099046469,1,1,fold_4
195,sub2,rest2,14,74,0,0.8791814179633252,0.7066525620699785,0.5,1,-0.24390137195587158,0.43932515382766724,1,5.102659463816522e-06,2.4611231379405814,5.243074174964947,1,1,0.7114528545129836,1,1,fold_4
196,sub2,rest2,15,75,0,0.9782343539016038,0.7267577331114146,0.5,1,-0.021822333335876465,0.4945445954799652,1,5.102659463816522e-06,2.4611231379405814,5.243074174964947,1,1,0.7138814451189818,1,1,fold_4
197,sub2,rest2,16,76,0,0.8518175134375026,0.7009482683575577,0.5,1,0.32443559169769287,0.5804048776626587,1,5.102659463816522e-06,2.4611231379405814,5.243074174964947,1,1,0.721486945355074,1,1,fold_4
198,sub2,rest2,17,77,0,0.9145891881516216,0.7139383338879729,0.5,1,0.2233792543411255,0.5556137561798096,1,5.102659463816522e-06,2.4611231379405814,5.243074174964947,1,1,0.7453753664127151,1,1,fold_4
199,sub2,rest2,18,78,0,1.0963428230807684,0.7495742338196913,0.5,1,-0.060005903244018555,0.4850029945373535,1,5.102659463816522e-06,2.4611231379405814,5.243074174964947,1,1,0.7047839478299727,1,1,fold_4
200,sub2,rest2,19,79,0,1.2231278902210685,0.7726135315304812,0.5,1,-0.032524943351745605,0.4918695092201233,1,5.102659463816522e-06,2.4611231379405814,5.243074174964947,1,1,0.634227489346676,1,1,fold_4
201,sub2,rest2,20,80,0,0.37291881428643897,0.5921640781397453,0.5,1,-0.32088685035705566,0.42045965790748596,1,5.102659463816522e-06,2.4611231379405814,5.243074174964947,1,1,0.5475791931725903,1,1,fold_4
202,sub2,rest2,21,81,0,0.1519108971996911,0.5379048583698017,0.5,1,-0.18931162357330322,0.45281293988227844,1,5.102659463816522e-06,2.4611231379405814,5.243074174964947,1,1,0.591327343380021,1,1,fold_4
203,sub2,rest2,22,82,0,0.05068542019963439,0.5126686430082241,0.5,1,-0.08519339561462402,0.4787144958972931,1,5.102659463816522e-06,2.4611231379405814,5.243074174964947,1,1,0.6632058174097263,1,1,fold_4
204,sub2,rest2,23,83,0,0.9614325248025493,0.7234085287620372,0.5,1,0.2523301839828491,0.5627499222755432,1,5.102659463816522e-06,2.4611231379405814,5.243074174964947,1,1,0.7275886528886503,1,1,fold_4
205,sub2,rest2,24,84,0,1.1175839038862132,0.7535402804589175,0.5,1,0.299599289894104,0.5743445754051208,1,5.102659463816522e-06,2.4611231379405814,5.243074174964947,1,1,0.6968809593919517,1,1,fold_4
206,sub2,rest2,25,85,0,0.8751546941507914,0.705817149444996,0.5,1,0.3871091604232788,0.5955865979194641,1,5.102659463816522e-06,2.4611231379405814,5.243074174964947,1,1,0.6565206575062437,1,1,fold_4
207,sub2,rest2,26,86,0,0.5377353625650243,0.6312854482719416,0.5,1,0.48497188091278076,0.6189212203025818,1,5.102659463816522e-06,2.4611231379405814,5.243074174964947,1,1,0.6693870681235827,1,1,fold_4
208,sub2,rest2,27,87,0,0.5427821316761925,0.6324593748017936,0.5,1,0.3222191333770752,0.5798649787902832,1,5.102659463816522e-06,2.4611231379405814,5.243074174964947,1,1,0.7348811605687603,1,1,fold_4
209,sub2,rest2,28,88,0,1.0690508996989647,0.7444163812970133,0.5,1,0.09521973133087158,0.5237869620323181,1,5.102659463816522e-06,2.4611231379405814,5.243074174964947,1,1,0.7965104519834197,1,1,fold_4
210,sub2,rest2,29,89,0,1.5698885920879773,0.827767725607474,0.5,1,0.15573453903198242,0.5388551354408264,1,5.102659463816522e-06,2.4611231379405814,5.243074174964947,1,1,0.8167835690222432,1,1,fold_4
211,sub2,rest2,30,90,0,1.4984772195218878,0.8173472490457722,0.5,1,0.271781325340271,0.5675301551818848,1,5.102659463816522e-06,2.4611231379405814,5.243074174964947,1,1,0.8028015313902483,1,1,fold_4
212,sub2,rest2,31,91,0,1.4193451267447872,0.8052357324134837,0.5,1,0.18722832202911377,0.5466707944869995,1,5.102659463816522e-06,2.4611231379405814,5.243074174964947,1,1,0.796181129446929,1,1,fold_4
213,sub2,rest2,32,92,0,1.2999205575902546,0.7858216127114891,0.5,1,-0.01940155029296875,0.49514979124069214,1,5.102659463816522e-06,2.4611231379405814,5.243074174964947,1,1,0.7649124836450382,1,1,fold_4
214,sub2,rest2,33,93,0,1.370655527273439,0.7974860432158142,0.5,1,-0.13972103595733643,0.46512648463249207,1,5.102659463816522e-06,2.4611231379405814,5.243074174964947,1,1,0.7557841957888796,1,1,fold_4
215,sub2,rest2,34,94,0,0.9023383396475356,0.7114297950078114,0.5,1,-0.20024502277374268,0.45010533928871155,1,5.102659463816522e-06,2.4611231379405814,5.243074174964947,1,1,0.7468479127912112,1,1,fold_4
216,sub2,rest2,35,95,0,1.1441280588042007,0.7584367491430131,0.5,1,-0.1504296064376831,0.4624633491039276,1,5.102659463816522e-06,2.4611231379405814,5.243074174964947,1,1,0.7824971378693624,1,1,fold_4
217,sub2,rest2,36,96,0,1.212138958184325,0.7706771942228091,0.5,1,-0.09148764610290527,0.4771440327167511,1,5.102659463816522e-06,2.4611231379405814,5.243074174964947,1,1,0.7996797796008585,1,1,fold_4
218,sub2,rest2,37,97,0,1.50539316421433,0.8183774702422649,0.5,1,0.07420313358306885,0.5185422897338867,1,5.102659463816522e-06,2.4611231379405814,5.243074174964947,1,1,0.8133139911960375,1,1,fold_4
219,sub2,rest2,38,98,0,1.4499105966274002,0.8099846743375017,0.5,1,0.00998544692993164,0.5024963617324829,1,5.102659463816522e-06,2.4611231379405814,5.243074174964947,1,1,0.8174178463777673,1,1,fold_4
220,sub2,rest2,39,99,0,1.460308333154261,0.8115798290083461,0.5,1,-0.02681267261505127,0.4932972192764282,1,5.102659463816522e-06,2.4611231379405814,5.243074174964947,1,1,0.8300165574191269,1,1,fold_4
221,sub2,rest2,40,100,0,1.5905184709175326,0.8306890357874538,0.5,1,0.00555109977722168,0.5013877749443054,1,5.102659463816522e-06,2.4611231379405814,5.243074174964947,1,1,0.8446068282426515,1,1,fold_4
222,sub2,rest2,41,101,0,1.7173005823571297,0.8477808074615808,0.5,1,0.0734947919845581,0.5183654427528381,1,5.102659463816522e-06,2.4611231379405814,5.243074174964947,1,1,0.8482089948254298,1,1,fold_4
223,sub2,rest2,42,102,0,1.7771988951434432,0.85535064147892,0.5,1,0.11909115314483643,0.529737651348114,1,5.102659463816522e-06,2.4611231379405814,5.243074174964947,1,1,0.8288974578811573,1,1,fold_4
224,sub2,rest2,43,103,0,1.6693979483650183,0.8414955355357886,0.5,1,0.04356217384338379,0.5108888149261475,1,5.102659463816522e-06,2.4611231379405814,5.243074174964947,1,1,0.8017869931364872,1,1,fold_4
225,sub2,rest2,44,104,0,1.3239985790436906,0.7898461966287633,0.5,1,-0.1288214921951294,0.4678391218185425,1,5.102659463816522e-06,2.4611231379405814,5.243074174964947,1,1,0.7760747288007592,1,1,fold_4
226,sub2,rest2,45,105,0,1.231146909676953,0.7740192472449093,0.5,1,-0.10521495342254639,0.4737204611301422,1,5.102659463816522e-06,2.4611231379405814,5.243074174964947,1,1,0.7769258161308396,1,1,fold_4
227,sub2,rest2,46,106,0,1.1767266841938864,0.764358742528605,0.5,1,-0.0949554443359375,0.47627896070480347,1,5.102659463816522e-06,2.4611231379405814,5.243074174964947,1,1,0.7788662843170148,1,1,fold_4
228,sub2,rest2,47,107,0,1.3394498725107589,0.7923994586190041,0.5,1,-0.02484917640686035,0.49378806352615356,1,5.102659463816522e-06,2.4611231379405814,5.243074174964947,1,1,0.7873907771869719,1,1,fold_4
229,sub2,rest2,48,108,0,1.2647380121025065,0.7798406518034353,0.5,1,-0.054500579833984375,0.4863782227039337,1,5.102659463816522e-06,2.4611231379405814,5.243074174964947,1,1,0.7940705879312769,1,1,fold_4
230,sub2,rest2,49,109,0,1.324516910626886,0.7899322211384762,0.5,1,-0.023845314979553223,0.49403896927833557,1,5.102659463816522e-06,2.4611231379405814,5.243074174964947,1,1,0.769513876757787,1,1,fold_4
231,sub2,rest2,50,110,0,1.4659359923482156,0.8124388908519191,0.5,1,-0.07315242290496826,0.48172008991241455,1,5.102659463816522e-06,2.4611231379405814,5.243074174964947,1,1,0.7466589125515982,1,1,fold_4
232,sub2,rest2,51,111,0,0.8768571307259413,0.7061705182829657,0.5,1,-0.012590527534484863,0.49685242772102356,1,5.102659463816522e-06,2.4611231379405814,5.243074174964947,1,1,0.7157787767565204,1,1,fold_4
233,sub2,rest2,52,112,0,0.9512541537715143,0.72136732851991,0.5,1,0.09638369083404541,0.5240772366523743,1,5.102659463816522e-06,2.4611231379405814,5.243074174964947,1,1,0.7224139007448573,1,1,fold_4
234,sub2,rest2,53,113,0,0.943462242548472,0.7197984834666853,0.5,1,0.20434606075286865,0.5509095191955566,1,5.102659463816522e-06,2.4611231379405814,5.243074174964947,1,1,0.6447529974285607,1,1,fold_4
235,sub2,rest2,54,114,0,0.9748034450673326,0.7260758902479767,0.5,1,-0.007342696189880371,0.4981643259525299,1,5.102659463816522e-06,2.4611231379405814,5.243074174964947,1,1,0.526082983525657,1,1,fold_4
236,sub2,rest2,55,115,0,-0.04646988636146906,0.4883846185710204,0.5,0,-0.01457357406616211,0.49635663628578186,1,5.102659463816522e-06,2.4611231379405814,5.243074174964947,1,0,0.39657676298647465,0,0,fold_4
237,sub2,rest2,56,116,0,-0.5589586520628077,0.36378844175797403,0.5,0,0.252569317817688,0.5628087520599365,1,5.102659463816522e-06,2.4611231379405814,5.243074174964947,1,0,0.34678768355994594,0,0,fold_4
238,sub2,rest2,57,117,0,-0.6741991090405547,0.33755722863042953,0.5,0,0.24698865413665771,0.5614351630210876,1,5.102659463816522e-06,2.4611231379405814,5.243074174964947,1,0,0.3354194553490735,0,0,fold_4
239,sub2,rest2,58,118,0,-0.6676761702078995,0.3390173802914343,0.5,0,0.26067590713500977,0.5648024678230286,1,5.102659463816522e-06,2.4611231379405814,5.243074174964947,1,0,0.3327949648473827,0,0,fold_4
240,sub2,rest2,59,119,0,-0.7096157220716223,0.32968375712535686,0.5,0,0.29870593547821045,0.574126124382019,1,5.102659463816522e-06,2.4611231379405814,5.243074174964947,1,0,0.32968375712535686,0,0,fold_4
361,sub4,rest1,0,0,0,-0.7979615335195785,0.31046173539526145,0.5,0,-0.5823240280151367,0.3583980202674866,1,3.7278134736727667e-06,1.7002977378432407,8.89987808278516,0,1,0.2757001886975211,0,1,fold_4
362,sub4,rest1,1,1,0,-1.0100335097421849,0.26697329290185184,0.5,0,-0.6410670280456543,0.3450053632259369,1,3.7278134736727667e-06,1.7002977378432407,8.89987808278516,0,1,0.2564255660127228,0,1,fold_4
363,sub4,rest1,2,2,0,-1.1003968834051125,0.24966553779545012,0.5,0,-0.8645275831222534,0.2963942587375641,1,3.7278134736727667e-06,1.7002977378432407,8.89987808278516,0,1,0.24911631615017094,0,1,fold_4
364,sub4,rest1,3,3,0,-1.0845927413625267,0.25263786734086646,0.5,0,-0.8014611005783081,0.30971306562423706,1,3.7278134736727667e-06,1.7002977378432407,8.89987808278516,0,1,0.2573146278221488,0,1,fold_4
365,sub4,rest1,4,4,0,-1.1252133408116312,0.24504554331419626,0.5,0,-0.8139403462409973,0.30705147981643677,1,3.7278134736727667e-06,1.7002977378432407,8.89987808278516,0,1,0.2687566460349718,0,1,fold_4
366,sub4,rest1,5,5,0,-0.9731128869481211,0.2742604728113837,0.5,0,-0.7449896931648254,0.3219139873981476,1,3.7278134736727667e-06,1.7002977378432407,8.89987808278516,0,1,0.27801398400452176,0,1,fold_4
367,sub4,rest1,6,6,0,-0.9101755189749213,0.28696392197933535,0.5,0,-0.7651331424713135,0.31753283739089966,1,3.7278134736727667e-06,1.7002977378432407,8.89987808278516,0,1,0.2714487685396026,0,1,fold_4
368,sub4,rest1,7,7,0,-0.9803741157564154,0.27281755722284634,0.5,0,-0.8032975196838379,0.3093205988407135,1,3.7278134736727667e-06,1.7002977378432407,8.89987808278516,0,1,0.24898907081118507,0,1,fold_4
369,sub4,rest1,8,8,0,-1.0744126492110841,0.25456482641662603,0.5,0,-0.6949069499969482,0.332942396402359,1,3.7278134736727667e-06,1.7002977378432407,8.89987808278516,0,1,0.23876258551511872,0,1,fold_4
370,sub4,rest1,9,9,0,-1.2680874272429032,0.2195848287940828,0.5,0,-0.818176805973053,0.3061508238315582,1,3.7278134736727667e-06,1.7002977378432407,8.89987808278516,0,1,0.23405248357597516,0,1,fold_4
371,sub4,rest1,10,10,0,-1.1409929472485996,0.24213810133464728,0.5,0,-0.7176012992858887,0.32792142033576965,1,3.7278134736727667e-06,1.7002977378432407,8.89987808278516,0,1,0.2524715911454223,0,1,fold_4
372,sub4,rest1,11,11,0,-1.1502987432910352,0.24043452059919537,0.5,0,-0.7795553803443909,0.31441572308540344,1,3.7278134736727667e-06,1.7002977378432407,8.89987808278516,0,1,0.26824779040215213,0,1,fold_4
373,sub4,rest1,12,12,0,-0.9701924148902843,0.27484215150242425,0.5,0,-0.6740907430648804,0.33758148550987244,1,3.7278134736727667e-06,1.7002977378432407,8.89987808278516,0,1,0.2904209477182997,0,1,fold_4
374,sub4,rest1,13,13,0,-0.8979755547033758,0.2894666991048368,0.5,0,-0.662424623966217,0.3401951789855957,1,3.7278134736727667e-06,1.7002977378432407,8.89987808278516,0,1,0.302968640254772,0,1,fold_4
375,sub4,rest1,14,14,0,-0.8143985108579018,0.3069539925476379,0.5,0,-0.8340893983840942,0.3027810752391815,1,3.7278134736727667e-06,1.7002977378432407,8.89987808278516,0,1,0.2920568675690318,0,1,fold_4
376,sub4,rest1,15,15,0,-0.7885261130209233,0.31248522911184134,0.5,0,-0.8120009899139404,0.30746424198150635,1,3.7278134736727667e-06,1.7002977378432407,8.89987808278516,0,1,0.29609028713939534,0,1,fold_4
377,sub4,rest1,16,16,1,-0.802706329279784,0.30944690663455715,0.5,0,-0.7924407124519348,0.31164485216140747,1,3.7278134736727667e-06,1.7002977378432407,8.89987808278516,0,1,,,,fold_4
378,sub4,rest1,17,17,0,-1.0630271839398775,0.2567313810476161,0.5,0,-0.9049705266952515,0.28803011775016785,1,3.7278134736727667e-06,1.7002977378432407,8.89987808278516,0,1,0.2940651976785164,0,1,fold_4
379,sub4,rest1,18,18,0,-0.7581214838994902,0.31905425125872855,0.5,0,-0.6261110305786133,0.34839287400245667,1,3.7278134736727667e-06,1.7002977378432407,8.89987808278516,0,1,0.30317268822957616,0,1,fold_4
380,sub4,rest1,19,19,0,-0.8169571182049294,0.3064099607292046,0.5,0,-0.5252881646156311,0.37161651253700256,1,3.7278134736727667e-06,1.7002977378432407,8.89987808278516,0,1,0.2787279287538977,0,1,fold_4
381,sub4,rest1,20,20,0,-0.9244411084916287,0.28405385270079514,0.5,0,-0.5334165096282959,0.3697203993797302,1,3.7278134736727667e-06,1.7002977378432407,8.89987808278516,0,1,0.2609994063159538,0,1,fold_4
382,sub4,rest1,21,21,0,-1.1215711221479812,0.2457199728316932,0.5,0,-0.7486145496368408,0.32112327218055725,1,3.7278134736727667e-06,1.7002977378432407,8.89987808278516,0,1,0.2587586289784012,0,1,fold_4
383,sub4,rest1,22,22,0,-1.0814887210815745,0.2532243934153732,0.5,0,-0.7823436856269836,0.31381499767303467,1,3.7278134736727667e-06,1.7002977378432407,8.89987808278516,0,1,0.26327138918965054,0,1,fold_4
384,sub4,rest1,23,23,0,-0.9577369660096897,0.27733152068813716,0.5,0,-0.860342264175415,0.2972678542137146,1,3.7278134736727667e-06,1.7002977378432407,8.89987808278516,0,1,0.2673705613187802,0,1,fold_4
385,sub4,rest1,24,24,1,-0.9405829197458447,0.2807826105510681,0.5,0,-0.8749216794967651,0.29423120617866516,1,3.7278134736727667e-06,1.7002977378432407,8.89987808278516,0,1,,,,fold_4
386,sub4,rest1,25,25,0,-1.0498273618173763,0.25925825346544124,0.5,0,-0.8813526034355164,0.2928975820541382,1,3.7278134736727667e-06,1.7002977378432407,8.89987808278516,0,1,0.25123873550458825,0,1,fold_4
387,sub4,rest1,26,26,0,-1.0174628055465822,0.2655219098027621,0.5,0,-0.7273553013801575,0.3257753551006317,1,3.7278134736727667e-06,1.7002977378432407,8.89987808278516,0,1,0.2583592352479094,0,1,fold_4
388,sub4,rest1,27,27,0,-1.2143286457027789,0.2289360432455614,0.5,0,-0.8130942583084106,0.3072315454483032,1,3.7278134736727667e-06,1.7002977378432407,8.89987808278516,0,1,0.251042495079043,0,1,fold_4
389,sub4,rest1,28,28,0,-0.9413895140182436,0.2806197526954047,0.5,0,-0.6976399421691895,0.3323356807231903,1,3.7278134736727667e-06,1.7002977378432407,8.89987808278516,0,1,0.2674850111587909,0,1,fold_4
390,sub4,rest1,29,29,0,-1.1331964532156826,0.24357168929616296,0.5,0,-0.8263654112815857,0.30441412329673767,1,3.7278134736727667e-06,1.7002977378432407,8.89987808278516,0,1,0.2524982344750782,0,1,fold_4
391,sub4,rest1,30,30,0,-0.9530911518047152,0.2782635914848052,0.5,0,-0.8577538728713989,0.29780885577201843,1,3.7278134736727667e-06,1.7002977378432407,8.89987808278516,0,1,0.2771143866380779,0,1,fold_4
392,sub4,rest1,31,31,0,-1.176625833384528,0.2356594226442665,0.5,0,-0.9831659197807312,0.2722640633583069,1,3.7278134736727667e-06,1.7002977378432407,8.89987808278516,0,1,0.2915399425510028,0,1,fold_4
393,sub4,rest1,32,32,0,-0.7656532453665416,0.31742014578516203,0.5,0,-0.7542972564697266,0.3198856711387634,1,3.7278134736727667e-06,1.7002977378432407,8.89987808278516,0,1,0.3312075758634864,0,1,fold_4
394,sub4,rest1,33,33,1,-0.8163093726710102,0.3065476387460024,0.5,0,-0.539068341255188,0.3684043288230896,1,3.7278134736727667e-06,1.7002977378432407,8.89987808278516,0,1,,,,fold_4
395,sub4,rest1,34,34,0,-0.7467023829581545,0.3215402592235799,0.5,0,-0.5887922048568726,0.3569120168685913,1,3.7278134736727667e-06,1.7002977378432407,8.89987808278516,0,1,0.33999919256456623,0,1,fold_4
396,sub4,rest1,35,35,0,-0.5986075778837027,0.35466232258171726,0.5,0,-0.788665771484375,0.3124552369117737,1,3.7278134736727667e-06,1.7002977378432407,8.89987808278516,0,1,0.3472544545710936,0,1,fold_4
397,sub4,rest1,36,36,0,-0.6464277088474624,0.34379499588840146,0.5,0,-0.6299482583999634,0.3475222587585449,1,3.7278134736727667e-06,1.7002977378432407,8.89987808278516,0,1,0.3103073310049902,0,1,fold_4
398,sub4,rest1,37,37,0,-0.6485957781451912,0.3433060452431622,0.5,0,-0.6402597427368164,0.34518781304359436,1,3.7278134736727667e-06,1.7002977378432407,8.89987808278516,0,1,0.2796866308150416,0,1,fold_4
399,sub4,rest1,38,38,0,-1.1318440321004297,0.24382095188340686,0.5,0,-0.7339174747467041,0.32433563470840454,1,3.7278134736727667e-06,1.7002977378432407,8.89987808278516,0,1,0.2402888827877249,0,1,fold_4
400,sub4,rest1,39,39,0,-1.0883299224596155,0.25193289531855556,0.5,0,-0.8312009572982788,0.3033911883831024,1,3.7278134736727667e-06,1.7002977378432407,8.89987808278516,0,1,0.235858862172457,0,1,fold_4
401,sub4,rest1,40,40,0,-1.236115853803959,0.22511280116121227,0.5,0,-0.8425700068473816,0.30099380016326904,1,3.7278134736727667e-06,1.7002977378432407,8.89987808278516,0,1,0.23191310172583904,0,1,fold_4
402,sub4,rest1,41,41,1,-1.1812985553825732,0.2348187928577177,0.5,0,-0.9251822233200073,0.2839031517505646,1,3.7278134736727667e-06,1.7002977378432407,8.89987808278516,0,1,,,,fold_4
403,sub4,rest1,42,42,0,-1.2053159428382862,0.23053089003760321,0.5,0,-0.9508910179138184,0.2787056565284729,1,3.7278134736727667e-06,1.7002977378432407,8.89987808278516,0,1,0.23271666814808448,0,1,fold_4
404,sub4,rest1,43,43,0,-1.1521553819161294,0.2400956139787017,0.5,0,-0.8850805163383484,0.2921260595321655,1,3.7278134736727667e-06,1.7002977378432407,8.89987808278516,0,1,0.2320523445073026,0,1,fold_4
405,sub4,rest1,44,44,0,-1.2223480554027484,0.22752350042794858,0.5,0,-0.9041916728019714,0.2881898581981659,1,3.7278134736727667e-06,1.7002977378432407,8.89987808278516,0,1,0.22848807863449547,0,1,fold_4
406,sub4,rest1,45,45,0,-1.2165853761831544,0.2285379191152575,0.5,0,-0.8578979969024658,0.2977787256240845,1,3.7278134736727667e-06,1.7002977378432407,8.89987808278516,0,1,0.22379102603906156,0,1,fold_4
407,sub4,rest1,46,46,0,-1.2116862957307442,0.2294028163602802,0.5,0,-0.9281361699104309,0.28330299258232117,1,3.7278134736727667e-06,1.7002977378432407,8.89987808278516,0,1,0.22056567918628708,0,1,fold_4
408,sub4,rest1,47,47,0,-1.3043588559859842,0.21343234264164704,0.5,0,-0.9211854934692383,0.28471639752388,1,3.7278134736727667e-06,1.7002977378432407,8.89987808278516,0,1,0.22617646461330362,0,1,fold_4
409,sub4,rest1,48,48,0,-1.2723111469168942,0.21886187855693395,0.5,0,-0.8880283832550049,0.29151687026023865,1,3.7278134736727667e-06,1.7002977378432407,8.89987808278516,0,1,0.23490283305117185,0,1,fold_4
410,sub4,rest1,49,49,0,-1.1187933536868988,0.2462351726413299,0.5,0,-0.7847088575363159,0.31330588459968567,1,3.7278134736727667e-06,1.7002977378432407,8.89987808278516,0,1,0.23636107100609502,0,1,fold_4
411,sub4,rest1,50,50,0,-1.1548109107798534,0.2396114479552517,0.5,0,-0.7878142595291138,0.31263816356658936,1,3.7278134736727667e-06,1.7002977378432407,8.89987808278516,0,1,0.2317840442044925,0,1,fold_4
412,sub4,rest1,51,51,0,-1.2469036476370803,0.2232365924217035,0.5,0,-0.8849358558654785,0.29215601086616516,1,3.7278134736727667e-06,1.7002977378432407,8.89987808278516,0,1,0.22992745124188277,0,1,fold_4
413,sub4,rest1,52,52,0,-1.1942253216530587,0.2325040922365223,0.5,0,-0.9446316957473755,0.27996572852134705,1,3.7278134736727667e-06,1.7002977378432407,8.89987808278516,0,1,0.24137494604023627,0,1,fold_4
414,sub4,rest1,53,53,0,-1.1856285975583087,0.2340416690674225,0.5,0,-0.9270158410072327,0.2835305333137512,1,3.7278134736727667e-06,1.7002977378432407,8.89987808278516,0,1,0.26169890029024095,0,1,fold_4
415,sub4,rest1,54,54,0,-1.0585895968479455,0.257579076816764,0.5,0,-0.8657506704330444,0.29613927006721497,1,3.7278134736727667e-06,1.7002977378432407,8.89987808278516,0,1,0.31726299520425844,0,1,fold_4
416,sub4,rest1,55,55,0,-0.8785615247111264,0.29347595498653634,0.5,0,-0.8449572324752808,0.3004917502403259,1,3.7278134736727667e-06,1.7002977378432407,8.89987808278516,0,1,0.3859749011387914,0,1,fold_4
417,sub4,rest1,56,56,0,-0.4024078997908082,0.40073395380947496,0.5,0,-0.54839026927948,0.36623796820640564,1,3.7278134736727667e-06,1.7002977378432407,8.89987808278516,0,1,0.4427211810167336,0,1,fold_4
418,sub4,rest1,57,57,0,-0.1453964226701554,0.4637147946203629,0.5,0,-0.3504248857498169,0.41327938437461853,1,3.7278134736727667e-06,1.7002977378432407,8.89987808278516,0,1,0.46371479462036297,0,1,fold_4
419,sub4,rest2,0,58,0,1.0308005094819275,0.7370710618577065,0.5,1,0.07522618770599365,0.5187976956367493,1,3.7278134736727667e-06,1.7002977378432407,8.89987808278516,1,1,0.7512881943968508,1,1,fold_4
420,sub4,rest2,1,59,0,1.1633868192325545,0.7619475727598126,0.5,1,0.26892590522766113,0.5668291449546814,1,3.7278134736727667e-06,1.7002977378432407,8.89987808278516,1,1,0.7601698271822328,1,1,fold_4
421,sub4,rest2,2,60,0,1.1246268925254506,0.7548459485730333,0.5,1,0.20855247974395752,0.5519499182701111,1,3.7278134736727667e-06,1.7002977378432407,8.89987808278516,1,1,0.7637779822959069,1,1,fold_4
422,sub4,rest2,3,61,0,1.1731613004687917,0.7637159602138524,0.5,1,0.18155395984649658,0.5452642440795898,1,3.7278134736727667e-06,1.7002977378432407,8.89987808278516,1,1,0.7639538886504589,1,1,fold_4
423,sub4,rest2,4,62,0,1.224030348648393,0.7727720381008348,0.5,1,0.2564479112625122,0.563762903213501,1,3.7278134736727667e-06,1.7002977378432407,8.89987808278516,1,1,0.7634085726457681,1,1,fold_4
424,sub4,rest2,5,63,0,1.127480678581068,0.7553736676366897,0.5,1,0.27235686779022217,0.5676714181900024,1,3.7278134736727667e-06,1.7002977378432407,8.89987808278516,1,1,0.7473850880287559,1,1,fold_4
425,sub4,rest2,6,64,0,1.16411712162605,0.7620800121997797,0.5,1,0.25340259075164795,0.5630137920379639,1,3.7278134736727667e-06,1.7002977378432407,8.89987808278516,1,1,0.7363572249205532,1,1,fold_4
426,sub4,rest2,7,65,0,0.9679043046881419,0.7247015842497986,0.5,1,0.14657998085021973,0.5365795493125916,1,3.7278134736727667e-06,1.7002977378432407,8.89987808278516,1,1,0.7237238585978543,1,1,fold_4
427,sub4,rest2,8,66,0,0.9558497069651207,0.7222900783120811,0.5,1,0.086273193359375,0.5215549468994141,1,3.7278134736727667e-06,1.7002977378432407,8.89987808278516,1,1,0.7111100637376522,1,1,fold_4
428,sub4,rest2,9,67,0,0.965291066824493,0.724179913231683,0.5,1,0.16404259204864502,0.5409189462661743,1,3.7278134736727667e-06,1.7002977378432407,8.89987808278516,1,1,0.7157050516583633,1,1,fold_4
429,sub4,rest2,10,68,0,0.7854810403357088,0.6868601996691925,0.5,1,0.1849074363708496,0.546095609664917,1,3.7278134736727667e-06,1.7002977378432407,8.89987808278516,1,1,0.708216357711951,1,1,fold_4
430,sub4,rest2,11,69,0,1.025667260412908,0.7360750420742143,0.5,1,0.12444043159484863,0.5310700535774231,1,3.7278134736727667e-06,1.7002977378432407,8.89987808278516,1,1,0.7274929790825041,1,1,fold_4
431,sub4,rest2,12,70,0,0.8554723502701654,0.7017138313924461,0.5,1,-0.08395111560821533,0.4790244996547699,1,3.7278134736727667e-06,1.7002977378432407,8.89987808278516,1,1,0.7272466971044494,1,1,fold_4
432,sub4,rest2,13,71,0,1.0704898667804283,0.7446900637808518,0.5,1,-0.006163239479064941,0.49845921993255615,1,3.7278134736727667e-06,1.7002977378432407,8.89987808278516,1,1,0.7462927548767061,1,1,fold_4
433,sub4,rest2,14,72,0,1.0218674484767964,0.7353361961400505,0.5,1,-0.04512608051300049,0.4887203872203827,1,3.7278134736727667e-06,1.7002977378432407,8.89987808278516,1,1,0.7538992657487716,1,1,fold_4
434,sub4,rest2,15,73,0,1.146395937816204,0.7588520047092163,0.5,1,0.08630907535552979,0.5215638875961304,1,3.7278134736727667e-06,1.7002977378432407,8.89987808278516,1,1,0.7641810356691799,1,1,fold_4
435,sub4,rest2,16,74,0,1.19430203348254,0.7675095963970483,0.5,1,0.21628892421722412,0.5538623929023743,1,3.7278134736727667e-06,1.7002977378432407,8.89987808278516,1,1,0.7647339448850125,1,1,fold_4
436,sub4,rest2,17,75,0,1.1868739464171982,0.7661815059012751,0.5,1,0.27071142196655273,0.5672675371170044,1,3.7278134736727667e-06,1.7002977378432407,8.89987808278516,1,1,0.7585704341706002,1,1,fold_4
437,sub4,rest2,18,76,0,1.1554816195007787,0.7605107323567138,0.5,1,0.19456136226654053,0.5484874844551086,1,3.7278134736727667e-06,1.7002977378432407,8.89987808278516,1,1,0.7515086998197736,1,1,fold_4
438,sub4,rest2,19,77,0,1.093387453090882,0.7490190642538119,0.5,1,0.14302968978881836,0.5356966257095337,1,3.7278134736727667e-06,1.7002977378432407,8.89987808278516,1,1,0.7502289243497406,1,1,fold_4
439,sub4,rest2,20,78,0,1.072101212062681,0.7449963028487951,0.5,1,0.06276047229766846,0.515684962272644,1,3.7278134736727667e-06,1.7002977378432407,8.89987808278516,1,1,0.7427670047315748,1,1,fold_4
440,sub4,rest2,21,79,0,1.134516316361574,0.7566714059466149,0.5,1,0.07806205749511719,0.5195056200027466,1,3.7278134736727667e-06,1.7002977378432407,8.89987808278516,1,1,0.7361312369492053,1,1,fold_4
441,sub4,rest2,22,80,0,0.9776078585007647,0.7266333053993141,0.5,1,0.04376542568206787,0.5109395980834961,1,3.7278134736727667e-06,1.7002977378432407,8.89987808278516,1,1,0.7271216393196007,1,1,fold_4
442,sub4,rest2,23,81,0,0.9698469945198782,0.7250889995016868,0.5,1,0.037749290466308594,0.5094361901283264,1,3.7278134736727667e-06,1.7002977378432407,8.89987808278516,1,1,0.7141605614625179,1,1,fold_4
443,sub4,rest2,24,82,0,0.992810104029257,0.729642613057801,0.5,1,-0.052275776863098145,0.48693400621414185,1,3.7278134736727667e-06,1.7002977378432407,8.89987808278516,1,1,0.7050378643750267,1,1,fold_4
444,sub4,rest2,25,83,0,0.7896215852720642,0.6877500718280658,0.5,1,0.22327721118927002,0.5555885434150696,1,3.7278134736727667e-06,1.7002977378432407,8.89987808278516,1,1,0.7085425987442745,1,1,fold_4
445,sub4,rest2,26,84,0,0.836468442354441,0.6977209082392136,0.5,1,0.30117809772491455,0.5747305154800415,1,3.7278134736727667e-06,1.7002977378432407,8.89987808278516,1,1,0.7346133790181643,1,1,fold_4
446,sub4,rest2,27,85,0,1.0467837675291647,0.7401568161655437,0.5,1,0.2754417657852173,0.5684283375740051,1,3.7278134736727667e-06,1.7002977378432407,8.89987808278516,1,1,0.756561264022574,1,1,fold_4
447,sub4,rest2,28,86,0,1.1856513667286552,0.7659624126497355,0.5,1,0.1826171875,0.5455278754234314,1,3.7278134736727667e-06,1.7002977378432407,8.89987808278516,1,1,0.7661879477153692,1,1,fold_4
448,sub4,rest2,29,87,0,1.1723225073629653,0.7635645632524426,0.5,1,0.16906225681304932,0.5421651601791382,1,3.7278134736727667e-06,1.7002977378432407,8.89987808278516,1,1,0.7653272315387273,1,1,fold_4
449,sub4,rest2,30,88,0,1.2028808108300866,0.7690368672439296,0.5,1,0.13750910758972168,0.5343232154846191,1,3.7278134736727667e-06,1.7002977378432407,8.89987808278516,1,1,0.7726925465795884,1,1,fold_4
450,sub4,rest2,31,89,0,1.171301924764338,0.7633802641198096,0.5,1,0.13473117351531982,0.5336319208145142,1,3.7278134736727667e-06,1.7002977378432407,8.89987808278516,1,1,0.7733081538692227,1,1,fold_4
451,sub4,rest2,32,90,0,1.2989636084704184,0.785660508375026,0.5,1,0.24775314331054688,0.5616233944892883,1,3.7278134736727667e-06,1.7002977378432407,8.89987808278516,1,1,0.7606881375096352,1,1,fold_4
452,sub4,rest2,33,91,0,1.2133077225844848,0.7708836891128322,0.5,1,0.23090267181396484,0.5574705004692078,1,3.7278134736727667e-06,1.7002977378432407,8.89987808278516,1,1,0.7300747046143409,1,1,fold_4
453,sub4,rest2,34,92,0,0.9720113204340081,0.7255202150410469,0.5,1,0.27416956424713135,0.5681162476539612,1,3.7278134736727667e-06,1.7002977378432407,8.89987808278516,1,1,0.6982284676125565,1,1,fold_4
454,sub4,rest2,35,93,0,0.8180403836475553,0.6938202096891437,0.5,1,0.14304864406585693,0.535701334476471,1,3.7278134736727667e-06,1.7002977378432407,8.89987808278516,1,1,0.6883776461591257,1,1,fold_4
455,sub4,rest2,36,94,0,0.7324604915236733,0.6753449781074788,0.5,1,-0.06082892417907715,0.4847974181175232,1,3.7278134736727667e-06,1.7002977378432407,8.89987808278516,1,1,0.6451398065431565,1,1,fold_4
456,sub4,rest2,37,95,0,0.8281695449653297,0.6959677506807546,0.5,1,-0.06642377376556396,0.4834001362323761,1,3.7278134736727667e-06,1.7002977378432407,8.89987808278516,1,1,0.6194078563012325,1,1,fold_4
457,sub4,rest2,38,96,0,0.2578458921263589,0.5641066908412361,0.5,1,-0.38394153118133545,0.4051766097545624,1,3.7278134736727667e-06,1.7002977378432407,8.89987808278516,1,1,0.5978943066095285,1,1,fold_4
458,sub4,rest2,39,97,0,0.397759043594966,0.5981491273817069,0.5,1,-0.2713078260421753,0.43258604407310486,1,3.7278134736727667e-06,1.7002977378432407,8.89987808278516,1,1,0.6457224601435086,1,1,fold_4
459,sub4,rest2,40,98,0,0.5383439814957854,0.6314271016056423,0.5,1,-0.1660531759262085,0.4585818350315094,1,3.7278134736727667e-06,1.7002977378432407,8.89987808278516,1,1,0.6746697374317464,1,1,fold_4
460,sub4,rest2,41,99,0,0.8837134679408537,0.7075911514431764,0.5,1,0.1167985200881958,0.5291664600372314,1,3.7278134736727667e-06,1.7002977378432407,8.89987808278516,1,1,0.6810963790709064,1,1,fold_4
461,sub4,rest2,42,100,0,0.7768043007759333,0.6849909592464205,0.5,1,0.3282989263534546,0.5813454389572144,1,3.7278134736727667e-06,1.7002977378432407,8.89987808278516,1,1,0.6663599231605642,1,1,fold_4
462,sub4,rest2,43,101,0,0.6221484692510725,0.6507070265231222,0.5,1,0.07433927059173584,0.5185762643814087,1,3.7278134736727667e-06,1.7002977378432407,8.89987808278516,1,1,0.6530732726840882,1,1,fold_4
463,sub4,rest2,44,102,0,0.6784012683605858,0.66338178371215,0.5,1,0.1416393518447876,0.5353507399559021,1,3.7278134736727667e-06,1.7002977378432407,8.89987808278516,1,1,0.6571699846443705,1,1,fold_4
464,sub4,rest2,45,103,0,0.597704723805072,0.6451310078169925,0.5,1,-0.1720041036605835,0.4571046829223633,1,3.7278134736727667e-06,1.7002977378432407,8.89987808278516,1,1,0.6536120720508012,1,1,fold_4
465,sub4,rest2,46,104,0,0.6766793597598436,0.6629971624039687,0.5,1,-0.17540085315704346,0.45626187324523926,1,3.7278134736727667e-06,1.7002977378432407,8.89987808278516,1,1,0.6720937038631908,1,1,fold_4
466,sub4,rest2,47,105,0,0.6309641403276267,0.6527080459314422,0.5,1,-0.25731992721557617,0.43602263927459717,1,3.7278134736727667e-06,1.7002977378432407,8.89987808278516,1,1,0.6867285360348453,1,1,fold_4
467,sub4,rest2,48,106,0,0.8500417635302661,0.7005759032541617,0.5,1,-0.08778679370880127,0.4780673682689667,1,3.7278134736727667e-06,1.7002977378432407,8.89987808278516,1,1,0.7166639244111458,1,1,fold_4
468,sub4,rest2,49,107,0,0.8803833721328932,0.7069016589189318,0.5,1,-0.10413169860839844,0.47399061918258667,1,3.7278134736727667e-06,1.7002977378432407,8.89987808278516,1,1,0.7246743310195399,1,1,fold_4
469,sub4,rest2,50,108,0,1.059077479971922,0.7425142110603438,0.5,1,-0.0309370756149292,0.49226632714271545,1,3.7278134736727667e-06,1.7002977378432407,8.89987808278516,1,1,0.7419495309244754,1,1,fold_4
470,sub4,rest2,51,109,0,0.967430887298907,0.7246071230793444,0.5,1,-0.04663705825805664,0.48834285140037537,1,3.7278134736727667e-06,1.7002977378432407,8.89987808278516,1,1,0.7528215492167402,1,1,fold_4
471,sub4,rest2,52,110,0,1.1457143692708196,0.7587272586337377,0.5,1,0.1554487943649292,0.5387841463088989,1,3.7278134736727667e-06,1.7002977378432407,8.89987808278516,1,1,0.7622277616712577,1,1,fold_4
472,sub4,rest2,53,111,0,1.2375098254869017,0.7751302659371385,0.5,1,0.17377710342407227,0.5433353185653687,1,3.7278134736727667e-06,1.7002977378432407,8.89987808278516,1,1,0.7477896153649842,1,1,fold_4
473,sub4,rest2,54,112,0,1.1137402959480602,0.7528257604428968,0.5,1,0.20750820636749268,0.5516917109489441,1,3.7278134736727667e-06,1.7002977378432407,8.89987808278516,1,1,0.7159862548869333,1,1,fold_4
474,sub4,rest2,55,113,0,0.9218201063458353,0.715412819714917,0.5,1,0.2824718952178955,0.5701521039009094,1,3.7278134736727667e-06,1.7002977378432407,8.89987808278516,1,1,0.7011554009248014,1,1,fold_4
475,sub4,rest2,56,114,0,0.7524861829690636,0.6797201845029862,0.5,1,0.04035449028015137,0.510087251663208,1,3.7278134736727667e-06,1.7002977378432407,8.89987808278516,1,1,0.6891308855427866,1,1,fold_4
476,sub4,rest2,57,115,0,0.887302542635819,0.7083331985565009,0.5,1,0.23619449138641357,0.5587756037712097,1,3.7278134736727667e-06,1.7002977378432407,8.89987808278516,1,1,0.6826993571039138,1,1,fold_4
477,sub4,rest2,58,116,0,0.7507370321066266,0.6793392735688724,0.5,1,0.5156722068786621,0.6261352300643921,1,3.7278134736727667e-06,1.7002977378432407,8.89987808278516,1,1,0.6667301573138694,1,1,fold_4
478,sub4,rest2,59,117,0,0.6651914032593909,0.660425599186368,0.5,1,1.2053288221359253,0.7694714069366455,1,3.7278134736727667e-06,1.7002977378432407,8.89987808278516,1,1,0.660425599186368,1,1,fold_4
719,sub7,rest1,0,0,0,-1.191375142671695,0.23301308281767039,0.5,0,-0.5923442840576172,0.35609713196754456,1,5.487806416994081e-06,2.124436509370033,4.149016231719234,0,1,0.4728291244687517,0,1,fold_4
720,sub7,rest1,1,1,0,0.2264982205904094,0.5563837138361398,0.5,1,-0.6215143799781799,0.34943708777427673,1,5.487806416994081e-06,2.124436509370033,4.149016231719234,0,0,0.6308953469474261,1,0,fold_4
721,sub7,rest1,2,2,0,0.5283173569195185,0.6290905767524448,0.5,1,-0.46227431297302246,0.38644641637802124,1,5.487806416994081e-06,2.124436509370033,4.149016231719234,0,0,0.6687918748747764,1,0,fold_4
722,sub7,rest1,3,3,0,0.8818804757290984,0.7072117502536938,0.5,1,-0.46559882164001465,0.38565847277641296,1,5.487806416994081e-06,2.124436509370033,4.149016231719234,0,0,0.6656758850303989,1,0,fold_4
723,sub7,rest1,4,4,0,0.7085165900364238,0.6700732976181907,0.5,1,-0.25011909008026123,0.43779420852661133,1,5.487806416994081e-06,2.124436509370033,4.149016231719234,0,0,0.5430592955402178,1,0,fold_4
724,sub7,rest1,5,5,0,0.488455869348684,0.6197426072193123,0.5,1,-0.37834203243255615,0.4065268337726593,1,5.487806416994081e-06,2.124436509370033,4.149016231719234,0,0,0.4013790245455046,0,1,fold_4
725,sub7,rest1,6,6,0,-0.6661387317746335,0.33936198178315036,0.5,0,-0.4897732138633728,0.3799470067024231,1,5.487806416994081e-06,2.124436509370033,4.149016231719234,0,1,0.24768508999164132,0,1,fold_4
726,sub7,rest1,7,7,0,-1.1252839302195432,0.24503248463405122,0.5,0,-0.5368425250053406,0.3689224123954773,1,5.487806416994081e-06,2.124436509370033,4.149016231719234,0,1,0.19137812673903962,0,1,fold_4
727,sub7,rest1,8,8,0,-1.668226291285418,0.15866080355772244,0.5,0,-0.7257989645004272,0.32611727714538574,1,5.487806416994081e-06,2.124436509370033,4.149016231719234,0,1,0.16299800074448864,0,1,fold_4
728,sub7,rest1,9,9,0,-1.5825043876466585,0.17044109202534516,0.5,0,-0.648866593837738,0.3432449698448181,1,5.487806416994081e-06,2.124436509370033,4.149016231719234,0,1,0.1706649997544234,0,1,fold_4
729,sub7,rest1,10,10,0,-1.6590310737191254,0.15989210665039832,0.5,0,-0.48014068603515625,0.3822188973426819,1,5.487806416994081e-06,2.124436509370033,4.149016231719234,0,1,0.23682285183305143,0,1,fold_4
730,sub7,rest1,11,11,0,-1.5051289779920642,0.18166180058752665,0.5,0,-0.6303134560585022,0.3474394679069519,1,5.487806416994081e-06,2.124436509370033,4.149016231719234,0,1,0.40180581156303846,0,1,fold_4
731,sub7,rest1,12,12,0,-0.5368758058789541,0.36891464826122927,0.5,0,-0.7892087697982788,0.31233859062194824,1,5.487806416994081e-06,2.124436509370033,4.149016231719234,0,1,0.5668245260423843,1,0,fold_4
732,sub7,rest1,13,13,0,0.6403872150001941,0.6548409858403594,0.5,1,-0.666551411151886,0.3392694592475891,1,5.487806416994081e-06,2.124436509370033,4.149016231719234,0,0,0.5924267905257249,1,0,fold_4
733,sub7,rest1,14,14,0,0.7387293793618925,0.6767179440255642,0.5,1,-0.43068116903305054,0.39396369457244873,1,5.487806416994081e-06,2.124436509370033,4.149016231719234,0,0,0.47085421069282213,0,1,fold_4
734,sub7,rest1,15,15,0,-0.21797318643413519,0.4457214417112509,0.5,0,-0.40734803676605225,0.39954817295074463,1,5.487806416994081e-06,2.124436509370033,4.149016231719234,0,1,0.38932180867935395,0,1,fold_4
735,sub7,rest1,16,16,0,-0.8947855484868438,0.2901232463416512,0.5,0,-0.6186051368713379,0.35009872913360596,1,5.487806416994081e-06,2.124436509370033,4.149016231719234,0,1,0.46117319331322193,0,1,fold_4
736,sub7,rest1,17,17,1,-0.908850223938188,0.2872351746020838,0.5,0,-0.6916484832763672,0.33366644382476807,1,5.487806416994081e-06,2.124436509370033,4.149016231719234,0,1,,,,fold_4
737,sub7,rest1,18,18,0,-0.273203793978419,0.43212073798515965,0.5,0,-0.7513013482093811,0.320537805557251,1,5.487806416994081e-06,2.124436509370033,4.149016231719234,0,1,0.6193399763509921,1,0,fold_4
738,sub7,rest1,19,19,0,0.6689838800100709,0.6612755956128549,0.5,1,-0.6087791919708252,0.3523377478122711,1,5.487806416994081e-06,2.124436509370033,4.149016231719234,0,0,0.7503472771172678,1,0,fold_4
739,sub7,rest1,20,20,0,1.1781977264293342,0.7646235954549618,0.5,1,-0.402423620223999,0.400730162858963,1,5.487806416994081e-06,2.124436509370033,4.149016231719234,0,0,0.7985633237876941,1,0,fold_4
740,sub7,rest1,21,21,0,1.5515857144814384,0.8251426402839865,0.5,1,-0.4073275327682495,0.399553120136261,1,5.487806416994081e-06,2.124436509370033,4.149016231719234,0,0,0.8001275687939605,1,0,fold_4
741,sub7,rest1,22,22,0,1.4237379200628126,0.8059237356241338,0.5,1,-0.4243454933166504,0.3954773545265198,1,5.487806416994081e-06,2.124436509370033,4.149016231719234,0,0,0.7043544142237944,1,0,fold_4
742,sub7,rest1,23,23,0,1.204454861893047,0.7693163304737609,0.5,1,-0.5330622792243958,0.36980292201042175,1,5.487806416994081e-06,2.124436509370033,4.149016231719234,0,0,0.5566694114257408,1,0,fold_4
743,sub7,rest1,24,24,0,0.15158228551265812,0.5378231765734888,0.5,1,-0.8108689785003662,0.3077053427696228,1,5.487806416994081e-06,2.124436509370033,4.149016231719234,0,0,0.4714397388930307,0,1,fold_4
744,sub7,rest1,25,25,1,-0.750354069991692,0.32074415564101133,0.5,0,-0.9140511751174927,0.286171555519104,1,5.487806416994081e-06,2.124436509370033,4.149016231719234,0,1,,,,fold_4
745,sub7,rest1,26,26,0,-0.5629345781578324,0.3628687272299727,0.5,0,-0.783178985118866,0.3136351406574249,1,5.487806416994081e-06,2.124436509370033,4.149016231719234,0,1,0.4018891348583526,0,1,fold_4
746,sub7,rest1,27,27,0,0.05452275427747023,0.5136273128756306,0.5,1,-0.6063895225524902,0.3528832495212555,1,5.487806416994081e-06,2.124436509370033,4.149016231719234,0,0,0.39134891799765587,0,1,fold_4
747,sub7,rest1,28,28,0,-0.7119352378529912,0.32917136446945455,0.5,0,-0.39786672592163086,0.4018250107765198,1,5.487806416994081e-06,2.124436509370033,4.149016231719234,0,1,0.34928686868997816,0,1,fold_4
748,sub7,rest1,29,29,0,-0.7025456033090705,0.3312480766478824,0.5,0,-0.4899372458457947,0.37990835309028625,1,5.487806416994081e-06,2.124436509370033,4.149016231719234,0,1,0.5016847439654779,1,0,fold_4
749,sub7,rest1,30,30,0,-0.45808099014062625,0.3874411649525975,0.5,0,-0.6489394307136536,0.3432285785675049,1,5.487806416994081e-06,2.124436509370033,4.149016231719234,0,1,0.4942309133337326,0,1,fold_4
750,sub7,rest1,31,31,0,1.303152052125489,0.7863649902959537,0.5,1,-0.637549638748169,0.3458006680011749,1,5.487806416994081e-06,2.124436509370033,4.149016231719234,0,0,0.4270646855668406,0,1,fold_4
751,sub7,rest1,32,32,0,-0.8053297724638774,0.30888658475264663,0.5,0,-0.8513081669807434,0.29915851354599,1,5.487806416994081e-06,2.124436509370033,4.149016231719234,0,1,0.25792097095082966,0,1,fold_4
752,sub7,rest1,33,33,0,-1.4765936374088122,0.18594248165192134,0.5,0,-0.7169914841651917,0.32805582880973816,1,5.487806416994081e-06,2.124436509370033,4.149016231719234,0,1,0.27272932896026353,0,1,fold_4
753,sub7,rest1,34,34,1,-1.8161839028999456,0.13989240470725706,0.5,0,-0.6082656979560852,0.35245490074157715,1,5.487806416994081e-06,2.124436509370033,4.149016231719234,0,1,,,,fold_4
754,sub7,rest1,35,35,0,-0.9497562413745589,0.278933846447921,0.5,0,-0.6754425764083862,0.33727923035621643,1,5.487806416994081e-06,2.124436509370033,4.149016231719234,0,1,0.40348733856540564,0,1,fold_4
755,sub7,rest1,36,36,0,-0.6045139266929677,0.3533116587809482,0.5,0,-0.584627628326416,0.3578684628009796,1,5.487806416994081e-06,2.124436509370033,4.149016231719234,0,1,0.5198878346419601,1,0,fold_4
756,sub7,rest1,37,37,0,0.31545625971912394,0.5782165104673477,0.5,1,-0.5679564476013184,0.36170852184295654,1,5.487806416994081e-06,2.124436509370033,4.149016231719234,0,0,0.644612910326393,1,0,fold_4
757,sub7,rest1,38,38,0,0.5242256591460466,0.6281353346775843,0.5,1,-0.6374473571777344,0.3458237946033478,1,5.487806416994081e-06,2.124436509370033,4.149016231719234,0,0,0.7215069885739167,1,0,fold_4
758,sub7,rest1,39,39,0,0.9819092342142738,0.727486885834247,0.5,1,-0.6747169494628906,0.33744144439697266,1,5.487806416994081e-06,2.124436509370033,4.149016231719234,0,0,0.7798823141938683,1,0,fold_4
759,sub7,rest1,40,40,0,1.4428703314240612,0.8088987452099186,0.5,1,-0.7144009470939636,0.3286271095275879,1,5.487806416994081e-06,2.124436509370033,4.149016231719234,0,0,0.6679530580814151,1,0,fold_4
760,sub7,rest1,41,41,0,1.4068036863959146,0.8032613115374396,0.5,1,-0.7026939392089844,0.3312152028083801,1,5.487806416994081e-06,2.124436509370033,4.149016231719234,0,0,0.5407465555415323,1,0,fold_4
761,sub7,rest1,42,42,1,0.9182285128195038,0.7146810155166704,0.5,0,-0.7361422777175903,0.32384830713272095,1,5.487806416994081e-06,2.124436509370033,4.149016231719234,0,1,,,,fold_4
762,sub7,rest1,43,43,0,-0.4401756444335939,0.3916991174968872,0.5,0,-0.6801857948303223,0.33621981739997864,1,5.487806416994081e-06,2.124436509370033,4.149016231719234,0,1,0.45116803120449495,0,1,fold_4
763,sub7,rest1,44,44,0,-0.29296052059844224,0.4272792375902702,0.5,0,-0.49435484409332275,0.3788682222366333,1,5.487806416994081e-06,2.124436509370033,4.149016231719234,0,1,0.5797815908877029,1,0,fold_4
764,sub7,rest1,45,45,0,0.13832308073190475,0.5345257385263273,0.5,1,-0.6561981439590454,0.3415941298007965,1,5.487806416994081e-06,2.124436509370033,4.149016231719234,0,0,0.7104348069806227,1,0,fold_4
765,sub7,rest1,46,46,0,1.2513866032867094,0.7775397965465112,0.5,1,-0.4895573854446411,0.3799978494644165,1,5.487806416994081e-06,2.124436509370033,4.149016231719234,0,0,0.7249972710844307,1,0,fold_4
766,sub7,rest1,47,47,0,1.5111993731439834,0.8192388858690297,0.5,1,-0.4163113832473755,0.39739975333213806,1,5.487806416994081e-06,2.124436509370033,4.149016231719234,0,0,0.6221313340300317,1,0,fold_4
767,sub7,rest1,48,48,0,0.31544240210161295,0.5782131308377512,0.5,1,-0.5973133444786072,0.35495859384536743,1,5.487806416994081e-06,2.124436509370033,4.149016231719234,0,0,0.49291182204396095,0,1,fold_4
768,sub7,rest1,49,49,0,-0.12439220842071211,0.4689419853833146,0.5,0,-0.6299296617507935,0.347526490688324,1,5.487806416994081e-06,2.124436509370033,4.149016231719234,0,1,0.5123333703687715,1,0,fold_4
769,sub7,rest1,50,50,0,-0.2754062626331494,0.4315803499108171,0.5,0,-0.6987209320068359,0.3320958614349365,1,5.487806416994081e-06,2.124436509370033,4.149016231719234,0,1,0.5748081240314797,1,0,fold_4
770,sub7,rest1,51,51,0,0.5601090665977896,0.6364777758121825,0.5,1,-0.7404952049255371,0.3228958547115326,1,5.487806416994081e-06,2.124436509370033,4.149016231719234,0,0,0.6622432912428599,1,0,fold_4
771,sub7,rest1,52,52,0,0.6471425150211627,0.6563662463714398,0.5,1,-0.672805905342102,0.337868869304657,1,5.487806416994081e-06,2.124436509370033,4.149016231719234,0,0,0.7219861709656111,1,0,fold_4
772,sub7,rest1,53,53,0,0.8183494013775549,0.6938858515449574,0.5,1,-0.6998122334480286,0.33185386657714844,1,5.487806416994081e-06,2.124436509370033,4.149016231719234,0,0,0.7712451539541245,1,0,fold_4
773,sub7,rest1,54,54,0,1.4875244478656915,0.8157064149804361,0.5,1,-0.6485129594802856,0.3433247208595276,1,5.487806416994081e-06,2.124436509370033,4.149016231719234,0,0,0.7542517296507922,1,0,fold_4
774,sub7,rest1,55,55,0,1.4123935532066187,0.8041431953369801,0.5,1,-0.6497840285301208,0.3430382013320923,1,5.487806416994081e-06,2.124436509370033,4.149016231719234,0,0,0.6430321974281061,1,0,fold_4
775,sub7,rest1,56,56,0,0.5879976359822727,0.6429055786349609,0.5,1,-0.6870980262756348,0.33467891812324524,1,5.487806416994081e-06,2.124436509370033,4.149016231719234,0,0,0.5283543632689963,1,0,fold_4
776,sub7,rest1,57,57,0,-0.07183960740721962,0.48204781831237753,0.5,0,-0.6833586096763611,0.33551210165023804,1,5.487806416994081e-06,2.124436509370033,4.149016231719234,0,1,0.4924723454162531,0,1,fold_4
777,sub7,rest1,58,58,0,-0.15990106020455566,0.46010969285965064,0.5,0,-0.46631157398223877,0.3854896128177643,1,5.487806416994081e-06,2.124436509370033,4.149016231719234,0,1,0.510209581004371,1,0,fold_4
778,sub7,rest1,59,59,0,0.14127259154080923,0.5352595250767311,0.5,1,-0.16876471042633057,0.45790866017341614,1,5.487806416994081e-06,2.124436509370033,4.149016231719234,0,0,0.5352595250767311,1,0,fold_4
779,sub7,rest2,0,60,0,-0.6945402401430676,0.33302383644506944,0.5,0,-0.6683385372161865,0.33886897563934326,1,5.487806416994081e-06,2.124436509370033,4.149016231719234,1,0,0.41293235911225085,0,0,fold_4
780,sub7,rest2,1,61,0,0.0660110814987608,0.516496780467312,0.5,1,-0.36572110652923584,0.40957537293434143,1,5.487806416994081e-06,2.124436509370033,4.149016231719234,1,1,0.41013896845799785,0,0,fold_4
781,sub7,rest2,2,62,0,-0.45035459834969627,0.38927646042437103,0.5,0,-0.23905813694000244,0.44051846861839294,1,5.487806416994081e-06,2.124436509370033,4.149016231719234,1,0,0.3629628225896327,0,0,fold_4
782,sub7,rest2,3,63,0,-0.7325122922032057,0.3246436644823105,0.5,0,-0.24190354347229004,0.4398173391819,1,5.487806416994081e-06,2.124436509370033,4.149016231719234,1,0,0.4725636679495409,0,0,fold_4
783,sub7,rest2,4,64,0,-0.5109606965012802,0.3749683428622167,0.5,0,-0.5246639847755432,0.37176230549812317,1,5.487806416994081e-06,2.124436509370033,4.149016231719234,1,0,0.6342751717685715,1,1,fold_4
784,sub7,rest2,5,65,0,0.9349526837349617,0.7180789965040957,0.5,1,-0.5236647129058838,0.371995747089386,1,5.487806416994081e-06,2.124436509370033,4.149016231719234,1,1,0.7706471584286408,1,1,fold_4
785,sub7,rest2,6,66,0,1.4485694670720144,0.8097781759394023,0.5,1,-0.5118552446365356,0.3747587203979492,1,5.487806416994081e-06,2.124436509370033,4.149016231719234,1,1,0.7789940642381145,1,1,fold_4
786,sub7,rest2,7,67,0,1.2896285031416272,0.7840843028424246,0.5,1,-0.39916718006134033,0.40151241421699524,1,5.487806416994081e-06,2.124436509370033,4.149016231719234,1,1,0.7597814627003417,1,1,fold_4
787,sub7,rest2,8,68,0,1.0622469907208978,0.7431197139325167,0.5,1,-0.298092246055603,0.4260239005088806,1,5.487806416994081e-06,2.124436509370033,4.149016231719234,1,1,0.7753747943286132,1,1,fold_4
788,sub7,rest2,9,69,0,1.1100603980204444,0.752140371326084,0.5,1,-0.38339364528656006,0.40530863404273987,1,5.487806416994081e-06,2.124436509370033,4.149016231719234,1,1,0.7839136095929118,1,1,fold_4
789,sub7,rest2,10,70,0,1.5917651168116587,0.8308642977272391,0.5,1,-0.4578368067741394,0.3874991238117218,1,5.487806416994081e-06,2.124436509370033,4.149016231719234,1,1,0.76930934074872,1,1,fold_4
790,sub7,rest2,11,71,0,1.2011885909117799,0.768736159725412,0.5,1,-0.5718551874160767,0.3608088493347168,1,5.487806416994081e-06,2.124436509370033,4.149016231719234,1,1,0.7339199307429475,1,1,fold_4
791,sub7,rest2,12,72,0,0.8872752734915664,0.7083275647935091,0.5,1,-0.5440795421600342,0.3672390878200531,1,5.487806416994081e-06,2.124436509370033,4.149016231719234,1,1,0.7157829236994567,1,1,fold_4
792,sub7,rest2,13,73,0,0.9678766543058172,0.7246960677099213,0.5,1,-0.7301619052886963,0.3251591920852661,1,5.487806416994081e-06,2.124436509370033,4.149016231719234,1,1,0.7052592041040976,1,1,fold_4
793,sub7,rest2,14,74,0,0.9164839189870414,0.7143251385949395,0.5,1,-0.6602962017059326,0.3406730890274048,1,5.487806416994081e-06,2.124436509370033,4.149016231719234,1,1,0.6870834746828539,1,1,fold_4
794,sub7,rest2,15,75,0,0.7389051943360476,0.6767564060074318,0.5,1,-0.410131573677063,0.3988805413246155,1,5.487806416994081e-06,2.124436509370033,4.149016231719234,1,1,0.7150101393573308,1,1,fold_4
795,sub7,rest2,16,76,0,0.7089489719271839,0.6701688794461904,0.5,1,-0.520726203918457,0.37268245220184326,1,5.487806416994081e-06,2.124436509370033,4.149016231719234,1,1,0.7361040672595398,1,1,fold_4
796,sub7,rest2,17,77,0,1.3744932304991,0.7981051326183699,0.5,1,-0.5931710004806519,0.3559075891971588,1,5.487806416994081e-06,2.124436509370033,4.149016231719234,1,1,0.7946476230259781,1,1,fold_4
797,sub7,rest2,18,78,0,1.0461670558768086,0.7400381897140591,0.5,1,-0.5344696640968323,0.36947500705718994,1,5.487806416994081e-06,2.124436509370033,4.149016231719234,1,1,0.8020765056460895,1,1,fold_4
798,sub7,rest2,19,79,0,1.7020289886312236,0.8457995467455053,0.5,1,-0.5404176712036133,0.36809042096138,1,5.487806416994081e-06,2.124436509370033,4.149016231719234,1,1,0.8459223304288134,1,1,fold_4
799,sub7,rest2,20,80,0,1.5190040866991994,0.8203917804787041,0.5,1,-0.5260487794876099,0.3714389204978943,1,5.487806416994081e-06,2.124436509370033,4.149016231719234,1,1,0.8471171280936641,1,1,fold_4
800,sub7,rest2,21,81,0,1.914962776164841,0.8715756640622306,0.5,1,-0.5127848386764526,0.37454092502593994,1,5.487806416994081e-06,2.124436509370033,4.149016231719234,1,1,0.8559869099965054,1,1,fold_4
801,sub7,rest2,22,82,0,1.7297773584180507,0.8493839397400578,0.5,1,-0.41484034061431885,0.397752046585083,1,5.487806416994081e-06,2.124436509370033,4.149016231719234,1,1,0.7952171390413781,1,1,fold_4
802,sub7,rest2,23,83,0,1.7112714636055861,0.8470011261872281,0.5,1,-0.4493403434753418,0.3895176351070404,1,5.487806416994081e-06,2.124436509370033,4.149016231719234,1,1,0.7165384470190664,1,1,fold_4
803,sub7,rest2,24,84,0,0.7966916622823718,0.6892663511968488,0.5,1,-0.5152437090873718,0.3739650845527649,1,5.487806416994081e-06,2.124436509370033,4.149016231719234,1,1,0.6223616687808127,1,1,fold_4
804,sub7,rest2,25,85,0,0.4614068361644535,0.6133478636731222,0.5,1,-0.6258323192596436,0.34845614433288574,1,5.487806416994081e-06,2.124436509370033,4.149016231719234,1,1,0.6209932819462786,1,1,fold_4
805,sub7,rest2,26,86,0,0.25932677695939066,0.5644707914724671,0.5,1,-0.6496458053588867,0.3430693447589874,1,5.487806416994081e-06,2.124436509370033,4.149016231719234,1,1,0.5701664730386121,1,1,fold_4
806,sub7,rest2,27,87,0,0.7775933340930989,0.6851611906932461,0.5,1,-0.6195340156555176,0.3498874604701996,1,5.487806416994081e-06,2.124436509370033,4.149016231719234,1,1,0.5338837946547529,1,1,fold_4
807,sub7,rest2,28,88,0,-0.1568510370267651,0.4608674369501234,0.5,0,-0.49119144678115845,0.3796129524707794,1,5.487806416994081e-06,2.124436509370033,4.149016231719234,1,0,0.38375474048390895,0,0,fold_4
808,sub7,rest2,29,89,0,-0.17797729081504907,0.455622756320889,0.5,0,-0.5485647916793823,0.3661974370479584,1,5.487806416994081e-06,2.124436509370033,4.149016231719234,1,0,0.33653370973461244,0,0,fold_4
809,sub7,rest2,30,90,0,-1.1815477088894824,0.23477402818071452,0.5,0,-0.2277306318283081,0.4433121085166931,1,5.487806416994081e-06,2.124436509370033,4.149016231719234,1,0,0.31994894356583403,0,0,fold_4
810,sub7,rest2,31,91,0,-0.7574307187732038,0.3192043447022339,0.5,0,-0.5323960781097412,0.36995822191238403,1,5.487806416994081e-06,2.124436509370033,4.149016231719234,1,0,0.5089335860870934,1,1,fold_4
811,sub7,rest2,32,92,0,-0.38107163476334827,0.4058684578145537,0.5,0,-0.4157506227493286,0.3975340723991394,1,5.487806416994081e-06,2.124436509370033,4.149016231719234,1,0,0.6729616603721338,1,1,fold_4
812,sub7,rest2,33,93,0,1.3971292944612121,0.8017279557444926,0.5,1,-0.36463093757629395,0.40983903408050537,1,5.487806416994081e-06,2.124436509370033,4.149016231719234,1,1,0.809249187762679,1,1,fold_4
813,sub7,rest2,34,94,0,1.4584047719700892,0.8112885675573552,0.5,1,-0.43015122413635254,0.3940902352333069,1,5.487806416994081e-06,2.124436509370033,4.149016231719234,1,1,0.7986964792396809,1,1,fold_4
814,sub7,rest2,35,95,0,1.4810494392962776,0.814731039986189,0.5,1,-0.48113858699798584,0.38198328018188477,1,5.487806416994081e-06,2.124436509370033,4.149016231719234,1,1,0.786506174466202,1,1,fold_4
815,sub7,rest2,36,96,0,1.2087055459095573,0.7700698301754986,0.5,1,-0.599722683429718,0.3544071316719055,1,5.487806416994081e-06,2.124436509370033,4.149016231719234,1,1,0.7697238462528331,1,1,fold_4
816,sub7,rest2,37,97,0,1.2351441545592312,0.774717653236918,0.5,1,-0.6269925832748413,0.34819281101226807,1,5.487806416994081e-06,2.124436509370033,4.149016231719234,1,1,0.7862217617124769,1,1,fold_4
817,sub7,rest2,38,98,0,1.1768672268168987,0.7643840553460824,0.5,1,-0.5887333154678345,0.35692551732063293,1,5.487806416994081e-06,2.124436509370033,4.149016231719234,1,1,0.7976676221957605,1,1,fold_4
818,sub7,rest2,39,99,0,1.513393483813907,0.8195635765544305,0.5,1,-0.6202205419540405,0.34973129630088806,1,5.487806416994081e-06,2.124436509370033,4.149016231719234,1,1,0.780076242940224,1,1,fold_4
819,sub7,rest2,40,100,0,1.4438829906072757,0.8090552346867684,0.5,1,-0.6094650030136108,0.35218125581741333,1,5.487806416994081e-06,2.124436509370033,4.149016231719234,1,1,0.7034381657513147,1,1,fold_4
820,sub7,rest2,41,101,0,0.9032158761678326,0.711609917579473,0.5,1,-0.7611256241798401,0.31840193271636963,1,5.487806416994081e-06,2.124436509370033,4.149016231719234,1,1,0.5361999482976435,1,1,fold_4
821,sub7,rest2,42,102,0,0.3625159793832666,0.5896493449877025,0.5,1,-0.7755588889122009,0.3152778446674347,1,5.487806416994081e-06,2.124436509370033,4.149016231719234,1,1,0.35884855092856444,0,0,fold_4
822,sub7,rest2,43,103,0,-0.8125818962423844,0.30734058232575484,0.5,0,-0.813636839389801,0.3071160316467285,1,5.487806416994081e-06,2.124436509370033,4.149016231719234,1,0,0.2255741078839487,0,0,fold_4
823,sub7,rest2,44,104,0,-1.5193603836807152,0.17955572547223594,0.5,0,-0.4863084554672241,0.38076359033584595,1,5.487806416994081e-06,2.124436509370033,4.149016231719234,1,0,0.18799008480364102,0,0,fold_4
824,sub7,rest2,45,105,0,-1.4511410732301875,0.18982601585385528,0.5,0,-0.36290132999420166,0.41025739908218384,1,5.487806416994081e-06,2.124436509370033,4.149016231719234,1,0,0.24638174147631534,0,0,fold_4
825,sub7,rest2,46,106,0,-1.420466171019975,0.19458851308483188,0.5,0,-0.422199010848999,0.39599066972732544,1,5.487806416994081e-06,2.124436509370033,4.149016231719234,1,0,0.26356202399982315,0,0,fold_4
826,sub7,rest2,47,107,0,-0.5983088586907692,0.3547306954902589,0.5,0,-0.4335649609565735,0.3932753801345825,1,5.487806416994081e-06,2.124436509370033,4.149016231719234,1,0,0.27205711114177766,0,0,fold_4
827,sub7,rest2,48,108,0,-1.1452002786154822,0.2413668634243788,0.5,0,-0.4457976818084717,0.39036035537719727,1,5.487806416994081e-06,2.124436509370033,4.149016231719234,1,0,0.26386374987228606,0,0,fold_4
828,sub7,rest2,49,109,0,-1.2652365036805013,0.22007377451069535,0.5,0,-0.5518916845321655,0.36542561650276184,1,5.487806416994081e-06,2.124436509370033,4.149016231719234,1,0,0.30123675936670885,0,0,fold_4
829,sub7,rest2,50,110,0,-0.7075039441823787,0.33015061168178395,0.5,0,-0.6526565551757812,0.34239113330841064,1,5.487806416994081e-06,2.124436509370033,4.149016231719234,1,0,0.4339834508691422,0,0,fold_4
830,sub7,rest2,51,111,0,-0.6037514454334653,0.35348589190764723,0.5,0,-0.4768916964530945,0.3829863667488098,1,5.487806416994081e-06,2.124436509370033,4.149016231719234,1,0,0.47997954530398124,0,0,fold_4
831,sub7,rest2,52,112,0,0.48239749822976813,0.6183138490179954,0.5,1,-0.5102300643920898,0.37513959407806396,1,5.487806416994081e-06,2.124436509370033,4.149016231719234,1,1,0.635210032630659,1,1,fold_4
832,sub7,rest2,53,113,0,-0.12761733840809805,0.4681388949863011,0.5,0,-0.6343626976013184,0.3465219736099243,1,5.487806416994081e-06,2.124436509370033,4.149016231719234,1,0,0.7107773482783161,1,1,fold_4
833,sub7,rest2,54,114,0,1.510783914562726,0.8191773538876806,0.5,1,-0.4788098931312561,0.3825331926345825,1,5.487806416994081e-06,2.124436509370033,4.149016231719234,1,1,0.8445893130505553,1,1,fold_4
834,sub7,rest2,55,115,0,1.6960321183268459,0.8450157959609663,0.5,1,-0.461927592754364,0.3865286111831665,1,5.487806416994081e-06,2.124436509370033,4.149016231719234,1,1,0.8434825614442641,1,1,fold_4
835,sub7,rest2,56,116,0,1.8972043798730351,0.8695747893030192,0.5,1,-0.31045567989349365,0.42300352454185486,1,5.487806416994081e-06,2.124436509370033,4.149016231719234,1,1,0.7977883730930081,1,1,fold_4
836,sub7,rest2,57,117,0,1.488527124258666,0.8158570990688068,0.5,1,-0.3177661895751953,0.42122024297714233,1,5.487806416994081e-06,2.124436509370033,4.149016231719234,1,1,0.7108271411715048,1,1,fold_4
837,sub7,rest2,58,118,0,0.8853673452123242,0.7079332309071983,0.5,1,-0.20262372493743896,0.449516624212265,1,5.487806416994081e-06,2.124436509370033,4.149016231719234,1,1,0.6417718059947388,1,1,fold_4
838,sub7,rest2,59,119,0,0.4418136132860866,0.6086910935385091,0.5,1,0.07435476779937744,0.5185801386833191,1,5.487806416994081e-06,2.124436509370033,4.149016231719234,1,1,0.6086910935385091,1,1,fold_4
0,sub1,rest1,0,0,0,0.1741722637011109,0.5434333220432435,0.5,1,-1.2800596952438354,0.21754007041454315,1,6.231134562738059e-06,3.272562204418437,5.275890047735822,0,0,0.6198910321663558,1,0,fold_5
1,sub1,rest1,1,1,0,0.6333448199549856,0.6532475026172981,0.5,1,-1.1452727317810059,0.2413535863161087,1,6.231134562738059e-06,3.272562204418437,5.275890047735822,0,0,0.6724474400876669,1,0,fold_5
2,sub1,rest1,2,2,0,0.6766574714464624,0.6629922718385257,0.5,1,-1.1473870277404785,0.24096670746803284,1,6.231134562738059e-06,3.272562204418437,5.275890047735822,0,0,0.6504351078583461,1,0,fold_5
3,sub1,rest1,3,3,0,0.8525536093678475,0.7011025458071768,0.5,1,-1.1541011333465576,0.239740788936615,1,6.231134562738059e-06,3.272562204418437,5.275890047735822,0,0,0.5408273754271834,1,0,fold_5
4,sub1,rest1,4,4,0,0.3524456052760138,0.5872105059293361,0.5,1,-1.2876756191253662,0.21624648571014404,1,6.231134562738059e-06,3.272562204418437,5.275890047735822,0,0,0.43148512287376556,0,1,fold_5
5,sub1,rest1,5,5,0,-0.6893886965200889,0.33416907454503736,0.5,0,-1.2487306594848633,0.22291995584964752,1,6.231134562738059e-06,3.272562204418437,5.275890047735822,0,1,0.3545948675156369,0,1,fold_5
6,sub1,rest1,6,6,0,-0.5190440747045711,0.3730757881469232,0.5,0,-1.2270125150680542,0.22670474648475647,1,6.231134562738059e-06,3.272562204418437,5.275890047735822,0,1,0.333713595538531,0,1,fold_5
7,sub1,rest1,7,7,0,-0.5904145634471843,0.35653973985495013,0.5,0,-1.165305256843567,0.23770463466644287,1,6.231134562738059e-06,3.272562204418437,5.275890047735822,0,1,0.28407362437962114,0,1,fold_5
8,sub1,rest1,8,8,0,-0.9868977843347825,0.2715252586137198,0.5,0,-1.2449108362197876,0.22358235716819763,1,6.231134562738059e-06,3.272562204418437,5.275890047735822,0,1,0.23627489069317675,0,1,fold_5
9,sub1,rest1,9,9,0,-1.2416099516721129,0.22415587467019346,0.5,0,-1.150364875793457,0.24042242765426636,1,6.231134562738059e-06,3.272562204418437,5.275890047735822,0,1,0.24916945776724797,0,1,fold_5
10,sub1,rest1,10,10,0,-1.306080014688829,0.213143538795617,0.5,0,-1.1414637565612793,0.24205170571804047,1,6.231134562738059e-06,3.272562204418437,5.275890047735822,0,1,0.3022865045706785,0,1,fold_5
11,sub1,rest1,11,11,0,-0.7991425769969932,0.31020895983593344,0.5,0,-1.350529432296753,0.20578382909297943,1,6.231134562738059e-06,3.272562204418437,5.275890047735822,0,1,0.34855072113539515,0,1,fold_5
12,sub1,rest1,12,12,0,-0.474689030761278,0.3835070150804851,0.5,0,-1.371833086013794,0.20232386887073517,1,6.231134562738059e-06,3.272562204418437,5.275890047735822,0,1,0.4330199914877664,0,1,fold_5
13,sub1,rest1,13,13,0,-0.6105392895919264,0.35193618848976693,0.5,0,-1.3420460224151611,0.20717379450798035,1,6.231134562738059e-06,3.272562204418437,5.275890047735822,0,1,0.5271680884335129,1,0,fold_5
14,sub1,rest1,14,14,0,0.25585371318543443,0.5636167708930472,0.5,1,-1.2971432209014893,0.21464620530605316,1,6.231134562738059e-06,3.272562204418437,5.275890047735822,0,0,0.6483651962836899,1,0,fold_5
15,sub1,rest1,15,15,0,0.6899297806139921,0.6659513059177244,0.5,1,-1.2533851861953735,0.2221146821975708,1,6.231134562738059e-06,3.272562204418437,5.275890047735822,0,0,0.5450984196849805,1,0,fold_5
16,sub1,rest1,16,16,0,0.9223835039851601,0.7155275120402984,0.5,1,-1.1297669410705566,0.2442040890455246,1,6.231134562738059e-06,3.272562204418437,5.275890047735822,0,0,0.3988725609569774,0,1,fold_5
17,sub1,rest1,17,17,1,-0.3902093245318031,0.40366691109940067,0.5,0,-1.3444362878799438,0.20678146183490753,1,6.231134562738059e-06,3.272562204418437,5.275890047735822,0,1,,,,fold_5
18,sub1,rest1,18,18,0,-1.0783602945295472,0.25381644109691853,0.5,0,-1.222095251083374,0.22756792604923248,1,6.231134562738059e-06,3.272562204418437,5.275890047735822,0,1,0.2506034765743618,0,1,fold_5
19,sub1,rest1,19,19,0,-1.2237697235002014,0.22727372973371499,0.5,0,-1.1984448432922363,0.23175199329853058,1,6.231134562738059e-06,3.272562204418437,5.275890047735822,0,1,0.2330429200690647,0,1,fold_5
20,sub1,rest1,20,20,0,-0.9909713583317559,0.2707202588924518,0.5,0,-1.263023853302002,0.22045378386974335,1,6.231134562738059e-06,3.272562204418437,5.275890047735822,0,1,0.2204259182086653,0,1,fold_5
21,sub1,rest1,21,21,0,-1.3792170674695374,0.2011347715810273,0.5,0,-1.0756374597549438,0.25433245301246643,1,6.231134562738059e-06,3.272562204418437,5.275890047735822,0,1,0.1981982807763444,0,1,fold_5
22,sub1,rest1,22,22,0,-1.4537655268167815,0.18942272415251682,0.5,0,-0.9629912376403809,0.2762796878814697,1,6.231134562738059e-06,3.272562204418437,5.275890047735822,0,1,0.2357859652427395,0,1,fold_5
23,sub1,rest1,23,23,0,-1.361249218274997,0.20403734659548914,0.5,0,-1.1029469966888428,0.2491881549358368,1,6.231134562738059e-06,3.272562204418437,5.275890047735822,0,1,0.31364525915201985,0,1,fold_5
24,sub1,rest1,24,24,0,-0.7819590250098861,0.3138978249802126,0.5,0,-1.2165899276733398,0.22853709757328033,1,6.231134562738059e-06,3.272562204418437,5.275890047735822,0,1,0.40343298996270666,0,1,fold_5
25,sub1,rest1,25,25,0,-0.31046760506841187,0.42300060588035776,0.5,0,-1.3561925888061523,0.20485982298851013,1,6.231134562738059e-06,3.272562204418437,5.275890047735822,0,1,0.44537896224438467,0,1,fold_5
26,sub1,rest1,26,26,1,0.12098766246835031,0.5302100733135932,0.5,0,-1.2571885585784912,0.22145824134349823,1,6.231134562738059e-06,3.272562204418437,5.275890047735822,0,1,,,,fold_5
27,sub1,rest1,27,27,0,-0.10649838775262276,0.4734005390275494,0.5,0,-1.1655619144439697,0.23765811324119568,1,6.231134562738059e-06,3.272562204418437,5.275890047735822,0,1,0.4766445607069594,0,1,fold_5
28,sub1,rest1,28,28,0,-0.24223460229505495,0.43973574182524683,0.5,0,-1.2903937101364136,0.2157861739397049,1,6.231134562738059e-06,3.272562204418437,5.275890047735822,0,1,0.548025612335767,1,0,fold_5
29,sub1,rest1,29,29,0,0.06721489917321255,0.5167974012680819,0.5,1,-1.3098182678222656,0.21251726150512695,1,6.231134562738059e-06,3.272562204418437,5.275890047735822,0,0,0.639722868948951,1,0,fold_5
30,sub1,rest1,30,30,0,0.788660743429222,0.6875436939139722,0.5,1,-1.2230265140533447,0.22740426659584045,1,6.231134562738059e-06,3.272562204418437,5.275890047735822,0,0,0.6486621338625449,1,0,fold_5
31,sub1,rest1,31,31,0,0.9189470517392012,0.7148275116647989,0.5,1,-1.207863450050354,0.2300793081521988,1,6.231134562738059e-06,3.272562204418437,5.275890047735822,0,0,0.6215971799830529,1,0,fold_5
32,sub1,rest1,32,32,0,0.1749053142215526,0.5436151960088639,0.5,1,-1.333226203918457,0.20862621068954468,1,6.231134562738059e-06,3.272562204418437,5.275890047735822,0,0,0.6342337203707596,1,0,fold_5
33,sub1,rest1,33,33,0,0.4319902952461133,0.6063488322754959,0.5,1,-1.3052245378494263,0.21328705549240112,1,6.231134562738059e-06,3.272562204418437,5.275890047735822,0,0,0.6630603326784495,1,0,fold_5
34,sub1,rest1,34,34,1,0.7529249089539811,0.6798156879056161,0.5,0,-1.206028699874878,0.23040448129177094,1,6.231134562738059e-06,3.272562204418437,5.275890047735822,0,1,,,,fold_5
35,sub1,rest1,35,35,0,1.113264063373067,0.7527371328279194,0.5,1,-1.0989494323730469,0.2499367743730545,1,6.231134562738059e-06,3.272562204418437,5.275890047735822,0,0,0.567081362861309,1,0,fold_5
36,sub1,rest1,36,36,0,0.5326245270474133,0.6300950329319334,0.5,1,-1.2420289516448975,0.22408302128314972,1,6.231134562738059e-06,3.272562204418437,5.275890047735822,0,0,0.40542193386287123,0,1,fold_5
37,sub1,rest1,37,37,0,-0.761079583631249,0.3184119228240741,0.5,0,-1.1968398094177246,0.23203787207603455,1,6.231134562738059e-06,3.272562204418437,5.275890047735822,0,1,0.2615155231054527,0,1,fold_5
38,sub1,rest1,38,38,0,-1.0060231588509831,0.2677588458326062,0.5,0,-1.2365937232971191,0.22502943873405457,1,6.231134562738059e-06,3.272562204418437,5.275890047735822,0,1,0.21549806758079437,0,1,fold_5
39,sub1,rest1,39,39,0,-1.396476703742673,0.1983758006596778,0.5,0,-1.1686679124832153,0.23709583282470703,1,6.231134562738059e-06,3.272562204418437,5.275890047735822,0,1,0.18918657059311716,0,1,fold_5
40,sub1,rest1,40,40,0,-1.5139133676712444,0.1803595562500991,0.5,0,-1.15022611618042,0.2404477894306183,1,6.231134562738059e-06,3.272562204418437,5.275890047735822,0,1,0.18629128168903156,0,1,fold_5
41,sub1,rest1,41,41,0,-1.4576673654831946,0.1888243548695746,0.5,0,-1.202048897743225,0.23111094534397125,1,6.231134562738059e-06,3.272562204418437,5.275890047735822,0,1,0.19199907552661352,0,1,fold_5
42,sub1,rest1,42,42,0,-1.4520261594886732,0.18968993394742092,0.5,0,-1.129244327545166,0.24430058896541595,1,6.231134562738059e-06,3.272562204418437,5.275890047735822,0,1,0.21285599542136988,0,1,fold_5
43,sub1,rest1,43,43,1,-1.4530094413594064,0.18953884210275124,0.5,0,-1.1770952939987183,0.235574871301651,1,6.231134562738059e-06,3.272562204418437,5.275890047735822,0,1,,,,fold_5
44,sub1,rest1,44,44,0,-1.4021009265978115,0.19748293776284503,0.5,0,-1.2338085174560547,0.22551554441452026,1,6.231134562738059e-06,3.272562204418437,5.275890047735822,0,1,0.2887372664855782,0,1,fold_5
45,sub1,rest1,45,45,0,-1.0911854585520386,0.2513951145538437,0.5,0,-1.14510178565979,0.24138489365577698,1,6.231134562738059e-06,3.272562204418437,5.275890047735822,0,1,0.36100220363977303,0,1,fold_5
46,sub1,rest1,46,46,0,-0.33372830281145943,0.4173337471400458,0.5,0,-1.3523896932601929,0.2054799646139145,1,6.231134562738059e-06,3.272562204418437,5.275890047735822,0,1,0.43094240325342986,0,1,fold_5
47,sub1,rest1,47,47,0,-0.3463090617011891,0.4142777492254294,0.5,0,-1.3165266513824463,0.2113967388868332,1,6.231134562738059e-06,3.272562204418437,5.275890047735822,0,1,0.39854626595465614,0,1,fold_5
48,sub1,rest1,48,48,0,-0.15544942193502365,0.46121571339481415,0.5,0,-1.2603864669799805,0.22090739011764526,1,6.231134562738059e-06,3.272562204418437,5.275890047735822,0,1,0.32661258762466827,0,1,fold_5
49,sub1,rest1,49,49,0,-0.7531039817021715,0.32014533524372485,0.5,0,-1.2373061180114746,0.22490525245666504,1,6.231134562738059e-06,3.272562204418437,5.275890047735822,0,1,0.2635083246644587,0,1,fold_5
50,sub1,rest1,50,50,0,-1.3958422397507835,0.19847671423546587,0.5,0,-1.1151994466781616,0.24690280854701996,1,6.231134562738059e-06,3.272562204418437,5.275890047735822,0,1,0.24885520341818582,0,1,fold_5
51,sub1,rest1,51,51,0,-0.984989277329196,0.27190292451418546,0.5,0,-1.320408582687378,0.21075032651424408,1,6.231134562738059e-06,3.272562204418437,5.275890047735822,0,1,0.30537994252743983,0,1,fold_5
52,sub1,rest1,52,52,0,-0.9634600440606925,0.2761859715049062,0.5,0,-1.3121635913848877,0.2121250182390213,1,6.231134562738059e-06,3.272562204418437,5.275890047735822,0,1,0.3594500933810381,0,1,fold_5
53,sub1,rest1,53,53,0,-0.5405874734035474,0.36805093156322777,0.5,0,-1.2469370365142822,0.22323079407215118,1,6.231134562738059e-06,3.272562204418437,5.275890047735822,0,1,0.4579242533368853,0,1,fold_5
54,sub1,rest1,54,54,0,-0.26508800780077524,0.43411337707498054,0.5,0,-1.269376277923584,0.21936406195163727,1,6.231134562738059e-06,3.272562204418437,5.275890047735822,0,1,0.5199760817799848,1,0,fold_5
55,sub1,rest1,55,55,0,0.28841662079370184,0.5716084513724478,0.5,1,-1.1708097457885742,0.2367086559534073,1,6.231134562738059e-06,3.272562204418437,5.275890047735822,0,0,0.4655358191096591,0,1,fold_5
56,sub1,rest1,56,56,0,0.21768118427830743,0.5542064168925261,0.5,1,-1.2171111106872559,0.22844524681568146,1,6.231134562738059e-06,3.272562204418437,5.275890047735822,0,0,0.3354534564065539,0,1,fold_5
57,sub1,rest1,57,57,0,-0.9906050320182019,0.27079258906400344,0.5,0,-1.3278141021728516,0.20952115952968597,1,6.231134562738059e-06,3.272562204418437,5.275890047735822,0,1,0.2106320033713469,0,1,fold_5
58,sub1,rest1,58,58,0,-1.5071512384383636,0.1813613632631321,0.5,0,-1.110999584197998,0.24768461287021637,1,6.231134562738059e-06,3.272562204418437,5.275890047735822,0,1,0.18419943291510044,0,1,fold_5
59,sub1,rest1,59,59,0,-1.5180960436168687,0.17974205778690516,0.5,0,-0.8887166976928711,0.29137474298477173,1,6.231134562738059e-06,3.272562204418437,5.275890047735822,0,1,0.18757727105914448,0,1,fold_5
60,sub1,rest1,60,60,0,-1.4403259546272726,0.19149487769526413,0.5,0,-0.8686285018920898,0.2955397665500641,1,6.231134562738059e-06,3.272562204418437,5.275890047735822,0,1,0.19149487769526416,0,1,fold_5
61,sub1,rest2,0,61,0,-0.09690088884667507,0.47579371580295915,0.5,0,-1.285393476486206,0.21663352847099304,1,6.231134562738059e-06,3.272562204418437,5.275890047735822,1,0,0.5644661197545493,1,1,fold_5
62,sub1,rest2,1,62,0,0.36295758004874235,0.5897561917755736,0.5,1,-1.2761651277542114,0.21820372343063354,1,6.231134562738059e-06,3.272562204418437,5.275890047735822,1,1,0.6353072494925999,1,1,fold_5
63,sub1,rest2,2,63,0,0.5229976591168967,0.6278484516851154,0.5,1,-1.2582674026489258,0.2212722897529602,1,6.231134562738059e-06,3.272562204418437,5.275890047735822,1,1,0.6860863681024383,1,1,fold_5
64,sub1,rest2,3,64,0,0.7922633314739455,0.6883171050171107,0.5,1,-1.1965830326080322,0.23208363354206085,1,6.231134562738059e-06,3.272562204418437,5.275890047735822,1,1,0.7411227014460686,1,1,fold_5
65,sub1,rest2,4,65,0,1.0568783786058655,0.7420935476050887,0.5,1,-1.1095269918441772,0.24795906245708466,1,6.231134562738059e-06,3.272562204418437,5.275890047735822,1,1,0.7785211973837981,1,1,fold_5
66,sub1,rest2,5,66,0,1.3428452459514855,0.7929574517160063,0.5,1,-1.1026055812835693,0.24925200641155243,1,6.231134562738059e-06,3.272562204418437,5.275890047735822,1,1,0.7962260307883651,1,1,fold_5
67,sub1,rest2,6,67,0,1.3895011511376478,0.8005125928302991,0.5,1,-1.1325751543045044,0.24368616938591003,1,6.231134562738059e-06,3.272562204418437,5.275890047735822,1,1,0.7583352376838958,1,1,fold_5
68,sub1,rest2,7,68,0,1.356609179384559,0.7952080478187901,0.5,1,-1.154416561126709,0.23968330025672913,1,6.231134562738059e-06,3.272562204418437,5.275890047735822,1,1,0.7066369952704855,1,1,fold_5
69,sub1,rest2,8,69,0,0.7504882284490617,0.679285072402598,0.5,1,-1.2229090929031372,0.22742491960525513,1,6.231134562738059e-06,3.272562204418437,5.275890047735822,1,1,0.6558821268191793,1,1,fold_5
70,sub1,rest2,9,70,0,0.598957950661043,0.6454178655900682,0.5,1,-1.1488187313079834,0.24070489406585693,1,6.231134562738059e-06,3.272562204418437,5.275890047735822,1,1,0.673865924428997,1,1,fold_5
71,sub1,rest2,10,71,0,0.5881625678274919,0.642943442464872,0.5,1,-1.1854406595230103,0.2340753823518753,1,6.231134562738059e-06,3.272562204418437,5.275890047735822,1,1,0.7194126208332969,1,1,fold_5
72,sub1,rest2,11,72,0,1.011105620669514,0.7332364652320503,0.5,1,-1.2471637725830078,0.223191499710083,1,6.231134562738059e-06,3.272562204418437,5.275890047735822,1,1,0.7715444214317797,1,1,fold_5
73,sub1,rest2,12,73,0,1.2776996690751834,0.7820579548029682,0.5,1,-1.1725313663482666,0.23639774322509766,1,6.231134562738059e-06,3.272562204418437,5.275890047735822,1,1,0.7899265380325726,1,1,fold_5
74,sub1,rest2,13,74,0,1.382167248127357,0.7993388442603202,0.5,1,-1.133987307548523,0.24342599511146545,1,6.231134562738059e-06,3.272562204418437,5.275890047735822,1,1,0.7572823581588546,1,1,fold_5
75,sub1,rest2,14,75,0,1.3152048666941722,0.7883828150344295,0.5,1,-1.1718734502792358,0.23651652038097382,1,6.231134562738059e-06,3.272562204418437,5.275890047735822,1,1,0.6385852050137689,1,1,fold_5
76,sub1,rest2,15,76,0,0.7727960050228839,0.6841254151818139,0.5,1,-1.2452702522277832,0.223519966006279,1,6.231134562738059e-06,3.272562204418437,5.275890047735822,1,1,0.5170796556810113,1,1,fold_5
77,sub1,rest2,16,77,0,-0.22799295840526176,0.4432473848250633,0.5,0,-1.2462114095687866,0.22335666418075562,1,6.231134562738059e-06,3.272562204418437,5.275890047735822,1,0,0.46103681251769474,0,0,fold_5
78,sub1,rest2,17,78,0,-0.3069222209793036,0.42386616703615676,0.5,0,-1.1993415355682373,0.23159238696098328,1,6.231134562738059e-06,3.272562204418437,5.275890047735822,1,0,0.5748030969796308,1,1,fold_5
79,sub1,rest2,18,79,0,0.06400938876559403,0.5159968856918643,0.5,1,-1.2349454164505005,0.22531703114509583,1,6.231134562738059e-06,3.272562204418437,5.275890047735822,1,1,0.706469409319633,1,1,fold_5
80,sub1,rest2,19,80,0,1.2923591860983452,0.7845462382108717,0.5,1,-1.1375408172607422,0.2427721470594406,1,6.231134562738059e-06,3.272562204418437,5.275890047735822,1,1,0.8021137367892273,1,1,fold_5
81,sub1,rest2,20,81,0,1.508677327035891,0.8188651040561629,0.5,1,-1.0841325521469116,0.2527247667312622,1,6.231134562738059e-06,3.272562204418437,5.275890047735822,1,1,0.8009943212534729,1,1,fold_5
82,sub1,rest2,21,82,0,1.404707707899232,0.8029298681006473,0.5,1,-1.0229406356811523,0.26445502042770386,1,6.231134562738059e-06,3.272562204418437,5.275890047735822,1,1,0.7931810297317424,1,1,fold_5
83,sub1,rest2,22,83,0,1.2726028751297165,0.7811879916036086,0.5,1,-1.0452964305877686,0.26012933254241943,1,6.231134562738059e-06,3.272562204418437,5.275890047735822,1,1,0.7814618371890436,1,1,fold_5
84,sub1,rest2,23,84,0,1.3579433169009494,0.7954252294909713,0.5,1,-0.9973880052566528,0.26945528388023376,1,6.231134562738059e-06,3.272562204418437,5.275890047735822,1,1,0.778351357190036,1,1,fold_5
85,sub1,rest2,24,85,0,1.1957747955157736,0.7677722904725506,0.5,1,-1.1325995922088623,0.2436816692352295,1,6.231134562738059e-06,3.272562204418437,5.275890047735822,1,1,0.7769248110400829,1,1,fold_5
86,sub1,rest2,25,86,0,1.2188241280413745,0.7718565516065863,0.5,1,-1.1845862865447998,0.23422858119010925,1,6.231134562738059e-06,3.272562204418437,5.275890047735822,1,1,0.7808199046422181,1,1,fold_5
87,sub1,rest2,26,87,0,1.3318446089326086,0.7911455910411123,0.5,1,-1.1082110404968262,0.2482045590877533,1,6.231134562738059e-06,3.272562204418437,5.275890047735822,1,1,0.7429624144910892,1,1,fold_5
88,sub1,rest2,27,88,0,1.262508159448697,0.7794575712789555,0.5,1,-1.0975433588027954,0.250200480222702,1,6.231134562738059e-06,3.272562204418437,5.275890047735822,1,1,0.6898222365861105,1,1,fold_5
89,sub1,rest2,28,89,0,0.6556568271925354,0.6582840811531999,0.5,1,-1.2436774969100952,0.2237965166568756,1,6.231134562738059e-06,3.272562204418437,5.275890047735822,1,1,0.6984104280138896,1,1,fold_5
90,sub1,rest2,29,90,0,0.5396244775753337,0.6317250573261763,0.5,1,-1.2595397233963013,0.22105315327644348,1,6.231134562738059e-06,3.272562204418437,5.275890047735822,1,1,0.7608700750290942,1,1,fold_5
91,sub1,rest2,30,91,0,1.4192584954083096,0.8052221455622924,0.5,1,-1.0909019708633423,0.25144845247268677,1,6.231134562738059e-06,3.272562204418437,5.275890047735822,1,1,0.8302030823875023,1,1,fold_5
92,sub1,rest2,31,92,0,1.7009825819403859,0.8456630221988141,0.5,1,-0.9094473719596863,0.28711292147636414,1,6.231134562738059e-06,3.272562204418437,5.275890047735822,1,1,0.8384013993617735,1,1,fold_5
93,sub1,rest2,32,93,0,1.6561765272481135,0.8397240794014006,0.5,1,-0.8831064105033875,0.2925344705581665,1,6.231134562738059e-06,3.272562204418437,5.275890047735822,1,1,0.8316730308857133,1,1,fold_5
94,sub1,rest2,33,94,0,1.5843315491157675,0.8298170964851057,0.5,1,-0.9671849012374878,0.2754419445991516,1,6.231134562738059e-06,3.272562204418437,5.275890047735822,1,1,0.8267197531051416,1,1,fold_5
95,sub1,rest2,34,95,0,1.553911226571334,0.8254779167706334,0.5,1,-0.913628101348877,0.2862579822540283,1,6.231134562738059e-06,3.272562204418437,5.275890047735822,1,1,0.8149794752949925,1,1,fold_5
96,sub1,rest2,35,96,0,1.549657412567089,0.8248642460596853,0.5,1,-1.066887378692627,0.2559954822063446,1,6.231134562738059e-06,3.272562204418437,5.275890047735822,1,1,0.7651379428843974,1,1,fold_5
97,sub1,rest2,36,97,0,1.3528566496119045,0.7945962630546589,0.5,1,-1.1345816850662231,0.24331653118133545,1,6.231134562738059e-06,3.272562204418437,5.275890047735822,1,1,0.7333346418168746,1,1,fold_5
98,sub1,rest2,37,98,0,0.7352364388101823,0.6759533195388482,0.5,1,-1.249571681022644,0.22277426719665527,1,6.231134562738059e-06,3.272562204418437,5.275890047735822,1,1,0.7272814240136114,1,1,fold_5
99,sub1,rest2,38,99,0,0.9918559071027582,0.7294543428571167,0.5,1,-1.1314644813537598,0.2438909262418747,1,6.231134562738059e-06,3.272562204418437,5.275890047735822,1,1,0.7747872428296976,1,1,fold_5
100,sub1,rest2,39,100,0,1.245020003665416,0.7764366096448693,0.5,1,-1.0425679683685303,0.2606548070907593,1,6.231134562738059e-06,3.272562204418437,5.275890047735822,1,1,0.8022086244823688,1,1,fold_5
101,sub1,rest2,40,101,0,1.5060210372321094,0.8184707759871067,0.5,1,-0.8747877478599548,0.29425904154777527,1,6.231134562738059e-06,3.272562204418437,5.275890047735822,1,1,0.8174744718680808,1,1,fold_5
102,sub1,rest2,41,102,0,1.461215342092695,0.8117184878151308,0.5,1,-0.9998272061347961,0.2689753770828247,1,6.231134562738059e-06,3.272562204418437,5.275890047735822,1,1,0.8166341173395891,1,1,fold_5
103,sub1,rest2,42,103,0,1.53155798594536,0.8222341518020044,0.5,1,-1.0717748403549194,0.2550657093524933,1,6.231134562738059e-06,3.272562204418437,5.275890047735822,1,1,0.7906941535156521,1,1,fold_5
104,sub1,rest2,43,104,0,1.4891437036725095,0.8159497124016322,0.5,1,-1.1344683170318604,0.24333742260932922,1,6.231134562738059e-06,3.272562204418437,5.275890047735822,1,1,0.7648906145736772,1,1,fold_5
105,sub1,rest2,44,105,0,1.0144934140583237,0.7338985963433198,0.5,1,-1.1079367399215698,0.24825575947761536,1,6.231134562738059e-06,3.272562204418437,5.275890047735822,1,1,0.7529784578138843,1,1,fold_5
106,sub1,rest2,45,106,0,1.071191998993655,0.7448235349760799,0.5,1,-1.1360983848571777,0.24303743243217468,1,6.231134562738059e-06,3.272562204418437,5.275890047735822,1,1,0.7723612198581854,1,1,fold_5
107,sub1,rest2,46,107,0,1.2669094757357995,0.7802132421222534,0.5,1,-1.096697211265564,0.2503592371940613,1,6.231134562738059e-06,3.272562204418437,5.275890047735822,1,1,0.7838244633385644,1,1,fold_5
108,sub1,rest2,47,108,0,1.337307927332803,0.792046882476223,0.5,1,-1.1615241765975952,0.23839044570922852,1,6.231134562738059e-06,3.272562204418437,5.275890047735822,1,1,0.7613453454573582,1,1,fold_5
109,sub1,rest2,48,109,0,1.261087542873679,0.7792132654172164,0.5,1,-1.160109281539917,0.2386474311351776,1,6.231134562738059e-06,3.272562204418437,5.275890047735822,1,1,0.7325592673553921,1,1,fold_5
110,sub1,rest2,49,110,0,0.9089042616801163,0.7127758884786353,0.5,1,-1.1598557233810425,0.2386934906244278,1,6.231134562738059e-06,3.272562204418437,5.275890047735822,1,1,0.7201686215527281,1,1,fold_5
111,sub1,rest2,50,111,0,0.8745359051615683,0.7056886481703245,0.5,1,-1.1972589492797852,0.23196318745613098,1,6.231134562738059e-06,3.272562204418437,5.275890047735822,1,1,0.6979138143663904,1,1,fold_5
112,sub1,rest2,51,112,0,1.056605553733746,0.7420413280092245,0.5,1,-1.2041258811950684,0.23074205219745636,1,6.231134562738059e-06,3.272562204418437,5.275890047735822,1,1,0.6979023988081776,1,1,fold_5
113,sub1,rest2,52,113,0,0.6015527340938129,0.646011466919622,0.5,1,-1.2909033298492432,0.2156999409198761,1,6.231134562738059e-06,3.272562204418437,5.275890047735822,1,1,0.6345644209062833,1,1,fold_5
114,sub1,rest2,53,114,0,0.874371019255744,0.7056544014956865,0.5,1,-1.2539023160934448,0.22202534973621368,1,6.231134562738059e-06,3.272562204418437,5.275890047735822,1,1,0.6365428379696433,1,1,fold_5
115,sub1,rest2,54,115,0,0.20886558986079268,0.5520273943035413,0.5,1,-1.2640005350112915,0.22028599679470062,1,6.231134562738059e-06,3.272562204418437,5.275890047735822,1,1,0.6212524013424795,1,1,fold_5
116,sub1,rest2,55,116,0,0.6276072609620214,0.651946718109702,0.5,1,-1.1854978799819946,0.23406508564949036,1,6.231134562738059e-06,3.272562204418437,5.275890047735822,1,1,0.7001533197731272,1,1,fold_5
117,sub1,rest2,56,117,0,0.6623277518970181,0.6597830916141953,0.5,1,-1.247614860534668,0.2231132835149765,1,6.231134562738059e-06,3.272562204418437,5.275890047735822,1,1,0.74064659775554,1,1,fold_5
118,sub1,rest2,57,118,0,1.3172880183887121,0.7887301495954842,0.5,1,-1.081925868988037,0.25314173102378845,1,6.231134562738059e-06,3.272562204418437,5.275890047735822,1,1,0.7802760705939353,1,1,fold_5
119,sub1,rest2,58,119,0,1.2277615443435501,0.7734265520569404,0.5,1,-1.004908800125122,0.26797738671302795,1,6.231134562738059e-06,3.272562204418437,5.275890047735822,1,1,0.7769231907719011,1,1,fold_5
120,sub1,rest2,59,120,0,1.2579412980068563,0.7786715101293814,0.5,1,-0.897864580154419,0.2894895374774933,1,6.231134562738059e-06,3.272562204418437,5.275890047735822,1,1,0.7786715101293814,1,1,fold_5
1079,sub10,rest1,0,0,0,0.49422439948821645,0.6211010867631007,0.5,1,-1.1147524118423462,0.24698594212532043,1,6.213098080704471e-06,2.1709658120880473,3.658655241952595,0,0,0.5545361591118506,1,0,fold_5
1080,sub10,rest1,1,1,0,0.4443690293677785,0.60929958916107,0.5,1,-1.1443426609039307,0.24152395129203796,1,6.213098080704471e-06,2.1709658120880473,3.658655241952595,0,0,0.49501363366870715,0,1,fold_5
1081,sub10,rest1,2,2,0,-0.26877522000094334,0.4332078014113812,0.5,0,-1.1442433595657349,0.24154214560985565,1,6.213098080704471e-06,2.1709658120880473,3.658655241952595,0,1,0.523667296047689,1,0,fold_5
1082,sub10,rest1,3,3,0,-0.23088620175225621,0.44253351043367023,0.5,0,-1.0631308555603027,0.25671160221099854,1,6.213098080704471e-06,2.1709658120880473,3.658655241952595,0,1,0.6485756579199019,1,0,fold_5
1083,sub10,rest1,4,4,0,0.8248296422957007,0.6952605762980156,0.5,1,-0.9405773282051086,0.2807837128639221,1,6.213098080704471e-06,2.1709658120880473,3.658655241952595,0,0,0.7723793246038091,1,0,fold_5
1084,sub10,rest1,5,5,0,1.4366341367828683,0.8079328870280201,0.5,1,-0.8919545412063599,0.2907066345214844,1,6.213098080704471e-06,2.1709658120880473,3.658655241952595,0,0,0.8150185147006681,1,0,fold_5
1085,sub10,rest1,6,6,0,1.4758472347969265,0.8139445104853916,0.5,1,-0.8513658046722412,0.299146443605423,1,6.213098080704471e-06,2.1709658120880473,3.658655241952595,0,0,0.8032546546604219,1,0,fold_5
1086,sub10,rest1,7,7,0,1.5380298894302387,0.8231781465885925,0.5,1,-0.9702034592628479,0.27483993768692017,1,6.213098080704471e-06,2.1709658120880473,3.658655241952595,0,0,0.6622561331113851,1,0,fold_5
1087,sub10,rest1,8,8,0,1.2232859974590835,0.7726413069072818,0.5,1,-0.8709596395492554,0.2950546443462372,1,6.213098080704471e-06,2.1709658120880473,3.658655241952595,0,0,0.466697611664527,0,1,fold_5
1088,sub10,rest1,9,9,0,-0.4433251188176884,0.39094894583828116,0.5,0,-0.9517345428466797,0.2785361111164093,1,6.213098080704471e-06,2.1709658120880473,3.658655241952595,0,1,0.26291681035082404,0,1,fold_5
1089,sub10,rest1,10,10,0,-1.1719506160651052,0.23650258224801804,0.5,0,-0.8896923065185547,0.2911733388900757,1,6.213098080704471e-06,2.1709658120880473,3.658655241952595,0,1,0.18666697979155644,0,1,fold_5
1090,sub10,rest1,11,11,0,-1.6485951981000948,0.16129890296617289,0.5,0,-0.7513711452484131,0.32052260637283325,1,6.213098080704471e-06,2.1709658120880473,3.658655241952595,0,1,0.15207571551680854,0,1,fold_5
1091,sub10,rest1,12,12,0,-1.6419532835775397,0.16219945416047843,0.5,0,-0.8802971839904785,0.29311618208885193,1,6.213098080704471e-06,2.1709658120880473,3.658655241952595,0,1,0.1482149737117782,0,1,fold_5
1092,sub10,rest1,13,13,0,-1.8770438738268078,0.1327287894237743,0.5,0,-0.8560419678688049,0.298166960477829,1,6.213098080704471e-06,2.1709658120880473,3.658655241952595,0,1,0.20574706468910878,0,1,fold_5
1093,sub10,rest1,14,14,0,-1.7368249227663612,0.14971667755108187,0.5,0,-0.9478977918624878,0.2793077826499939,1,6.213098080704471e-06,2.1709658120880473,3.658655241952595,0,1,0.35260116055580765,0,1,fold_5
1094,sub10,rest1,15,15,0,-0.6865735948245364,0.33479572709247024,0.5,0,-1.0771524906158447,0.2540452480316162,1,6.213098080704471e-06,2.1709658120880473,3.658655241952595,0,1,0.40361669208232454,0,1,fold_5
1095,sub10,rest1,16,16,0,0.2952914739909635,0.5732910770238708,0.5,1,-1.106874704360962,0.2484540045261383,1,6.213098080704471e-06,2.1709658120880473,3.658655241952595,0,0,0.46515814929331406,0,1,fold_5
1096,sub10,rest1,17,17,1,-0.5649823529133299,0.36239542499191807,0.5,0,-1.2207707166671753,0.2278008610010147,1,6.213098080704471e-06,2.1709658120880473,3.658655241952595,0,1,,,,fold_5
1097,sub10,rest1,18,18,0,-0.8341737713054913,0.30276327213063264,0.5,0,-1.1875566244125366,0.23369622230529785,1,6.213098080704471e-06,2.1709658120880473,3.658655241952595,0,1,0.5133109191507531,1,0,fold_5
1098,sub10,rest1,19,19,0,0.07771949216602377,0.5194200987254387,0.5,1,-1.1242272853851318,0.24522799253463745,1,6.213098080704471e-06,2.1709658120880473,3.658655241952595,0,0,0.5471508239164657,1,0,fold_5
1099,sub10,rest1,20,20,0,0.9333250880888014,0.7177493865961881,0.5,1,-0.9769893288612366,0.2734895646572113,1,6.213098080704471e-06,2.1709658120880473,3.658655241952595,0,0,0.5293318064452479,1,0,fold_5
1100,sub10,rest1,21,21,0,-0.3876506506576834,0.40428298642777033,0.5,0,-1.0888309478759766,0.25183847546577454,1,6.213098080704471e-06,2.1709658120880473,3.658655241952595,0,1,0.37372276842680324,0,1,fold_5
1101,sub10,rest1,22,22,0,-0.1363587070080575,0.4659630463117852,0.5,0,-1.0124926567077637,0.2664923071861267,1,6.213098080704471e-06,2.1709658120880473,3.658655241952595,0,1,0.34367226705738513,0,1,fold_5
1102,sub10,rest1,23,23,0,-1.0936995330900048,0.2509222725408543,0.5,0,-1.1850194931030273,0.23415088653564453,1,6.213098080704471e-06,2.1709658120880473,3.658655241952595,0,1,0.2849832525053095,0,1,fold_5
1103,sub10,rest1,24,24,0,-0.780874312401477,0.31413148231951604,0.5,0,-1.1834490299224854,0.2344326227903366,1,6.213098080704471e-06,2.1709658120880473,3.658655241952595,0,1,0.348728339714117,0,1,fold_5
1104,sub10,rest1,25,25,1,-1.5438913943400598,0.17597029243233334,0.5,0,-0.9944791793823242,0.2700282633304596,1,6.213098080704471e-06,2.1709658120880473,3.658655241952595,0,1,,,,fold_5
1105,sub10,rest1,26,26,0,-0.8958891873104743,0.28989600265555804,0.5,0,-1.2288180589675903,0.22638839483261108,1,6.213098080704471e-06,2.1709658120880473,3.658655241952595,0,1,0.47728530515644235,0,1,fold_5
1106,sub10,rest1,27,27,0,-0.23241037250438268,0.44215753416727693,0.5,0,-1.1487555503845215,0.24071644246578217,1,6.213098080704471e-06,2.1709658120880473,3.658655241952595,0,1,0.5652914732207003,1,0,fold_5
1107,sub10,rest1,28,28,0,0.8463569833366933,0.6998023786464923,0.5,1,-1.1058698892593384,0.24864166975021362,1,6.213098080704471e-06,2.1709658120880473,3.658655241952595,0,0,0.6403208654628904,1,0,fold_5
1108,sub10,rest1,29,29,0,0.2164997327394018,0.5539145068483317,0.5,1,-1.1557104587554932,0.23944759368896484,1,6.213098080704471e-06,2.1709658120880473,3.658655241952595,0,0,0.523167869732506,1,0,fold_5
1109,sub10,rest1,30,30,0,0.6957540131613855,0.667245710893847,0.5,1,-1.140268087387085,0.24227117002010345,1,6.213098080704471e-06,2.1709658120880473,3.658655241952595,0,0,0.43103522732864835,0,1,fold_5
1110,sub10,rest1,31,31,0,-0.6263289988685924,0.348343391455339,0.5,0,-1.2445522546768188,0.22364458441734314,1,6.213098080704471e-06,2.1709658120880473,3.658655241952595,0,1,0.26431648750399206,0,1,fold_5
1111,sub10,rest1,32,32,0,-0.9568137942886437,0.2775165796367591,0.5,0,-1.1215320825576782,0.24572721123695374,1,6.213098080704471e-06,2.1709658120880473,3.658655241952595,0,1,0.22015716680759534,0,1,fold_5
1112,sub10,rest1,33,33,0,-1.6063966580668017,0.1670894914198782,0.5,0,-0.9566001296043396,0.27755942940711975,1,6.213098080704471e-06,2.1709658120880473,3.658655241952595,0,1,0.21830473634662417,0,1,fold_5
1113,sub10,rest1,34,34,1,-1.5328045512665998,0.1775837169722047,0.5,0,-1.1550214290618896,0.23957310616970062,1,6.213098080704471e-06,2.1709658120880473,3.658655241952595,0,1,,,,fold_5
1114,sub10,rest1,35,35,0,-1.2899254504998603,0.21586542936614872,0.5,0,-1.034382700920105,0.2622353136539459,1,6.213098080704471e-06,2.1709658120880473,3.658655241952595,0,1,0.26141882097972574,0,1,fold_5
1115,sub10,rest1,36,36,0,-0.984704589805139,0.2719592882538456,0.5,0,-1.041308045387268,0.260897696018219,1,6.213098080704471e-06,2.1709658120880473,3.658655241952595,0,1,0.3379682140394062,0,1,fold_5
1116,sub10,rest1,37,37,0,-0.8643479027741183,0.2964317453191829,0.5,0,-1.0783734321594238,0.2538139522075653,1,6.213098080704471e-06,2.1709658120880473,3.658655241952595,0,1,0.42833022060546616,0,1,fold_5
1117,sub10,rest1,38,38,0,-0.21881447135545767,0.4455136085451901,0.5,0,-1.129003643989563,0.244345024228096,1,6.213098080704471e-06,2.1709658120880473,3.658655241952595,0,1,0.5756251454087101,1,0,fold_5
1118,sub10,rest1,39,39,0,0.17260851265965718,0.5430453079520254,0.5,1,-1.0303468704223633,0.26301684975624084,1,6.213098080704471e-06,2.1709658120880473,3.658655241952595,0,0,0.6837026535201819,1,0,fold_5
1119,sub10,rest1,40,40,0,1.0372369383125986,0.7383165197289151,0.5,1,-0.8185426592826843,0.3060730993747711,1,6.213098080704471e-06,2.1709658120880473,3.658655241952595,0,0,0.7674937101722543,1,0,fold_5
1120,sub10,rest1,41,41,0,1.2068782926210464,0.7697461328796049,0.5,1,-0.7857743501663208,0.3130767345428467,1,6.213098080704471e-06,2.1709658120880473,3.658655241952595,0,0,0.7931301953429474,1,0,fold_5
1121,sub10,rest1,42,42,1,1.342644236437114,0.7929244488484107,0.5,0,-0.863639235496521,0.2965795695781708,1,6.213098080704471e-06,2.1709658120880473,3.658655241952595,0,1,,,,fold_5
1122,sub10,rest1,43,43,0,1.3517677162195871,0.7944184779082433,0.5,1,-1.0743529796600342,0.2545761466026306,1,6.213098080704471e-06,2.1709658120880473,3.658655241952595,0,0,0.7746421232642061,1,0,fold_5
1123,sub10,rest1,44,44,0,1.4843317543780223,0.8152259752409939,0.5,1,-0.971687912940979,0.27454420924186707,1,6.213098080704471e-06,2.1709658120880473,3.658655241952595,0,0,0.6437860748041441,1,0,fold_5
1124,sub10,rest1,45,45,0,0.9162721235009242,0.7142819166433814,0.5,1,-1.063724160194397,0.25659841299057007,1,6.213098080704471e-06,2.1709658120880473,3.658655241952595,0,0,0.4570061519357444,0,1,fold_5
1125,sub10,rest1,46,46,0,-0.3977612905378484,0.4018503325280569,0.5,0,-1.130918025970459,0.24399174749851227,1,6.213098080704471e-06,2.1709658120880473,3.658655241952595,0,1,0.34748821310516337,0,1,fold_5
1126,sub10,rest1,47,47,0,-1.0727197524134555,0.2548862066357949,0.5,0,-1.1612679958343506,0.23843695223331451,1,6.213098080704471e-06,2.1709658120880473,3.658655241952595,0,1,0.4204844329806818,0,1,fold_5
1127,sub10,rest1,48,48,0,-0.46530494625081237,0.3857281001516384,0.5,0,-1.132333517074585,0.24373069405555725,1,6.213098080704471e-06,2.1709658120880473,3.658655241952595,0,1,0.5830956821101191,1,0,fold_5
1128,sub10,rest1,49,49,0,0.49311083874216166,0.6208389921546119,0.5,1,-1.010584831237793,0.26686540246009827,1,6.213098080704471e-06,2.1709658120880473,3.658655241952595,0,0,0.6624471819209062,1,0,fold_5
1129,sub10,rest1,50,50,0,1.0601538964935977,0.7427199540241068,0.5,1,-1.1089298725128174,0.24807046353816986,1,6.213098080704471e-06,2.1709658120880473,3.658655241952595,0,0,0.669726071937711,1,0,fold_5
1130,sub10,rest1,51,51,0,0.5056347406654406,0.623782599584,0.5,1,-1.095625877380371,0.25056037306785583,1,6.213098080704471e-06,2.1709658120880473,3.658655241952595,0,0,0.6873049027826893,1,0,fold_5
1131,sub10,rest1,52,52,0,0.5869963050468777,0.6426756622050264,0.5,1,-1.0473442077636719,0.2597354054450989,1,6.213098080704471e-06,2.1709658120880473,3.658655241952595,0,0,0.7603923672987322,1,0,fold_5
1132,sub10,rest1,53,53,0,1.3581351684421161,0.7954564465590416,0.5,1,-1.0219841003417969,0.2646411061286926,1,6.213098080704471e-06,2.1709658120880473,3.658655241952595,0,0,0.8234107113379862,1,0,fold_5
1133,sub10,rest1,54,54,0,1.6810611453967004,0.8430449931321286,0.5,1,-0.7631869912147522,0.3179547190666199,1,6.213098080704471e-06,2.1709658120880473,3.658655241952595,0,0,0.8329363980604603,1,0,fold_5
1134,sub10,rest1,55,55,0,1.5979429977782555,0.8317306943227881,0.5,1,-0.8672386407852173,0.2958292067050934,1,6.213098080704471e-06,2.1709658120880473,3.658655241952595,0,0,0.7118146558561237,1,0,fold_5
1135,sub10,rest1,56,56,0,1.5439175947996175,0.8240335067264644,0.5,1,-0.8172594308853149,0.30634573101997375,1,6.213098080704471e-06,2.1709658120880473,3.658655241952595,0,0,0.5424419446811797,1,0,fold_5
1136,sub10,rest1,57,57,0,-0.08132572747372921,0.47967976651911887,0.5,0,-0.9054211378097534,0.287937730550766,1,6.213098080704471e-06,2.1709658120880473,3.658655241952595,0,1,0.3482584580156542,0,1,fold_5
1137,sub10,rest1,58,58,0,-0.7372190465314362,0.3236125607979558,0.5,0,-0.6098603010177612,0.35209107398986816,1,6.213098080704471e-06,2.1709658120880473,3.658655241952595,0,1,0.2688595514192438,0,1,fold_5
1138,sub10,rest1,59,59,0,-1.1445658788348154,0.2414830467298878,0.5,0,-0.2406226396560669,0.4401329457759857,1,6.213098080704471e-06,2.1709658120880473,3.658655241952595,0,1,0.24148304672988777,0,1,fold_5
1139,sub10,rest2,0,60,0,0.2747028193689816,0.5682470739670201,0.5,1,-1.1062462329864502,0.24857138097286224,1,6.213098080704471e-06,2.1709658120880473,3.658655241952595,1,1,0.5570582655564786,1,1,fold_5
1140,sub10,rest2,1,61,0,0.04214507973450365,0.510534710660229,0.5,1,-1.094792127609253,0.2507169842720032,1,6.213098080704471e-06,2.1709658120880473,3.658655241952595,1,1,0.6386235718518634,1,1,fold_5
1141,sub10,rest2,2,62,0,0.3738668409543688,0.5923930120421868,0.5,1,-1.1134576797485352,0.24722683429718018,1,6.213098080704471e-06,2.1709658120880473,3.658655241952595,1,1,0.7358627154906997,1,1,fold_5
1142,sub10,rest2,3,63,0,1.4692475661480424,0.8129429928531742,0.5,1,-0.9733633995056152,0.2742106318473816,1,6.213098080704471e-06,2.1709658120880473,3.658655241952595,1,1,0.7734515125885654,1,1,fold_5
1143,sub10,rest2,4,64,0,1.4004301725783594,0.8022521415767383,0.5,1,-1.0705618858337402,0.2552962601184845,1,6.213098080704471e-06,2.1709658120880473,3.658655241952595,1,1,0.7355910111640495,1,1,fold_5
1144,sub10,rest2,5,65,0,0.8719890212697954,0.7051594033357833,0.5,1,-1.109822154045105,0.24790404736995697,1,6.213098080704471e-06,2.1709658120880473,3.658655241952595,1,1,0.7304285016076347,1,1,fold_5
1145,sub10,rest2,6,66,0,0.8442591753173794,0.6993614885796265,0.5,1,-1.0293923616409302,0.26320192217826843,1,6.213098080704471e-06,2.1709658120880473,3.658655241952595,1,1,0.7668690126525104,1,1,fold_5
1146,sub10,rest2,7,67,0,1.305532450281842,0.7867646129074943,0.5,1,-0.7766156792640686,0.31504976749420166,1,6.213098080704471e-06,2.1709658120880473,3.658655241952595,1,1,0.8184767782688365,1,1,fold_5
1147,sub10,rest2,8,68,0,1.479393377454558,0.8144809364704101,0.5,1,-0.5705326795578003,0.36111393570899963,1,6.213098080704471e-06,2.1709658120880473,3.658655241952595,1,1,0.8417115514421162,1,1,fold_5
1148,sub10,rest2,9,69,0,1.7678073802909156,0.8541847854286049,0.5,1,-0.44645512104034424,0.39020392298698425,1,6.213098080704471e-06,2.1709658120880473,3.658655241952595,1,1,0.8510068723792634,1,1,fold_5
1149,sub10,rest2,10,70,0,1.786266533868904,0.8564689324273335,0.5,1,-0.531230092048645,0.3702300488948822,1,6.213098080704471e-06,2.1709658120880473,3.658655241952595,1,1,0.8273917620827071,1,1,fold_5
1150,sub10,rest2,11,71,0,1.675945481389564,0.8423668992818517,0.5,1,-0.6428967714309692,0.34459203481674194,1,6.213098080704471e-06,2.1709658120880473,3.658655241952595,1,1,0.8126267086424891,1,1,fold_5
1151,sub10,rest2,12,72,0,1.285234310640271,0.7833394545389364,0.5,1,-0.9733070135116577,0.27422183752059937,1,6.213098080704471e-06,2.1709658120880473,3.658655241952595,1,1,0.812005777810611,1,1,fold_5
1152,sub10,rest2,13,73,0,1.4641971066566675,0.8121737721066794,0.5,1,-1.007733941078186,0.2674235701560974,1,6.213098080704471e-06,2.1709658120880473,3.658655241952595,1,1,0.8369966200954059,1,1,fold_5
1153,sub10,rest2,14,74,0,1.661983664942088,0.8405041067862169,0.5,1,-1.0701236724853516,0.2553795576095581,1,6.213098080704471e-06,2.1709658120880473,3.658655241952595,1,1,0.8308402262029894,1,1,fold_5
1154,sub10,rest2,15,75,0,1.8013400595978892,0.8583119813933214,0.5,1,-0.8810746669769287,0.2929551303386688,1,6.213098080704471e-06,2.1709658120880473,3.658655241952595,1,1,0.7839498915412081,1,1,fold_5
1155,sub10,rest2,16,76,0,1.3474021710662623,0.79370459042943,0.5,1,-0.9240769743919373,0.2841279208660126,1,6.213098080704471e-06,2.1709658120880473,3.658655241952595,1,1,0.7213832227797768,1,1,fold_5
1156,sub10,rest2,17,77,0,0.8465032380830987,0.6998331028008725,0.5,1,-0.9889683127403259,0.27111589908599854,1,6.213098080704471e-06,2.1709658120880473,3.658655241952595,1,1,0.6710497841950896,1,1,fold_5
1157,sub10,rest2,18,78,0,0.7109542284033402,0.6706119751090281,0.5,1,-0.9897364377975464,0.2709641456604004,1,6.213098080704471e-06,2.1709658120880473,3.658655241952595,1,1,0.6945134926501595,1,1,fold_5
1158,sub10,rest2,19,79,0,0.5871209023451197,0.6427042746753684,0.5,1,-1.0298054218292236,0.2631218135356903,1,6.213098080704471e-06,2.1709658120880473,3.658655241952595,1,1,0.7336378294689206,1,1,fold_5
1159,sub10,rest2,20,80,0,1.2095777495419235,0.770224228166082,0.5,1,-1.0159802436828613,0.26581111550331116,1,6.213098080704471e-06,2.1709658120880473,3.658655241952595,1,1,0.7880358240460869,1,1,fold_5
1160,sub10,rest2,21,81,0,1.3128219408558954,0.7879849855653117,0.5,1,-1.053621768951416,0.25853022933006287,1,6.213098080704471e-06,2.1709658120880473,3.658655241952595,1,1,0.7583490127822188,1,1,fold_5
1161,sub10,rest2,22,82,0,1.423575041480667,0.8058982584068672,0.5,1,-1.0188369750976562,0.2652539908885956,1,6.213098080704471e-06,2.1709658120880473,3.658655241952595,1,1,0.7511266822741965,1,1,fold_5
1162,sub10,rest2,23,83,0,0.7591252886736681,0.6811637943744776,0.5,1,-1.0757604837417603,0.25430914759635925,1,6.213098080704471e-06,2.1709658120880473,3.658655241952595,1,1,0.7071220999790584,1,1,fold_5
1163,sub10,rest2,24,84,0,1.1876359771645868,0.7663179940412448,0.5,1,-1.07169508934021,0.2550808787345886,1,6.213098080704471e-06,2.1709658120880473,3.658655241952595,1,1,0.7391959899680755,1,1,fold_5
1164,sub10,rest2,25,85,0,0.7258071705711573,0.6738845115214529,0.5,1,-1.1046160459518433,0.24887599050998688,1,6.213098080704471e-06,2.1709658120880473,3.658655241952595,1,1,0.7200472463373903,1,1,fold_5
1165,sub10,rest2,26,86,0,1.250494584294209,0.7773854643415286,0.5,1,-1.0558104515075684,0.2581108808517456,1,6.213098080704471e-06,2.1709658120880473,3.658655241952595,1,1,0.7154850403590173,1,1,fold_5
1166,sub10,rest2,27,87,0,0.8899107935784171,0.7088717631491895,0.5,1,-1.0842797756195068,0.2526969611644745,1,6.213098080704471e-06,2.1709658120880473,3.658655241952595,1,1,0.652491824433718,1,1,fold_5
1167,sub10,rest2,28,88,0,0.6641762206455948,0.660197893586334,0.5,1,-1.1136115789413452,0.2471982091665268,1,6.213098080704471e-06,2.1709658120880473,3.658655241952595,1,1,0.6048902807815976,1,1,fold_5
1168,sub10,rest2,29,89,0,0.35737900180978327,0.5884058165656305,0.5,1,-1.080641746520996,0.2533845603466034,1,6.213098080704471e-06,2.1709658120880473,3.658655241952595,1,1,0.6098271979723928,1,1,fold_5
1169,sub10,rest2,30,90,0,0.26582283962045045,0.566067132192828,0.5,1,-0.9306683540344238,0.2827891409397125,1,6.213098080704471e-06,2.1709658120880473,3.658655241952595,1,1,0.6699924228011481,1,1,fold_5
1170,sub10,rest2,31,91,0,0.730926916945492,0.6750086451587199,0.5,1,-0.9104704856872559,0.2869035601615906,1,6.213098080704471e-06,2.1709658120880473,3.658655241952595,1,1,0.736677338264883,1,1,fold_5
1171,sub10,rest2,32,92,0,1.2021187959551074,0.7689014910518966,0.5,1,-0.8630697727203369,0.2966983914375305,1,6.213098080704471e-06,2.1709658120880473,3.658655241952595,1,1,0.6325299180674088,1,1,fold_5
1172,sub10,rest2,33,93,0,1.186541136487674,0.7661218785840322,0.5,1,-0.8222593069076538,0.3052842617034912,1,6.213098080704471e-06,2.1709658120880473,3.658655241952595,1,1,0.4501755798755056,0,0,fold_5
1173,sub10,rest2,34,94,0,-0.5642425515908144,0.3625663845662976,0.5,0,-1.193711757659912,0.23259574174880981,1,6.213098080704471e-06,2.1709658120880473,3.658655241952595,1,0,0.3161436242831541,0,0,fold_5
1174,sub10,rest2,35,95,0,-1.2549845827990647,0.22183847647618687,0.5,0,-1.1784485578536987,0.23533126711845398,1,6.213098080704471e-06,2.1709658120880473,3.658655241952595,1,0,0.43770501626626274,0,0,fold_5
1175,sub10,rest2,36,96,0,-0.5579323373444517,0.3640260118069779,0.5,0,-1.19541597366333,0.23229166865348816,1,6.213098080704471e-06,2.1709658120880473,3.658655241952595,1,0,0.6222832733230707,1,1,fold_5
1176,sub10,rest2,37,97,0,0.9807174984497111,0.7272505605156234,0.5,1,-0.8183639049530029,0.30611106753349304,1,6.213098080704471e-06,2.1709658120880473,3.658655241952595,1,1,0.7413739927727327,1,1,fold_5
1177,sub10,rest2,38,98,0,1.2400530465079727,0.7755732476466104,0.5,1,-0.6091580986976624,0.3522512912750244,1,6.213098080704471e-06,2.1709658120880473,3.658655241952595,1,1,0.7612209466410279,1,1,fold_5
1178,sub10,rest2,39,99,0,0.9509101025298677,0.7212981701559643,0.5,1,-0.8982463479042053,0.2894110083580017,1,6.213098080704471e-06,2.1709658120880473,3.658655241952595,1,1,0.7524512496182726,1,1,fold_5
1179,sub10,rest2,40,100,0,1.305692258780547,0.7867914221205086,0.5,1,-1.0404115915298462,0.26107057929039,1,6.213098080704471e-06,2.1709658120880473,3.658655241952595,1,1,0.7873252617346082,1,1,fold_5
1180,sub10,rest2,41,101,0,1.0946916320446645,0.7492641565783452,0.5,1,-1.1031895875930786,0.24914273619651794,1,6.213098080704471e-06,2.1709658120880473,3.658655241952595,1,1,0.7978239815839113,1,1,fold_5
1181,sub10,rest2,42,102,0,1.556984389158344,0.8259202065049706,0.5,1,-0.9867275357246399,0.271558940410614,1,6.213098080704471e-06,2.1709658120880473,3.658655241952595,1,1,0.8207581305627137,1,1,fold_5
1182,sub10,rest2,43,103,0,1.5047885233346106,0.8182875816684184,0.5,1,-1.047192096710205,0.2597646415233612,1,6.213098080704471e-06,2.1709658120880473,3.658655241952595,1,1,0.8309906072049823,1,1,fold_5
1183,sub10,rest2,44,104,0,1.5033030889560417,0.8180666035147526,0.5,1,-0.8733387589454651,0.294560045003891,1,6.213098080704471e-06,2.1709658120880473,3.658655241952595,1,1,0.8334899211781415,1,1,fold_5
1184,sub10,rest2,45,105,0,1.7874767209133897,0.8566176364317761,0.5,1,-0.9845516085624695,0.2719895839691162,1,6.213098080704471e-06,2.1709658120880473,3.658655241952595,1,1,0.8165488398300672,1,1,fold_5
1185,sub10,rest2,46,106,0,1.5560479199146104,0.8257855235878957,0.5,1,-0.9485466480255127,0.279177188873291,1,6.213098080704471e-06,2.1709658120880473,3.658655241952595,1,1,0.7831592024386977,1,1,fold_5
1186,sub10,rest2,47,107,0,1.1928105919984753,0.7672433594705299,0.5,1,-1.0174636840820312,0.26552173495292664,1,6.213098080704471e-06,2.1709658120880473,3.658655241952595,1,1,0.7667331560190683,1,1,fold_5
1187,sub10,rest2,48,108,0,1.1333072523519565,0.7564487242576675,0.5,1,-0.9715100526809692,0.27457961440086365,1,6.213098080704471e-06,2.1709658120880473,3.658655241952595,1,1,0.7577745127456335,1,1,fold_5
1188,sub10,rest2,49,109,0,1.2454277782995817,0.7765073843290079,0.5,1,-0.8708380460739136,0.29507994651794434,1,6.213098080704471e-06,2.1709658120880473,3.658655241952595,1,1,0.7700011097719006,1,1,fold_5
1189,sub10,rest2,50,110,0,1.04787914896704,0.7403674296502248,0.5,1,-0.7773765325546265,0.31488558650016785,1,6.213098080704471e-06,2.1709658120880473,3.658655241952595,1,1,0.7924176878037148,1,1,fold_5
1190,sub10,rest2,51,111,0,1.3438875172951943,0.7931285153364692,0.5,1,-0.9012520909309387,0.2887932360172272,1,6.213098080704471e-06,2.1709658120880473,3.658655241952595,1,1,0.8201030895635011,1,1,fold_5
1191,sub10,rest2,52,112,0,1.6864529491401175,0.8437571184244504,0.5,1,-1.0393249988555908,0.26128026843070984,1,6.213098080704471e-06,2.1709658120880473,3.658655241952595,1,1,0.8318088820768592,1,1,fold_5
1192,sub10,rest2,53,113,0,1.5397173669017845,0.8234236349295838,0.5,1,-1.00822114944458,0.2673281133174896,1,6.213098080704471e-06,2.1709658120880473,3.658655241952595,1,1,0.7833843325968889,1,1,fold_5
1193,sub10,rest2,54,114,0,1.5732462381717933,0.8282458928765435,0.5,1,-1.0337977409362793,0.2623485028743744,1,6.213098080704471e-06,2.1709658120880473,3.658655241952595,1,1,0.7185075767514674,1,1,fold_5
1194,sub10,rest2,55,115,0,0.8400866728121599,0.6984834699845391,0.5,1,-1.1297348737716675,0.24421000480651855,1,6.213098080704471e-06,2.1709658120880473,3.658655241952595,1,1,0.6184955450489785,1,1,fold_5
1195,sub10,rest2,56,116,0,0.5270438242546513,0.6287933673933197,0.5,1,-1.060563325881958,0.25720182061195374,1,6.213098080704471e-06,2.1709658120880473,3.658655241952595,1,1,0.593395342693359,1,1,fold_5
1196,sub10,rest2,57,117,0,0.11295914907242488,0.5282097977690764,0.5,1,-1.1082504987716675,0.24819721281528473,1,6.213098080704471e-06,2.1709658120880473,3.658655241952595,1,1,0.5949352248305174,1,1,fold_5
1197,sub10,rest2,58,118,0,0.5030799734035765,0.6231828629176809,0.5,1,-0.9766747951507568,0.2735520601272583,1,6.213098080704471e-06,2.1709658120880473,3.658655241952595,1,1,0.6300029635090902,1,1,fold_5
1198,sub10,rest2,59,119,0,0.5468868437172588,0.6334130138047949,0.5,1,-0.8313517570495605,0.30335932970046997,1,6.213098080704471e-06,2.1709658120880473,3.658655241952595,1,1,0.6334130138047949,1,1,fold_5
1319,sub12,rest1,0,0,0,-0.5620690009052295,0.3630688681188004,0.5,0,-1.2489289045333862,0.2228855937719345,1,5.0615333321944025e-06,2.0739922733817804,7.1672949854680015,0,1,0.3045059527166125,0,1,fold_5
1320,sub12,rest1,1,1,0,-0.8113094706557062,0.3076115256570815,0.5,0,-1.2609832286834717,0.22080467641353607,1,5.0615333321944025e-06,2.0739922733817804,7.1672949854680015,0,1,0.2649795208592996,0,1,fold_5
1321,sub12,rest1,2,2,0,-1.1371855919391007,0.2428374643739557,0.5,0,-1.2459008693695068,0.22341053187847137,1,5.0615333321944025e-06,2.0739922733817804,7.1672949854680015,0,1,0.23924870704278567,0,1,fold_5
1322,sub12,rest1,3,3,0,-1.128220923737946,0.2444895725468616,0.5,0,-1.2533308267593384,0.22212406992912292,1,5.0615333321944025e-06,2.0739922733817804,7.1672949854680015,0,1,0.2496938851700652,0,1,fold_5
1323,sub12,rest1,4,4,0,-1.2059463453237134,0.23041908420753973,0.5,0,-0.9729077816009521,0.27430132031440735,1,5.0615333321944025e-06,2.0739922733817804,7.1672949854680015,0,1,0.2635923229069452,0,1,fold_5
1324,sub12,rest1,5,5,0,-0.9735524066613855,0.2741729987557943,0.5,0,-1.091254472732544,0.25138211250305176,1,5.0615333321944025e-06,2.0739922733817804,7.1672949854680015,0,1,0.28626753289866963,0,1,fold_5
1325,sub12,rest1,6,6,0,-0.9139859295137084,0.2861848857575014,0.5,0,-1.1594828367233276,0.2387612760066986,1,5.0615333321944025e-06,2.0739922733817804,7.1672949854680015,0,1,0.29903489921189846,0,1,fold_5
1326,sub12,rest1,7,7,0,-0.854715003735113,0.29844471418271307,0.5,0,-1.276787281036377,0.21809761226177216,1,5.0615333321944025e-06,2.0739922733817804,7.1672949854680015,0,1,0.33200774420079454,0,1,fold_5
1327,sub12,rest1,8,8,0,-0.7885732717918011,0.3124750976954808,0.5,0,-1.2422025203704834,0.22405283153057098,1,5.0615333321944025e-06,2.0739922733817804,7.1672949854680015,0,1,0.36777432252733244,0,1,fold_5
1328,sub12,rest1,9,9,0,-0.4679421664141186,0.3851034207241897,0.5,0,-1.1746987104415894,0.2360067218542099,1,5.0615333321944025e-06,2.0739922733817804,7.1672949854680015,0,1,0.37780307756324066,0,1,fold_5
1329,sub12,rest1,10,10,0,-0.3815859212466498,0.4057444491623268,0.5,0,-1.1361583471298218,0.24302639067173004,1,5.0615333321944025e-06,2.0739922733817804,7.1672949854680015,0,1,0.33782859995934134,0,1,fold_5
1330,sub12,rest1,11,11,0,-0.6519006291153006,0.3425613628032056,0.5,0,-1.2392451763153076,0.22456741333007812,1,5.0615333321944025e-06,2.0739922733817804,7.1672949854680015,0,1,0.2943952923490992,0,1,fold_5
1331,sub12,rest1,12,12,0,-1.0192167926065743,0.26517998791249175,0.5,0,-1.2782044410705566,0.2178560495376587,1,5.0615333321944025e-06,2.0739922733817804,7.1672949854680015,0,1,0.3185200244734907,0,1,fold_5
1332,sub12,rest1,13,13,0,-0.9671720750499603,0.2754445263316003,0.5,0,-1.0426957607269287,0.26063019037246704,1,5.0615333321944025e-06,2.0739922733817804,7.1672949854680015,0,1,0.3499671075284962,0,1,fold_5
1333,sub12,rest1,14,14,0,-0.34359876733867195,0.41493555917638,0.5,0,-0.95457923412323,0.27796483039855957,1,5.0615333321944025e-06,2.0739922733817804,7.1672949854680015,0,1,0.36354276010452163,0,1,fold_5
1334,sub12,rest1,15,15,0,-0.5774427144120087,0.35952123707750827,0.5,0,-1.0921449661254883,0.2512145936489105,1,5.0615333321944025e-06,2.0739922733817804,7.1672949854680015,0,1,0.3020573689539893,0,1,fold_5
1335,sub12,rest1,16,16,0,-0.7714224410313977,0.3161714840596769,0.5,0,-1.2422349452972412,0.22404718399047852,1,5.0615333321944025e-06,2.0739922733817804,7.1672949854680015,0,1,0.2626608727441961,0,1,fold_5
1336,sub12,rest1,17,17,1,-1.4205838993165376,0.19457006291944923,0.5,0,-1.1384177207946777,0.24261099100112915,1,5.0615333321944025e-06,2.0739922733817804,7.1672949854680015,0,1,,,,fold_5
1337,sub12,rest1,18,18,0,-1.2056063165286157,0.2304793857247828,0.5,0,-1.1903984546661377,0.2331876903772354,1,5.0615333321944025e-06,2.0739922733817804,7.1672949854680015,0,1,0.23508603244052353,0,1,fold_5
1338,sub12,rest1,19,19,0,-1.1453920591240268,0.24133174844812857,0.5,0,-1.2266907691955566,0.22676114737987518,1,5.0615333321944025e-06,2.0739922733817804,7.1672949854680015,0,1,0.23103296178930208,0,1,fold_5
1339,sub12,rest1,20,20,0,-1.188948976702484,0.23344696314865926,0.5,0,-1.1770211458206177,0.2355882078409195,1,5.0615333321944025e-06,2.0739922733817804,7.1672949854680015,0,1,0.21365151692181006,0,1,fold_5
1340,sub12,rest1,21,21,0,-1.2754825549847622,0.21832017377111837,0.5,0,-1.1783943176269531,0.23534101247787476,1,5.0615333321944025e-06,2.0739922733817804,7.1672949854680015,0,1,0.2235445166785954,0,1,fold_5
1341,sub12,rest1,22,22,0,-1.4552988061975307,0.18918741384565246,0.5,0,-1.166063666343689,0.2375672310590744,1,5.0615333321944025e-06,2.0739922733817804,7.1672949854680015,0,1,0.2353919508270286,0,1,fold_5
1342,sub12,rest1,23,23,0,-1.0297841031295765,0.2631259624190153,0.5,0,-1.3190703392028809,0.21097302436828613,1,5.0615333321944025e-06,2.0739922733817804,7.1672949854680015,0,1,0.2468800062104566,0,1,fold_5
1343,sub12,rest1,24,24,0,-1.0781172432767194,0.25386247621641805,0.5,0,-1.2926578521728516,0.21540328860282898,1,5.0615333321944025e-06,2.0739922733817804,7.1672949854680015,0,1,0.2285116011676734,0,1,fold_5
1344,sub12,rest1,25,25,1,-1.0452564940546758,0.26013702397190647,0.5,0,-1.2213492393493652,0.22769910097122192,1,5.0615333321944025e-06,2.0739922733817804,7.1672949854680015,0,1,,,,fold_5
1345,sub12,rest1,26,26,0,-1.244512019820174,0.22365157999593657,0.5,0,-1.1572847366333008,0.23916098475456238,1,5.0615333321944025e-06,2.0739922733817804,7.1672949854680015,0,1,0.21343301546857588,0,1,fold_5
1346,sub12,rest1,27,27,0,-1.336897374080534,0.20802074729066555,0.5,0,-1.1006395816802979,0.24962006509304047,1,5.0615333321944025e-06,2.0739922733817804,7.1672949854680015,0,1,0.20927455543077525,0,1,fold_5
1347,sub12,rest1,28,28,0,-1.3332231443591855,0.20862671911912561,0.5,0,-1.1173169612884521,0.24650929868221283,1,5.0615333321944025e-06,2.0739922733817804,7.1672949854680015,0,1,0.22899264289932206,0,1,fold_5
1348,sub12,rest1,29,29,0,-1.3178501198639558,0.21117619988253467,0.5,0,-1.18605375289917,0.2339654564857483,1,5.0615333321944025e-06,2.0739922733817804,7.1672949854680015,0,1,0.23450682972717377,0,1,fold_5
1349,sub12,rest1,30,30,0,-1.0090030045641842,0.26717500969630587,0.5,0,-1.19767427444458,0.23188921809196472,1,5.0615333321944025e-06,2.0739922733817804,7.1672949854680015,0,1,0.24913311310091749,0,1,fold_5
1350,sub12,rest1,31,31,0,-1.2357921070834135,0.2251692796026808,0.5,0,-1.1622977256774902,0.2382500171661377,1,5.0615333321944025e-06,2.0739922733817804,7.1672949854680015,0,1,0.28582891149410017,0,1,fold_5
1351,sub12,rest1,32,32,0,-1.0718309187999702,0.2550550500037659,0.5,0,-1.2741996049880981,0.21853920817375183,1,5.0615333321944025e-06,2.0739922733817804,7.1672949854680015,0,1,0.34367829514515097,0,1,fold_5
1352,sub12,rest1,33,33,0,-0.5011842549502459,0.3772624048758538,0.5,0,-1.3112187385559082,0.2122829705476761,1,5.0615333321944025e-06,2.0739922733817804,7.1672949854680015,0,1,0.3379869552474582,0,1,fold_5
1353,sub12,rest1,34,34,1,0.40654488015528273,0.6002591172873724,0.5,0,-1.198864221572876,0.2316773235797882,1,5.0615333321944025e-06,2.0739922733817804,7.1672949854680015,0,1,,,,fold_5
1354,sub12,rest1,35,35,0,-0.41081201760025077,0.3987174305558333,0.5,0,-1.1290910243988037,0.24432888627052307,1,5.0615333321944025e-06,2.0739922733817804,7.1672949854680015,0,1,0.2785558499934884,0,1,fold_5
1355,sub12,rest1,36,36,0,-1.1637804840642252,0.23798103031068746,0.5,0,-1.3174930810928345,0.21123570203781128,1,5.0615333321944025e-06,2.0739922733817804,7.1672949854680015,0,1,0.2071128545301187,0,1,fold_5
1356,sub12,rest1,37,37,0,-1.3927500551197136,0.1989690891139445,0.5,0,-1.2783417701721191,0.21783262491226196,1,5.0615333321944025e-06,2.0739922733817804,7.1672949854680015,0,1,0.1878675320572428,0,1,fold_5
1357,sub12,rest1,38,38,0,-1.486893565162143,0.18438844416572409,0.5,0,-1.202028512954712,0.23111456632614136,1,5.0615333321944025e-06,2.0739922733817804,7.1672949854680015,0,1,0.18590609728846486,0,1,fold_5
1358,sub12,rest1,39,39,0,-1.5146880529515285,0.1802450628920598,0.5,0,-1.0901470184326172,0.2515906095504761,1,5.0615333321944025e-06,2.0739922733817804,7.1672949854680015,0,1,0.25353950357579663,0,1,fold_5
1359,sub12,rest1,40,40,0,-1.4300892090687118,0.1930847848076107,0.5,0,-1.1980199813842773,0.23182763159275055,1,5.0615333321944025e-06,2.0739922733817804,7.1672949854680015,0,1,0.37532310191366874,0,1,fold_5
1360,sub12,rest1,41,41,0,-0.45872360857944183,0.3872886630277194,0.5,0,-1.2909975051879883,0.21568401157855988,1,5.0615333321944025e-06,2.0739922733817804,7.1672949854680015,0,1,0.45354640508330096,0,1,fold_5
1361,sub12,rest1,42,42,1,-0.19208906979863818,0.45212485104528466,0.5,0,-1.2086317539215088,0.22994321584701538,1,5.0615333321944025e-06,2.0739922733817804,7.1672949854680015,0,1,,,,fold_5
1362,sub12,rest1,43,43,0,0.18289153179544893,0.5455958579056761,0.5,1,-1.0324651002883911,0.2626064717769623,1,5.0615333321944025e-06,2.0739922733817804,7.1672949854680015,0,0,0.46826633449119553,0,1,fold_5
1363,sub12,rest1,44,44,0,-0.2910178683857199,0.4277546943165073,0.5,0,-1.100646734237671,0.2496187537908554,1,5.0615333321944025e-06,2.0739922733817804,7.1672949854680015,0,1,0.3922049199807978,0,1,fold_5
1364,sub12,rest1,45,45,0,-0.27594394478784046,0.43144845125140324,0.5,0,-1.0579113960266113,0.2577087879180908,1,5.0615333321944025e-06,2.0739922733817804,7.1672949854680015,0,1,0.352372051257684,0,1,fold_5
1365,sub12,rest1,46,46,0,-0.7656926217673933,0.317411614374483,0.5,0,-1.2023727893829346,0.2310533970594406,1,5.0615333321944025e-06,2.0739922733817804,7.1672949854680015,0,1,0.29522537426095513,0,1,fold_5
1366,sub12,rest1,47,47,0,-0.8082849250186037,0.3082560881471657,0.5,0,-1.2004058361053467,0.23140303790569305,1,5.0615333321944025e-06,2.0739922733817804,7.1672949854680015,0,1,0.28657231782041775,0,1,fold_5
1367,sub12,rest1,48,48,0,-1.045924791290914,0.26000842026121673,0.5,0,-1.2686455249786377,0.2194892019033432,1,5.0615333321944025e-06,2.0739922733817804,7.1672949854680015,0,1,0.28868750126940074,0,1,fold_5
1368,sub12,rest1,49,49,0,-0.8883403237542994,0.2914524450528709,0.5,0,-1.2964308261871338,0.21476630866527557,1,5.0615333321944025e-06,2.0739922733817804,7.1672949854680015,0,1,0.31743933092895066,0,1,fold_5
1369,sub12,rest1,50,50,0,-0.7786930200785939,0.31460163849411454,0.5,0,-1.323899507522583,0.21017025411128998,1,5.0615333321944025e-06,2.0739922733817804,7.1672949854680015,0,1,0.35117057560276227,0,1,fold_5
1370,sub12,rest1,51,51,0,-0.6355025112842891,0.3462639092398665,0.5,0,-1.3479528427124023,0.20620526373386383,1,5.0615333321944025e-06,2.0739922733817804,7.1672949854680015,0,1,0.3618403046970005,0,1,fold_5
1371,sub12,rest1,52,52,0,-0.4362026236195765,0.3926461790743056,0.5,0,-1.3160492181777954,0.21147635579109192,1,5.0615333321944025e-06,2.0739922733817804,7.1672949854680015,0,1,0.3366562267594373,0,1,fold_5
1372,sub12,rest1,53,53,0,-0.6339703196510885,0.3466108257768294,0.5,0,-1.293175220489502,0.21531586349010468,1,5.0615333321944025e-06,2.0739922733817804,7.1672949854680015,0,1,0.28048058591416253,0,1,fold_5
1373,sub12,rest1,54,54,0,-0.991014834581786,0.27071167542717683,0.5,0,-1.311354637145996,0.21226024627685547,1,5.0615333321944025e-06,2.0739922733817804,7.1672949854680015,0,1,0.262745725251023,0,1,fold_5
1374,sub12,rest1,55,55,0,-1.241820521822736,0.22411925653848125,0.5,0,-1.2209033966064453,0.22777749598026276,1,5.0615333321944025e-06,2.0739922733817804,7.1672949854680015,0,1,0.2693185123437291,0,1,fold_5
1375,sub12,rest1,56,56,0,-0.8788977522193561,0.29340624378741104,0.5,0,-1.1022028923034668,0.24932736158370972,1,5.0615333321944025e-06,2.0739922733817804,7.1672949854680015,0,1,0.2859161107039591,0,1,fold_5
1376,sub12,rest1,57,57,0,-0.8932963912507128,0.2904300367052951,0.5,0,-1.080237627029419,0.2534610331058502,1,5.0615333321944025e-06,2.0739922733817804,7.1672949854680015,0,1,0.2646198849617901,0,1,fold_5
1377,sub12,rest1,58,58,0,-0.97486407313719,0.27391205161917104,0.5,0,-1.0095112323760986,0.2670755088329315,1,5.0615333321944025e-06,2.0739922733817804,7.1672949854680015,0,1,0.24431572824699319,0,1,fold_5
1378,sub12,rest1,59,59,0,-1.2110372862689076,0.22951756656090427,0.5,0,-1.0138369798660278,0.2662295997142792,1,5.0615333321944025e-06,2.0739922733817804,7.1672949854680015,0,1,0.22951756656090427,0,1,fold_5
1379,sub12,rest2,0,60,0,0.6662389987320393,0.660660497248108,0.5,1,-1.046080470085144,0.2599784731864929,1,5.0615333321944025e-06,2.0739922733817804,7.1672949854680015,1,1,0.6622191882229441,1,1,fold_5
1380,sub12,rest2,1,61,0,0.9284720611049546,0.7167651970271051,0.5,1,-1.0715680122375488,0.25510501861572266,1,5.0615333321944025e-06,2.0739922733817804,7.1672949854680015,1,1,0.6762357642717429,1,1,fold_5
1381,sub12,rest2,2,62,0,0.4440845696389815,0.6092318703936191,0.5,1,-1.1190595626831055,0.24618574976921082,1,5.0615333321944025e-06,2.0739922733817804,7.1672949854680015,1,1,0.6771347153400531,1,1,fold_5
1382,sub12,rest2,3,63,0,0.8602372744547501,0.7027102253945043,0.5,1,-1.1995896100997925,0.2315482348203659,1,5.0615333321944025e-06,2.0739922733817804,7.1672949854680015,1,1,0.7133045311723604,1,1,fold_5
1383,sub12,rest2,4,64,0,0.9417947711952287,0.719462050232036,0.5,1,-1.0101532936096191,0.266949862241745,1,5.0615333321944025e-06,2.0739922733817804,7.1672949854680015,1,1,0.7310496816735895,1,1,fold_5
1384,sub12,rest2,5,65,0,0.9332852597326966,0.7177413178905407,0.5,1,-1.1354854106903076,0.24315020442008972,1,5.0615333321944025e-06,2.0739922733817804,7.1672949854680015,1,1,0.7090523436650159,1,1,fold_5
1385,sub12,rest2,6,66,0,1.1305786814662901,0.755945676898192,0.5,1,-1.0552923679351807,0.25821012258529663,1,5.0615333321944025e-06,2.0739922733817804,7.1672949854680015,1,1,0.7099839807199612,1,1,fold_5
1386,sub12,rest2,7,67,0,0.6343273902740969,0.6534700362063152,0.5,1,-1.2262903451919556,0.2268313765525818,1,5.0615333321944025e-06,2.0739922733817804,7.1672949854680015,1,1,0.6869870442884487,1,1,fold_5
1387,sub12,rest2,8,68,0,0.947123034144824,0.7205362290553766,0.5,1,-1.0238112211227417,0.264285683631897,1,5.0615333321944025e-06,2.0739922733817804,7.1672949854680015,1,1,0.6826896353656231,1,1,fold_5
1388,sub12,rest2,9,69,0,0.7859212220593598,0.6869548676036542,0.5,1,-0.9813879132270813,0.2726164758205414,1,5.0615333321944025e-06,2.0739922733817804,7.1672949854680015,1,1,0.6619844246971496,1,1,fold_5
1389,sub12,rest2,10,70,0,0.5778728804974942,0.6405778094378384,0.5,1,-1.0491373538970947,0.25939077138900757,1,5.0615333321944025e-06,2.0739922733817804,7.1672949854680015,1,1,0.6808803189700433,1,1,fold_5
1390,sub12,rest2,11,71,0,0.6562637680808946,0.6584205970499561,0.5,1,-1.2363760471343994,0.2250674068927765,1,5.0615333321944025e-06,2.0739922733817804,7.1672949854680015,1,1,0.7197883746948737,1,1,fold_5
1391,sub12,rest2,12,72,0,1.0649877184131455,0.7436425504223353,0.5,1,-1.15166437625885,0.2401851862668991,1,5.0615333321944025e-06,2.0739922733817804,7.1672949854680015,1,1,0.76430136425016,1,1,fold_5
1392,sub12,rest2,13,73,0,1.1379441177570866,0.7573019766123298,0.5,1,-0.9098029136657715,0.28704017400741577,1,5.0615333321944025e-06,2.0739922733817804,7.1672949854680015,1,1,0.7395992010777498,1,1,fold_5
1393,sub12,rest2,14,74,0,1.3367778807160522,0.7919595657158154,0.5,1,-0.795688271522522,0.31094858050346375,1,5.0615333321944025e-06,2.0739922733817804,7.1672949854680015,1,1,0.7510627895811336,1,1,fold_5
1394,sub12,rest2,15,75,0,0.7060874829357814,0.6695360609051044,0.5,1,-0.9245842695236206,0.28402474522590637,1,5.0615333321944025e-06,2.0739922733817804,7.1672949854680015,1,1,0.7357231681272478,1,1,fold_5
1395,sub12,rest2,16,76,0,1.3351591736291366,0.7916927421224813,0.5,1,-0.887541651725769,0.29161739349365234,1,5.0615333321944025e-06,2.0739922733817804,7.1672949854680015,1,1,0.7804643489800984,1,1,fold_5
1396,sub12,rest2,17,77,0,1.0770784092361922,0.7459407013541577,0.5,1,-0.8692449331283569,0.29541143774986267,1,5.0615333321944025e-06,2.0739922733817804,7.1672949854680015,1,1,0.7614150581038395,1,1,fold_5
1397,sub12,rest2,18,78,0,1.4099598031837484,0.8037596034636564,0.5,1,-0.8806754350662231,0.2930378317832947,1,5.0615333321944025e-06,2.0739922733817804,7.1672949854680015,1,1,0.7683008899017777,1,1,fold_5
1398,sub12,rest2,19,79,0,1.0178052558115096,0.7345448694937043,0.5,1,-0.791340708732605,0.31188085675239563,1,5.0615333321944025e-06,2.0739922733817804,7.1672949854680015,1,1,0.7609558666256374,1,1,fold_5
1399,sub12,rest2,20,80,0,1.189201354833129,0.7665981967479726,0.5,1,-0.9488484859466553,0.2791164517402649,1,5.0615333321944025e-06,2.0739922733817804,7.1672949854680015,1,1,0.752428662887504,1,1,fold_5
1400,sub12,rest2,21,81,0,1.2757445474218847,0.7817245336352352,0.5,1,-0.7907310724258423,0.3120116889476776,1,5.0615333321944025e-06,2.0739922733817804,7.1672949854680015,1,1,0.7385692042038872,1,1,fold_5
1401,sub12,rest2,22,82,0,0.890354183888439,0.7089632582793041,0.5,1,-1.1423654556274414,0.24188631772994995,1,5.0615333321944025e-06,2.0739922733817804,7.1672949854680015,1,1,0.6487945362726003,1,1,fold_5
1402,sub12,rest2,23,83,0,0.9694999735667948,0.7250198206971223,0.5,1,-1.137007713317871,0.24287018179893494,1,5.0615333321944025e-06,2.0739922733817804,7.1672949854680015,1,1,0.6395387336420227,1,1,fold_5
1403,sub12,rest2,24,84,0,0.04961229308531408,0.5124005298413747,0.5,1,-1.2741670608520508,0.21854475140571594,1,5.0615333321944025e-06,2.0739922733817804,7.1672949854680015,1,1,0.6464032466034144,1,1,fold_5
1404,sub12,rest2,25,85,0,0.7592728939671799,0.6811958503875712,0.5,1,-1.2044453620910645,0.23068538308143616,1,5.0615333321944025e-06,2.0739922733817804,7.1672949854680015,1,1,0.7429879629514189,1,1,fold_5
1405,sub12,rest2,26,86,0,1.0753518650946001,0.7456133595812972,0.5,1,-1.1102666854858398,0.24782118201255798,1,5.0615333321944025e-06,2.0739922733817804,7.1672949854680015,1,1,0.7878338235513573,1,1,fold_5
1406,sub12,rest2,27,87,0,1.3998159368089347,0.8021546788853882,0.5,1,-0.7316845655441284,0.3248251676559448,1,5.0615333321944025e-06,2.0739922733817804,7.1672949854680015,1,1,0.796799471677356,1,1,fold_5
1407,sub12,rest2,28,88,0,1.4877041780404388,0.8157334321873867,0.5,1,-0.7340250015258789,0.32431209087371826,1,5.0615333321944025e-06,2.0739922733817804,7.1672949854680015,1,1,0.7660604461102049,1,1,fold_5
1408,sub12,rest2,29,89,0,1.2225404019050534,0.7725103039592934,0.5,1,-0.9945031404495239,0.27002355456352234,1,5.0615333321944025e-06,2.0739922733817804,7.1672949854680015,1,1,0.7504731649290788,1,1,fold_5
1409,sub12,rest2,30,90,0,0.8950810172064735,0.7099376021839344,0.5,1,-0.999474287033081,0.26904478669166565,1,5.0615333321944025e-06,2.0739922733817804,7.1672949854680015,1,1,0.7376492243396582,1,1,fold_5
1410,sub12,rest2,31,91,0,1.2025133271347193,0.7689715886440087,0.5,1,-0.9905387163162231,0.270805686712265,1,5.0615333321944025e-06,2.0739922733817804,7.1672949854680015,1,1,0.7550925589953138,1,1,fold_5
1411,sub12,rest2,32,92,0,1.015209826868484,0.7340384821910314,0.5,1,-1.0493451356887817,0.25935086607933044,1,5.0615333321944025e-06,2.0739922733817804,7.1672949854680015,1,1,0.7169236503689426,1,1,fold_5
1412,sub12,rest2,33,93,0,1.1651520377360878,0.762267606150901,0.5,1,-0.9868639707565308,0.27153193950653076,1,5.0615333321944025e-06,2.0739922733817804,7.1672949854680015,1,1,0.7328007344592588,1,1,fold_5
1413,sub12,rest2,34,94,0,0.6387235605895809,0.6544648627648952,0.5,1,-1.1820993423461914,0.23467494547367096,1,5.0615333321944025e-06,2.0739922733817804,7.1672949854680015,1,1,0.7043639532143725,1,1,fold_5
1414,sub12,rest2,35,95,0,1.2754234209918798,0.7816697344619802,0.5,1,-1.075545310974121,0.254349946975708,1,5.0615333321944025e-06,2.0739922733817804,7.1672949854680015,1,1,0.6972969254904232,1,1,fold_5
1415,sub12,rest2,36,96,0,0.7398235140556713,0.6769572624162421,0.5,1,-1.212835431098938,0.22919975221157074,1,5.0615333321944025e-06,2.0739922733817804,7.1672949854680015,1,1,0.5831412387390541,1,1,fold_5
1416,sub12,rest2,37,97,0,0.5462442046123331,0.6332637795930476,0.5,1,-1.2965669631958008,0.21474337577819824,1,5.0615333321944025e-06,2.0739922733817804,7.1672949854680015,1,1,0.5358096781190197,1,1,fold_5
1417,sub12,rest2,38,98,0,-0.24439858815751378,0.4392026742078725,0.5,0,-1.3724950551986694,0.20221702754497528,1,5.0615333321944025e-06,2.0739922733817804,7.1672949854680015,1,0,0.5508282597897654,1,1,fold_5
1418,sub12,rest2,39,99,0,0.1400789272922206,0.534962580556139,0.5,1,-1.1816803216934204,0.23475021123886108,1,5.0615333321944025e-06,2.0739922733817804,7.1672949854680015,1,1,0.6440458757226918,1,1,fold_5
1419,sub12,rest2,40,100,0,0.7460597117164343,0.6783195246052844,0.5,1,-0.8877432346343994,0.29157575964927673,1,5.0615333321944025e-06,2.0739922733817804,7.1672949854680015,1,1,0.7148793832234013,1,1,fold_5
1420,sub12,rest2,41,101,0,0.9387917008016895,0.7188555220066517,0.5,1,-0.8148596286773682,0.3068559169769287,1,5.0615333321944025e-06,2.0739922733817804,7.1672949854680015,1,1,0.7122179748543759,1,1,fold_5
1421,sub12,rest2,42,102,0,1.085127579047519,0.7474631030582676,0.5,1,-0.7649866342544556,0.31756460666656494,1,5.0615333321944025e-06,2.0739922733817804,7.1672949854680015,1,1,0.7104109532307902,1,1,fold_5
1422,sub12,rest2,43,103,0,0.7097019553783263,0.6703352994982087,0.5,1,-0.8286706209182739,0.3039262294769287,1,5.0615333321944025e-06,2.0739922733817804,7.1672949854680015,1,1,0.7130707622322938,1,1,fold_5
1423,sub12,rest2,44,104,0,0.9121232907453908,0.7134344571358943,0.5,1,-0.6186319589614868,0.35009264945983887,1,5.0615333321944025e-06,2.0739922733817804,7.1672949854680015,1,1,0.7504403457402261,1,1,fold_5
1424,sub12,rest2,45,105,0,1.1278533779111455,0.7554425300627786,0.5,1,-0.9963412284851074,0.26966139674186707,1,5.0615333321944025e-06,2.0739922733817804,7.1672949854680015,1,1,0.7647029810787945,1,1,fold_5
1425,sub12,rest2,46,106,0,1.2799663595626172,0.7824440500220055,0.5,1,-1.0434010028839111,0.26049429178237915,1,5.0615333321944025e-06,2.0739922733817804,7.1672949854680015,1,1,0.7786643416868358,1,1,fold_5
1426,sub12,rest2,47,107,0,1.132078978691491,0.7562223631515999,0.5,1,-1.101374864578247,0.2494823932647705,1,5.0615333321944025e-06,2.0739922733817804,7.1672949854680015,1,1,0.7765158269607134,1,1,fold_5
1427,sub12,rest2,48,108,0,1.3696686386793095,0.7973266118869026,0.5,1,-0.9145042896270752,0.2860790193080902,1,5.0615333321944025e-06,2.0739922733817804,7.1672949854680015,1,1,0.7630205254362354,1,1,fold_5
1428,sub12,rest2,49,109,0,1.2424978725484386,0.7759985058436376,0.5,1,-1.0922820568084717,0.2511887848377228,1,5.0615333321944025e-06,2.0739922733817804,7.1672949854680015,1,1,0.7193300721479611,1,1,fold_5
1429,sub12,rest2,50,110,0,0.9234102539701774,0.7157364585781663,0.5,1,-1.1701467037200928,0.23682846128940582,1,5.0615333321944025e-06,2.0739922733817804,7.1672949854680015,1,1,0.7198416903435092,1,1,fold_5
1430,sub12,rest2,51,111,0,0.691296385214055,0.6662552520220792,0.5,1,-1.1536102294921875,0.23983028531074524,1,5.0615333321944025e-06,2.0739922733817804,7.1672949854680015,1,1,0.7440506895012504,1,1,fold_5
1431,sub12,rest2,52,112,0,1.2513493945918577,0.7775333604302823,0.5,1,-0.867587685585022,0.2957565188407898,1,5.0615333321944025e-06,2.0739922733817804,7.1672949854680015,1,1,0.7725657053043302,1,1,fold_5
1432,sub12,rest2,53,113,0,1.315088834120478,0.7883634560513899,0.5,1,-0.7638599276542664,0.3178088068962097,1,5.0615333321944025e-06,2.0739922733817804,7.1672949854680015,1,1,0.7705956271665205,1,1,fold_5
1433,sub12,rest2,54,114,0,1.1082370630575276,0.7518002994313185,0.5,1,-0.9465200901031494,0.27958518266677856,1,5.0615333321944025e-06,2.0739922733817804,7.1672949854680015,1,1,0.7560912919577222,1,1,fold_5
1434,sub12,rest2,55,115,0,1.2174990316995264,0.771623126016853,0.5,1,-0.9862754344940186,0.2716483771800995,1,5.0615333321944025e-06,2.0739922733817804,7.1672949854680015,1,1,0.7715218396981821,1,1,fold_5
1435,sub12,rest2,56,116,0,1.0713336183701598,0.7448504504249953,0.5,1,-1.1180366277694702,0.2463756501674652,1,5.0615333321944025e-06,2.0739922733817804,7.1672949854680015,1,1,0.7514661525275343,1,1,fold_5
1436,sub12,rest2,57,117,0,1.3744113750329985,0.7980919426526979,0.5,1,-1.0112931728363037,0.26672685146331787,1,5.0615333321944025e-06,2.0739922733817804,7.1672949854680015,1,1,0.7507496178704338,1,1,fold_5
1437,sub12,rest2,58,118,0,0.9024663013387537,0.7114560645049098,0.5,1,-1.1229331493377686,0.24546760320663452,1,5.0615333321944025e-06,2.0739922733817804,7.1672949854680015,1,1,0.7322859191374324,1,1,fold_5
1438,sub12,rest2,59,119,0,1.0600539048442579,0.7427008464536936,0.5,1,-1.116072416305542,0.24674054980278015,1,5.0615333321944025e-06,2.0739922733817804,7.1672949854680015,1,1,0.7427008464536936,1,1,fold_5
