sample_index,subject_id,session,window_index,local_index,calibration_anchor,logit,score,threshold,y_pred,network_logit,network_score,positive_above_threshold,anchor_embedding_norm,rest_cluster_center_norm,state_cluster_center_norm,y_true,correct,smoothed_score,smoothed_y_pred,smoothed_correct,fold_id
241,sub3,rest1,0,0,0,-0.7683656251257889,0.31683276036675107,0.5,0,0.7146801948547363,0.6714344620704651,1,3.1925649561361394e-06,1.556257168763312,5.407501963184172,0,1,0.4068998917381934,0,1,fold_1
242,sub3,rest1,1,1,0,-0.5220794186082103,0.3723661247681304,0.5,0,0.6341409683227539,0.65342777967453,1,3.1925649561361394e-06,1.556257168763312,5.407501963184172,0,1,0.49311356245718674,0,1,fold_1
243,sub3,rest1,2,2,0,0.12617026901592598,0.5315007900796987,0.5,1,1.5355727672576904,0.822820246219635,1,3.1925649561361394e-06,1.556257168763312,5.407501963184172,0,0,0.5526072026028278,1,0,fold_1
244,sub3,rest1,3,3,0,0.30421986551103497,0.5754737725237311,0.5,1,1.5433135032653809,0.8239458799362183,1,3.1925649561361394e-06,1.556257168763312,5.407501963184172,0,0,0.5336478981020674,1,0,fold_1
245,sub3,rest1,4,4,0,0.2040936894162748,0.5508470452050538,0.5,1,1.5531644821166992,0.8253703117370605,1,3.1925649561361394e-06,1.556257168763312,5.407501963184172,0,0,0.4740802645598546,0,1,fold_1
246,sub3,rest1,5,5,0,-0.10159579039800452,0.47462287657741714,0.5,0,0.787555456161499,0.6873062252998352,1,3.1925649561361394e-06,1.556257168763312,5.407501963184172,0,1,0.3928531746718886,0,1,fold_1
247,sub3,rest1,6,6,0,-0.4189381396242796,0.39677087189709276,0.5,0,0.4762418270111084,0.616860032081604,1,3.1925649561361394e-06,1.556257168763312,5.407501963184172,0,1,0.3413405621129841,0,1,fold_1
248,sub3,rest1,7,7,0,-0.8134031689049052,0.3071657755411559,0.5,0,-0.04567277431488037,0.4885837733745575,1,3.1925649561361394e-06,1.556257168763312,5.407501963184172,0,1,0.3215806401474983,0,1,fold_1
249,sub3,rest1,8,8,0,-0.7533810260888244,0.32008503890070344,0.5,0,-0.06782877445220947,0.48304930329322815,1,3.1925649561361394e-06,1.556257168763312,5.407501963184172,0,1,0.35283397303014463,0,1,fold_1
250,sub3,rest1,9,9,0,-0.6744948253003255,0.3374911060006356,0.5,0,0.10744822025299072,0.5268362164497375,1,3.1925649561361394e-06,1.556257168763312,5.407501963184172,0,1,0.34566910103062504,0,1,fold_1
251,sub3,rest1,10,10,0,-0.40160919825004054,0.40092577418909486,0.5,0,0.10732221603393555,0.5268048048019409,1,3.1925649561361394e-06,1.556257168763312,5.407501963184172,0,1,0.32376251474884615,0,1,fold_1
252,sub3,rest1,11,11,0,-0.8540191806170562,0.29859042290214466,0.5,0,-0.22835636138916016,0.4431576728820801,1,3.1925649561361394e-06,1.556257168763312,5.407501963184172,0,1,0.2639443909500752,0,1,fold_1
253,sub3,rest1,12,12,0,-0.9856540051552425,0.2717713471552988,0.5,0,-0.3263205289840698,0.4191361665725708,1,3.1925649561361394e-06,1.556257168763312,5.407501963184172,0,1,0.24602261595605424,0,1,fold_1
254,sub3,rest1,13,13,0,-1.2571122502075167,0.22147140279278207,0.5,0,-0.29322290420532227,0.427215039730072,1,3.1925649561361394e-06,1.556257168763312,5.407501963184172,0,1,0.22331243300570103,0,1,fold_1
255,sub3,rest1,14,14,0,-1.1264053112380954,0.2448250979200818,0.5,0,-0.2608102560043335,0.43516457080841064,1,3.1925649561361394e-06,1.556257168763312,5.407501963184172,0,1,0.20763250962130908,0,1,fold_1
256,sub3,rest1,15,15,0,-1.3636926932692055,0.20364079830423923,0.5,0,-0.46670788526535034,0.38539570569992065,1,3.1925649561361394e-06,1.556257168763312,5.407501963184172,0,1,0.18507588757015606,0,1,fold_1
257,sub3,rest1,16,16,0,-1.5545392044232598,0.17443163263960623,0.5,0,-0.7155529260635376,0.3283730149269104,1,3.1925649561361394e-06,1.556257168763312,5.407501963184172,0,1,0.17148084929697224,0,1,fold_1
258,sub3,rest1,17,17,1,-1.5685027640517777,0.17242993931839942,0.5,0,-0.6827666163444519,0.33564409613609314,1,3.1925649561361394e-06,1.556257168763312,5.407501963184172,0,1,,,,fold_1
259,sub3,rest1,18,18,0,-1.5357412020653074,0.1771552317666228,0.5,0,-0.4624885320663452,0.386395663022995,1,3.1925649561361394e-06,1.556257168763312,5.407501963184172,0,1,0.16768499218148544,0,1,fold_1
260,sub3,rest1,19,19,0,-1.63713204555776,0.1628556834846877,0.5,0,-0.4781697988510132,0.3826843798160553,1,3.1925649561361394e-06,1.556257168763312,5.407501963184172,0,1,0.16424529674945162,0,1,fold_1
261,sub3,rest1,20,20,0,-1.6357509482163384,0.16304406129314578,0.5,0,-0.5626735091209412,0.362929105758667,1,3.1925649561361394e-06,1.556257168763312,5.407501963184172,0,1,0.17092850910710924,0,1,fold_1
262,sub3,rest1,21,21,0,-1.6082181610278792,0.16683614547052136,0.5,0,-0.4361032247543335,0.3926698565483093,1,3.1925649561361394e-06,1.556257168763312,5.407501963184172,0,1,0.18290078341151272,0,1,fold_1
263,sub3,rest1,22,22,0,-1.49678632990053,0.1829053205576606,0.5,0,-0.38515710830688477,0.40488365292549133,1,3.1925649561361394e-06,1.556257168763312,5.407501963184172,0,1,0.18263950683313487,0,1,fold_1
264,sub3,rest1,23,23,0,-1.3928015359493726,0.19896088420635624,0.5,0,-0.2884035110473633,0.42839476466178894,1,3.1925649561361394e-06,1.556257168763312,5.407501963184172,0,1,0.17501702068897682,0,1,fold_1
265,sub3,rest1,24,24,0,-1.6138677779536297,0.16605231573538778,0.5,0,-0.4659145474433899,0.38558366894721985,1,3.1925649561361394e-06,1.556257168763312,5.407501963184172,0,1,0.19230737236648973,0,1,fold_1
266,sub3,rest1,25,25,1,-1.5468500003311119,0.17554169171631542,0.5,0,-0.6600309610366821,0.3407326638698578,1,3.1925649561361394e-06,1.556257168763312,5.407501963184172,0,1,,,,fold_1
267,sub3,rest1,26,26,0,-1.6579463913411225,0.16003786212518642,0.5,0,-0.7014108300209045,0.33149948716163635,1,3.1925649561361394e-06,1.556257168763312,5.407501963184172,0,1,0.22321469171443678,0,1,fold_1
268,sub3,rest1,27,27,0,-1.0941801884482465,0.25083193923889496,0.5,0,-0.22224712371826172,0.4446658194065094,1,3.1925649561361394e-06,1.556257168763312,5.407501963184172,0,1,0.254477220164539,0,1,fold_1
269,sub3,rest1,28,28,0,-1.052349050800701,0.25877427377922896,0.5,0,-0.15661633014678955,0.46092578768730164,1,3.1925649561361394e-06,1.556257168763312,5.407501963184172,0,1,0.22798932871506752,0,1,fold_1
270,sub3,rest1,29,29,0,-1.0783127413360425,0.25382544747549307,0.5,0,-0.17648589611053467,0.455992728471756,1,3.1925649561361394e-06,1.556257168763312,5.407501963184172,0,1,0.19165934071745316,0,1,fold_1
271,sub3,rest1,30,30,0,-1.5759609918935042,0.17136826489048065,0.5,0,-0.45624619722366333,0.3878767192363739,1,3.1925649561361394e-06,1.556257168763312,5.407501963184172,0,1,0.1634411867081227,0,1,fold_1
272,sub3,rest1,31,31,0,-1.7362937459684302,0.14978430978638585,0.5,0,-0.45843303203582764,0.387357622385025,1,3.1925649561361394e-06,1.556257168763312,5.407501963184172,0,1,0.17344457301070268,0,1,fold_1
273,sub3,rest1,32,32,0,-1.5915140633620977,0.1691709854475015,0.5,0,-0.6029152274131775,0.35367703437805176,1,3.1925649561361394e-06,1.556257168763312,5.407501963184172,0,1,0.17694741295000158,0,1,fold_1
274,sub3,rest1,33,33,0,-1.3777013683428019,0.20137842379822066,0.5,0,-0.5266669392585754,0.3712945878505707,1,3.1925649561361394e-06,1.556257168763312,5.407501963184172,0,1,0.17589389007310485,0,1,fold_1
275,sub3,rest1,34,34,1,-1.4862079873894551,0.18449157006842867,0.5,0,-0.6934784054756165,0.3332597315311432,1,3.1925649561361394e-06,1.556257168763312,5.407501963184172,0,1,,,,fold_1
276,sub3,rest1,35,35,0,-1.656050896875539,0.1602928296042825,0.5,0,-0.48954784870147705,0.3800000846385956,1,3.1925649561361394e-06,1.556257168763312,5.407501963184172,0,1,0.16269845937629823,0,1,fold_1
277,sub3,rest1,36,36,0,-1.6141703737964934,0.1660104168168114,0.5,0,-0.05850875377655029,0.4853770136833191,1,3.1925649561361394e-06,1.556257168763312,5.407501963184172,0,1,0.16347261967230556,0,1,fold_1
278,sub3,rest1,37,37,0,-1.6449537488764374,0.16179213170780082,0.5,0,0.018944501876831055,0.5047360062599182,1,3.1925649561361394e-06,1.556257168763312,5.407501963184172,0,1,0.16107362084050494,0,1,fold_1
279,sub3,rest1,38,38,0,-1.6388962168998016,0.16261531049230446,0.5,0,-0.008236408233642578,0.49794095754623413,1,3.1925649561361394e-06,1.556257168763312,5.407501963184172,0,1,0.179430807165702,0,1,fold_1
280,sub3,rest1,39,39,0,-1.6670834338369864,0.15881342032140952,0.5,0,-0.3944169282913208,0.4026544988155365,1,3.1925649561361394e-06,1.556257168763312,5.407501963184172,0,1,0.20741733018773997,0,1,fold_1
281,sub3,rest1,40,40,0,-1.2840377641756615,0.21686369068339204,0.5,0,-0.36190342903137207,0.41049885749816895,1,3.1925649561361394e-06,1.556257168763312,5.407501963184172,0,1,0.24226480169551642,0,1,fold_1
282,sub3,rest1,41,41,0,-1.1169639190885754,0.2465748795584183,0.5,0,-0.3460698127746582,0.41433581709861755,1,3.1925649561361394e-06,1.556257168763312,5.407501963184172,0,1,0.2870397887619493,0,1,fold_1
283,sub3,rest1,42,42,1,-1.113818464457758,0.24715969431591087,0.5,0,-0.24153828620910645,0.4399072825908661,1,3.1925649561361394e-06,1.556257168763312,5.407501963184172,0,1,,,,fold_1
284,sub3,rest1,43,43,0,-1.0285988584191645,0.2633558348447389,0.5,0,-0.2715468406677246,0.4325273633003235,1,3.1925649561361394e-06,1.556257168763312,5.407501963184172,0,1,0.33660502328331643,0,1,fold_1
285,sub3,rest1,44,44,0,-0.6138184447492183,0.35118865188269077,0.5,0,0.06251025199890137,0.5156224370002747,1,3.1925649561361394e-06,1.556257168763312,5.407501963184172,0,1,0.34351359326760494,0,1,fold_1
286,sub3,rest1,45,45,0,-0.42521056221146003,0.3952705831225196,0.5,0,0.17105352878570557,0.5426594018936157,1,3.1925649561361394e-06,1.556257168763312,5.407501963184172,0,1,0.2970558704390619,0,1,fold_1
287,sub3,rest1,46,46,0,-0.9243049445761987,0.28408154479760434,0.5,0,-0.08131909370422363,0.4796814024448395,1,3.1925649561361394e-06,1.556257168763312,5.407501963184172,0,1,0.23986270461492254,0,1,fold_1
288,sub3,rest1,47,47,0,-1.3140166862196474,0.21181548339706166,0.5,0,-0.4200160503387451,0.396512895822525,1,3.1925649561361394e-06,1.556257168763312,5.407501963184172,0,1,0.24759129612201103,0,1,fold_1
289,sub3,rest1,48,48,0,-1.244284508343455,0.22369108565010162,0.5,0,-0.3386620283126831,0.4161345362663269,1,3.1925649561361394e-06,1.556257168763312,5.407501963184172,0,1,0.284359067833565,0,1,fold_1
290,sub3,rest1,49,49,0,-0.8129260669354034,0.30726731931886975,0.5,0,-0.2212294340133667,0.44491711258888245,1,3.1925649561361394e-06,1.556257168763312,5.407501963184172,0,1,0.4131933170543662,0,1,fold_1
291,sub3,rest1,50,50,0,-0.7440516364719361,0.3221187985317236,0.5,0,-0.18660664558410645,0.4534832835197449,1,3.1925649561361394e-06,1.556257168763312,5.407501963184172,0,1,0.5105761023025949,1,0,fold_1
292,sub3,rest1,51,51,0,0.44812705914075845,0.6101938333125052,0.5,1,0.8891005516052246,0.7087045311927795,1,3.1925649561361394e-06,1.556257168763312,5.407501963184172,0,0,0.6181906032933453,1,0,fold_1
293,sub3,rest1,52,52,0,0.40303101229708954,0.5994156750635558,0.5,1,1.0223278999328613,0.7354258298873901,1,3.1925649561361394e-06,1.556257168763312,5.407501963184172,0,0,0.6050262690177363,1,0,fold_1
294,sub3,rest1,53,53,0,0.5969678910231108,0.6449623015039748,0.5,1,1.0338900089263916,0.7376694083213806,1,3.1925649561361394e-06,1.556257168763312,5.407501963184172,0,0,0.6077396122006271,1,0,fold_1
295,sub3,rest1,54,54,0,0.2847110920295316,0.5707008304856785,0.5,1,0.35698938369750977,0.5883114337921143,1,3.1925649561361394e-06,1.556257168763312,5.407501963184172,0,0,0.6243671412722046,1,0,fold_1
296,sub3,rest1,55,55,0,0.4370492612743565,0.6075557046122281,0.5,1,0.7943544387817383,0.6887655854225159,1,3.1925649561361394e-06,1.556257168763312,5.407501963184172,0,0,0.632855698897298,1,0,fold_1
297,sub3,rest1,56,56,0,0.8228684300445409,0.6948448887187074,0.5,1,1.6497879028320312,0.838862419128418,1,3.1925649561361394e-06,1.556257168763312,5.407501963184172,0,0,0.5710360306236167,1,0,fold_1
298,sub3,rest1,57,57,0,0.3895173401273937,0.5961665033609583,0.5,1,1.23042631149292,0.7738931775093079,1,3.1925649561361394e-06,1.556257168763312,5.407501963184172,0,0,0.4126556833623884,0,1,fold_1
299,sub3,rest1,58,58,0,-0.31417211978868187,0.42209669979118425,0.5,0,0.3483928442001343,0.5862277746200562,1,3.1925649561361394e-06,1.556257168763312,5.407501963184172,0,1,0.2871681312204098,0,1,fold_1
300,sub3,rest1,59,59,0,-1.2673930418560166,0.21970384693502257,0.5,0,-0.19435107707977295,0.45156458020210266,1,3.1925649561361394e-06,1.556257168763312,5.407501963184172,0,1,0.21970384693502257,0,1,fold_1
301,sub3,rest2,0,60,0,-1.293582281607597,0.21524708970308304,0.5,0,0.02629268169403076,0.5065727829933167,1,3.1925649561361394e-06,1.556257168763312,5.407501963184172,1,0,0.3255751447735071,0,0,fold_1
302,sub3,rest2,1,61,0,-0.586899392842521,0.3573465933755472,0.5,0,0.12575948238372803,0.5313985347747803,1,3.1925649561361394e-06,1.556257168763312,5.407501963184172,1,0,0.36688007424435926,0,0,fold_1
303,sub3,rest2,2,62,0,-0.38827864176553484,0.404131751241891,0.5,0,0.19518649578094482,0.5486422777175903,1,3.1925649561361394e-06,1.556257168763312,5.407501963184172,1,0,0.35617786879335195,0,0,fold_1
304,sub3,rest2,3,63,0,-0.6670314010746966,0.3391618781156396,0.5,0,0.09155666828155518,0.5228731632232666,1,3.1925649561361394e-06,1.556257168763312,5.407501963184172,1,0,0.3829113091512905,0,0,fold_1
305,sub3,rest2,4,64,0,-0.7297938054530376,0.32523997702252544,0.5,0,0.2328627109527588,0.5579540133476257,1,3.1925649561361394e-06,1.556257168763312,5.407501963184172,1,0,0.4515916991899431,0,0,fold_1
306,sub3,rest2,5,65,0,-0.06269223603071265,0.4843320723157066,0.5,0,0.7214155197143555,0.6729186773300171,1,3.1925649561361394e-06,1.556257168763312,5.407501963184172,1,0,0.4486824395802653,0,0,fold_1
307,sub3,rest2,6,66,0,0.18130723134276616,0.5452030482315973,0.5,1,0.7460794448852539,0.6783238053321838,1,3.1925649561361394e-06,1.556257168763312,5.407501963184172,1,1,0.37691600830032385,0,0,fold_1
308,sub3,rest2,7,67,0,-0.7698470276054685,0.3165121981934923,0.5,0,0.16872632503509521,0.5420817732810974,1,3.1925649561361394e-06,1.556257168763312,5.407501963184172,1,0,0.2899276058854984,0,0,fold_1
309,sub3,rest2,8,68,0,-0.9995353928995772,0.269032778475882,0.5,0,0.13178133964538574,0.5328977704048157,1,3.1925649561361394e-06,1.556257168763312,5.407501963184172,1,0,0.3341664606188093,0,0,fold_1
310,sub3,rest2,9,69,0,-0.9235365756821556,0.2842378409871208,0.5,0,0.18463921546936035,0.5460290908813477,1,3.1925649561361394e-06,1.556257168763312,5.407501963184172,1,0,0.4287854933220894,0,0,fold_1
311,sub3,rest2,10,70,0,-0.20378729510975702,0.449228762393425,0.5,0,0.649022102355957,0.6567900776863098,1,3.1925649561361394e-06,1.556257168763312,5.407501963184172,1,0,0.4764351181629464,0,0,fold_1
312,sub3,rest2,11,71,0,0.21235391813293936,0.5528898765857224,0.5,1,0.9101412296295166,0.7130290865898132,1,3.1925649561361394e-06,1.556257168763312,5.407501963184172,1,1,0.44017613803661626,0,0,fold_1
313,sub3,rest2,12,72,0,-0.2933386170651375,0.42718671550969173,0.5,0,0.5371038913726807,0.6311385035514832,1,3.1925649561361394e-06,1.556257168763312,5.407501963184172,1,0,0.34031687443302544,0,0,fold_1
314,sub3,rest2,13,73,0,-0.661281398082254,0.34045182201443464,0.5,0,0.14008593559265137,0.5349643230438232,1,3.1925649561361394e-06,1.556257168763312,5.407501963184172,1,0,0.3587953762290625,0,0,fold_1
315,sub3,rest2,14,74,0,-1.0810250431736692,0.2533120857749501,0.5,0,0.07829117774963379,0.5195627808570862,1,3.1925649561361394e-06,1.556257168763312,5.407501963184172,1,0,0.3983492777382631,0,0,fold_1
316,sub3,rest2,15,75,0,-0.06953912533542667,0.4826222208978025,0.5,0,0.5892834663391113,0.643200695514679,1,3.1925649561361394e-06,1.556257168763312,5.407501963184172,1,0,0.5212648755839805,1,1,fold_1
317,sub3,rest2,16,76,0,-0.16391189709924298,0.45911352654203663,0.5,0,0.4209650754928589,0.6037141680717468,1,3.1925649561361394e-06,1.556257168763312,5.407501963184172,1,0,0.6038810473479844,1,1,fold_1
318,sub3,rest2,17,77,0,0.4982963314215911,0.6220588793121025,0.5,1,1.3548614978790283,0.7949233055114746,1,3.1925649561361394e-06,1.556257168763312,5.407501963184172,1,1,0.7035838686795167,1,1,fold_1
319,sub3,rest2,18,78,0,0.9970122003948377,0.7304707361898141,0.5,1,1.6529936790466309,0.8392952084541321,1,3.1925649561361394e-06,1.556257168763312,5.407501963184172,1,1,0.7474846091140014,1,1,fold_1
320,sub3,rest2,19,79,0,1.1429562173734553,0.7582219905366334,0.5,1,2.0072383880615234,0.8815549612045288,1,3.1925649561361394e-06,1.556257168763312,5.407501963184172,1,1,0.734839044231412,1,1,fold_1
321,sub3,rest2,20,80,0,1.1187732747234969,0.7537611006155565,0.5,1,1.3304483890533447,0.79091477394104,1,3.1925649561361394e-06,1.556257168763312,5.407501963184172,1,1,0.7202571677391226,1,1,fold_1
322,sub3,rest2,21,81,0,0.8119930173981094,0.692534041542046,0.5,1,0.917492151260376,0.714530885219574,1,3.1925649561361394e-06,1.556257168763312,5.407501963184172,1,1,0.7197975889328271,1,1,fold_1
323,sub3,rest2,22,82,0,0.917225088173583,0.7144763610597653,0.5,1,0.855201005935669,0.7016570568084717,1,3.1925649561361394e-06,1.556257168763312,5.407501963184172,1,1,0.7259330873398536,1,1,fold_1
324,sub3,rest2,23,83,0,1.1113588924874362,0.7523823641966699,0.5,1,0.9999775886535645,0.7310541272163391,1,3.1925649561361394e-06,1.556257168763312,5.407501963184172,1,1,0.7264614950894678,1,1,fold_1
325,sub3,rest2,24,84,0,0.8999563709685984,0.7109405367631259,0.5,1,0.7149221897125244,0.6714878678321838,1,3.1925649561361394e-06,1.556257168763312,5.407501963184172,1,1,0.719158931629894,1,1,fold_1
326,sub3,rest2,25,85,0,0.92500880637645,0.7160615843086076,0.5,1,0.8312678337097168,0.696622908115387,1,3.1925649561361394e-06,1.556257168763312,5.407501963184172,1,1,0.7351154555354671,1,1,fold_1
327,sub3,rest2,26,86,0,0.9970322003008213,0.7304746738179488,0.5,1,1.000312089920044,0.7311198711395264,1,3.1925649561361394e-06,1.556257168763312,5.407501963184172,1,1,0.7534627931515617,1,1,fold_1
328,sub3,rest2,27,87,0,1.14616700478331,0.7588101084798449,0.5,1,1.2899329662322998,0.7841358184814453,1,3.1925649561361394e-06,1.556257168763312,5.407501963184172,1,1,0.7634464607799641,1,1,fold_1
329,sub3,rest2,28,88,0,1.2145532199322104,0.7711035971568916,0.5,1,1.761789083480835,0.8534336090087891,1,3.1925649561361394e-06,1.556257168763312,5.407501963184172,1,1,0.7560020294927141,1,1,fold_1
330,sub3,rest2,29,89,0,1.1550146817801432,0.7604256767031559,0.5,1,1.5563900470733643,0.8258347511291504,1,3.1925649561361394e-06,1.556257168763312,5.407501963184172,1,1,0.7550082756604692,1,1,fold_1
331,sub3,rest2,30,90,0,1.0277364007411038,0.7364768146180948,0.5,1,1.2619390487670898,0.7793596982955933,1,3.1925649561361394e-06,1.556257168763312,5.407501963184172,1,1,0.7639850448895652,1,1,fold_1
332,sub3,rest2,31,91,0,1.1977390879762333,0.7681223356601571,0.5,1,1.2363426685333252,0.7749267816543579,1,3.1925649561361394e-06,1.556257168763312,5.407501963184172,1,1,0.7858498602346632,1,1,fold_1
333,sub3,rest2,32,92,0,1.3090609976800498,0.7873559843904434,0.5,1,1.5057952404022217,0.8184372186660767,1,3.1925649561361394e-06,1.556257168763312,5.407501963184172,1,1,0.7961395590733223,1,1,fold_1
334,sub3,rest2,33,93,0,1.3992903939774681,0.8020712606533886,0.5,1,1.795039415359497,0.8575440049171448,1,3.1925649561361394e-06,1.556257168763312,5.407501963184172,1,1,0.803013028911164,1,1,fold_1
335,sub3,rest2,34,94,0,1.3800026893849773,0.798991432176135,0.5,1,1.581721305847168,0.8294481635093689,1,3.1925649561361394e-06,1.556257168763312,5.407501963184172,1,1,0.7966021959277053,1,1,fold_1
336,sub3,rest2,35,95,0,1.4369145297418517,0.807976393903968,0.5,1,1.8030917644500732,0.8585248589515686,1,3.1925649561361394e-06,1.556257168763312,5.407501963184172,1,1,0.7821108663694973,1,1,fold_1
337,sub3,rest2,36,96,0,1.2822866397803458,0.7828387617030129,0.5,1,1.4194836616516113,0.8052574992179871,1,3.1925649561361394e-06,1.556257168763312,5.407501963184172,1,1,0.7571934269634343,1,1,fold_1
338,sub3,rest2,37,97,0,1.1282589073258562,0.7555174435015113,0.5,1,1.1626904010772705,0.7618212699890137,1,3.1925649561361394e-06,1.556257168763312,5.407501963184172,1,1,0.7605162544351552,1,1,fold_1
339,sub3,rest2,38,98,0,1.0110422806099215,0.7332240756857783,0.5,1,1.0565345287322998,0.742027759552002,1,3.1925649561361394e-06,1.556257168763312,5.407501963184172,1,1,0.7825559980178154,1,1,fold_1
340,sub3,rest2,39,99,0,1.3419305725443744,0.7928072441181759,0.5,1,1.3852717876434326,0.799836277961731,1,3.1925649561361394e-06,1.556257168763312,5.407501963184172,1,1,0.7607499360901396,1,1,fold_1
341,sub3,rest2,40,100,0,1.527475669349396,0.8216366742494918,0.5,1,1.4996638298034668,0.8175243139266968,1,3.1925649561361394e-06,1.556257168763312,5.407501963184172,1,1,0.7262452690929715,1,1,fold_1
342,sub3,rest2,41,101,0,0.6982780802992264,0.6678058899027509,0.5,1,0.645766019821167,0.656055748462677,1,3.1925649561361394e-06,1.556257168763312,5.407501963184172,1,1,0.6277221732750703,1,1,fold_1
343,sub3,rest2,42,102,0,0.7968172239075465,0.6892932431266721,0.5,1,0.8785173892974854,0.7065148949623108,1,3.1925649561361394e-06,1.556257168763312,5.407501963184172,1,1,0.6389199524363218,1,1,fold_1
344,sub3,rest2,43,103,0,0.10436417095850237,0.5260673867957881,0.5,1,0.2275993824005127,0.5566555261611938,1,3.1925649561361394e-06,1.556257168763312,5.407501963184172,1,1,0.590347875435215,1,1,fold_1
345,sub3,rest2,44,104,0,0.8539697636201288,0.7013992273865053,0.5,1,0.7056300640106201,0.6694348454475403,1,3.1925649561361394e-06,1.556257168763312,5.407501963184172,1,1,0.6330202727029867,1,1,fold_1
346,sub3,rest2,45,105,0,0.17475140861495284,0.5435770121233517,0.5,1,0.6240167617797852,0.6511315107345581,1,3.1925649561361394e-06,1.556257168763312,5.407501963184172,1,1,0.6292136748322615,1,1,fold_1
347,sub3,rest2,46,106,0,0.637042369812999,0.654084578599103,0.5,1,0.9090054035186768,0.7127965688705444,1,3.1925649561361394e-06,1.556257168763312,5.407501963184172,1,1,0.7007818411257244,1,1,fold_1
348,sub3,rest2,47,107,0,0.8000231530808682,0.6899794337743301,0.5,1,1.3246829509735107,0.7899597883224487,1,3.1925649561361394e-06,1.556257168763312,5.407501963184172,1,1,0.7385695682481327,1,1,fold_1
349,sub3,rest2,48,108,0,1.143280922819835,0.7582815110037401,0.5,1,1.4340870380401611,0.807537317276001,1,3.1925649561361394e-06,1.556257168763312,5.407501963184172,1,1,0.7399590786317473,1,1,fold_1
350,sub3,rest2,49,109,0,1.193955523848718,0.7674477599663277,0.5,1,1.2454371452331543,0.7765089869499207,1,3.1925649561361394e-06,1.556257168763312,5.407501963184172,1,1,0.7129654430428655,1,1,fold_1
351,sub3,rest2,50,110,0,0.8195837042262548,0.6941479649251739,0.5,1,0.9472966194152832,0.7205711603164673,1,3.1925649561361394e-06,1.556257168763312,5.407501963184172,1,1,0.6715495213049039,1,1,fold_1
352,sub3,rest2,51,111,0,0.7413939717327154,0.6773006042370946,0.5,1,0.825054407119751,0.6953081488609314,1,3.1925649561361394e-06,1.556257168763312,5.407501963184172,1,1,0.6015586600377959,1,1,fold_1
353,sub3,rest2,52,112,0,0.5892802942931089,0.643199994752443,0.5,1,0.7519557476043701,0.679604709148407,1,3.1925649561361394e-06,1.556257168763312,5.407501963184172,1,1,0.5120381756635858,1,1,fold_1
354,sub3,rest2,53,113,0,-0.06331962303348201,0.48417538112385006,0.5,0,0.39681434631347656,0.5979220271110535,1,3.1925649561361394e-06,1.556257168763312,5.407501963184172,1,0,0.41190606924614226,0,0,fold_1
355,sub3,rest2,54,114,0,-0.36918010846100763,0.4087391511144642,0.5,0,0.35433876514434814,0.587669312953949,1,3.1925649561361394e-06,1.556257168763312,5.407501963184172,1,0,0.4061934570316725,0,0,fold_1
356,sub3,rest2,55,115,0,-0.6508248848196431,0.34280367550011237,0.5,0,0.2779446840286255,0.5690422654151917,1,3.1925649561361394e-06,1.556257168763312,5.407501963184172,1,0,0.40051429503231084,0,0,fold_1
357,sub3,rest2,56,116,0,-0.13204133228860226,0.4670375444804408,0.5,0,0.6955447196960449,0.6671992540359497,1,3.1925649561361394e-06,1.556257168763312,5.407501963184172,1,0,0.42878710834570155,0,0,fold_1
358,sub3,rest2,57,117,0,-0.440164952333381,0.39170166511637944,0.5,0,0.5326200723648071,0.6300939917564392,1,3.1925649561361394e-06,1.556257168763312,5.407501963184172,1,0,0.41846609566115633,0,0,fold_1
359,sub3,rest2,58,118,0,-0.29155951285788206,0.4276221154402843,0.5,0,0.8071684837341309,0.6915057897567749,1,3.1925649561361394e-06,1.556257168763312,5.407501963184172,1,0,0.4332570427646316,0,0,fold_1
360,sub3,rest2,59,119,0,-0.25710902412833864,0.43607450642680523,0.5,0,1.0315382480621338,0.7372140288352966,1,3.1925649561361394e-06,1.556257168763312,5.407501963184172,1,0,0.43607450642680523,0,0,fold_1
599,sub6,rest1,0,0,0,-0.05989625227796368,0.48503041202215225,0.5,0,2.270599126815796,0.906412661075592,1,3.7201439805035882e-06,3.50512752768054,10.671370761436814,0,1,0.4533619031700735,0,1,fold_1
600,sub6,rest1,1,1,0,-0.3375576187273037,0.41640288240067025,0.5,0,2.2228662967681885,0.9022841453552246,1,3.7201439805035882e-06,3.50512752768054,10.671370761436814,0,1,0.43482036022560305,0,1,fold_1
601,sub6,rest1,2,2,0,-0.16576890093064683,0.4586524150873981,0.5,0,2.297764539718628,0.9086917638778687,1,3.7201439805035882e-06,3.50512752768054,10.671370761436814,0,1,0.40822592034803096,0,1,fold_1
602,sub6,rest1,3,3,0,-0.2842759500288071,0.4294057831887409,0.5,0,2.0467069149017334,0.8856143951416016,1,3.7201439805035882e-06,3.50512752768054,10.671370761436814,0,1,0.3388251495207745,0,1,fold_1
603,sub6,rest1,4,4,0,-0.6783952386237719,0.3366195627679537,0.5,0,1.3315248489379883,0.7910926938056946,1,3.7201439805035882e-06,3.50512752768054,10.671370761436814,0,1,0.2744353197114093,0,1,fold_1
604,sub6,rest1,5,5,0,-1.09621318008005,0.25045010260562905,0.5,0,1.0349230766296387,0.7378692030906677,1,3.7201439805035882e-06,3.50512752768054,10.671370761436814,0,1,0.2576085094465359,0,1,fold_1
605,sub6,rest1,6,6,0,-1.1734259074381088,0.23623629376064503,0.5,0,0.8441267013549805,0.699333667755127,1,3.7201439805035882e-06,3.50512752768054,10.671370761436814,0,1,0.32347456569788097,0,1,fold_1
606,sub6,rest1,7,7,0,-0.9142099126833515,0.2861391319733336,0.5,0,1.199920654296875,0.7685106992721558,1,3.7201439805035882e-06,3.50512752768054,10.671370761436814,0,1,0.3964186871026319,0,1,fold_1
607,sub6,rest1,8,8,0,-0.20855961915674825,0.44804827135966424,0.5,0,1.6598830223083496,0.8402222990989685,1,3.7201439805035882e-06,3.50512752768054,10.671370761436814,0,1,0.45278140315924625,0,1,fold_1
608,sub6,rest1,9,9,0,-0.1802115045764413,0.4550686579748979,0.5,0,1.5843265056610107,0.8298164010047913,1,3.7201439805035882e-06,3.50512752768054,10.671370761436814,0,1,0.4181604400171021,0,1,fold_1
609,sub6,rest1,10,10,0,-0.17957186886517432,0.4552272801431765,0.5,0,1.6229979991912842,0.8352081775665283,1,3.7201439805035882e-06,3.50512752768054,10.671370761436814,0,1,0.39745148185633267,0,1,fold_1
610,sub6,rest1,11,11,0,-0.6446977414092337,0.34418538193323195,0.5,0,1.3685240745544434,0.7971416115760803,1,3.7201439805035882e-06,3.50512752768054,10.671370761436814,0,1,0.35546086354859696,0,1,fold_1
611,sub6,rest1,12,12,0,-0.43496322774974155,0.3929417834925896,0.5,0,1.659550666809082,0.8401777148246765,1,3.7201439805035882e-06,3.50512752768054,10.671370761436814,0,1,0.3302162515577942,0,1,fold_1
612,sub6,rest1,13,13,0,-0.7115545829868041,0.3292554252199694,0.5,0,1.1926684379577637,0.7672179937362671,1,3.7201439805035882e-06,3.50512752768054,10.671370761436814,0,1,0.26521243733112526,0,1,fold_1
613,sub6,rest1,14,14,0,-1.002493021861623,0.2684515459608237,0.5,0,0.7052123546600342,0.6693423986434937,1,3.7201439805035882e-06,3.50512752768054,10.671370761436814,0,1,0.2146362125620568,0,1,fold_1
614,sub6,rest1,15,15,0,-1.3992803062212658,0.19793034081258262,0.5,0,0.06300640106201172,0.5157464146614075,1,3.7201439805035882e-06,3.50512752768054,10.671370761436814,0,1,0.17893628665768624,0,1,fold_1
615,sub6,rest1,16,16,0,-1.533194651276877,0.17752675091276415,0.5,0,-0.23511934280395508,0.44148942828178406,1,3.7201439805035882e-06,3.50512752768054,10.671370761436814,0,1,0.1660723654550216,0,1,fold_1
616,sub6,rest1,17,17,1,-1.6849798282561683,0.15643718299721449,0.5,0,-0.6151047945022583,0.35089561343193054,1,3.7201439805035882e-06,3.50512752768054,10.671370761436814,0,1,,,,fold_1
617,sub6,rest1,18,18,0,-1.6482044701742937,0.16135176824771194,0.5,0,-0.400043249130249,0.4013019800186157,1,3.7201439805035882e-06,3.50512752768054,10.671370761436814,0,1,0.16406006786940963,0,1,fold_1
618,sub6,rest1,19,19,0,-1.6631576354763717,0.15933857720458872,0.5,0,-0.29012513160705566,0.42797327041625977,1,3.7201439805035882e-06,3.50512752768054,10.671370761436814,0,1,0.18329371572487899,0,1,fold_1
619,sub6,rest1,20,20,0,-1.575104949263261,0.17148985815592824,0.5,0,-0.28848183155059814,0.42837557196617126,1,3.7201439805035882e-06,3.50512752768054,10.671370761436814,0,1,0.21505246825921884,0,1,fold_1
620,sub6,rest1,21,21,0,-1.2711952607725097,0.21905271181412006,0.5,0,0.02864670753479004,0.5071612000465393,1,3.7201439805035882e-06,3.50512752768054,10.671370761436814,0,1,0.2394655082193451,0,1,fold_1
621,sub6,rest1,22,22,0,-1.0741491334978646,0.2546148348076081,0.5,0,0.367537260055542,0.5908637642860413,1,3.7201439805035882e-06,3.50512752768054,10.671370761436814,0,1,0.2320645492122816,0,1,fold_1
622,sub6,rest1,23,23,0,-1.1269252681794082,0.24472897803630708,0.5,0,0.2689107656478882,0.5668255090713501,1,3.7201439805035882e-06,3.50512752768054,10.671370761436814,0,1,0.2126493001069432,0,1,fold_1
623,sub6,rest1,24,24,0,-1.4061005235668542,0.19684983479292964,0.5,0,-0.14230012893676758,0.4644848704338074,1,3.7201439805035882e-06,3.50512752768054,10.671370761436814,0,1,0.19853895358572352,0,1,fold_1
624,sub6,rest1,25,25,1,-1.5726265769964092,0.17184227472762523,0.5,0,-0.5757647156715393,0.35990771651268005,1,3.7201439805035882e-06,3.50512752768054,10.671370761436814,0,1,,,,fold_1
625,sub6,rest1,26,26,0,-1.409144111864159,0.19636908749159285,0.5,0,-0.19009292125701904,0.452619343996048,1,3.7201439805035882e-06,3.50512752768054,10.671370761436814,0,1,0.21014385734521723,0,1,fold_1
626,sub6,rest1,27,27,0,-1.3713740513578472,0.20239793847264803,0.5,0,-0.049704909324645996,0.48757630586624146,1,3.7201439805035882e-06,3.50512752768054,10.671370761436814,0,1,0.21519915835183326,0,1,fold_1
627,sub6,rest1,28,28,0,-1.1989360235464543,0.23166454607141085,0.5,0,0.28165602684020996,0.5699521899223328,1,3.7201439805035882e-06,3.50512752768054,10.671370761436814,0,1,0.21277535114781676,0,1,fold_1
628,sub6,rest1,29,29,0,-1.3156976048004108,0.21153499051144095,0.5,0,0.041152119636535645,0.5102865695953369,1,3.7201439805035882e-06,3.50512752768054,10.671370761436814,0,1,0.19410226552346055,0,1,fold_1
629,sub6,rest1,30,30,0,-1.4170369486705716,0.1951265168605984,0.5,0,-0.11709630489349365,0.4707593023777008,1,3.7201439805035882e-06,3.50512752768054,10.671370761436814,0,1,0.18631410233329684,0,1,fold_1
630,sub6,rest1,31,31,0,-1.5461343524559161,0.17564528919834227,0.5,0,-0.35041558742523193,0.4132816791534424,1,3.7201439805035882e-06,3.50512752768054,10.671370761436814,0,1,0.1859025947479281,0,1,fold_1
631,sub6,rest1,32,32,0,-1.46194186986001,0.18817050094094992,0.5,0,-0.10388219356536865,0.474052757024765,1,3.7201439805035882e-06,3.50512752768054,10.671370761436814,0,1,0.18426744770883907,0,1,fold_1
632,sub6,rest1,33,33,0,-1.4249164632701588,0.19389199410449204,0.5,0,-0.15933334827423096,0.46025073528289795,1,3.7201439805035882e-06,3.50512752768054,10.671370761436814,0,1,0.18128872337573246,0,1,fold_1
633,sub6,rest1,34,34,1,-1.522287047141524,0.1791249869460449,0.5,0,-0.41107475757598877,0.39865443110466003,1,3.7201439805035882e-06,3.50512752768054,10.671370761436814,0,1,,,,fold_1
634,sub6,rest1,35,35,0,-1.5803928782280197,0.17073984808107517,0.5,0,-0.1074298620223999,0.4731683135032654,1,3.7201439805035882e-06,3.50512752768054,10.671370761436814,0,1,0.17628048021039847,0,1,fold_1
635,sub6,rest1,36,36,0,-1.5215436066315307,0.17923432794163016,0.5,0,0.283843994140625,0.5704883337020874,1,3.7201439805035882e-06,3.50512752768054,10.671370761436814,0,1,0.17500927405231304,0,1,fold_1
636,sub6,rest1,37,37,0,-1.5240407793830748,0.17886726460849006,0.5,0,0.1193690299987793,0.5298068523406982,1,3.7201439805035882e-06,3.50512752768054,10.671370761436814,0,1,0.17719872654710833,0,1,fold_1
637,sub6,rest1,38,38,0,-1.6075702222013526,0.16692622960681897,0.5,0,-0.17765593528747559,0.4557024836540222,1,3.7201439805035882e-06,3.50512752768054,10.671370761436814,0,1,0.17589377401537395,0,1,fold_1
638,sub6,rest1,39,39,0,-1.4775174582338888,0.185802685426016,0.5,0,-0.044724225997924805,0.4888208210468292,1,3.7201439805035882e-06,3.50512752768054,10.671370761436814,0,1,0.17461078925442894,0,1,fold_1
639,sub6,rest1,40,40,0,-1.5509270961278763,0.17495240701328682,0.5,0,-0.2883486747741699,0.4284082055091858,1,3.7201439805035882e-06,3.50512752768054,10.671370761436814,0,1,0.16411981275110035,0,1,fold_1
640,sub6,rest1,41,41,0,-1.635507571857121,0.16307727532398394,0.5,0,-0.4804372787475586,0.3821488618850708,1,3.7201439805035882e-06,3.50512752768054,10.671370761436814,0,1,0.16887688212361343,0,1,fold_1
641,sub6,rest1,42,42,1,-1.6988145960267045,0.1546201490769993,0.5,0,-0.6122527718544006,0.3515454828739166,1,3.7201439805035882e-06,3.50512752768054,10.671370761436814,0,1,,,,fold_1
642,sub6,rest1,43,43,0,-1.7010379158749305,0.15432975591603032,0.5,0,-0.6003753542900085,0.3542577922344208,1,3.7201439805035882e-06,3.50512752768054,10.671370761436814,0,1,0.20945948351700303,0,1,fold_1
643,sub6,rest1,44,44,0,-1.4550628239063341,0.1892236151308261,0.5,0,-0.0348285436630249,0.4912937581539154,1,3.7201439805035882e-06,3.50512752768054,10.671370761436814,0,1,0.2610896452631883,0,1,fold_1
644,sub6,rest1,45,45,0,-0.9206519211061908,0.28482507950415265,0.5,0,0.8407735824584961,0.6986281275749207,1,3.7201439805035882e-06,3.50512752768054,10.671370761436814,0,1,0.30975546290697525,0,1,fold_1
645,sub6,rest1,46,46,0,-0.8037672672543636,0.3092202411545861,0.5,0,1.2709136009216309,0.7808991074562073,1,3.7201439805035882e-06,3.50512752768054,10.671370761436814,0,1,0.3278243083872803,0,1,fold_1
646,sub6,rest1,47,47,0,-0.6846643333645034,0.3352210680621871,0.5,0,1.5295326709747314,0.8219379186630249,1,3.7201439805035882e-06,3.50512752768054,10.671370761436814,0,1,0.3713607012837689,0,1,fold_1
647,sub6,rest1,48,48,0,-0.6676126428245026,0.3390316159450678,0.5,0,1.2214744091033936,0.772322952747345,1,3.7201439805035882e-06,3.50512752768054,10.671370761436814,0,1,0.3761224903839653,0,1,fold_1
648,sub6,rest1,49,49,0,-0.24185437519557415,0.4398294198440517,0.5,0,1.5459887981414795,0.824333667755127,1,3.7201439805035882e-06,3.50512752768054,10.671370761436814,0,1,0.3452433545224069,0,1,fold_1
649,sub6,rest1,50,50,0,-0.621209430395966,0.3495064353627764,0.5,0,0.9880211353302002,0.7286968231201172,1,3.7201439805035882e-06,3.50512752768054,10.671370761436814,0,1,0.25532990354350044,0,1,fold_1
650,sub6,rest1,51,51,0,-1.1179366821770977,0.24639420836039258,0.5,0,0.6197702884674072,0.6501662731170654,1,3.7201439805035882e-06,3.50512752768054,10.671370761436814,0,1,0.1928882144600501,0,1,fold_1
651,sub6,rest1,52,52,0,-1.5849961626708156,0.1700890669073324,0.5,0,-0.13684487342834473,0.465842068195343,1,3.7201439805035882e-06,3.50512752768054,10.671370761436814,0,1,0.17522311319310235,0,1,fold_1
652,sub6,rest1,53,53,0,-1.6420863820831726,0.16218136811242534,0.5,0,-0.08796977996826172,0.4780217111110687,1,3.7201439805035882e-06,3.50512752768054,10.671370761436814,0,1,0.18673950263715042,0,1,fold_1
653,sub6,rest1,54,54,0,-1.4280743216496146,0.1933989045595493,0.5,0,0.233587384223938,0.5581327676773071,1,3.7201439805035882e-06,3.50512752768054,10.671370761436814,0,1,0.20491991685628075,0,1,fold_1
654,sub6,rest1,55,55,0,-1.3575533471023964,0.2046382352394765,0.5,0,0.45272088050842285,0.611285924911499,1,3.7201439805035882e-06,3.50512752768054,10.671370761436814,0,1,0.19544545668168767,0,1,fold_1
655,sub6,rest1,56,56,0,-1.284868653469915,0.2167226107698165,0.5,0,0.6066956520080566,0.6471866965293884,1,3.7201439805035882e-06,3.50512752768054,10.671370761436814,0,1,0.18764082033351137,0,1,fold_1
656,sub6,rest1,57,57,0,-1.6216639132331783,0.16497552403577004,0.5,0,-0.037621140480041504,0.49059584736824036,1,3.7201439805035882e-06,3.50512752768054,10.671370761436814,0,1,0.18504729779746665,0,1,fold_1
657,sub6,rest1,58,58,0,-1.5080745086549021,0.18122432619494758,0.5,0,-0.018905282020568848,0.49527379870414734,1,3.7201439805035882e-06,3.50512752768054,10.671370761436814,0,1,0.19970280417277073,0,1,fold_1
658,sub6,rest1,59,59,0,-1.3313143273606771,0.2089420431616823,0.5,0,0.277773380279541,0.569000244140625,1,3.7201439805035882e-06,3.50512752768054,10.671370761436814,0,1,0.2089420431616823,0,1,fold_1
659,sub6,rest2,0,60,0,0.27421030041279554,0.5681262341560013,0.5,1,2.1708033084869385,0.8975968360900879,1,3.7201439805035882e-06,3.50512752768054,10.671370761436814,1,1,0.563270295864436,1,1,fold_1
660,sub6,rest2,1,61,0,0.20098390135690544,0.5500775172443751,0.5,1,2.0220701694488525,0.883094847202301,1,3.7201439805035882e-06,3.50512752768054,10.671370761436814,1,1,0.6053079809279994,1,1,fold_1
661,sub6,rest2,2,62,0,0.28841124991513395,0.5716071361929316,0.5,1,2.1145179271698,0.8923062682151794,1,3.7201439805035882e-06,3.50512752768054,10.671370761436814,1,1,0.677046299154997,1,1,fold_1
662,sub6,rest2,3,63,0,0.8200138936987807,0.6942392893466917,0.5,1,2.5823328495025635,0.9297158718109131,1,3.7201439805035882e-06,3.50512752768054,10.671370761436814,1,1,0.7480132282632727,1,1,fold_1
663,sub6,rest2,4,64,0,1.181917899354699,0.7652924719253676,0.5,1,3.227543592453003,0.961857795715332,1,3.7201439805035882e-06,3.50512752768054,10.671370761436814,1,1,0.7452528944064579,1,1,fold_1
664,sub6,rest2,5,65,0,1.2921325314044594,0.7845079235177588,0.5,1,3.284857988357544,0.9639056921005249,1,3.7201439805035882e-06,3.50512752768054,10.671370761436814,1,1,0.7022144244407533,1,1,fold_1
665,sub6,rest2,6,66,0,0.7812910023237675,0.685958287776247,0.5,1,2.577327251434326,0.9293880462646484,1,3.7201439805035882e-06,3.50512752768054,10.671370761436814,1,1,0.6662318872816818,1,1,fold_1
666,sub6,rest2,7,67,0,0.558809608863972,0.636177062028254,0.5,1,2.7303121089935303,0.938791811466217,1,3.7201439805035882e-06,3.50512752768054,10.671370761436814,1,1,0.674097260491911,1,1,fold_1
667,sub6,rest2,8,68,0,0.7380089361137553,0.6765603120405445,0.5,1,2.7896430492401123,0.9421136379241943,1,3.7201439805035882e-06,3.50512752768054,10.671370761436814,1,1,0.7168956389160616,1,1,fold_1
668,sub6,rest2,9,69,0,0.8932209078985979,0.7095544074069348,0.5,1,2.7455103397369385,0.9396592974662781,1,3.7201439805035882e-06,3.50512752768054,10.671370761436814,1,1,0.7078271474274862,1,1,fold_1
669,sub6,rest2,10,70,0,1.1779121620151958,0.7645721973007057,0.5,1,3.2260615825653076,0.9618033170700073,1,3.7201439805035882e-06,3.50512752768054,10.671370761436814,1,1,0.6560482718154633,1,1,fold_1
670,sub6,rest2,11,71,0,0.6162045335344213,0.6493548375748183,0.5,1,2.3102006912231445,0.9097182750701904,1,3.7201439805035882e-06,3.50512752768054,10.671370761436814,1,1,0.5722897215669257,1,1,fold_1
671,sub6,rest2,12,72,0,0.2177271797050097,0.5542177805708661,0.5,1,1.7886836528778076,0.8567658066749573,1,3.7201439805035882e-06,3.50512752768054,10.671370761436814,1,1,0.5618178453852564,1,1,fold_1
672,sub6,rest2,13,73,0,0.053198729168762414,0.5132965465550927,0.5,1,1.6399896144866943,0.8375335335731506,1,3.7201439805035882e-06,3.50512752768054,10.671370761436814,1,1,0.5909161563037618,1,1,fold_1
673,sub6,rest2,14,74,0,0.4808103507428543,0.61793920902981,0.5,1,1.9679222106933594,0.8773877620697021,1,3.7201439805035882e-06,3.50512752768054,10.671370761436814,1,1,0.5560113437285623,1,1,fold_1
674,sub6,rest2,15,75,0,0.5819358051283535,0.6415127133263825,0.5,1,2.131669759750366,0.8939434289932251,1,3.7201439805035882e-06,3.50512752768054,10.671370761436814,1,1,0.5432491229601722,1,1,fold_1
675,sub6,rest2,16,76,0,-0.36982996428493686,0.40858210882949425,0.5,0,1.835690975189209,0.8624383211135864,1,3.7201439805035882e-06,3.50512752768054,10.671370761436814,1,0,0.5251132882246793,1,1,fold_1
676,sub6,rest2,17,77,0,0.3213472276809196,0.5796525467246402,0.5,1,1.9701571464538574,0.877627968788147,1,3.7201439805035882e-06,3.50512752768054,10.671370761436814,1,1,0.5663329207537283,1,1,fold_1
677,sub6,rest2,18,78,0,0.3520112187821511,0.5871052091199033,0.5,1,2.051813840866089,0.8861307501792908,1,3.7201439805035882e-06,3.50512752768054,10.671370761436814,1,1,0.48740361425402723,0,0,fold_1
678,sub6,rest2,19,79,0,0.12914321404058293,0.5322410064166413,0.5,1,1.6416614055633545,0.8377609252929688,1,3.7201439805035882e-06,3.50512752768054,10.671370761436814,1,1,0.3830985205321553,0,0,fold_1
679,sub6,rest2,20,80,0,-0.6505543476504801,0.34286462722553723,0.5,0,1.5053980350494385,0.818378210067749,1,3.7201439805035882e-06,3.50512752768054,10.671370761436814,1,0,0.3083595839632924,0,0,fold_1
680,sub6,rest2,21,81,0,-0.9734673378721288,0.27418992795428737,0.5,0,1.1866235733032227,0.766136646270752,1,3.7201439805035882e-06,3.50512752768054,10.671370761436814,1,0,0.2763968866014497,0,0,fold_1
681,sub6,rest2,22,82,0,-0.8093726480275613,0.30802419671005266,0.5,0,1.4177918434143066,0.8049920201301575,1,3.7201439805035882e-06,3.50512752768054,10.671370761436814,1,0,0.2630043627543658,0,0,fold_1
682,sub6,rest2,23,83,0,-1.1148030564649472,0.2469765351400091,0.5,0,0.8832571506500244,0.7074967622756958,1,3.7201439805035882e-06,3.50512752768054,10.671370761436814,1,0,0.28289708428321125,0,0,fold_1
683,sub6,rest2,24,84,0,-1.1857921193755008,0.23401235641303555,0.5,0,0.6247553825378418,0.6512992978096008,1,3.7201439805035882e-06,3.50512752768054,10.671370761436814,1,0,0.3227702526116885,0,0,fold_1
684,sub6,rest2,25,85,0,-0.54208642051291,0.367702361296589,0.5,0,1.469893217086792,0.8130411505699158,1,3.7201439805035882e-06,3.50512752768054,10.671370761436814,1,0,0.38082046301216904,0,0,fold_1
685,sub6,rest2,26,86,0,-0.5468478521349823,0.36659604012544106,0.5,0,1.4502778053283691,0.8100411295890808,1,3.7201439805035882e-06,3.50512752768054,10.671370761436814,1,0,0.3413614755823959,0,0,fold_1
686,sub6,rest2,27,87,0,-0.3715647059802604,0.40816298761447706,0.5,0,1.7578871250152588,0.8529447913169861,1,3.7201439805035882e-06,3.50512752768054,10.671370761436814,1,0,0.2992911546770411,0,0,fold_1
687,sub6,rest2,28,88,0,-1.1022134036050626,0.24932539900726944,0.5,0,0.8611350059509277,0.7028977274894714,1,3.7201439805035882e-06,3.50512752768054,10.671370761436814,1,0,0.2520240566226164,0,0,fold_1
688,sub6,rest2,29,89,0,-1.150569497342346,0.2403850774093769,0.5,0,0.9139642715454102,0.7138106822967529,1,3.7201439805035882e-06,3.50512752768054,10.671370761436814,1,0,0.2568028891694495,0,0,fold_1
689,sub6,rest2,30,90,0,-1.0131610018181725,0.26636169345120286,0.5,0,1.2111544609069824,0.7705031633377075,1,3.7201439805035882e-06,3.50512752768054,10.671370761436814,1,0,0.2675186162376152,0,0,fold_1
690,sub6,rest2,31,91,0,-1.0270218049608493,0.26366189664776873,0.5,0,1.1725704669952393,0.7636092901229858,1,3.7201439805035882e-06,3.50512752768054,10.671370761436814,1,0,0.2936195404914815,0,0,fold_1
691,sub6,rest2,32,92,0,-0.9818126689939283,0.272532258613874,0.5,0,1.1577627658843994,0.7609260082244873,1,3.7201439805035882e-06,3.50512752768054,10.671370761436814,1,0,0.38214429737790384,0,0,fold_1
692,sub6,rest2,33,93,0,-0.6425759877117901,0.3446644662128018,0.5,0,1.3928115367889404,0.8010407090187073,1,3.7201439805035882e-06,3.50512752768054,10.671370761436814,1,0,0.5174445472863304,1,1,fold_1
693,sub6,rest2,34,94,0,0.11707822179002386,0.5292361673070357,0.5,1,2.1497983932495117,0.8956499099731445,1,3.7201439805035882e-06,3.50512752768054,10.671370761436814,1,1,0.6305297356776122,1,1,fold_1
694,sub6,rest2,35,95,0,0.7465798452876486,0.6784330083391538,0.5,1,3.1857283115386963,0.960293710231781,1,3.7201439805035882e-06,3.50512752768054,10.671370761436814,1,1,0.6391781832616973,1,1,fold_1
695,sub6,rest2,36,96,0,0.7718457508068172,0.6839200313866468,0.5,1,3.1705844402313232,0.9597121477127075,1,3.7201439805035882e-06,3.50512752768054,10.671370761436814,1,1,0.5626821096173539,1,1,fold_1
696,sub6,rest2,37,97,0,0.2216287942469951,0.5551815100592912,0.5,1,2.4200825691223145,0.9183459281921387,1,3.7201439805035882e-06,3.50512752768054,10.671370761436814,1,1,0.44716128325741167,0,0,fold_1
697,sub6,rest2,38,98,0,-0.20493509621141037,0.4489447874061234,0.5,0,1.9264624118804932,0.872857391834259,1,3.7201439805035882e-06,3.50512752768054,10.671370761436814,1,0,0.4055496658686635,0,0,fold_1
698,sub6,rest2,39,99,0,-0.6750921961557271,0.33735755230682046,0.5,0,1.6449835300445557,0.8382119536399841,1,3.7201439805035882e-06,3.50512752768054,10.671370761436814,1,0,0.41830400994938927,0,0,fold_1
699,sub6,rest2,40,100,0,-0.28043693903020306,0.4303466578930467,0.5,0,2.0602071285247803,0.8869749307632446,1,3.7201439805035882e-06,3.50512752768054,10.671370761436814,1,0,0.5156837351591749,1,1,fold_1
700,sub6,rest2,41,101,0,-0.05117989011792626,0.4872078196483005,0.5,0,2.320897102355957,0.9105930328369141,1,3.7201439805035882e-06,3.50512752768054,10.671370761436814,1,0,0.5797615336490924,1,1,fold_1
701,sub6,rest2,42,102,0,0.5300583794150469,0.6294967279361773,0.5,1,2.9049575328826904,0.9480909109115601,1,3.7201439805035882e-06,3.50512752768054,10.671370761436814,1,1,0.6703781134552314,1,1,fold_1
702,sub6,rest2,43,103,0,0.5005137355376514,0.6225800533627998,0.5,1,2.7520368099212646,0.9400282502174377,1,3.7201439805035882e-06,3.50512752768054,10.671370761436814,1,1,0.7388360389118226,1,1,fold_1
703,sub6,rest2,44,104,0,1.147519539254318,0.7590575590667168,0.5,1,3.0150978565216064,0.9532515406608582,1,3.7201439805035882e-06,3.50512752768054,10.671370761436814,1,1,0.810894692736556,1,1,fold_1
704,sub6,rest2,45,105,0,1.6205466396837493,0.8348705043059514,0.5,1,3.5394208431243896,0.9717888832092285,1,3.7201439805035882e-06,3.50512752768054,10.671370761436814,1,1,0.8371346186343619,1,1,fold_1
705,sub6,rest2,46,106,0,1.6490012057863928,0.8387560148370001,0.5,1,5.026592254638672,0.9934816360473633,1,3.7201439805035882e-06,3.50512752768054,10.671370761436814,1,1,0.8365398576969496,1,1,fold_1
706,sub6,rest2,47,107,0,1.6417825012876304,0.8377773367601341,0.5,1,5.358819961547852,0.9953155517578125,1,3.7201439805035882e-06,3.50512752768054,10.671370761436814,1,1,0.8330002293344597,1,1,fold_1
707,sub6,rest2,48,108,0,1.607659761285336,0.8330862214937147,0.5,1,5.216466903686523,0.9946027398109436,1,3.7201439805035882e-06,3.50512752768054,10.671370761436814,1,1,0.8199786162265862,1,1,fold_1
708,sub6,rest2,49,109,0,1.572481863469774,0.8281371297495307,0.5,1,4.845100402832031,0.9921945333480835,1,3.7201439805035882e-06,3.50512752768054,10.671370761436814,1,1,0.7548226085728601,1,1,fold_1
709,sub6,rest2,50,110,0,1.378266805943741,0.7987124974365133,0.5,1,3.2279255390167236,0.9618718028068542,1,3.7201439805035882e-06,3.50512752768054,10.671370761436814,1,1,0.5957990350376579,1,1,fold_1
710,sub6,rest2,51,111,0,0.5650413131025083,0.6376181985325362,0.5,1,2.2028355598449707,0.9005038738250732,1,3.7201439805035882e-06,3.50512752768054,10.671370761436814,1,1,0.4471906123260759,0,0,fold_1
711,sub6,rest2,52,112,0,-0.614354980721097,0.3510664091439242,0.5,0,1.5548028945922852,0.8256063461303711,1,3.7201439805035882e-06,3.50512752768054,10.671370761436814,1,0,0.3471298078049793,0,0,fold_1
712,sub6,rest2,53,113,0,-0.6063720349867163,0.3528872293017672,0.5,0,1.6116769313812256,0.8336440920829773,1,3.7201439805035882e-06,3.50512752768054,10.671370761436814,1,0,0.4342372134276933,0,0,fold_1
713,sub6,rest2,54,114,0,-0.6747422560596555,0.3374357849692464,0.5,0,1.51755952835083,0.8201788663864136,1,3.7201439805035882e-06,3.50512752768054,10.671370761436814,1,0,0.5760417732207739,1,1,fold_1
714,sub6,rest2,55,115,0,0.4573638665623613,0.6123886260120662,0.5,1,2.443854331970215,0.920110821723938,1,3.7201439805035882e-06,3.50512752768054,10.671370761436814,1,1,0.7445180461235513,1,1,fold_1
715,sub6,rest2,56,116,0,1.2557922035675202,0.778300908681009,0.5,1,3.5067899227142334,0.9708803296089172,1,3.7201439805035882e-06,3.50512752768054,10.671370761436814,1,1,0.8173037728413037,1,1,fold_1
716,sub6,rest2,57,117,0,1.679698501964369,0.8428646036775788,0.5,1,4.5542802810668945,0.9895874261856079,1,3.7201439805035882e-06,3.50512752768054,10.671370761436814,1,1,0.8241000068918343,1,1,fold_1
717,sub6,rest2,58,118,0,1.5909221685508044,0.8307458061653233,0.5,1,4.638195991516113,0.9904175400733948,1,3.7201439805035882e-06,3.50512752768054,10.671370761436814,1,1,0.8093750092768417,1,1,fold_1
718,sub6,rest2,59,119,0,1.3781244565585797,0.7986896108326007,0.5,1,4.904378890991211,0.9926404356956482,1,3.7201439805035882e-06,3.50512752768054,10.671370761436814,1,1,0.7986896108326006,1,1,fold_1
959,sub9,rest1,0,0,0,1.1056534077359192,0.7513178845349674,0.5,1,0.24510014057159424,0.56097012758255,1,5.405831138348848e-06,1.818959857914572,4.929949483632899,0,0,0.8066812057905793,1,0,fold_1
960,sub9,rest1,1,1,0,1.643805903913043,0.838052142357635,0.5,1,0.21619033813476562,0.5538380742073059,1,5.405831138348848e-06,1.818959857914572,4.929949483632899,0,0,0.8109269338447849,1,0,fold_1
961,sub9,rest1,2,2,0,1.5904086570341531,0.8306735904791352,0.5,1,0.24997806549072266,0.5621711015701294,1,5.405831138348848e-06,1.818959857914572,4.929949483632899,0,0,0.7733660026457065,1,0,fold_1
962,sub9,rest1,3,3,0,1.1750414301577936,0.7640550686975842,0.5,1,0.2198542356491089,0.554743230342865,1,5.405831138348848e-06,1.818959857914572,4.929949483632899,0,0,0.7539336670527428,1,0,fold_1
963,sub9,rest1,4,4,0,0.9712538631807284,0.7253693487604004,0.5,1,0.5443969964981079,0.6328346729278564,1,5.405831138348848e-06,1.818959857914572,4.929949483632899,0,0,0.7747732881859299,1,0,fold_1
964,sub9,rest1,5,5,0,1.2217796532816112,0.7723765837002434,0.5,1,0.6859793663024902,0.6650719046592712,1,5.405831138348848e-06,1.818959857914572,4.929949483632899,0,0,0.8178933195930885,1,0,fold_1
965,sub9,rest1,6,6,0,1.561537978309726,0.8265739320971458,0.5,1,0.7366735935211182,0.6762680411338806,1,5.405831138348848e-06,1.818959857914572,4.929949483632899,0,0,0.8280366001510778,1,0,fold_1
966,sub9,rest1,7,7,0,1.7721870636599963,0.8547294429818765,0.5,1,0.4769502878189087,0.6170274615287781,1,5.405831138348848e-06,1.818959857914572,4.929949483632899,0,0,0.8046674098829047,1,0,fold_1
967,sub9,rest1,8,8,0,1.403927761990779,0.8028064253742111,0.5,1,0.009328842163085938,0.5023322105407715,1,5.405831138348848e-06,1.818959857914572,4.929949483632899,0,0,0.7154912701207751,1,0,fold_1
968,sub9,rest1,9,9,0,1.133402986380504,0.7564663612926266,0.5,1,-0.01091146469116211,0.49727219343185425,1,5.405831138348848e-06,1.818959857914572,4.929949483632899,0,0,0.5318338136946623,1,0,fold_1
969,sub9,rest1,10,10,0,0.3524064863676131,0.5872010236954874,0.5,1,-0.18562674522399902,0.4537261128425598,1,5.405831138348848e-06,1.818959857914572,4.929949483632899,0,0,0.3247444125024991,0,1,fold_1
970,sub9,rest1,11,11,0,-1.088854440464549,0.2518340560958729,0.5,0,-0.510603666305542,0.3750520348548889,1,5.405831138348848e-06,1.818959857914572,4.929949483632899,0,1,0.18010121991180827,0,1,fold_1
971,sub9,rest1,12,12,0,-1.855758859467129,0.13519815771613689,0.5,0,-0.6030024290084839,0.353657066822052,1,5.405831138348848e-06,1.818959857914572,4.929949483632899,0,1,0.15394243381345143,0,1,fold_1
972,sub9,rest1,13,13,0,-1.7091696582409657,0.15327144592341502,0.5,0,-0.5115015506744385,0.3748416006565094,1,5.405831138348848e-06,1.818959857914572,4.929949483632899,0,1,0.15860797367098214,0,1,fold_1
973,sub9,rest1,14,14,0,-1.5620149996459087,0.17335769780080246,0.5,0,-0.5060442686080933,0.37612131237983704,1,5.405831138348848e-06,1.818959857914572,4.929949483632899,0,1,0.14904304416432648,0,1,fold_1
974,sub9,rest1,15,15,0,-1.7409305395061998,0.14919477728872899,0.5,0,-0.6093119978904724,0.3522161543369293,1,5.405831138348848e-06,1.818959857914572,4.929949483632899,0,1,0.1420750430002007,0,1,fold_1
975,sub9,rest1,16,16,0,-1.949786340923025,0.12457665740344805,0.5,0,-0.6716864705085754,0.3381193280220032,1,5.405831138348848e-06,1.818959857914572,4.929949483632899,0,1,0.14803072644759716,0,1,fold_1
976,sub9,rest1,17,17,1,-1.655536455724501,0.16036208499001486,0.5,0,-0.6875433921813965,0.33457979559898376,1,5.405831138348848e-06,1.818959857914572,4.929949483632899,0,1,,,,fold_1
977,sub9,rest1,18,18,0,-1.715484569687014,0.15245369430842515,0.5,0,-0.7395014762878418,0.3231131434440613,1,5.405831138348848e-06,1.818959857914572,4.929949483632899,0,1,0.16605690615264687,0,1,fold_1
978,sub9,rest1,19,19,0,-1.6065954473308441,0.16706182763091829,0.5,0,-0.5449278950691223,0.3670419752597809,1,5.405831138348848e-06,1.818959857914572,4.929949483632899,0,1,0.1738331379830108,0,1,fold_1
979,sub9,rest1,20,20,0,-1.5254853294135355,0.1786551965185972,0.5,0,-0.5379860401153564,0.368656188249588,1,5.405831138348848e-06,1.818959857914572,4.929949483632899,0,1,0.17408212544671997,0,1,fold_1
980,sub9,rest1,21,21,0,-1.5451877766482836,0.1757823897995169,0.5,0,-0.6592347621917725,0.34091150760650635,1,5.405831138348848e-06,1.818959857914572,4.929949483632899,0,1,0.17621094416729818,0,1,fold_1
981,sub9,rest1,22,22,0,-1.6012370575190278,0.16780879002204574,0.5,0,-0.5338071584701538,0.3696293830871582,1,5.405831138348848e-06,1.818959857914572,4.929949483632899,0,1,0.18800888695744544,0,1,fold_1
982,sub9,rest1,23,23,0,-1.4825560549922285,0.1850416526803319,0.5,0,-0.44713830947875977,0.39004141092300415,1,5.405831138348848e-06,1.818959857914572,4.929949483632899,0,1,0.26745095728706686,0,1,fold_1
983,sub9,rest1,24,24,0,-1.317850010082864,0.21117621816995866,0.5,0,-0.6476688385009766,0.343515008687973,1,5.405831138348848e-06,1.818959857914572,4.929949483632899,0,1,0.3258363875767644,0,1,fold_1
984,sub9,rest1,25,25,1,-0.3761835888899335,0.40704769778705685,0.5,0,-0.5640466213226318,0.36261168122291565,1,5.405831138348848e-06,1.818959857914572,4.929949483632899,0,1,,,,fold_1
985,sub9,rest1,26,26,0,-0.3799663999666226,0.40613500101091005,0.5,0,-0.4969558119773865,0.37825632095336914,1,5.405831138348848e-06,1.818959857914572,4.929949483632899,0,1,0.34985297409285304,0,1,fold_1
986,sub9,rest1,27,27,0,-0.574505118184095,0.3601979435494246,0.5,0,-0.5412969589233398,0.367885947227478,1,5.405831138348848e-06,1.818959857914572,4.929949483632899,0,1,0.3216911009486016,0,1,fold_1
987,sub9,rest1,28,28,0,-0.9285155329239148,0.2832259777182244,0.5,0,-0.5796269178390503,0.3590184450149536,1,5.405831138348848e-06,1.818959857914572,4.929949483632899,0,1,0.3132070839229279,0,1,fold_1
988,sub9,rest1,29,29,0,-0.7462022153863108,0.3216493815781559,0.5,0,-0.5234932899475098,0.3720357418060303,1,5.405831138348848e-06,1.818959857914572,4.929949483632899,0,1,0.330900487493669,0,1,fold_1
989,sub9,rest1,30,30,0,-0.6867973701882052,0.3347458924724035,0.5,0,-0.6681604385375977,0.3389088809490204,1,5.405831138348848e-06,1.818959857914572,4.929949483632899,0,1,0.37634352650918784,0,1,fold_1
990,sub9,rest1,31,31,0,-0.6797988958755707,0.3363061884304477,0.5,0,-0.6631395816802979,0.34003469347953796,1,5.405831138348848e-06,1.818959857914572,4.929949483632899,0,1,0.3785889891840986,0,1,fold_1
991,sub9,rest1,32,32,0,-0.16848343430898174,0.4579784986247124,0.5,0,-0.2793540954589844,0.43061211705207825,1,5.405831138348848e-06,1.818959857914572,4.929949483632899,0,1,0.36735153183589925,0,1,fold_1
992,sub9,rest1,33,33,0,-0.6566956393152863,0.3414822804971359,0.5,0,-0.6209978461265564,0.34955450892448425,1,5.405831138348848e-06,1.818959857914572,4.929949483632899,0,1,0.33103552990837565,0,1,fold_1
993,sub9,rest1,34,34,1,-0.8530626372610255,0.29879079436539036,0.5,0,-0.6401600241661072,0.34521037340164185,1,5.405831138348848e-06,1.818959857914572,4.929949483632899,0,1,,,,fold_1
994,sub9,rest1,35,35,0,-0.8349766346689389,0.3025938163858495,0.5,0,-0.4852972626686096,0.3810020089149475,1,5.405831138348848e-06,1.818959857914572,4.929949483632899,0,1,0.37912338191883266,0,1,fold_1
995,sub9,rest1,36,36,0,-0.6233035106820187,0.34903049284214166,0.5,0,-0.4612477421760559,0.38668984174728394,1,5.405831138348848e-06,1.818959857914572,4.929949483632899,0,1,0.4076856462168615,0,1,fold_1
996,sub9,rest1,37,37,0,-0.057032107703564414,0.4857458365285067,0.5,0,-0.43442559242248535,0.3930700123310089,1,5.405831138348848e-06,1.818959857914572,4.929949483632899,0,1,0.43502944525773196,0,1,fold_1
997,sub9,rest1,38,38,0,-0.45454536744877133,0.38828060927993613,0.5,0,-0.5137379765510559,0.3743176758289337,1,5.405831138348848e-06,1.818959857914572,4.929949483632899,0,1,0.39037366487274033,0,1,fold_1
998,sub9,rest1,39,39,0,-0.2775199825001703,0.4310618899647531,0.5,0,-0.31532204151153564,0.42181622982025146,1,5.405831138348848e-06,1.818959857914572,4.929949483632899,0,1,0.355157165943806,0,1,fold_1
999,sub9,rest1,40,40,0,-0.6112307630548338,0.35177849537353195,0.5,0,-0.4563562273979187,0.3878505825996399,1,5.405831138348848e-06,1.818959857914572,4.929949483632899,0,1,0.277762672245663,0,1,fold_1
1000,sub9,rest1,41,41,0,-0.9314476378152304,0.2826311124931329,0.5,0,-0.4922788143157959,0.37935689091682434,1,5.405831138348848e-06,1.818959857914572,4.929949483632899,0,1,0.24604236613466726,0,1,fold_1
1001,sub9,rest1,42,42,1,-1.613496867124455,0.16610368543770435,0.5,0,-0.5033054947853088,0.376764178276062,1,5.405831138348848e-06,1.818959857914572,4.929949483632899,0,1,,,,fold_1
1002,sub9,rest1,43,43,0,-1.39331910743168,0.19887840887032415,0.5,0,-0.32450056076049805,0.4195793569087982,1,5.405831138348848e-06,1.818959857914572,4.929949483632899,0,1,0.3023866629111791,0,1,fold_1
1003,sub9,rest1,44,44,0,-1.063623663857459,0.2566175770405447,0.5,0,-0.45850199460983276,0.3873412609100342,1,5.405831138348848e-06,1.818959857914572,4.929949483632899,0,1,0.34481780001518936,0,1,fold_1
1004,sub9,rest1,45,45,0,-0.19394968577501337,0.4516640028226685,0.5,0,-0.36609697341918945,0.4094844460487366,1,5.405831138348848e-06,1.818959857914572,4.929949483632899,0,1,0.3780868874124272,0,1,fold_1
1005,sub9,rest1,46,46,0,-0.7255508540308573,0.32617182018235485,0.5,0,-0.4941350221633911,0.37891995906829834,1,5.405831138348848e-06,1.818959857914572,4.929949483632899,0,1,0.3123473703456165,0,1,fold_1
1006,sub9,rest1,47,47,0,-0.5909154321818467,0.35642483923225815,0.5,0,-0.5045332312583923,0.3764759302139282,1,5.405831138348848e-06,1.818959857914572,4.929949483632899,0,1,0.2984417743543603,0,1,fold_1
1007,sub9,rest1,48,48,0,-1.0750418241745863,0.25444545162223653,0.5,0,-0.355660080909729,0.4120105504989624,1,5.405831138348848e-06,1.818959857914572,4.929949483632899,0,1,0.3128645771136307,0,1,fold_1
1008,sub9,rest1,49,49,0,-0.9224692630349596,0.28445503220858626,0.5,0,-0.2053203582763672,0.44884946942329407,1,5.405831138348848e-06,1.818959857914572,4.929949483632899,0,1,0.3748779836083718,0,1,fold_1
1009,sub9,rest1,50,50,0,-0.40674340704082873,0.3996932475100693,0.5,0,0.03616893291473389,0.5090412497520447,1,5.405831138348848e-06,1.818959857914572,4.929949483632899,0,1,0.43337149451503687,0,1,fold_1
1010,sub9,rest1,51,51,0,-0.23919122145570354,0.44048567110646,0.5,0,0.15079915523529053,0.5376285314559937,1,5.405831138348848e-06,1.818959857914572,4.929949483632899,0,1,0.3929172237833809,0,1,fold_1
1011,sub9,rest1,52,52,0,-0.16060205321675106,0.4599355649285813,0.5,0,0.08115172386169434,0.5202767848968506,1,5.405831138348848e-06,1.818959857914572,4.929949483632899,0,1,0.33414723930244455,0,1,fold_1
1012,sub9,rest1,53,53,0,-0.9527583434030811,0.2783304353151014,0.5,0,0.016462087631225586,0.5041154623031616,1,5.405831138348848e-06,1.818959857914572,4.929949483632899,0,1,0.2730576108172983,0,1,fold_1
1013,sub9,rest1,54,54,0,-1.0243768644531694,0.264175717663651,0.5,0,-0.12898457050323486,0.46779853105545044,1,5.405831138348848e-06,1.818959857914572,4.929949483632899,0,1,0.27713485786970765,0,1,fold_1
1014,sub9,rest1,55,55,0,-0.9610566817505903,0.2766666794731425,0.5,0,-0.2751655578613281,0.4316394031047821,1,5.405831138348848e-06,1.818959857914572,4.929949483632899,0,1,0.27168406121988814,0,1,fold_1
1015,sub9,rest1,56,56,0,-0.8926552725522828,0.29056217647232946,0.5,0,-0.33939099311828613,0.41595739126205444,1,5.405831138348848e-06,1.818959857914572,4.929949483632899,0,1,0.24623884092296797,0,1,fold_1
1016,sub9,rest1,57,57,0,-1.1102551288601727,0.2478233277141925,0.5,0,-0.35019946098327637,0.41333404183387756,1,5.405831138348848e-06,1.818959857914572,4.929949483632899,0,1,0.22559005562454293,0,1,fold_1
1017,sub9,rest1,58,58,0,-1.3842267775091042,0.20033101858238192,0.5,0,-0.15413689613342285,0.4615418612957001,1,5.405831138348848e-06,1.818959857914572,4.929949483632899,0,1,0.21918755324549685,0,1,fold_1
1018,sub9,rest1,59,59,0,-1.2161435813089108,0.22861582057705432,0.5,0,0.2296379804611206,0.5571585297584534,1,5.405831138348848e-06,1.818959857914572,4.929949483632899,0,1,0.22861582057705432,0,1,fold_1
1019,sub9,rest2,0,60,0,1.4338556065080785,0.8075013531558447,0.5,1,0.23512840270996094,0.5585127472877502,1,5.405831138348848e-06,1.818959857914572,4.929949483632899,1,1,0.7681097800399529,1,1,fold_1
1020,sub9,rest2,1,61,0,0.9999246779668319,0.731043769161714,0.5,1,0.28696751594543457,0.5712535381317139,1,5.405831138348848e-06,1.818959857914572,4.929949483632899,1,1,0.740258284557072,1,1,fold_1
1021,sub9,rest2,2,62,0,1.184657593472531,0.7657842178023,0.5,1,0.37714672088623047,0.593184769153595,1,5.405831138348848e-06,1.818959857914572,4.929949483632899,1,1,0.7192358598086471,1,1,fold_1
1022,sub9,rest2,3,63,0,0.9641246420471502,0.7239468667072022,0.5,1,0.15084242820739746,0.5376392602920532,1,5.405831138348848e-06,1.818959857914572,4.929949483632899,1,1,0.5949360355269476,1,1,fold_1
1023,sub9,rest2,4,64,0,0.6990472208118638,0.6679764949164393,0.5,1,-0.06310069561004639,0.48423007130622864,1,5.405831138348848e-06,1.818959857914572,4.929949483632899,1,1,0.438028715596291,0,0,fold_1
1024,sub9,rest2,5,65,0,-0.4352023505190081,0.3928847449572013,0.5,0,-0.19044923782348633,0.4525310695171356,1,5.405831138348848e-06,1.818959857914572,4.929949483632899,1,0,0.29657958831062503,0,0,fold_1
1025,sub9,rest2,6,66,0,-1.0814860056155393,0.25322490691523236,0.5,0,-0.2543116807937622,0.4367625415325165,1,5.405831138348848e-06,1.818959857914572,4.929949483632899,1,0,0.2346657108479843,0,0,fold_1
1026,sub9,rest2,7,67,0,-1.132884806637185,0.2436291130594415,0.5,0,-0.1531658172607422,0.461783230304718,1,5.405831138348848e-06,1.818959857914572,4.929949483632899,1,0,0.22584605434316588,0,0,fold_1
1027,sub9,rest2,8,68,0,-1.3422328160740458,0.20714311256927911,0.5,0,-0.09535789489746094,0.4761786162853241,1,5.405831138348848e-06,1.818959857914572,4.929949483632899,1,0,0.22481669858215247,0,0,fold_1
1028,sub9,rest2,9,69,0,-1.2266634276768502,0.226765937400777,0.5,0,-0.3376389741897583,0.41638314723968506,1,5.405831138348848e-06,1.818959857914572,4.929949483632899,1,0,0.27611808074326266,0,0,fold_1
1029,sub9,rest2,10,70,0,-1.1497155339276601,0.2405410457764013,0.5,0,-0.15810072422027588,0.46055692434310913,1,5.405831138348848e-06,1.818959857914572,4.929949483632899,1,0,0.32817333602012316,0,0,fold_1
1030,sub9,rest2,11,71,0,-0.5708216325459176,0.3610472590526097,0.5,0,-0.15713214874267578,0.46079757809638977,1,5.405831138348848e-06,1.818959857914572,4.929949483632899,1,0,0.43516072211662876,0,0,fold_1
1031,sub9,rest2,12,72,0,-0.4771230567279984,0.3829317032313584,0.5,0,-0.002069234848022461,0.4994826912879944,1,5.405831138348848e-06,1.818959857914572,4.929949483632899,1,0,0.5479657317223213,1,1,fold_1
1032,sub9,rest2,13,73,0,0.24726497551613433,0.5615032040659181,0.5,1,-0.04877316951751709,0.4878091514110565,1,5.405831138348848e-06,1.818959857914572,4.929949483632899,1,1,0.6987551268853869,1,1,fold_1
1033,sub9,rest2,14,74,0,0.8447386356321638,0.6994622878696873,0.5,1,-0.01904439926147461,0.4952390193939209,1,5.405831138348848e-06,1.818959857914572,4.929949483632899,1,1,0.7928965571784868,1,1,fold_1
1034,sub9,rest2,15,75,0,1.623664495708223,0.8352998887205553,0.5,1,0.42378318309783936,0.6043881773948669,1,5.405831138348848e-06,1.818959857914572,4.929949483632899,1,1,0.8341630939630589,1,1,fold_1
1035,sub9,rest2,16,76,0,1.6877459091759521,0.8439274949452181,0.5,1,0.23442482948303223,0.5583392977714539,1,5.405831138348848e-06,1.818959857914572,4.929949483632899,1,1,0.7799190278333538,1,1,fold_1
1036,sub9,rest2,17,77,0,1.538605388068743,0.8232618982234033,0.5,1,0.08624529838562012,0.5215479731559753,1,5.405831138348848e-06,1.818959857914572,4.929949483632899,1,1,0.7090835437868891,1,1,fold_1
1037,sub9,rest2,18,78,0,0.719821415501122,0.6725676903314397,0.5,1,-0.1909388303756714,0.4524098038673401,1,5.405831138348848e-06,1.818959857914572,4.929949483632899,1,1,0.6660233728345172,1,1,fold_1
1038,sub9,rest2,19,79,0,0.5383179476395945,0.6314210428058242,0.5,1,-0.20399010181427002,0.4491786062717438,1,5.405831138348848e-06,1.818959857914572,4.929949483632899,1,1,0.6551414624644399,1,1,fold_1
1039,sub9,rest2,20,80,0,0.8192701222834139,0.6940813853662877,0.5,1,-0.17941129207611084,0.4552671015262604,1,5.405831138348848e-06,1.818959857914572,4.929949483632899,1,1,0.6286307806129665,1,1,fold_1
1040,sub9,rest2,21,81,0,0.5750254423038564,0.639921959221208,0.5,1,-0.24183261394500732,0.4398347735404968,1,5.405831138348848e-06,1.818959857914572,4.929949483632899,1,1,0.5881841743186137,1,1,fold_1
1041,sub9,rest2,22,82,0,0.20830595840305657,0.5518889972514037,0.5,1,-0.10526347160339355,0.4737083911895752,1,5.405831138348848e-06,1.818959857914572,4.929949483632899,1,1,0.5790736107312634,1,1,fold_1
1042,sub9,rest2,23,83,0,0.2930455357526824,0.5727415664832293,0.5,1,0.022008538246154785,0.505501925945282,1,5.405831138348848e-06,1.818959857914572,4.929949483632899,1,1,0.6329497721991965,1,1,fold_1
1043,sub9,rest2,24,84,0,0.45821343784232904,0.6125902684591572,0.5,1,-0.1487572193145752,0.46287909150123596,1,5.405831138348848e-06,1.818959857914572,4.929949483632899,1,1,0.6520860821694289,1,1,fold_1
1044,sub9,rest2,25,85,0,0.9125294215860259,0.7135174816552029,0.5,1,-0.04707789421081543,0.48823270201683044,1,5.405831138348848e-06,1.818959857914572,4.929949483632899,1,1,0.6634549710750958,1,1,fold_1
1045,sub9,rest2,26,86,0,0.5328624981388472,0.6301504963939267,0.5,1,-0.17819726467132568,0.45556822419166565,1,5.405831138348848e-06,1.818959857914572,4.929949483632899,1,1,0.5662829176683192,1,1,fold_1
1046,sub9,rest2,27,87,0,0.6045515400916943,0.6466969351761578,0.5,1,-0.10563921928405762,0.47361472249031067,1,5.405831138348848e-06,1.818959857914572,4.929949483632899,1,1,0.486282242203455,0,0,fold_1
1047,sub9,rest2,28,88,0,-0.3145631370568937,0.4220013214348729,0.5,0,-0.35768139362335205,0.41152095794677734,1,5.405831138348848e-06,1.818959857914572,4.929949483632899,1,0,0.38159975116793055,0,0,fold_1
1048,sub9,rest2,29,89,0,-0.44668817511608677,0.3901484699993345,0.5,0,-0.010940313339233398,0.4972650110721588,1,5.405831138348848e-06,1.818959857914572,4.929949483632899,1,0,0.32919990518002956,0,0,fold_1
1049,sub9,rest2,30,90,0,-0.6962261829089638,0.33264946206958435,0.5,0,0.2583889961242676,0.5642402172088623,1,5.405831138348848e-06,1.818959857914572,4.929949483632899,1,0,0.2667511399352436,0,0,fold_1
1050,sub9,rest2,31,91,0,-1.021158586004037,0.2648017834711699,0.5,0,-0.015625476837158203,0.49609375,1,5.405831138348848e-06,1.818959857914572,4.929949483632899,1,0,0.2185351232227848,0,0,fold_1
1051,sub9,rest2,32,92,0,-1.3688718680706295,0.20280217426497646,0.5,0,-0.22690701484680176,0.443515419960022,1,5.405831138348848e-06,1.818959857914572,4.929949483632899,1,0,0.20137938574552797,0,0,fold_1
1052,sub9,rest2,33,93,0,-1.4630491282479483,0.188001411932208,0.5,0,0.03734230995178223,0.5093345046043396,1,5.405831138348848e-06,1.818959857914572,4.929949483632899,1,0,0.19881354824309727,0,0,fold_1
1053,sub9,rest2,34,94,0,-1.304941346579177,0.21333457103939943,0.5,0,0.15462744235992432,0.5385800004005432,1,5.405831138348848e-06,1.818959857914572,4.929949483632899,1,0,0.20043821145106022,0,0,fold_1
1054,sub9,rest2,35,95,0,-1.4171761128202798,0.19510466175768434,0.5,0,-0.08917534351348877,0.4777209460735321,1,5.405831138348848e-06,1.818959857914572,4.929949483632899,1,0,0.19100828976928252,0,0,fold_1
1055,sub9,rest2,36,96,0,-1.4314336608012623,0.1928754015560969,0.5,0,-0.20815753936767578,0.448147714138031,1,5.405831138348848e-06,1.818959857914572,4.929949483632899,1,0,0.17573276650062553,0,0,fold_1
1056,sub9,rest2,37,97,0,-1.4825351447332762,0.1850448059940664,0.5,0,-0.26854395866394043,0.4332645833492279,1,5.405831138348848e-06,1.818959857914572,4.929949483632899,1,0,0.16255607350678333,0,0,fold_1
1057,sub9,rest2,38,98,0,-1.7402743372729657,0.14927809195171327,0.5,0,-0.07420265674591064,0.4814578592777252,1,5.405831138348848e-06,1.818959857914572,4.929949483632899,1,0,0.1461043830616788,0,0,fold_1
1058,sub9,rest2,39,99,0,-1.708600522261048,0.1533453225745704,0.5,0,-0.2400665283203125,0.44026997685432434,1,5.405831138348848e-06,1.818959857914572,4.929949483632899,1,0,0.1763504851816109,0,0,fold_1
1059,sub9,rest2,40,100,0,-1.851560891086095,0.13568973465875278,0.5,0,-0.3098028898239136,0.42316287755966187,1,5.405831138348848e-06,1.818959857914572,4.929949483632899,1,0,0.20624695133111404,0,0,fold_1
1060,sub9,rest2,41,101,0,-1.152589609016113,0.24001639831150953,0.5,0,-0.3796360492706299,0.4062146842479706,1,5.405831138348848e-06,1.818959857914572,4.929949483632899,1,0,0.2816027949290423,0,0,fold_1
1061,sub9,rest2,42,102,0,-1.1361130677743367,0.24303472102307977,0.5,0,-0.3515056371688843,0.4130173623561859,1,5.405831138348848e-06,1.818959857914572,4.929949483632899,1,0,0.290210113848646,0,0,fold_1
1062,sub9,rest2,43,103,0,-0.5677452231696617,0.36175726545253745,0.5,0,-0.18703866004943848,0.45337623357772827,1,5.405831138348848e-06,1.818959857914572,4.929949483632899,1,0,0.29129526649079246,0,0,fold_1
1063,sub9,rest2,44,104,0,-1.0158407927093247,0.2658383550703207,0.5,0,-0.3450617790222168,0.41458046436309814,1,5.405831138348848e-06,1.818959857914572,4.929949483632899,1,0,0.23559145283741448,0,0,fold_1
1064,sub9,rest2,45,105,0,-1.1184970112256452,0.2462901789495193,0.5,0,-0.35724306106567383,0.4116271138191223,1,5.405831138348848e-06,1.818959857914572,4.929949483632899,1,0,0.21649293554527582,0,0,fold_1
1065,sub9,rest2,46,106,0,-1.4201005277705168,0.19464582449240342,0.5,0,-0.6014391779899597,0.35401448607444763,1,5.405831138348848e-06,1.818959857914572,4.929949483632899,1,0,0.2411110387466789,0,0,fold_1
1066,sub9,rest2,47,107,0,-1.3337314880141171,0.20854280319390467,0.5,0,-0.5506807565689087,0.3657064735889435,1,5.405831138348848e-06,1.818959857914572,4.929949483632899,1,0,0.26072450729431457,0,0,fold_1
1067,sub9,rest2,48,108,0,-0.7531078718085035,0.32014448855372857,0.5,0,-0.5209476947784424,0.37263068556785583,1,5.405831138348848e-06,1.818959857914572,4.929949483632899,1,0,0.2778666909643277,0,0,fold_1
1068,sub9,rest2,49,109,0,-1.080104560146527,0.2534862301353104,0.5,0,-0.5766225457191467,0.35971009731292725,1,5.405831138348848e-06,1.818959857914572,4.929949483632899,1,0,0.24988159615021086,0,0,fold_1
1069,sub9,rest2,50,110,0,-1.0461278429564964,0.2599693542039441,0.5,0,-0.4234573245048523,0.3956897258758545,1,5.405831138348848e-06,1.818959857914572,4.929949483632899,1,0,0.26259720734782693,0,0,fold_1
1070,sub9,rest2,51,111,0,-1.1736869129736271,0.23618920411137803,0.5,0,-0.34757375717163086,0.4139709174633026,1,5.405831138348848e-06,1.818959857914572,4.929949483632899,1,0,0.3092439484811271,0,0,fold_1
1071,sub9,rest2,52,112,0,-0.8874658500303628,0.2916330637281586,0.5,0,-0.2970227003097534,0.42628544569015503,1,5.405831138348848e-06,1.818959857914572,4.929949483632899,1,0,0.31160947378124987,0,0,fold_1
1072,sub9,rest2,53,113,0,-0.40584188229194623,0.3999095776038445,0.5,0,-0.30851876735687256,0.42347633838653564,1,5.405831138348848e-06,1.818959857914572,4.929949483632899,1,0,0.320664706682801,0,0,fold_1
1073,sub9,rest2,54,114,0,-1.1347488638648895,0.2432857800117464,0.5,0,-0.5701343417167664,0.3612058162689209,1,5.405831138348848e-06,1.818959857914572,4.929949483632899,1,0,0.2651479965655072,0,0,fold_1
1074,sub9,rest2,55,115,0,-0.7592977005788756,0.3187987624328121,0.5,0,-0.3633449077606201,0.41015011072158813,1,5.405831138348848e-06,1.818959857914572,4.929949483632899,1,0,0.26912167859474534,0,0,fold_1
1075,sub9,rest2,56,116,0,-1.18943809412882,0.2333594472519631,0.5,0,-0.3697330951690674,0.4086054861545563,1,5.405831138348848e-06,1.818959857914572,4.929949483632899,1,0,0.22598598507543874,0,0,fold_1
1076,sub9,rest2,57,117,0,-1.071032261759289,0.2552068260994609,0.5,0,-0.45490777492523193,0.3881945312023163,1,5.405831138348848e-06,1.818959857914572,4.929949483632899,1,0,0.22016150532881676,0,0,fold_1
1077,sub9,rest2,58,118,0,-1.4539677143382053,0.1893916818748922,0.5,0,-0.4916289448738098,0.37950989603996277,1,5.405831138348848e-06,1.818959857914572,4.929949483632899,1,0,0.2070545659663622,0,0,fold_1
1078,sub9,rest2,59,119,0,-1.289803880029603,0.21588600801209726,0.5,0,-0.2790759801864624,0.4306802749633789,1,5.405831138348848e-06,1.818959857914572,4.929949483632899,1,0,0.21588600801209726,0,0,fold_1
1199,sub11,rest1,0,0,0,-1.1431667892369612,0.24173940923279197,0.5,0,-0.7061514258384705,0.33044978976249695,1,6.535765570579766e-06,2.621384706365409,8.667883698846408,0,1,0.3494966808316485,0,1,fold_1
1200,sub11,rest1,1,1,0,-0.6385929910565955,0.34556466490392557,0.5,0,-0.32246851921081543,0.4200742840766907,1,6.535765570579766e-06,2.621384706365409,8.667883698846408,0,1,0.429930469302753,0,1,fold_1
1201,sub11,rest1,2,2,0,-0.15556912286040644,0.461185968358228,0.5,0,-0.004042506217956543,0.49898937344551086,1,6.535765570579766e-06,2.621384706365409,8.667883698846408,0,1,0.44307274758801163,0,1,fold_1
1202,sub11,rest1,3,3,0,-0.0678629339641666,0.48304077464610556,0.5,0,0.11735987663269043,0.5293062925338745,1,6.535765570579766e-06,2.621384706365409,8.667883698846408,0,1,0.41363164233879895,0,1,fold_1
1203,sub11,rest1,4,4,0,-0.46841483374212367,0.38499149975970126,0.5,0,-0.2807297706604004,0.4302748739719391,1,6.535765570579766e-06,2.621384706365409,8.667883698846408,0,1,0.3641403736594857,0,1,fold_1
1204,sub11,rest1,5,5,0,-0.5199554432226844,0.37286265261059004,0.5,0,-0.30103206634521484,0.42530521750450134,1,6.535765570579766e-06,2.621384706365409,8.667883698846408,0,1,0.35355592373033956,0,1,fold_1
1205,sub11,rest1,6,6,0,-0.6876009391221661,0.33456696860816587,0.5,0,-0.40875399112701416,0.39921092987060547,1,6.535765570579766e-06,2.621384706365409,8.667883698846408,0,1,0.38837287549922067,0,1,fold_1
1206,sub11,rest1,7,7,0,-0.6048356680464205,0.35323814997226277,0.5,0,-0.3695722818374634,0.4086444079875946,1,6.535765570579766e-06,2.621384706365409,8.667883698846408,0,1,0.3857544787428562,0,1,fold_1
1207,sub11,rest1,8,8,0,-0.09080831850668712,0.4773135079172335,0.5,0,-0.060063958168029785,0.4849885404109955,1,6.535765570579766e-06,2.621384706365409,8.667883698846408,0,1,0.3675007593363356,0,1,fold_1
1208,sub11,rest1,9,9,0,-0.7230951315310851,0.32671177833907233,0.5,0,-0.47554391622543335,0.3833049237728119,1,6.535765570579766e-06,2.621384706365409,8.667883698846408,0,1,0.2933658323757958,0,1,fold_1
1209,sub11,rest1,10,10,0,-0.8545608473401264,0.2984769917527009,0.5,0,-0.48302894830703735,0.38153713941574097,1,6.535765570579766e-06,2.621384706365409,8.667883698846408,0,1,0.2770474960800115,0,1,fold_1
1210,sub11,rest1,11,11,0,-1.072601177030102,0.254908727035614,0.5,0,-0.5619529485702515,0.3630957305431366,1,6.535765570579766e-06,2.621384706365409,8.667883698846408,0,1,0.26056793628807945,0,1,fold_1
1211,sub11,rest1,12,12,0,-0.9556161658897411,0.27775676945171957,0.5,0,-0.5321091413497925,0.370025098323822,1,6.535765570579766e-06,2.621384706365409,8.667883698846408,0,1,0.2527335621293311,0,1,fold_1
1212,sub11,rest1,13,13,0,-1.1037478857176142,0.24903831237690466,0.5,0,-0.5913806557655334,0.3563181161880493,1,6.535765570579766e-06,2.621384706365409,8.667883698846408,0,1,0.25066346861643,0,1,fold_1
1213,sub11,rest1,14,14,0,-1.2003913515093503,0.23140560455936912,0.5,0,-0.5265005230903625,0.37133345007896423,1,6.535765570579766e-06,2.621384706365409,8.667883698846408,0,1,0.26091585087713026,0,1,fold_1
1214,sub11,rest1,15,15,0,-0.986790454432686,0.2715464889130164,0.5,0,-0.37550854682922363,0.40721064805984497,1,6.535765570579766e-06,2.621384706365409,8.667883698846408,0,1,0.286526198415839,0,1,fold_1
1215,sub11,rest1,16,16,0,-0.9454764229487556,0.2797954591590052,0.5,0,-0.5140633583068848,0.374241441488266,1,6.535765570579766e-06,2.621384706365409,8.667883698846408,0,1,0.30473433536899713,0,1,fold_1
1216,sub11,rest1,17,17,1,-1.0753981260517025,0.2543778660140348,0.5,0,-0.5946463346481323,0.3555694818496704,1,6.535765570579766e-06,2.621384706365409,8.667883698846408,0,1,,,,fold_1
1217,sub11,rest1,18,18,0,-0.8083760985027886,0.30823664717549526,0.5,0,-0.3742179870605469,0.40752220153808594,1,6.535765570579766e-06,2.621384706365409,8.667883698846408,0,1,0.3269546457455752,0,1,fold_1
1218,sub11,rest1,19,19,0,-0.7255550418312552,0.3261708997724909,0.5,0,-0.46161526441574097,0.3866027295589447,1,6.535765570579766e-06,2.621384706365409,8.667883698846408,0,1,0.3160756471636653,0,1,fold_1
1219,sub11,rest1,20,20,0,-0.6346523104155559,0.34645639028873937,0.5,0,-0.38334810733795166,0.40531960129737854,1,6.535765570579766e-06,2.621384706365409,8.667883698846408,0,1,0.28578327570778633,0,1,fold_1
1220,sub11,rest1,21,21,0,-0.9663949328238204,0.2755996514297657,0.5,0,-0.5157155990600586,0.3738546073436737,1,6.535765570579766e-06,2.621384706365409,8.667883698846408,0,1,0.24721331478090425,0,1,fold_1
1221,sub11,rest1,22,22,0,-1.1786568428424944,0.23529378540485407,0.5,0,-0.49617230892181396,0.37844058871269226,1,6.535765570579766e-06,2.621384706365409,8.667883698846408,0,1,0.23286182151992232,0,1,fold_1
1222,sub11,rest1,23,23,0,-1.2041008164422808,0.2307465075080929,0.5,0,-0.41713833808898926,0.3972017168998718,1,6.535765570579766e-06,2.621384706365409,8.667883698846408,0,1,0.2254812495145988,0,1,fold_1
1223,sub11,rest1,24,24,0,-1.1939951293542133,0.23254517164682,0.5,0,-0.3095266819000244,0.42323029041290283,1,6.535765570579766e-06,2.621384706365409,8.667883698846408,0,1,0.21496785230196516,0,1,fold_1
1224,sub11,rest1,25,25,1,-1.313940662392549,0.2118281758290729,0.5,0,-0.52901291847229,0.3707471489906311,1,6.535765570579766e-06,2.621384706365409,8.667883698846408,0,1,,,,fold_1
1225,sub11,rest1,26,26,0,-1.3060291513094275,0.21315206938888354,0.5,0,-0.7031930685043335,0.33110466599464417,1,6.535765570579766e-06,2.621384706365409,8.667883698846408,0,1,0.2144324487858961,0,1,fold_1
1226,sub11,rest1,27,27,0,-1.3912622901955891,0.199206315870192,0.5,0,-0.7456047534942627,0.321779727935791,1,6.535765570579766e-06,2.621384706365409,8.667883698846408,0,1,0.22671436386032617,0,1,fold_1
1227,sub11,rest1,28,28,0,-1.2030169028032562,0.23093896109861273,0.5,0,-0.7144443392753601,0.32861754298210144,1,6.535765570579766e-06,2.621384706365409,8.667883698846408,0,1,0.28223200741802773,0,1,fold_1
1228,sub11,rest1,29,29,0,-1.0986239441038121,0.24999781461217377,0.5,0,-0.5879091024398804,0.3571147322654724,1,6.535765570579766e-06,2.621384706365409,8.667883698846408,0,1,0.34249649890195405,0,1,fold_1
1229,sub11,rest1,30,30,0,-0.5504532990400247,0.36575924654329656,0.5,0,-0.23279047012329102,0.4420638084411621,1,6.535765570579766e-06,2.621384706365409,8.667883698846408,0,1,0.38679861873389426,0,1,fold_1
1230,sub11,rest1,31,31,0,-0.3568081758756796,0.4117324355503917,0.5,0,-0.07962512969970703,0.4801042377948761,1,6.535765570579766e-06,2.621384706365409,8.667883698846408,0,1,0.3881603506625755,0,1,fold_1
1231,sub11,rest1,32,32,0,-0.47723956150908425,0.3829041741079945,0.5,0,-0.19093453884124756,0.45241087675094604,1,6.535765570579766e-06,2.621384706365409,8.667883698846408,0,1,0.3498220932275786,0,1,fold_1
1232,sub11,rest1,33,33,0,-0.5328842147466585,0.3698444423293404,0.5,0,-0.2976236343383789,0.4261384904384613,1,6.535765570579766e-06,2.621384706365409,8.667883698846408,0,1,0.3023103818539549,0,1,fold_1
1233,sub11,rest1,34,34,1,-0.8870395934865342,0.2917211289979003,0.5,0,-0.5637632012367249,0.3626771867275238,1,6.535765570579766e-06,2.621384706365409,8.667883698846408,0,1,,,,fold_1
1234,sub11,rest1,35,35,0,-0.8629773703240509,0.2967176632454009,0.5,0,-0.47100526094436646,0.3843783140182495,1,6.535765570579766e-06,2.621384706365409,8.667883698846408,0,1,0.2553699500101782,0,1,fold_1
1235,sub11,rest1,36,36,0,-1.1506573274621241,0.24036903998712358,0.5,0,-0.557621419429779,0.3640979826450348,1,6.535765570579766e-06,2.621384706365409,8.667883698846408,0,1,0.2289481397515015,0,1,fold_1
1236,sub11,rest1,37,37,0,-1.2138352751585648,0.2290231467980101,0.5,0,-0.5167807340621948,0.37360531091690063,1,6.535765570579766e-06,2.621384706365409,8.667883698846408,0,1,0.22461246160103346,0,1,fold_1
1237,sub11,rest1,38,38,0,-1.2805757597406566,0.21745223246937073,0.5,0,-0.5130500793457031,0.3744787871837616,1,6.535765570579766e-06,2.621384706365409,8.667883698846408,0,1,0.21490568110382605,0,1,fold_1
1238,sub11,rest1,39,39,0,-1.2232671411497362,0.22736200553571959,0.5,0,-0.44554322957992554,0.39042094349861145,1,6.535765570579766e-06,2.621384706365409,8.667883698846408,0,1,0.20722887176393115,0,1,fold_1
1239,sub11,rest1,40,40,0,-1.386901938698622,0.19990280530638788,0.5,0,-0.5075297355651855,0.37577277421951294,1,6.535765570579766e-06,2.621384706365409,8.667883698846408,0,1,0.19577358107222168,0,1,fold_1
1240,sub11,rest1,41,41,0,-1.4215302263950593,0.194421804449686,0.5,0,-0.6724606156349182,0.3379460573196411,1,6.535765570579766e-06,2.621384706365409,8.667883698846408,0,1,0.19335743600333177,0,1,fold_1
1241,sub11,rest1,42,42,1,-1.4583685609187873,0.18871697639636714,0.5,0,-0.773777425289154,0.31566253304481506,1,6.535765570579766e-06,2.621384706365409,8.667883698846408,0,1,,,,fold_1
1242,sub11,rest1,43,43,0,-1.43065830468803,0.19299613346059116,0.5,0,-0.6405882239341736,0.345113605260849,1,6.535765570579766e-06,2.621384706365409,8.667883698846408,0,1,0.200245205443964,0,1,fold_1
1243,sub11,rest1,44,44,0,-1.432854111463644,0.1926543700997182,0.5,0,-0.6646291613578796,0.33970052003860474,1,6.535765570579766e-06,2.621384706365409,8.667883698846408,0,1,0.2299272936148856,0,1,fold_1
1244,sub11,rest1,45,45,0,-1.2945414648445894,0.21508511277158257,0.5,0,-0.40747010707855225,0.3995189070701599,1,6.535765570579766e-06,2.621384706365409,8.667883698846408,0,1,0.25240274076490826,0,1,fold_1
1245,sub11,rest1,46,46,0,-0.9343531101422105,0.282042397973356,0.5,0,-0.2799947261810303,0.4304550290107727,1,6.535765570579766e-06,2.621384706365409,8.667883698846408,0,1,0.26122291486140514,0,1,fold_1
1246,sub11,rest1,47,47,0,-1.0455490987077716,0.2600807115497862,0.5,0,-0.4061633348464966,0.39983245730400085,1,6.535765570579766e-06,2.621384706365409,8.667883698846408,0,1,0.2536288807479086,0,1,fold_1
1247,sub11,rest1,48,48,0,-1.1442242118019608,0.24154563506107318,0.5,0,-0.5158369541168213,0.37382620573043823,1,6.535765570579766e-06,2.621384706365409,8.667883698846408,0,1,0.293549188260991,0,1,fold_1
1248,sub11,rest1,49,49,0,-1.0498167279602626,0.25926029563286646,0.5,0,-0.5759196281433105,0.3598720133304596,1,6.535765570579766e-06,2.621384706365409,8.667883698846408,0,1,0.38834480919201475,0,1,fold_1
1249,sub11,rest1,50,50,0,-0.4902204608536531,0.37984163408903343,0.5,0,-0.40421783924102783,0.4002993702888489,1,6.535765570579766e-06,2.621384706365409,8.667883698846408,0,1,0.47094022246361283,0,1,fold_1
1250,sub11,rest1,51,51,0,0.10382315228059617,0.5259324978541445,0.5,1,0.038758039474487305,0.5096883177757263,1,6.535765570579766e-06,2.621384706365409,8.667883698846408,0,0,0.5008583990268388,1,0,fold_1
1251,sub11,rest1,52,52,0,0.028188008073252495,0.5070465354476604,0.5,1,-0.0665048360824585,0.48337993025779724,1,6.535765570579766e-06,2.621384706365409,8.667883698846408,0,0,0.44979773037774035,0,1,fold_1
1252,sub11,rest1,53,53,0,-0.12176557218511601,0.4695961637787116,0.5,0,-0.10669434070587158,0.47335168719291687,1,6.535765570579766e-06,2.621384706365409,8.667883698846408,0,1,0.42775457256912564,0,1,fold_1
1253,sub11,rest1,54,54,0,-0.5204351277048936,0.372750491906849,0.5,0,-0.28630757331848145,0.4289080798625946,1,6.535765570579766e-06,2.621384706365409,8.667883698846408,0,1,0.3966712074029249,0,1,fold_1
1254,sub11,rest1,55,55,0,-0.23744104084365822,0.4409170620218163,0.5,0,-0.04791665077209473,0.48802313208580017,1,6.535765570579766e-06,2.621384706365409,8.667883698846408,0,1,0.42435419665418217,0,1,fold_1
1255,sub11,rest1,56,56,0,-0.505086503472394,0.3763460682801094,0.5,0,-0.24630320072174072,0.43873363733291626,1,6.535765570579766e-06,2.621384706365409,8.667883698846408,0,1,0.40635683421449204,0,1,fold_1
1256,sub11,rest1,57,57,0,-0.17726488791837472,0.4557994596606208,0.5,0,-0.07603049278259277,0.48100152611732483,1,6.535765570579766e-06,2.621384706365409,8.667883698846408,0,1,0.4281576972414007,0,1,fold_1
1257,sub11,rest1,58,58,0,-0.46025650839927723,0.3869249747027458,0.5,0,-0.20120656490325928,0.4498673379421234,1,6.535765570579766e-06,2.621384706365409,8.667883698846408,0,1,0.42347409647480555,0,1,fold_1
1258,sub11,rest1,59,59,0,-0.23406822397228433,0.4417486573608354,0.5,0,-0.021961212158203125,0.49450990557670593,1,6.535765570579766e-06,2.621384706365409,8.667883698846408,0,1,0.4417486573608354,0,1,fold_1
1259,sub11,rest2,0,60,0,0.17790177962330606,0.5443585145256151,0.5,1,0.07643067836761475,0.5190984010696411,1,6.535765570579766e-06,2.621384706365409,8.667883698846408,1,1,0.6309404756184054,1,1,fold_1
1260,sub11,rest2,1,61,0,0.5649650103173456,0.6376005677319083,0.5,1,0.1039588451385498,0.5259663462638855,1,6.535765570579766e-06,2.621384706365409,8.667883698846408,1,1,0.6604868543090127,1,1,fold_1
1261,sub11,rest2,2,62,0,0.8995759119171863,0.7108623445976927,0.5,1,0.27320432662963867,0.5678793787956238,1,6.535765570579766e-06,2.621384706365409,8.667883698846408,1,1,0.6360617591505323,1,1,fold_1
1262,sub11,rest2,3,63,0,0.5450984609249135,0.6329976505974371,0.5,1,0.01578366756439209,0.5039458274841309,1,6.535765570579766e-06,2.621384706365409,8.667883698846408,1,1,0.5859029808853551,1,1,fold_1
1263,sub11,rest2,4,64,0,0.25873492214967425,0.5643252822564672,0.5,1,-0.07212018966674805,0.48197776079177856,1,6.535765570579766e-06,2.621384706365409,8.667883698846408,1,1,0.6124406762339129,1,1,fold_1
1264,sub11,rest2,5,65,0,0.24272880262807678,0.5603860098021611,0.5,1,-0.03505086898803711,0.49123823642730713,1,6.535765570579766e-06,2.621384706365409,8.667883698846408,1,1,0.6701224951312162,1,1,fold_1
1265,sub11,rest2,6,66,0,0.9080977048088992,0.71261073664311,0.5,1,0.29763925075531006,0.5738652944564819,1,6.535765570579766e-06,2.621384706365409,8.667883698846408,1,1,0.7349479391846881,1,1,fold_1
1266,sub11,rest2,7,67,0,1.0323474197449587,0.7373707389483777,0.5,1,0.4293323755264282,0.6057142615318298,1,6.535765570579766e-06,2.621384706365409,8.667883698846408,1,1,0.7329668776389068,1,1,fold_1
1267,sub11,rest2,8,68,0,1.124715481803128,0.7548623419625767,0.5,1,0.3922022581100464,0.5968127846717834,1,6.535765570579766e-06,2.621384706365409,8.667883698846408,1,1,0.744664884760731,1,1,fold_1
1268,sub11,rest2,9,69,0,0.8792537312373983,0.7066675520057658,0.5,1,0.21125876903533936,0.5526190996170044,1,6.535765570579766e-06,2.621384706365409,8.667883698846408,1,1,0.74220078705043,1,1,fold_1
1269,sub11,rest2,10,70,0,1.222281263900062,0.7724647603138506,0.5,1,0.42414748668670654,0.6044752597808838,1,6.535765570579766e-06,2.621384706365409,8.667883698846408,1,1,0.7615160617846192,1,1,fold_1
1270,sub11,rest2,11,71,0,1.0851643758402485,0.7474700488316735,0.5,1,0.4362424612045288,0.6073632836341858,1,6.535765570579766e-06,2.621384706365409,8.667883698846408,1,1,0.7599485326148189,1,1,fold_1
1271,sub11,rest2,12,72,0,1.1781409455995864,0.7646133762083336,0.5,1,0.48816096782684326,0.6196731328964233,1,6.535765570579766e-06,2.621384706365409,8.667883698846408,1,1,0.7710405903544362,1,1,fold_1
1272,sub11,rest2,13,73,0,1.1957180505475584,0.7677621728044494,0.5,1,0.44775819778442383,0.6101061105728149,1,6.535765570579766e-06,2.621384706365409,8.667883698846408,1,1,0.7763607491806961,1,1,fold_1
1273,sub11,rest2,14,74,0,1.2700202949349642,0.7807462220505258,0.5,1,0.3713167905807495,0.5917771458625793,1,6.535765570579766e-06,2.621384706365409,8.667883698846408,1,1,0.7533998091969994,1,1,fold_1
1274,sub11,rest2,15,75,0,1.269013640566898,0.780573852687113,0.5,1,0.32120513916015625,0.5796179175376892,1,6.535765570579766e-06,2.621384706365409,8.667883698846408,1,1,0.7361772231451796,1,1,fold_1
1275,sub11,rest2,16,76,0,0.8419671221724916,0.6988793528533596,0.5,1,0.29881227016448975,0.5741521716117859,1,6.535765570579766e-06,2.621384706365409,8.667883698846408,1,1,0.7368390576934192,1,1,fold_1
1276,sub11,rest2,17,77,0,0.9899521141575931,0.7290784638950665,0.5,1,0.5346243381500244,0.6305609941482544,1,6.535765570579766e-06,2.621384706365409,8.667883698846408,1,1,0.7737518196566464,1,1,fold_1
1277,sub11,rest2,18,78,0,1.280643863665709,0.7825593563318316,0.5,1,0.5151104927062988,0.6260037422180176,1,6.535765570579766e-06,2.621384706365409,8.667883698846408,1,1,0.7893094297113565,1,1,fold_1
1278,sub11,rest2,19,79,0,1.447527607672127,0.8096176387430414,0.5,1,0.5866587162017822,0.6425980925559998,1,6.535765570579766e-06,2.621384706365409,8.667883698846408,1,1,0.7908368858372324,1,1,fold_1
1279,sub11,rest2,20,80,0,1.241076241153888,0.7757512940591964,0.5,1,0.5936126708984375,0.6441935896873474,1,6.535765570579766e-06,2.621384706365409,8.667883698846408,1,1,0.7793618054381172,1,1,fold_1
1280,sub11,rest2,21,81,0,1.3077817444005517,0.7871417247094594,0.5,1,0.39823222160339355,0.5982628464698792,1,6.535765570579766e-06,2.621384706365409,8.667883698846408,1,1,0.7732251633442678,1,1,fold_1
1281,sub11,rest2,22,82,0,1.2378663172462687,0.7751923975456954,0.5,1,0.3762725591659546,0.5929737687110901,1,6.535765570579766e-06,2.621384706365409,8.667883698846408,1,1,0.7719719228572087,1,1,fold_1
1282,sub11,rest2,23,83,0,1.1381584499713555,0.7573413677776487,0.5,1,0.34671783447265625,0.5858214497566223,1,6.535765570579766e-06,2.621384706365409,8.667883698846408,1,1,0.763198275737588,1,1,fold_1
1283,sub11,rest2,24,84,0,1.2854850297346077,0.7833820032482822,0.5,1,0.4011194705963135,0.5989566445350647,1,6.535765570579766e-06,2.621384706365409,8.667883698846408,1,1,0.7572479300007037,1,1,fold_1
1284,sub11,rest2,25,85,0,1.0926024134250751,0.7488714561868334,0.5,1,0.19836187362670898,0.5494284629821777,1,6.535765570579766e-06,2.621384706365409,8.667883698846408,1,1,0.7385439738515261,1,1,fold_1
1285,sub11,rest2,26,86,0,1.0433212271798438,0.7394903305669955,0.5,1,0.19892144203186035,0.5495670437812805,1,6.535765570579766e-06,2.621384706365409,8.667883698846408,1,1,0.7541623501741187,1,1,fold_1
1286,sub11,rest2,27,87,0,0.9808161826709962,0.7272701348007493,0.5,1,0.2294086217880249,0.5571019053459167,1,6.535765570579766e-06,2.621384706365409,8.667883698846408,1,1,0.7588453301831365,1,1,fold_1
1287,sub11,rest2,28,88,0,1.3597962755173127,0.7957265851546113,0.5,1,0.4582204818725586,0.6125919222831726,1,6.535765570579766e-06,2.621384706365409,8.667883698846408,1,1,0.7297545790199619,1,1,fold_1
1288,sub11,rest2,29,89,0,1.1175784662488264,0.753539270594049,0.5,1,0.3554997444152832,0.5879506468772888,1,6.535765570579766e-06,2.621384706365409,8.667883698846408,1,1,0.6776479303194357,1,1,fold_1
1289,sub11,rest2,30,90,0,0.5753549492175924,0.6399978813112251,0.5,1,0.200822114944458,0.5500374436378479,1,6.535765570579766e-06,2.621384706365409,8.667883698846408,1,1,0.6598066650659452,1,1,fold_1
1290,sub11,rest2,31,91,0,0.5727897203555367,0.639406639053033,0.5,1,0.2125692367553711,0.5529431104660034,1,6.535765570579766e-06,2.621384706365409,8.667883698846408,1,1,0.7049188824973447,1,1,fold_1
1291,sub11,rest2,32,92,0,0.8473715511569897,0.7000154748335776,0.5,1,0.1273975372314453,0.5318063497543335,1,6.535765570579766e-06,2.621384706365409,8.667883698846408,1,1,0.74531964965992,1,1,fold_1
1292,sub11,rest2,33,93,0,1.2386821127090928,0.7753345336054235,0.5,1,0.3982764482498169,0.598273515701294,1,6.535765570579766e-06,2.621384706365409,8.667883698846408,1,1,0.7730651423290059,1,1,fold_1
1293,sub11,rest2,34,94,0,1.1560209032052529,0.760608940540759,0.5,1,0.3858637809753418,0.5952865481376648,1,6.535765570579766e-06,2.621384706365409,8.667883698846408,1,1,0.7801621209360263,1,1,fold_1
1294,sub11,rest2,35,95,0,1.2847188171089696,0.7832519528408356,0.5,1,0.533302903175354,0.6302531957626343,1,6.535765570579766e-06,2.621384706365409,8.667883698846408,1,1,0.7925585278280939,1,1,fold_1
1295,sub11,rest2,36,96,0,1.3653353855486863,0.7966254694264847,0.5,1,0.6008188724517822,0.6458436250686646,1,6.535765570579766e-06,2.621384706365409,8.667883698846408,1,1,0.7962427448331263,1,1,fold_1
1296,sub11,rest2,37,97,0,1.3725892342240962,0.7977981612169612,0.5,1,0.6568524837493896,0.6585530042648315,1,6.535765570579766e-06,2.621384706365409,8.667883698846408,1,1,0.7818992961960033,1,1,fold_1
1297,sub11,rest2,38,98,0,1.3510706047405923,0.7943046038559332,0.5,1,0.6049895286560059,0.6467970013618469,1,6.535765570579766e-06,2.621384706365409,8.667883698846408,1,1,0.7583614107356688,1,1,fold_1
1298,sub11,rest2,39,99,0,1.1178792299293416,0.7535951235151153,0.5,1,0.34587550163269043,0.5856170654296875,1,6.535765570579766e-06,2.621384706365409,8.667883698846408,1,1,0.7135875545953497,1,1,fold_1
1299,sub11,rest2,40,100,0,0.9803845098439716,0.7271845048359576,0.5,1,0.25494158267974854,0.5633924603462219,1,6.535765570579766e-06,2.621384706365409,8.667883698846408,1,1,0.6880700471266771,1,1,fold_1
1300,sub11,rest2,41,101,0,0.6632186186587855,0.6599830354349763,0.5,1,0.23773932456970215,0.5591564178466797,1,6.535765570579766e-06,2.621384706365409,8.667883698846408,1,1,0.6649006652302214,1,1,fold_1
1301,sub11,rest2,42,102,0,0.7402137746928872,0.6770426011090973,0.5,1,0.3772552013397217,0.5932109355926514,1,6.535765570579766e-06,2.621384706365409,8.667883698846408,1,1,0.6690631873831477,1,1,fold_1
1302,sub11,rest2,43,103,0,0.6529563470538927,0.6576763591465907,0.5,1,0.4039187431335449,0.5996288061141968,1,6.535765570579766e-06,2.621384706365409,8.667883698846408,1,1,0.6945113776072923,1,1,fold_1
1303,sub11,rest2,44,104,0,0.719380579607797,0.6724706018937555,0.5,1,0.5253199338912964,0.628390908241272,1,6.535765570579766e-06,2.621384706365409,8.667883698846408,1,1,0.7349458747035597,1,1,fold_1
1304,sub11,rest2,45,105,0,1.1167596582833343,0.7533871717815306,0.5,1,0.5101900100708008,0.6248509883880615,1,6.535765570579766e-06,2.621384706365409,8.667883698846408,1,1,0.7628907532181883,1,1,fold_1
1305,sub11,rest2,46,106,0,1.25973130773753,0.7789798504353931,0.5,1,0.577133297920227,0.6404075026512146,1,6.535765570579766e-06,2.621384706365409,8.667883698846408,1,1,0.7569487552761472,1,1,fold_1
1306,sub11,rest2,47,107,0,1.1325285788494424,0.7563052374376413,0.5,1,0.8052973747253418,0.6911064982414246,1,6.535765570579766e-06,2.621384706365409,8.667883698846408,1,1,0.7568896085201642,1,1,fold_1
1307,sub11,rest2,48,108,0,1.0230237873842738,0.7355611779554072,0.5,1,0.7624998092651367,0.6818962097167969,1,6.535765570579766e-06,2.621384706365409,8.667883698846408,1,1,0.7486467769674466,1,1,fold_1
1308,sub11,rest2,49,109,0,1.2587009944983245,0.7788024101674438,0.5,1,0.6270372867584229,0.6518173813819885,1,6.535765570579766e-06,2.621384706365409,8.667883698846408,1,1,0.7414555524746594,1,1,fold_1
1309,sub11,rest2,50,110,0,1.0026370737942134,0.7315767427794887,0.5,1,0.3632528781890869,0.5898276567459106,1,6.535765570579766e-06,2.621384706365409,8.667883698846408,1,1,0.692531030412403,1,1,fold_1
1310,sub11,rest2,51,111,0,0.9148299609488728,0.713987504477046,0.5,1,0.5264701843261719,0.6286594867706299,1,6.535765570579766e-06,2.621384706365409,8.667883698846408,1,1,0.6864239239687762,1,1,fold_1
1311,sub11,rest2,52,112,0,0.540930477600589,0.6320288439806747,0.5,1,0.3902609348297119,0.5963454842567444,1,6.535765570579766e-06,2.621384706365409,8.667883698846408,1,1,0.6892660528306703,1,1,fold_1
1312,sub11,rest2,53,113,0,0.91124775159638,0.7132554234486078,0.5,1,0.42896008491516113,0.6056252717971802,1,6.535765570579766e-06,2.621384706365409,8.667883698846408,1,1,0.7421625218525284,1,1,fold_1
1313,sub11,rest2,54,114,0,0.9569657721363152,0.7225138910627282,0.5,1,0.39389026165008545,0.5972188115119934,1,6.535765570579766e-06,2.621384706365409,8.667883698846408,1,1,0.7679343373802779,1,1,fold_1
1314,sub11,rest2,55,115,0,1.3292602857104607,0.790718251046249,0.5,1,0.4581129550933838,0.6125664114952087,1,6.535765570579766e-06,2.621384706365409,8.667883698846408,1,1,0.7918495529361099,1,1,fold_1
1315,sub11,rest2,56,116,0,1.32836990443319,0.7905708700318567,0.5,1,0.5103678703308105,0.6248926520347595,1,6.535765570579766e-06,2.621384706365409,8.667883698846408,1,1,0.791645024568739,1,1,fold_1
1316,sub11,rest2,57,117,0,1.3507947989869658,0.7942595377302244,0.5,1,0.5090848207473755,0.6245919466018677,1,6.535765570579766e-06,2.621384706365409,8.667883698846408,1,1,0.7818227923586197,1,1,fold_1
1317,sub11,rest2,58,118,0,1.3255564280096155,0.7901046659441355,0.5,1,0.6813540458679199,0.6640408635139465,1,6.535765570579766e-06,2.621384706365409,8.667883698846408,1,1,0.7707710042490449,1,1,fold_1
1318,sub11,rest2,59,119,0,1.1587426537006933,0.7611041734014995,0.5,1,0.8008699417114258,0.6901605129241943,1,6.535765570579766e-06,2.621384706365409,8.667883698846408,1,1,0.7611041734014995,1,1,fold_1
1559,sub14,rest1,0,0,0,-0.6697912831816542,0.33854357755967035,0.5,0,-0.541779100894928,0.3677738308906555,1,4.731689420937202e-06,2.0048243728168815,3.8666211295542103,0,1,0.3418867110353352,0,1,fold_1
1560,sub14,rest1,1,1,0,-0.8131062231437162,0.30722897366034546,0.5,0,-0.6741284132003784,0.3375730514526367,1,4.731689420937202e-06,2.0048243728168815,3.8666211295542103,0,1,0.3562513278692106,0,1,fold_1
1561,sub14,rest1,2,2,0,-0.4900254093316036,0.37988758188598964,0.5,0,-0.6038515567779541,0.3534630239009857,1,4.731689420937202e-06,2.0048243728168815,3.8666211295542103,0,1,0.4088509975683241,0,1,fold_1
1562,sub14,rest1,3,3,0,-0.4826039547236565,0.38163742806129675,0.5,0,-0.5682730078697205,0.3616354167461395,1,4.731689420937202e-06,2.0048243728168815,3.8666211295542103,0,1,0.39429420438475304,0,1,fold_1
1563,sub14,rest1,4,4,0,-0.14011685955786585,0.4650279827576861,0.5,0,-0.5621475577354431,0.3630506992340088,1,4.731689420937202e-06,2.0048243728168815,3.8666211295542103,0,1,0.36140328488489654,0,1,fold_1
1564,sub14,rest1,5,5,0,-0.6801975973775133,0.3362172023352764,0.5,0,-0.7221938967704773,0.3269100487232208,1,4.731689420937202e-06,2.0048243728168815,3.8666211295542103,0,1,0.27671771757519786,0,1,fold_1
1565,sub14,rest1,6,6,0,-0.9298030674411238,0.28296466956172706,0.5,0,-0.7428013682365417,0.3223918676376343,1,4.731689420937202e-06,2.0048243728168815,3.8666211295542103,0,1,0.23034940315863153,0,1,fold_1
1566,sub14,rest1,7,7,0,-1.3190807052450475,0.21097128082859004,0.5,0,-0.6925091743469238,0.33347511291503906,1,4.731689420937202e-06,2.0048243728168815,3.8666211295542103,0,1,0.20536622025110549,0,1,fold_1
1567,sub14,rest1,8,8,0,-1.40444149505237,0.19711225908557753,0.5,0,-0.7538600564002991,0.31998080015182495,1,4.731689420937202e-06,2.0048243728168815,3.8666211295542103,0,1,0.20526027231396252,0,1,fold_1
1568,sub14,rest1,9,9,0,-1.3369315262624206,0.20801512083914886,0.5,0,-0.7229064702987671,0.32675328850746155,1,4.731689420937202e-06,2.0048243728168815,3.8666211295542103,0,1,0.2164701462608987,0,1,fold_1
1569,sub14,rest1,10,10,0,-1.3209911631933828,0.21065343701716124,0.5,0,-0.7091325521469116,0.32979056239128113,1,4.731689420937202e-06,2.0048243728168815,3.8666211295542103,0,1,0.2125102084121054,0,1,fold_1
1570,sub14,rest1,11,11,0,-1.2041268814988124,0.23074188092638603,0.5,0,-0.5851364731788635,0.3577515184879303,1,4.731689420937202e-06,2.0048243728168815,3.8666211295542103,0,1,0.20251913050436957,0,1,fold_1
1571,sub14,rest1,12,12,0,-1.410626197979847,0.19613530729276898,0.5,0,-0.5755391120910645,0.3599596619606018,1,4.731689420937202e-06,2.0048243728168815,3.8666211295542103,0,1,0.18706826399044285,0,1,fold_1
1572,sub14,rest1,13,13,0,-1.511745843861187,0.1806802032939537,0.5,0,-0.7097653150558472,0.3296507000923157,1,4.731689420937202e-06,2.0048243728168815,3.8666211295542103,0,1,0.1792913969838178,0,1,fold_1
1573,sub14,rest1,14,14,0,-1.486887998162658,0.18438928138460586,0.5,0,-0.7396748065948486,0.3230752646923065,1,4.731689420937202e-06,2.0048243728168815,3.8666211295542103,0,1,0.17282587244189232,0,1,fold_1
1574,sub14,rest1,15,15,0,-1.565878722961891,0.17280470627289377,0.5,0,-0.7998988628387451,0.3100471496582031,1,4.731689420937202e-06,2.0048243728168815,3.8666211295542103,0,1,0.15911218122468238,0,1,fold_1
1575,sub14,rest1,16,16,0,-1.6487081024848467,0.16128362966817733,0.5,0,-0.7879277467727661,0.3126137852668762,1,4.731689420937202e-06,2.0048243728168815,3.8666211295542103,0,1,0.1602569298621341,0,1,fold_1
1576,sub14,rest1,17,17,1,-1.7595799286887595,0.14684295857215132,0.5,0,-0.7854617238044739,0.3131439685821533,1,4.731689420937202e-06,2.0048243728168815,3.8666211295542103,0,1,,,,fold_1
1577,sub14,rest1,18,18,0,-1.788569408635595,0.143248207732976,0.5,0,-0.857744038105011,0.2978108823299408,1,4.731689420937202e-06,2.0048243728168815,3.8666211295542103,0,1,0.1859329127064672,0,1,fold_1
1578,sub14,rest1,19,19,0,-1.5420397402471582,0.176238952185249,0.5,0,-0.788167417049408,0.3125622868537903,1,4.731689420937202e-06,2.0048243728168815,3.8666211295542103,0,1,0.2334994080485513,0,1,fold_1
1579,sub14,rest1,20,20,0,-1.1619586072042256,0.23831157820117663,0.5,0,-0.7407369017601013,0.3228430151939392,1,4.731689420937202e-06,2.0048243728168815,3.8666211295542103,0,1,0.2503240628191877,0,1,fold_1
1580,sub14,rest1,21,21,0,-0.9151473125567607,0.28594769375922824,0.5,0,-0.6630628108978271,0.34005194902420044,1,4.731689420937202e-06,2.0048243728168815,3.8666211295542103,0,1,0.2756090266977239,0,1,fold_1
1581,sub14,rest1,22,22,0,-1.2269658363306757,0.22671291649715808,0.5,0,-0.7606286406517029,0.3185098171234131,1,4.731689420937202e-06,2.0048243728168815,3.8666211295542103,0,1,0.25666553359197064,0,1,fold_1
1582,sub14,rest1,23,23,0,-0.7807119267371764,0.3141664698367854,0.5,0,-0.6601807475090027,0.3406990170478821,1,4.731689420937202e-06,2.0048243728168815,3.8666211295542103,0,1,0.29193245867129175,0,1,fold_1
1583,sub14,rest1,24,24,0,-1.2133026068378026,0.22911721444196842,0.5,0,-0.738267183303833,0.3233831822872162,1,4.731689420937202e-06,2.0048243728168815,3.8666211295542103,0,1,0.30929515027796,0,1,fold_1
1584,sub14,rest1,25,25,1,-0.6990731170263776,0.3320177617451678,0.5,0,-0.6177811622619629,0.3502862751483917,1,4.731689420937202e-06,2.0048243728168815,3.8666211295542103,0,1,,,,fold_1
1585,sub14,rest1,26,26,0,-0.6968378407024497,0.3325136917351214,0.5,0,-0.4762628674507141,0.38313496112823486,1,4.731689420937202e-06,2.0048243728168815,3.8666211295542103,0,1,0.3419330081220608,0,1,fold_1
1586,sub14,rest1,27,27,0,-0.5483188149500883,0.36625454465679025,0.5,0,-0.48706865310668945,0.38058438897132874,1,4.731689420937202e-06,2.0048243728168815,3.8666211295542103,0,1,0.3220494192255891,0,1,fold_1
1587,sub14,rest1,28,28,0,-0.7216452619451431,0.3270307879742707,0.5,0,-0.5868932008743286,0.3573480248451233,1,4.731689420937202e-06,2.0048243728168815,3.8666211295542103,0,1,0.31052684318171025,0,1,fold_1
1588,sub14,rest1,29,29,0,-0.9801454455005592,0.2728629250457063,0.5,0,-0.7103753685951233,0.32951590418815613,1,4.731689420937202e-06,2.0048243728168815,3.8666211295542103,0,1,0.3089493823040091,0,1,fold_1
1589,sub14,rest1,30,30,0,-0.7005657012166172,0.3316868165251536,0.5,0,-0.5830750465393066,0.35822534561157227,1,4.731689420937202e-06,2.0048243728168815,3.8666211295542103,0,1,0.35589886879173643,0,1,fold_1
1590,sub14,rest1,31,31,0,-0.7432292241224154,0.32229840534116755,0.5,0,-0.6538366675376892,0.34212547540664673,1,4.731689420937202e-06,2.0048243728168815,3.8666211295542103,0,1,0.4516721845241394,0,1,fold_1
1591,sub14,rest1,32,32,0,-0.34864359438920245,0.4137113845088882,0.5,0,-0.569911539554596,0.3612572252750397,1,4.731689420937202e-06,2.0048243728168815,3.8666211295542103,0,1,0.5364498926789829,1,0,fold_1
1592,sub14,rest1,33,33,0,0.48533457706148186,0.6190067637223623,0.5,1,-0.47371697425842285,0.38373684883117676,1,4.731689420937202e-06,2.0048243728168815,3.8666211295542103,0,0,0.5211794134443313,1,0,fold_1
1593,sub14,rest1,34,34,1,0.759559138449666,0.6812580103231759,0.5,0,-0.4240133762359619,0.39555680751800537,1,4.731689420937202e-06,2.0048243728168815,3.8666211295542103,0,1,,,,fold_1
1594,sub14,rest1,35,35,0,0.3089605781954109,0.5766315298056984,0.5,1,-0.5951502323150635,0.3554539978504181,1,4.731689420937202e-06,2.0048243728168815,3.8666211295542103,0,0,0.37293154767384046,0,1,fold_1
1595,sub14,rest1,36,36,0,-0.5412366761147289,0.367899946804933,0.5,0,-0.6831684708595276,0.3355545103549957,1,4.731689420937202e-06,2.0048243728168815,3.8666211295542103,0,1,0.2842710710611505,0,1,fold_1
1596,sub14,rest1,37,37,0,-1.5557095121028128,0.17426316641089007,0.5,0,-0.7009864449501038,0.3315935432910919,1,4.731689420937202e-06,2.0048243728168815,3.8666211295542103,0,1,0.25684863387743867,0,1,fold_1
1597,sub14,rest1,38,38,0,-0.7970817812892689,0.31065009996762855,0.5,0,-0.5607051849365234,0.36338430643081665,1,4.731689420937202e-06,2.0048243728168815,3.8666211295542103,0,1,0.29690746394176054,0,1,fold_1
1598,sub14,rest1,39,39,0,-0.916690853439501,0.28563263525379745,0.5,0,-0.49092239141464233,0.37967631220817566,1,4.731689420937202e-06,2.0048243728168815,3.8666211295542103,0,1,0.2481536992893304,0,1,fold_1
1599,sub14,rest1,40,40,0,-0.8739182195221245,0.29443965660385557,0.5,0,-0.5654112100601196,0.36229634284973145,1,4.731689420937202e-06,2.0048243728168815,3.8666211295542103,0,1,0.20499467478140362,0,1,fold_1
1600,sub14,rest1,41,41,0,-1.6259290355997982,0.16438880601033812,0.5,0,-0.7139475345611572,0.3287271559238434,1,4.731689420937202e-06,2.0048243728168815,3.8666211295542103,0,1,0.15485496199158777,0,1,fold_1
1601,sub14,rest1,42,42,1,-1.609947971307753,0.166595837200372,0.5,0,-0.7184906005859375,0.32772544026374817,1,4.731689420937202e-06,2.0048243728168815,3.8666211295542103,0,1,,,,fold_1
1602,sub14,rest1,43,43,0,-1.6871154617995656,0.1561555617300171,0.5,0,-0.6616268157958984,0.34037426114082336,1,4.731689420937202e-06,2.0048243728168815,3.8666211295542103,0,1,0.15185042364968723,0,1,fold_1
1603,sub14,rest1,44,44,0,-1.7822906287899178,0.14402051823440812,0.5,0,-0.6283807754516602,0.34787777066230774,1,4.731689420937202e-06,2.0048243728168815,3.8666211295542103,0,1,0.15777785504723,0,1,fold_1
1604,sub14,rest1,45,45,0,-1.6930497367394135,0.15537519098463654,0.5,0,-0.7027823328971863,0.3311956524848938,1,4.731689420937202e-06,2.0048243728168815,3.8666211295542103,0,1,0.16764650423803015,0,1,fold_1
1605,sub14,rest1,46,46,0,-1.5579719200999782,0.1739378559226453,0.5,0,-0.6988637447357178,0.3320641815662384,1,4.731689420937202e-06,2.0048243728168815,3.8666211295542103,0,1,0.1757645720546249,0,1,fold_1
1606,sub14,rest1,47,47,0,-1.5601406484622429,0.17362646580680863,0.5,0,-0.7602207064628601,0.31859835982322693,1,4.731689420937202e-06,2.0048243728168815,3.8666211295542103,0,1,0.17706083388936886,0,1,fold_1
1607,sub14,rest1,48,48,0,-1.5181819371542398,0.17972939443442065,0.5,0,-0.7272079586982727,0.32580772042274475,1,4.731689420937202e-06,2.0048243728168815,3.8666211295542103,0,1,0.18128516992111562,0,1,fold_1
1608,sub14,rest1,49,49,0,-1.5311421201763737,0.1778266414268773,0.5,0,-0.696494996547699,0.3325898051261902,1,4.731689420937202e-06,2.0048243728168815,3.8666211295542103,0,1,0.17281779997819466,0,1,fold_1
1609,sub14,rest1,50,50,0,-1.4742369405779965,0.18629947390204896,0.5,0,-0.6807457208633423,0.33609485626220703,1,4.731689420937202e-06,2.0048243728168815,3.8666211295542103,0,1,0.16971864354357022,0,1,fold_1
1610,sub14,rest1,51,51,0,-1.7010568514899636,0.15432728460565764,0.5,0,-0.7311012148857117,0.3249531090259552,1,4.731689420937202e-06,2.0048243728168815,3.8666211295542103,0,1,0.16408734507499786,0,1,fold_1
1611,sub14,rest1,52,52,0,-1.5960873511518485,0.16852917212300403,0.5,0,-0.7288900017738342,0.32543835043907166,1,4.731689420937202e-06,2.0048243728168815,3.8666211295542103,0,1,0.16949592254576876,0,1,fold_1
1612,sub14,rest1,53,53,0,-1.5898459023624905,0.16940557849633184,0.5,0,-0.6876910924911499,0.33454689383506775,1,4.731689420937202e-06,2.0048243728168815,3.8666211295542103,0,1,0.1676032417029687,0,1,fold_1
1613,sub14,rest1,54,54,0,-1.5817129945193644,0.17055301701797046,0.5,0,-0.6551161408424377,0.3418375849723816,1,4.731689420937202e-06,2.0048243728168815,3.8666211295542103,0,1,0.17487911705074796,0,1,fold_1
1614,sub14,rest1,55,55,0,-1.637165448458435,0.16285112959460374,0.5,0,-0.7843599915504456,0.3133809566497803,1,4.731689420937202e-06,2.0048243728168815,3.8666211295542103,0,1,0.24317442523680408,0,1,fold_1
1615,sub14,rest1,56,56,0,-1.4420169633339341,0.1912332045396696,0.5,0,-0.8414254188537598,0.3012346625328064,1,4.731689420937202e-06,2.0048243728168815,3.8666211295542103,0,1,0.3518318048299988,0,1,fold_1
1616,sub14,rest1,57,57,0,-0.5089532441554577,0.3754389415761389,0.5,0,-0.6530461311340332,0.34230342507362366,1,4.731689420937202e-06,2.0048243728168815,3.8666211295542103,0,1,0.4721809972572983,0,1,fold_1
1617,sub14,rest1,58,58,0,-0.04471437508223777,0.48882326837418794,0.5,0,-0.2698359489440918,0.4329473674297333,1,4.731689420937202e-06,2.0048243728168815,3.8666211295542103,0,1,0.5311282773391081,1,0,fold_1
1618,sub14,rest1,59,59,0,0.20989028888157854,0.552280781821568,0.5,1,-0.027019977569580078,0.4932454228401184,1,4.731689420937202e-06,2.0048243728168815,3.8666211295542103,0,0,0.552280781821568,1,0,fold_1
1619,sub14,rest2,0,60,0,-0.5608810141821319,0.36334363455287405,0.5,0,-0.6185348033905029,0.35011476278305054,1,4.731689420937202e-06,2.0048243728168815,3.8666211295542103,1,0,0.6478136574457976,1,1,fold_1
1620,sub14,rest2,1,61,0,1.227432834996338,0.7733689445373212,0.5,1,-0.35369229316711426,0.41248732805252075,1,4.731689420937202e-06,2.0048243728168815,3.8666211295542103,1,1,0.8042669625513543,1,1,fold_1
1621,sub14,rest2,2,62,0,1.4288905596328807,0.8067283932471974,0.5,1,-0.26871752738952637,0.4332219362258911,1,4.731689420937202e-06,2.0048243728168815,3.8666211295542103,1,1,0.7511874303867486,1,1,fold_1
1622,sub14,rest2,3,63,0,1.6049103071350599,0.8327035498695445,0.5,1,-0.2169574499130249,0.44597241282463074,1,4.731689420937202e-06,2.0048243728168815,3.8666211295542103,1,1,0.6373786739589732,1,1,fold_1
1623,sub14,rest2,4,64,0,0.4647075756434787,0.6141303480435041,0.5,1,-0.38522768020629883,0.40486666560173035,1,4.731689420937202e-06,2.0048243728168815,3.8666211295542103,1,1,0.46850171148866715,0,0,fold_1
1624,sub14,rest2,5,65,0,-0.13901494613399507,0.46530212396387083,0.5,0,-0.6385639309883118,0.34557124972343445,1,4.731689420937202e-06,2.0048243728168815,3.8666211295542103,1,0,0.4855002141029872,0,0,fold_1
1625,sub14,rest2,6,66,0,-0.7260020497909253,0.32607266245862654,0.5,0,-0.6643715500831604,0.3397583067417145,1,4.731689420937202e-06,2.0048243728168815,3.8666211295542103,1,0,0.5828765457072939,1,1,fold_1
1626,sub14,rest2,7,67,0,0.6862215076982726,0.6651258558864644,0.5,1,-0.5684844255447388,0.3615866005420685,1,4.731689420937202e-06,2.0048243728168815,3.8666211295542103,1,1,0.7101118992854775,1,1,fold_1
1627,sub14,rest2,8,68,0,1.1386468846157591,0.7574311187767908,0.5,1,-0.48616403341293335,0.3807976543903351,1,4.731689420937202e-06,2.0048243728168815,3.8666211295542103,1,1,0.5723117204996732,1,1,fold_1
1628,sub14,rest2,9,69,0,0.8846201944123048,0.7077787231931771,0.5,1,-0.5418212413787842,0.36776402592658997,1,4.731689420937202e-06,2.0048243728168815,3.8666211295542103,1,1,0.4979306470168767,0,0,fold_1
1629,sub14,rest2,10,70,0,-1.089431639288194,0.25172531952905164,0.5,0,-0.5494147539138794,0.3660002052783966,1,4.731689420937202e-06,2.0048243728168815,3.8666211295542103,1,0,0.5052732274058434,1,1,fold_1
1630,sub14,rest2,11,71,0,0.13736719349310755,0.5342878983284013,0.5,1,-0.5892252922058105,0.35681262612342834,1,4.731689420937202e-06,2.0048243728168815,3.8666211295542103,1,1,0.6848351083719812,1,1,fold_1
1631,sub14,rest2,12,72,0,0.9936408807903767,0.7298064643600772,0.5,1,-0.48632848262786865,0.3807588517665863,1,4.731689420937202e-06,2.0048243728168815,3.8666211295542103,1,1,0.6419910968480292,1,1,fold_1
1632,sub14,rest2,13,73,0,1.327404366384072,0.7904109624274653,0.5,1,-0.5058836340904236,0.3761589825153351,1,4.731689420937202e-06,2.0048243728168815,3.8666211295542103,1,1,0.5010937825435545,1,1,fold_1
1633,sub14,rest2,14,74,0,-0.38153858076140096,0.4057558637565454,0.5,0,-0.6614271998405457,0.34041905403137207,1,4.731689420937202e-06,2.0048243728168815,3.8666211295542103,1,0,0.3675532618787669,0,0,fold_1
1634,sub14,rest2,15,75,0,-0.8136440188655923,0.30711452144665297,0.5,0,-0.6377903819084167,0.3457462191581726,1,4.731689420937202e-06,2.0048243728168815,3.8666211295542103,1,0,0.49915596204609286,0,0,fold_1
1635,sub14,rest2,16,76,0,-0.4481975483932828,0.38978940043310245,0.5,0,-0.5782822370529175,0.35932791233062744,1,4.731689420937202e-06,2.0048243728168815,3.8666211295542103,1,0,0.6553851962724961,1,1,fold_1
1636,sub14,rest2,17,77,0,1.389822872557111,0.800563964258523,0.5,1,-0.29205381870269775,0.4275011420249939,1,4.731689420937202e-06,2.0048243728168815,3.8666211295542103,1,1,0.7662809215962424,1,1,fold_1
1637,sub14,rest2,18,78,0,1.241369031569294,0.7758022241258629,0.5,1,-0.25406062602996826,0.43682432174682617,1,4.731689420937202e-06,2.0048243728168815,3.8666211295542103,1,1,0.5797945551947663,1,1,fold_1
1638,sub14,rest2,19,79,0,0.9567796602814904,0.7224765764043409,0.5,1,-0.3280909061431885,0.41870519518852234,1,4.731689420937202e-06,2.0048243728168815,3.8666211295542103,1,1,0.39042453318090686,0,0,fold_1
1639,sub14,rest2,20,80,0,-1.1466316421666152,0.24110486505409512,0.5,0,-0.5400260090827942,0.3681815266609192,1,4.731689420937202e-06,2.0048243728168815,3.8666211295542103,1,0,0.21404166999100535,0,0,fold_1
1640,sub14,rest2,21,81,0,-1.338893031386134,0.20769215808428465,0.5,0,-0.6375713348388672,0.34579575061798096,1,4.731689420937202e-06,2.0048243728168815,3.8666211295542103,1,0,0.19889322511927943,0,0,fold_1
1641,sub14,rest2,22,82,0,-1.4285289981652425,0.19332798683463623,0.5,0,-0.622747540473938,0.34915682673454285,1,4.731689420937202e-06,2.0048243728168815,3.8666211295542103,1,0,0.3054143767332848,0,0,fold_1
1642,sub14,rest2,23,83,0,-1.4136465900008237,0.1956595304389174,0.5,0,-0.6237806677818298,0.34892210364341736,1,4.731689420937202e-06,2.0048243728168815,3.8666211295542103,1,0,0.5079447637900238,1,1,fold_1
1643,sub14,rest2,24,84,0,0.10913063042518478,0.5272556129263009,0.5,1,-0.6338245868682861,0.3466438055038452,1,4.731689420937202e-06,2.0048243728168815,3.8666211295542103,1,1,0.7238326316696545,1,1,fold_1
1644,sub14,rest2,25,85,0,1.392048969509911,0.8009191480048533,0.5,1,-0.16720402240753174,0.45829612016677856,1,4.731689420937202e-06,2.0048243728168815,3.8666211295542103,1,1,0.775603795080367,1,1,fold_1
1645,sub14,rest2,26,86,0,1.6831646934534583,0.8433231340778089,0.5,1,0.03317379951477051,0.5082926750183105,1,4.731689420937202e-06,2.0048243728168815,3.8666211295542103,1,1,0.6218108399600889,1,1,fold_1
1646,sub14,rest2,27,87,0,0.765603625081744,0.6825691031584387,0.5,1,-0.3599379062652588,0.4109745919704437,1,4.731689420937202e-06,2.0048243728168815,3.8666211295542103,1,1,0.44481424043101514,0,0,fold_1
1647,sub14,rest2,28,88,0,-0.6653435411822087,0.3395402826440192,0.5,0,-0.5440317988395691,0.3672501742839813,1,4.731689420937202e-06,2.0048243728168815,3.8666211295542103,1,0,0.4343809422522143,0,0,fold_1
1648,sub14,rest2,29,89,0,-0.7892332207888683,0.3123333354905876,0.5,0,-0.6091117858886719,0.35226184129714966,1,4.731689420937202e-06,2.0048243728168815,3.8666211295542103,1,0,0.5613716389275073,1,1,fold_1
1649,sub14,rest2,30,90,0,0.6246228345050793,0.6512692086220363,0.5,1,-0.4597305655479431,0.38704973459243774,1,4.731689420937202e-06,2.0048243728168815,3.8666211295542103,1,1,0.709505392146359,1,1,fold_1
1650,sub14,rest2,31,91,0,0.9470045631705809,0.7205123726698979,0.5,1,-0.22019445896148682,0.4451727271080017,1,4.731689420937202e-06,2.0048243728168815,3.8666211295542103,1,1,0.7096371753963154,1,1,fold_1
1651,sub14,rest2,32,92,0,1.1348595427366721,0.7567345951471428,0.5,1,-0.1746128797531128,0.45645734667778015,1,4.731689420937202e-06,2.0048243728168815,3.8666211295542103,1,1,0.7430823035448388,1,1,fold_1
1652,sub14,rest2,33,93,0,0.6263640202778634,0.6516645583719052,0.5,1,-0.46008068323135376,0.38696667551994324,1,4.731689420937202e-06,2.0048243728168815,3.8666211295542103,1,1,0.7614522156957487,1,1,fold_1
1653,sub14,rest2,34,94,0,1.5221016930816176,0.8208477571154688,0.5,1,-0.2940126657485962,0.4270217716693878,1,4.731689420937202e-06,2.0048243728168815,3.8666211295542103,1,1,0.7902287937560621,1,1,fold_1
1654,sub14,rest2,35,95,0,1.4620389683179966,0.8118443315998722,0.5,1,-0.1820058822631836,0.4546237289905548,1,4.731689420937202e-06,2.0048243728168815,3.8666211295542103,1,1,0.6302667800526752,1,1,fold_1
1655,sub14,rest2,36,96,0,1.0355698032290654,0.7379942925528454,0.5,1,-0.27819669246673584,0.43089592456817627,1,4.731689420937202e-06,2.0048243728168815,3.8666211295542103,1,1,0.4150706158387146,0,0,fold_1
1656,sub14,rest2,37,97,0,-0.6590114256873626,0.3409617160053078,0.5,0,-0.44126927852630615,0.3914385437965393,1,4.731689420937202e-06,2.0048243728168815,3.8666211295542103,1,0,0.241026900717944,0,0,fold_1
1657,sub14,rest2,38,98,0,-1.612398793486306,0.16625583895799068,0.5,0,-0.6476714611053467,0.34351447224617004,1,4.731689420937202e-06,2.0048243728168815,3.8666211295542103,1,0,0.35593525181267793,0,0,fold_1
1658,sub14,rest2,39,99,0,-1.2899389332046962,0.2158631471905336,0.5,0,-0.6626116037368774,0.34015321731567383,1,4.731689420937202e-06,2.0048243728168815,3.8666211295542103,1,0,0.5590282469853304,1,1,fold_1
1659,sub14,rest2,40,100,0,0.7800308801967792,0.6856867692895096,0.5,1,-0.4456847310066223,0.39038723707199097,1,4.731689420937202e-06,2.0048243728168815,3.8666211295542103,1,1,0.7322097713714327,1,1,fold_1
1660,sub14,rest2,41,101,0,1.2398323124547173,0.7755348244759481,0.5,1,-0.42558807134628296,0.395180344581604,1,4.731689420937202e-06,2.0048243728168815,3.8666211295542103,1,1,0.6021371466889259,1,1,fold_1
1661,sub14,rest2,42,102,0,1.0222349931528278,0.7354077203488405,0.5,1,-0.5067558288574219,0.3759543299674988,1,4.731689420937202e-06,2.0048243728168815,3.8666211295542103,1,1,0.4368305570912902,0,0,fold_1
1662,sub14,rest2,43,103,0,-0.8689689120440124,0.29546889524198905,0.5,0,-0.7108412981033325,0.32941296696662903,1,4.731689420937202e-06,2.0048243728168815,3.8666211295542103,1,0,0.2991908269672638,0,0,fold_1
1663,sub14,rest2,44,104,0,-0.9463718578919894,0.27961505568304096,0.5,0,-0.6168703436851501,0.35049358010292053,1,4.731689420937202e-06,2.0048243728168815,3.8666211295542103,1,0,0.4198974786238598,0,0,fold_1
1664,sub14,rest2,45,105,0,-0.7423589128943334,0.3224885299767613,0.5,0,-0.5663864612579346,0.36207103729248047,1,4.731689420937202e-06,2.0048243728168815,3.8666211295542103,1,0,0.5607608017977354,1,1,fold_1
1665,sub14,rest2,46,106,0,0.6525676809529343,0.657588850211777,0.5,1,-0.42360615730285645,0.39565417170524597,1,4.731689420937202e-06,2.0048243728168815,3.8666211295542103,1,1,0.6719912644628931,1,1,fold_1
1666,sub14,rest2,47,107,0,0.8578201744015773,0.7022050252046677,0.5,1,-0.4215620756149292,0.39614301919937134,1,4.731689420937202e-06,2.0048243728168815,3.8666211295542103,1,1,0.5496591751583384,1,1,fold_1
1667,sub14,rest2,48,108,0,0.6463165133508795,0.6561799179722347,0.5,1,-0.5706514120101929,0.36108654737472534,1,4.731689420937202e-06,2.0048243728168815,3.8666211295542103,1,1,0.3957513528886323,0,0,fold_1
1668,sub14,rest2,49,109,0,-0.8925077732492624,0.29059258229811286,0.5,0,-0.6480183601379395,0.34343624114990234,1,4.731689420937202e-06,2.0048243728168815,3.8666211295542103,1,0,0.2939751824293733,0,0,fold_1
1669,sub14,rest2,50,110,0,-1.150041196646812,0.24048155839554924,0.5,0,-0.6879795789718628,0.33448269963264465,1,4.731689420937202e-06,2.0048243728168815,3.8666211295542103,1,0,0.3341012163765267,0,0,fold_1
1670,sub14,rest2,51,111,0,-0.6152988571837295,0.3508514065944578,0.5,0,-0.5076615810394287,0.3757418692111969,1,4.731689420937202e-06,2.0048243728168815,3.8666211295542103,1,0,0.3758439516170003,0,0,fold_1
1671,sub14,rest2,52,112,0,-0.35995407084707515,0.410970684139573,0.5,0,-0.556125283241272,0.36444446444511414,1,4.731689420937202e-06,2.0048243728168815,3.8666211295542103,1,0,0.41296819678704644,0,0,fold_1
1672,sub14,rest2,53,113,0,-0.5506666103907616,0.36570976411697015,0.5,0,-0.6149563193321228,0.3509294390678406,1,4.731689420937202e-06,2.0048243728168815,3.8666211295542103,1,0,0.4139313820865318,0,0,fold_1
1673,sub14,rest2,54,114,0,-0.15139192283673966,0.4622241421045963,0.5,0,-0.4371388554573059,0.3924229145050049,1,4.731689420937202e-06,2.0048243728168815,3.8666211295542103,1,0,0.42563222863387207,0,0,fold_1
1674,sub14,rest2,55,115,0,-0.3480299269877993,0.41386024003802896,0.5,0,-0.44274985790252686,0.3910859525203705,1,4.731689420937202e-06,2.0048243728168815,3.8666211295542103,1,0,0.3577848636671177,0,0,fold_1
1675,sub14,rest2,56,116,0,-0.40208165104806043,0.40081230375899096,0.5,0,-0.5324309468269348,0.3699500858783722,1,4.731689420937202e-06,2.0048243728168815,3.8666211295542103,1,0,0.3119757840091706,0,0,fold_1
1676,sub14,rest2,57,117,0,-1.0528299287701137,0.2586820472043332,0.5,0,-0.5641040802001953,0.36259838938713074,1,4.731689420937202e-06,2.0048243728168815,3.8666211295542103,1,0,0.27271089642494145,0,0,fold_1
1677,sub14,rest2,58,118,0,-0.9622246649018491,0.2764330010641875,0.5,0,-0.4977625608444214,0.37806662917137146,1,4.731689420937202e-06,2.0048243728168815,3.8666211295542103,1,0,0.2808227610255983,0,0,fold_1
1678,sub14,rest2,59,119,0,-0.9295420049712184,0.2830176410063037,0.5,0,-0.3919193744659424,0.4032553434371948,1,4.731689420937202e-06,2.0048243728168815,3.8666211295542103,1,0,0.2830176410063037,0,0,fold_1
479,sub5,rest1,0,0,0,-1.4165046042944636,0.19521013626360662,0.5,0,-0.5255882143974304,0.3715464472770691,1,4.572309097596693e-06,2.638633046221043,7.321748658889755,0,1,0.20646825451759332,0,1,fold_2
480,sub5,rest1,1,1,0,-1.607263686195616,0.16696886142733602,0.5,0,-0.6492232084274292,0.3431645929813385,1,4.572309097596693e-06,2.638633046221043,7.321748658889755,0,1,0.23090622223213608,0,1,fold_2
481,sub5,rest1,2,2,0,-1.060437975736729,0.2572257658618374,0.5,0,-0.35346412658691406,0.4125426411628723,1,4.572309097596693e-06,2.638633046221043,7.321748658889755,0,1,0.29098228845079716,0,1,fold_2
482,sub5,rest1,3,3,0,-1.0021239145682805,0.2685240394072348,0.5,0,-0.18779170513153076,0.45318958163261414,1,4.572309097596693e-06,2.638633046221043,7.321748658889755,0,1,0.30948597598564037,0,1,fold_2
483,sub5,rest1,4,4,0,-0.631382791940208,0.3471970600833193,0.5,0,0.03875875473022461,0.5096884965896606,1,4.572309097596693e-06,2.638633046221043,7.321748658889755,0,1,0.331418146548572,0,1,fold_2
484,sub5,rest1,5,5,0,-0.7873552591806727,0.31273682846636697,0.5,0,-0.13361096382141113,0.46664685010910034,1,4.572309097596693e-06,2.638633046221043,7.321748658889755,0,1,0.31918574725403404,0,1,fold_2
485,sub5,rest1,6,6,0,-0.6887079801754399,0.3343205510960298,0.5,0,-0.2136843204498291,0.4467812776565552,1,4.572309097596693e-06,2.638633046221043,7.321748658889755,0,1,0.29757117285441775,0,1,fold_2
486,sub5,rest1,7,7,0,-0.7977834395165678,0.3104998621997052,0.5,0,-0.2857447862625122,0.4290459156036377,1,4.572309097596693e-06,2.638633046221043,7.321748658889755,0,1,0.2502714707257904,0,1,fold_2
487,sub5,rest1,8,8,0,-1.1098808349995408,0.24789310526751834,0.5,0,-0.3030902147293091,0.4248022437095642,1,4.572309097596693e-06,2.638633046221043,7.321748658889755,0,1,0.21117562105599494,0,1,fold_2
488,sub5,rest1,9,9,0,-1.4343523414449468,0.1924214447101476,0.5,0,-0.5192340016365051,0.3730313777923584,1,4.572309097596693e-06,2.638633046221043,7.321748658889755,0,1,0.21811995441814477,0,1,fold_2
489,sub5,rest1,10,10,0,-1.4292708915839711,0.19321231319031887,0.5,0,-0.4736013412475586,0.38376420736312866,1,4.572309097596693e-06,2.638633046221043,7.321748658889755,0,1,0.2403515660775919,0,1,fold_2
490,sub5,rest1,11,11,0,-1.001095409272922,0.26872610535396785,0.5,0,-0.3942984342575073,0.40268298983573914,1,4.572309097596693e-06,2.638633046221043,7.321748658889755,0,1,0.25935193582771704,0,1,fold_2
491,sub5,rest1,12,12,0,-1.0505667730508956,0.259116279688489,0.5,0,-0.5085543394088745,0.37553244829177856,1,4.572309097596693e-06,2.638633046221043,7.321748658889755,0,1,0.233890394933566,0,1,fold_2
492,sub5,rest1,13,13,0,-1.0974743593411207,0.2502134224406943,0.5,0,-0.5350592136383057,0.36933767795562744,1,4.572309097596693e-06,2.638633046221043,7.321748658889755,0,1,0.21627113845722537,0,1,fold_2
493,sub5,rest1,14,14,0,-1.4348669942689423,0.1923414826715147,0.5,0,-0.6270329356193542,0.34818360209465027,1,4.572309097596693e-06,2.638633046221043,7.321748658889755,0,1,0.21627148460777948,0,1,fold_2
494,sub5,rest1,15,15,0,-1.3476275423350683,0.20625851025946715,0.5,0,-0.7114103436470032,0.3292872905731201,1,4.572309097596693e-06,2.638633046221043,7.321748658889755,0,1,0.2624889269449214,0,1,fold_2
495,sub5,rest1,16,16,0,-1.0974688240888264,0.25021446089235666,0.5,0,-0.6521542072296143,0.3425042927265167,1,4.572309097596693e-06,2.638633046221043,7.321748658889755,0,1,0.30320052758180477,0,1,fold_2
496,sub5,rest1,17,17,1,-0.9432182123113902,0.2802507372965299,0.5,0,-0.4321597218513489,0.39361071586608887,1,4.572309097596693e-06,2.638633046221043,7.321748658889755,0,1,,,,fold_2
497,sub5,rest1,18,18,0,-0.7036936398372423,0.3309938096829403,0.5,0,-0.05508089065551758,0.48623326420783997,1,4.572309097596693e-06,2.638633046221043,7.321748658889755,0,1,0.33205763123285664,0,1,fold_2
498,sub5,rest1,19,19,0,-0.7154608707281347,0.32839331217011725,0.5,0,-0.14093589782714844,0.46482419967651367,1,4.572309097596693e-06,2.638633046221043,7.321748658889755,0,1,0.3032347552757904,0,1,fold_2
499,sub5,rest1,20,20,0,-0.6776510210208558,0.33678577184551234,0.5,0,-0.10010170936584473,0.4749954640865326,1,4.572309097596693e-06,2.638633046221043,7.321748658889755,0,1,0.27806576959038326,0,1,fold_2
500,sub5,rest1,21,21,0,-1.1280281531314194,0.24452518181174168,0.5,0,-0.35401248931884766,0.4124096930027008,1,4.572309097596693e-06,2.638633046221043,7.321748658889755,0,1,0.2587363957330187,0,1,fold_2
501,sub5,rest1,22,22,0,-1.0832771100778207,0.25288635511389584,0.5,0,-0.25856781005859375,0.43571579456329346,1,4.572309097596693e-06,2.638633046221043,7.321748658889755,0,1,0.2653792778628122,0,1,fold_2
502,sub5,rest1,23,23,0,-0.9504334985526612,0.27879765027341863,0.5,0,-0.08865737915039062,0.47785016894340515,1,4.572309097596693e-06,2.638633046221043,7.321748658889755,0,1,0.25317708346253265,0,1,fold_2
503,sub5,rest1,24,24,0,-1.0229466406464416,0.2644538282011222,0.5,0,-0.2890329360961914,0.4282406270503998,1,4.572309097596693e-06,2.638633046221043,7.321748658889755,0,1,0.2387148629396294,0,1,fold_2
504,sub5,rest1,25,25,1,-1.4088191763481173,0.19642037006201718,0.5,0,-0.6697310209274292,0.33855706453323364,1,4.572309097596693e-06,2.638633046221043,7.321748658889755,0,1,,,,fold_2
505,sub5,rest1,26,26,0,-1.2874792948114449,0.2162797719130571,0.5,0,-0.6139421463012695,0.35116046667099,1,4.572309097596693e-06,2.638633046221043,7.321748658889755,0,1,0.22901698472227236,0,1,fold_2
506,sub5,rest1,27,27,0,-1.17800557459925,0.2354109887047089,0.5,0,-0.45249664783477783,0.3887673020362854,1,4.572309097596693e-06,2.638633046221043,7.321748658889755,0,1,0.2504149498975755,0,1,fold_2
507,sub5,rest1,28,28,0,-1.1782878024994063,0.235360193549051,0.5,0,-0.48658430576324463,0.3806985020637512,1,4.572309097596693e-06,2.638633046221043,7.321748658889755,0,1,0.2698394382415618,0,1,fold_2
508,sub5,rest1,29,29,0,-0.9421132807416462,0.2804736674389666,0.5,0,-0.28039777278900146,0.43035629391670227,1,4.572309097596693e-06,2.638633046221043,7.321748658889755,0,1,0.2767011521213704,0,1,fold_2
509,sub5,rest1,30,30,0,-0.8775561826784289,0.29368445373666774,0.5,0,-0.20906972885131836,0.44792211055755615,1,4.572309097596693e-06,2.638633046221043,7.321748658889755,0,1,0.24306947013311717,0,1,fold_2
510,sub5,rest1,31,31,0,-1.0671506190852007,0.2559453351884769,0.5,0,-0.43356961011886597,0.3932742774486542,1,4.572309097596693e-06,2.638633046221043,7.321748658889755,0,1,0.20321152357915537,0,1,fold_2
511,sub5,rest1,32,32,0,-1.5192049698450838,0.17957862147420675,0.5,0,-0.5956739187240601,0.35533407330513,1,4.572309097596693e-06,2.638633046221043,7.321748658889755,0,1,0.2160137629310337,0,1,fold_2
512,sub5,rest1,33,33,0,-1.556770038900713,0.17411061407478243,0.5,0,-0.700904130935669,0.3316117823123932,1,4.572309097596693e-06,2.638633046221043,7.321748658889755,0,1,0.24588375190336778,0,1,fold_2
513,sub5,rest1,34,34,1,-1.2244325272128163,0.2271573489345591,0.5,0,-0.5872628092765808,0.35726314783096313,1,4.572309097596693e-06,2.638633046221043,7.321748658889755,0,1,,,,fold_2
514,sub5,rest1,35,35,0,-0.8743399431662457,0.29435205324411196,0.5,0,-0.2161160707473755,0.4461802840232849,1,4.572309097596693e-06,2.638633046221043,7.321748658889755,0,1,0.24693871349878357,0,1,fold_2
515,sub5,rest1,36,36,0,-0.9987432335582843,0.2691885883912089,0.5,0,-0.3721308708190918,0.40802621841430664,1,4.572309097596693e-06,2.638633046221043,7.321748658889755,0,1,0.2099765662277737,0,1,fold_2
516,sub5,rest1,37,37,0,-1.5349163818706801,0.17727549886102992,0.5,0,-0.619636058807373,0.34986424446105957,1,4.572309097596693e-06,2.638633046221043,7.321748658889755,0,1,0.2020077432987395,0,1,fold_2
517,sub5,rest1,38,38,0,-1.4930417822836344,0.18346561143108223,0.5,0,-0.616491436958313,0.3505798578262329,1,4.572309097596693e-06,2.638633046221043,7.321748658889755,0,1,0.23238783174027042,0,1,fold_2
518,sub5,rest1,39,39,0,-1.123934954412382,0.2452821196041063,0.5,0,-0.36260080337524414,0.4103300869464874,1,4.572309097596693e-06,2.638633046221043,7.321748658889755,0,1,0.2360524430738524,0,1,fold_2
519,sub5,rest1,40,40,0,-1.0026752314389085,0.26841576418562263,0.5,0,-0.29562294483184814,0.4266278147697449,1,4.572309097596693e-06,2.638633046221043,7.321748658889755,0,1,0.21874700687308035,0,1,fold_2
520,sub5,rest1,41,41,0,-1.4212899138830297,0.19445944543182828,0.5,0,-0.7082192301750183,0.3299924433231354,1,4.572309097596693e-06,2.638633046221043,7.321748658889755,0,1,0.1999195857747936,0,1,fold_2
521,sub5,rest1,42,42,1,-1.5197161468125657,0.1795033220350165,0.5,0,-0.6954393982887268,0.332824170589447,1,4.572309097596693e-06,2.638633046221043,7.321748658889755,0,1,,,,fold_2
522,sub5,rest1,43,43,0,-1.4282864793953813,0.19336581100179015,0.5,0,-0.5665619969367981,0.3620305359363556,1,4.572309097596693e-06,2.638633046221043,7.321748658889755,0,1,0.2260703238451575,0,1,fold_2
523,sub5,rest1,44,44,0,-1.3133099256076692,0.21193350089076232,0.5,0,-0.551406741142273,0.365538090467453,1,4.572309097596693e-06,2.638633046221043,7.321748658889755,0,1,0.259754407145639,0,1,fold_2
524,sub5,rest1,45,45,0,-0.9798998319434109,0.2729116596429201,0.5,0,-0.22589945793151855,0.4437640607357025,1,4.572309097596693e-06,2.638633046221043,7.321748658889755,0,1,0.28999772930702555,0,1,fold_2
525,sub5,rest1,46,46,0,-0.8740221746970483,0.2944180609032347,0.5,0,0.036058664321899414,0.5090137124061584,1,4.572309097596693e-06,2.638633046221043,7.321748658889755,0,1,0.3148675157672981,0,1,fold_2
526,sub5,rest1,47,47,0,-0.8346466048705079,0.30266346737492195,0.5,0,-0.09441041946411133,0.47641491889953613,1,4.572309097596693e-06,2.638633046221043,7.321748658889755,0,1,0.35302272768263676,0,1,fold_2
527,sub5,rest1,48,48,0,-0.629953776039934,0.34752101902373767,0.5,0,0.03359401226043701,0.5083976984024048,1,4.572309097596693e-06,2.638633046221043,7.321748658889755,0,1,0.38603595301366944,0,1,fold_2
528,sub5,rest1,49,49,0,-0.36858203349096946,0.4088836966492506,0.5,0,0.3023298978805542,0.5750119686126709,1,4.572309097596693e-06,2.638633046221043,7.321748658889755,0,1,0.3964674948226154,0,1,fold_2
529,sub5,rest1,50,50,0,-0.3983736800518985,0.40170314336802004,0.5,0,0.5524566173553467,0.6347053647041321,1,4.572309097596693e-06,2.638633046221043,7.321748658889755,0,1,0.3503636522345362,0,1,fold_2
530,sub5,rest1,51,51,0,-0.4945782462292782,0.3788156444505754,0.5,0,0.2980537414550781,0.5739666819572449,1,4.572309097596693e-06,2.638633046221043,7.321748658889755,0,1,0.2868045832906693,0,1,fold_2
531,sub5,rest1,52,52,0,-0.9917215730245227,0.2705721688850131,0.5,0,-0.2383267879486084,0.44069868326187134,1,4.572309097596693e-06,2.638633046221043,7.321748658889755,0,1,0.21959052488311914,0,1,fold_2
532,sub5,rest1,53,53,0,-1.3187523997404915,0.21102593653641946,0.5,0,-0.52492755651474,0.3717007339000702,1,4.572309097596693e-06,2.638633046221043,7.321748658889755,0,1,0.18930899899705797,0,1,fold_2
533,sub5,rest1,54,54,0,-1.5356160969844361,0.17717346922792493,0.5,0,-0.5602132678031921,0.36349815130233765,1,4.572309097596693e-06,2.638633046221043,7.321748658889755,0,1,0.19276778172726586,0,1,fold_2
534,sub5,rest1,55,55,0,-1.5181941684134035,0.17972759122682946,0.5,0,-0.5410851240158081,0.3679351806640625,1,4.572309097596693e-06,2.638633046221043,7.321748658889755,0,1,0.2053947236127496,0,1,fold_2
535,sub5,rest1,56,56,0,-1.257513161092971,0.22140228472704326,0.5,0,-0.3459432125091553,0.4143665134906769,1,4.572309097596693e-06,2.638633046221043,7.321748658889755,0,1,0.2272464039313025,0,1,fold_2
536,sub5,rest1,57,57,0,-1.2947240193403964,0.21505429488437613,0.5,0,-0.37012410163879395,0.4085110127925873,1,4.572309097596693e-06,2.638633046221043,7.321748658889755,0,1,0.2538228283804948,0,1,fold_2
537,sub5,rest1,58,58,0,-1.1239321854984934,0.24528263218248814,0.5,0,-0.14346182346343994,0.46419593691825867,1,4.572309097596693e-06,2.638633046221043,7.321748658889755,0,1,0.28251524944390943,0,1,fold_2
538,sub5,rest1,59,59,0,-0.8419152762667637,0.3011315580746201,0.5,0,0.5285098552703857,0.6291354894638062,1,4.572309097596693e-06,2.638633046221043,7.321748658889755,0,1,0.3011315580746201,0,1,fold_2
539,sub5,rest2,0,60,0,1.4689639131658516,0.8128998548560351,0.5,1,0.4317392110824585,0.6062888503074646,1,4.572309097596693e-06,2.638633046221043,7.321748658889755,1,1,0.7980556234563511,1,1,fold_2
540,sub5,rest2,1,61,0,1.2343138832207257,0.7745727127538448,0.5,1,0.4342275857925415,0.6068827509880066,1,4.572309097596693e-06,2.638633046221043,7.321748658889755,1,1,0.7947880145546788,1,1,fold_2
541,sub5,rest2,2,62,0,1.4286719301659516,0.8066943027591731,0.5,1,0.38323116302490234,0.5946521759033203,1,4.572309097596693e-06,2.638633046221043,7.321748658889755,1,1,0.7878542358508343,1,1,fold_2
542,sub5,rest2,3,63,0,1.4057644599951504,0.8030970281510185,0.5,1,0.31514859199523926,0.578141450881958,1,4.572309097596693e-06,2.638633046221043,7.321748658889755,1,1,0.7669238109534372,1,1,fold_2
543,sub5,rest2,4,64,0,1.1188286404426921,0.7537713766423111,0.5,1,0.24643349647521973,0.5612984895706177,1,4.572309097596693e-06,2.638633046221043,7.321748658889755,1,1,0.6951331671683226,1,1,fold_2
544,sub5,rest2,5,65,0,1.0663545183510401,0.7439030280669822,0.5,1,0.29961133003234863,0.5743474960327148,1,4.572309097596693e-06,2.638633046221043,7.321748658889755,1,1,0.5958675046943046,1,1,fold_2
545,sub5,rest2,6,66,0,0.3545689484890328,0.587725096795675,0.5,1,0.141510009765625,0.5353185534477234,1,4.572309097596693e-06,2.638633046221043,7.321748658889755,1,1,0.4744890360836585,0,0,fold_2
546,sub5,rest2,7,67,0,-0.17655968044054793,0.45597438922025657,0.5,0,-0.2843043804168701,0.4293988049030304,1,4.572309097596693e-06,2.638633046221043,7.321748658889755,1,0,0.48174459730818486,0,0,fold_2
547,sub5,rest2,8,68,0,-0.4905346654333461,0.37976762223504384,0.5,0,-0.4138185977935791,0.39799684286117554,1,4.572309097596693e-06,2.638633046221043,7.321748658889755,1,0,0.5924055254716455,1,1,fold_2
548,sub5,rest2,9,69,0,0.4451764453434552,0.6094917804692541,0.5,1,0.023119091987609863,0.505779504776001,1,4.572309097596693e-06,2.638633046221043,7.321748658889755,1,1,0.7400936881115833,1,1,fold_2
549,sub5,rest2,10,70,0,1.312655475228569,0.7879571737106386,0.5,1,0.3613438606262207,0.5893656611442566,1,4.572309097596693e-06,2.638633046221043,7.321748658889755,1,1,0.8131461816358919,1,1,fold_2
550,sub5,rest2,11,71,0,1.5356543692831977,0.8228321101548572,0.5,1,0.6690835952758789,0.6612979173660278,1,4.572309097596693e-06,2.638633046221043,7.321748658889755,1,1,0.7823253940169123,1,1,fold_2
551,sub5,rest2,12,72,0,1.5760844179328815,0.8286492610421802,0.5,1,0.7593021392822266,0.681202232837677,1,4.572309097596693e-06,2.638633046221043,7.321748658889755,1,1,0.6335905127714172,1,1,fold_2
552,sub5,rest2,13,73,0,0.825935421769645,0.6954948108536994,0.5,1,0.2300701141357422,0.5572651624679565,1,4.572309097596693e-06,2.638633046221043,7.321748658889755,1,1,0.4198082896971494,0,0,fold_2
553,sub5,rest2,14,74,0,-0.5038877611352003,0.37662746641837197,0.5,0,-0.07176971435546875,0.48206523060798645,1,4.572309097596693e-06,2.638633046221043,7.321748658889755,1,0,0.2656850854948954,0,0,fold_2
554,sub5,rest2,15,75,0,-1.4676334014562584,0.18730259181937695,0.5,0,-0.39839768409729004,0.40169739723205566,1,4.572309097596693e-06,2.638633046221043,7.321748658889755,1,0,0.25119785721185384,0,0,fold_2
555,sub5,rest2,16,76,0,-1.1907479161657037,0.2331251982469372,0.5,0,-0.2264561653137207,0.44362667202949524,1,4.572309097596693e-06,2.638633046221043,7.321748658889755,1,0,0.3807721970418651,0,0,fold_2
556,sub5,rest2,17,77,0,-0.6939012582943511,0.3331657815692474,0.5,0,-0.19281554222106934,0.4519449472427368,1,4.572309097596693e-06,2.638633046221043,7.321748658889755,1,0,0.5213659209987652,1,1,fold_2
557,sub5,rest2,18,78,0,0.3064790744102996,0.5760256113094107,0.5,1,0.047495126724243164,0.5118715167045593,1,4.572309097596693e-06,2.638633046221043,7.321748658889755,1,1,0.6709233864532796,1,1,fold_2
558,sub5,rest2,19,79,0,0.6406765078572941,0.6549063701176375,0.5,1,0.13179636001586914,0.5329014658927917,1,4.572309097596693e-06,2.638633046221043,7.321748658889755,1,1,0.7414793994284481,1,1,fold_2
559,sub5,rest2,20,80,0,1.2764106950627914,0.7818381779327908,0.5,1,0.13157975673675537,0.53284752368927,1,4.572309097596693e-06,2.638633046221043,7.321748658889755,1,1,0.802505414252873,1,1,fold_2
560,sub5,rest2,21,81,0,1.3110789678708983,0.7876936502349162,0.5,1,0.12187671661376953,0.5304315090179443,1,4.572309097596693e-06,2.638633046221043,7.321748658889755,1,1,0.8176374714622948,1,1,fold_2
561,sub5,rest2,22,82,0,1.6433069651351335,0.8379844145909123,0.5,1,0.5078577995300293,0.6243041753768921,1,4.572309097596693e-06,2.638633046221043,7.321748658889755,1,1,0.8350794886941199,1,1,fold_2
562,sub5,rest2,23,83,0,1.566151973561886,0.8272343495610557,0.5,1,0.43672192096710205,0.6074776649475098,1,4.572309097596693e-06,2.638633046221043,7.321748658889755,1,1,0.7913456633323989,1,1,fold_2
563,sub5,rest2,24,84,0,1.6583746756544544,0.8400197019303919,0.5,1,0.522437334060669,0.6277174949645996,1,4.572309097596693e-06,2.638633046221043,7.321748658889755,1,1,0.7612262889930772,1,1,fold_2
564,sub5,rest2,25,85,0,0.8798104421300671,0.7067829385057488,0.5,1,0.0008223056793212891,0.5002055764198303,1,4.572309097596693e-06,2.638633046221043,7.321748658889755,1,1,0.7263780040744076,1,1,fold_2
565,sub5,rest2,26,86,0,1.029795392830782,0.7368762265430912,0.5,1,0.07565808296203613,0.518905520439148,1,4.572309097596693e-06,2.638633046221043,7.321748658889755,1,1,0.7365625523399224,1,1,fold_2
566,sub5,rest2,27,87,0,1.0225799986633295,0.735474847174383,0.5,1,0.12821650505065918,0.5320102572441101,1,4.572309097596693e-06,2.638633046221043,7.321748658889755,1,1,0.7215565912628518,1,1,fold_2
567,sub5,rest2,28,88,0,1.0321710535631214,0.737336583302293,0.5,1,0.05364656448364258,0.5134084224700928,1,4.572309097596693e-06,2.638633046221043,7.321748658889755,1,1,0.6242367924648455,1,1,fold_2
568,sub5,rest2,29,89,0,0.8088216269129029,0.6918583433118791,0.5,1,-0.033687710762023926,0.4915788471698761,1,4.572309097596693e-06,2.638633046221043,7.321748658889755,1,1,0.577782181139037,1,1,fold_2
569,sub5,rest2,30,90,0,-0.22690676669468474,0.4435154507803644,0.5,0,-0.2639901638031006,0.4343830943107605,1,4.572309097596693e-06,2.638633046221043,7.321748658889755,1,0,0.47069265909606156,0,0,fold_2
570,sub5,rest2,31,91,0,0.397025309150823,0.5979727493248674,0.5,1,0.24536430835723877,0.56103515625,1,4.572309097596693e-06,2.638633046221043,7.321748658889755,1,1,0.4250896104174833,0,0,fold_2
571,sub5,rest2,32,92,0,-0.5296874976936918,0.3705897771829526,0.5,0,-0.2273937463760376,0.4433952569961548,1,4.572309097596693e-06,2.638633046221043,7.321748658889755,1,0,0.29079836844880047,0,0,fold_2
572,sub5,rest2,33,93,0,-0.8155630844638417,0.3067063047446298,0.5,0,-0.2656182050704956,0.4339831471443176,1,4.572309097596693e-06,2.638633046221043,7.321748658889755,1,0,0.25062267959582335,0,0,fold_2
573,sub5,rest2,34,94,0,-1.4172120173191345,0.19509902341881902,0.5,0,-0.5053854584693909,0.3762759268283844,1,4.572309097596693e-06,2.638633046221043,7.321748658889755,1,0,0.30087671086256423,0,0,fold_2
574,sub5,rest2,35,95,0,-1.098277859966522,0.25006271062402136,0.5,0,-0.21383142471313477,0.4467449188232422,1,4.572309097596693e-06,2.638633046221043,7.321748658889755,1,0,0.4333623063597496,0,0,fold_2
575,sub5,rest2,36,96,0,-0.17053852713734555,0.4574683985448524,0.5,0,-0.12337279319763184,0.4691958427429199,1,4.572309097596693e-06,2.638633046221043,7.321748658889755,1,0,0.5788215020658304,1,1,fold_2
576,sub5,rest2,37,97,0,0.37454109604867925,0.592555809910375,0.5,1,0.291409969329834,0.57234126329422,1,4.572309097596693e-06,2.638633046221043,7.321748658889755,1,1,0.6212942174666821,1,1,fold_2
577,sub5,rest2,38,98,0,0.7835294755167123,0.686440297742264,0.5,1,0.7184326648712158,0.6722617745399475,1,4.572309097596693e-06,2.638633046221043,7.321748658889755,1,1,0.6563005830080613,1,1,fold_2
578,sub5,rest2,39,99,0,0.34286601880188333,0.5848865447474073,0.5,1,0.329420804977417,0.5816184282302856,1,4.572309097596693e-06,2.638633046221043,7.321748658889755,1,1,0.6844060566663894,1,1,fold_2
579,sub5,rest2,40,100,0,0.8357762789110316,0.6975749065345124,0.5,1,0.26824450492858887,0.5666618943214417,1,4.572309097596693e-06,2.638633046221043,7.321748658889755,1,1,0.7580971722467608,1,1,fold_2
580,sub5,rest2,41,101,0,1.212588980518954,0.7707567187172486,0.5,1,0.3387136459350586,0.5838779807090759,1,4.572309097596693e-06,2.638633046221043,7.321748658889755,1,1,0.7936554825233179,1,1,fold_2
581,sub5,rest2,42,102,0,1.423969096248174,0.8059598914885214,0.5,1,0.5463253259658813,0.6332826018333435,1,4.572309097596693e-06,2.638633046221043,7.321748658889755,1,1,0.7609782324194801,1,1,fold_2
582,sub5,rest2,43,103,0,1.4130707981937611,0.8042498373641834,0.5,1,0.4849475622177124,0.6189154386520386,1,4.572309097596693e-06,2.638633046221043,7.321748658889755,1,1,0.6027408737387384,1,1,fold_2
583,sub5,rest2,44,104,0,0.7205356884416799,0.6727249684057355,0.5,1,-0.08610749244689941,0.47848644852638245,1,4.572309097596693e-06,2.638633046221043,7.321748658889755,1,1,0.4185260513830158,0,0,fold_2
584,sub5,rest2,45,105,0,-0.7025467824276617,0.3312478154462962,0.5,0,-0.4294552803039551,0.3942564129829407,1,4.572309097596693e-06,2.638633046221043,7.321748658889755,1,0,0.28171416881771066,0,0,fold_2
585,sub5,rest2,46,106,0,-1.0900685494887734,0.2516053702970156,0.5,0,-0.4481891393661499,0.3897913992404938,1,4.572309097596693e-06,2.638633046221043,7.321748658889755,1,0,0.29537777089095507,0,0,fold_2
586,sub5,rest2,47,107,0,-1.0341035422395488,0.26228932070982025,0.5,0,-0.4491516351699829,0.3895624876022339,1,4.572309097596693e-06,2.638633046221043,7.321748658889755,1,0,0.3431720066251038,0,0,fold_2
587,sub5,rest2,48,108,0,-0.5226250187356197,0.3722386216660294,0.5,0,-0.0810399055480957,0.4797510802745819,1,4.572309097596693e-06,2.638633046221043,7.321748658889755,1,0,0.36508209567292454,0,0,fold_2
588,sub5,rest2,49,109,0,-0.42639258354920634,0.39498807749946163,0.5,0,-0.10373854637145996,0.4740886092185974,1,4.572309097596693e-06,2.638633046221043,7.321748658889755,1,0,0.33002626344672564,0,0,fold_2
589,sub5,rest2,50,110,0,-0.7171558658412094,0.3280195878532826,0.5,0,-0.31569504737854004,0.4217252731323242,1,4.572309097596693e-06,2.638633046221043,7.321748658889755,1,0,0.26379409399756776,0,0,fold_2
590,sub5,rest2,51,111,0,-1.0095336558070667,0.2670711249874327,0.5,0,-0.44872426986694336,0.3896641135215759,1,4.572309097596693e-06,2.638633046221043,7.321748658889755,1,0,0.21391764786385145,0,0,fold_2
591,sub5,rest2,52,112,0,-1.4096354036398522,0.19629156915198795,0.5,0,-0.29371440410614014,0.42709478735923767,1,4.572309097596693e-06,2.638633046221043,7.321748658889755,1,0,0.244827850124924,0,0,fold_2
592,sub5,rest2,53,113,0,-1.5272919631844897,0.17839024945213372,0.5,0,-0.6207396388053894,0.3496132493019104,1,4.572309097596693e-06,2.638633046221043,7.321748658889755,1,0,0.3363094679743061,0,0,fold_2
593,sub5,rest2,54,114,0,-0.5762247878329406,0.3598017317706503,0.5,0,-0.3682495355606079,0.408964067697525,1,4.572309097596693e-06,2.638633046221043,7.321748658889755,1,0,0.4505490930158788,0,0,fold_2
594,sub5,rest2,55,115,0,-0.11718823826195605,0.47073642270013416,0.5,0,-0.09047842025756836,0.47739580273628235,1,4.572309097596693e-06,2.638633046221043,7.321748658889755,1,0,0.49377950921883107,0,0,fold_2
595,sub5,rest2,56,116,0,0.0844867180158286,0.5211091245768521,0.5,1,0.05996572971343994,0.5149869322776794,1,4.572309097596693e-06,2.638633046221043,7.321748658889755,1,1,0.5538368267318363,1,1,fold_2
596,sub5,rest2,57,117,0,-0.042034266512488316,0.48949298037950706,0.5,0,0.025014281272888184,0.5062532424926758,1,4.572309097596693e-06,2.638633046221043,7.321748658889755,1,0,0.6218311605900225,1,1,fold_2
597,sub5,rest2,58,118,0,0.6230344647853049,0.6509083752391499,0.5,1,0.29930198192596436,0.5742718577384949,1,4.572309097596693e-06,2.638633046221043,7.321748658889755,1,1,0.7003642091806571,1,1,fold_2
598,sub5,rest2,59,119,0,0.9698626799823805,0.7250921261514107,0.5,1,0.7784874439239502,0.6853540539741516,1,4.572309097596693e-06,2.638633046221043,7.321748658889755,1,1,0.7250921261514107,1,1,fold_2
1439,sub13,rest1,0,0,0,1.4026168941728263,0.8025988217831135,0.5,1,-0.17624950408935547,0.4560513198375702,1,5.591694630956994e-06,2.7912246041831814,6.380210314485917,0,0,0.7816197871360847,1,0,fold_2
1440,sub13,rest1,1,1,0,1.474698508137035,0.8137704859070936,0.5,1,-0.26981210708618164,0.43295320868492126,1,5.591694630956994e-06,2.7912246041831814,6.380210314485917,0,0,0.7081782839141159,1,0,fold_2
1441,sub13,rest1,2,2,0,0.9869751991850154,0.728490053718047,0.5,1,-0.3701162338256836,0.4085129201412201,1,5.591694630956994e-06,2.7912246041831814,6.380210314485917,0,0,0.5805443903782536,1,0,fold_2
1442,sub13,rest1,3,3,0,0.3321166953389374,0.5822743121172067,0.5,1,-0.6161678433418274,0.3506534993648529,1,5.591694630956994e-06,2.7912246041831814,6.380210314485917,0,0,0.5303267501853516,1,0,fold_2
1443,sub13,rest1,4,4,0,-0.2783073304910972,0.4308688052995071,0.5,0,-0.6758403778076172,0.33719033002853394,1,5.591694630956994e-06,2.7912246041831814,6.380210314485917,0,1,0.5703648161102186,1,0,fold_2
1444,sub13,rest1,5,5,0,0.31390087238210174,0.577837133139341,0.5,1,-0.4276338815689087,0.39469146728515625,1,5.591694630956994e-06,2.7912246041831814,6.380210314485917,0,0,0.6860379502191815,1,0,fold_2
1445,sub13,rest1,6,6,0,0.8586977723844826,0.7023885098918076,0.5,1,-0.47662973403930664,0.38304823637008667,1,5.591694630956994e-06,2.7912246041831814,6.380210314485917,0,0,0.7329289367859015,1,0,fold_2
1446,sub13,rest1,7,7,0,1.2534019974824857,0.7778882076263961,0.5,1,-0.28816938400268555,0.42845210433006287,1,5.591694630956994e-06,2.7912246041831814,6.380210314485917,0,0,0.7363153167955786,1,0,fold_2
1447,sub13,rest1,8,8,0,0.937083159362395,0.718510092839501,0.5,1,-0.3310617208480835,0.4179823398590088,1,5.591694630956994e-06,2.7912246041831814,6.380210314485917,0,0,0.7014480907834965,1,0,fold_2
1448,sub13,rest1,9,9,0,0.9077896793424002,0.7125476499208387,0.5,1,-0.3936389684677124,0.40284162759780884,1,5.591694630956994e-06,2.7912246041831814,6.380210314485917,0,0,0.7067002639867354,1,0,fold_2
1449,sub13,rest1,10,10,0,0.7230874393032741,0.6732865295901497,0.5,1,-0.41960227489471436,0.39661189913749695,1,5.591694630956994e-06,2.7912246041831814,6.380210314485917,0,0,0.6922737234793388,1,0,fold_2
1450,sub13,rest1,11,11,0,1.0163786911812613,0.734266612449218,0.5,1,-0.3021879196166992,0.4250227212905884,1,5.591694630956994e-06,2.7912246041831814,6.380210314485917,0,0,0.7255051046680351,1,0,fold_2
1451,sub13,rest1,12,12,0,0.7048763263706436,0.6692680283986486,0.5,1,-0.40060412883758545,0.4011671841144562,1,5.591694630956994e-06,2.7912246041831814,6.380210314485917,0,0,0.7272802615726044,1,0,fold_2
1452,sub13,rest1,13,13,0,1.225218891751593,0.7729806731562386,0.5,1,-0.3046821355819702,0.42441326379776,1,5.591694630956994e-06,2.7912246041831814,6.380210314485917,0,0,0.7623238542963181,1,0,fold_2
1453,sub13,rest1,14,14,0,1.0438494827687441,0.739592083162926,0.5,1,-0.2859828472137451,0.42898765206336975,1,5.591694630956994e-06,2.7912246041831814,6.380210314485917,0,0,0.7645159757209079,1,0,fold_2
1454,sub13,rest1,15,15,0,1.2333181852206794,0.7743988065697897,0.5,1,-0.24322712421417236,0.43949124217033386,1,5.591694630956994e-06,2.7912246041831814,6.380210314485917,0,0,0.6768855283946613,1,0,fold_2
1455,sub13,rest1,16,16,0,1.2630868693629147,0.7795570374300081,0.5,1,-0.4136195182800293,0.3980445861816406,1,5.591694630956994e-06,2.7912246041831814,6.380210314485917,0,0,0.4884527669081158,0,1,fold_2
1456,sub13,rest1,17,17,1,0.29479242080518736,0.5731689899695823,0.5,0,-0.683228611946106,0.33554109930992126,1,5.591694630956994e-06,2.7912246041831814,6.380210314485917,0,1,,,,fold_2
1457,sub13,rest1,18,18,0,-0.09326457997872792,0.47670074118418626,0.5,0,-0.7006679773330688,0.33166414499282837,1,5.591694630956994e-06,2.7912246041831814,6.380210314485917,0,1,0.30492980386365953,0,1,fold_2
1458,sub13,rest1,19,19,0,-1.3303557740068257,0.20910052211015306,0.5,0,-0.7278574705123901,0.32566508650779724,1,5.591694630956994e-06,2.7912246041831814,6.380210314485917,0,1,0.2113602894176536,0,1,fold_2
1459,sub13,rest1,20,20,0,-1.2140334972524771,0.2289881482966393,0.5,0,-0.40408146381378174,0.40033212304115295,1,5.591694630956994e-06,2.7912246041831814,6.380210314485917,0,1,0.25760358720101645,0,1,fold_2
1460,sub13,rest1,21,21,0,-1.411534121772416,0.19599219784616845,0.5,0,-0.3889845609664917,0.40396177768707275,1,5.591694630956994e-06,2.7912246041831814,6.380210314485917,0,1,0.2691098873076233,0,1,fold_2
1461,sub13,rest1,22,22,0,-0.628589577990549,0.34783041546024157,0.5,0,-0.2424144744873047,0.439691424369812,1,5.591694630956994e-06,2.7912246041831814,6.380210314485917,0,1,0.2836299795254217,0,1,fold_2
1462,sub13,rest1,23,23,0,-1.0278195478427634,0.2635070486164599,0.5,0,-0.3810288906097412,0.4058787524700165,1,5.591694630956994e-06,2.7912246041831814,6.380210314485917,0,1,0.2608984804946553,0,1,fold_2
1463,sub13,rest1,24,24,0,-1.1551346162603413,0.23955247449956352,0.5,0,-0.4043464660644531,0.4002684950828552,1,5.591694630956994e-06,2.7912246041831814,6.380210314485917,0,1,0.31838237483714366,0,1,fold_2
1464,sub13,rest1,25,25,1,-1.6732060161250282,0.15799720161988887,0.5,0,-0.4968641400337219,0.37827789783477783,1,5.591694630956994e-06,2.7912246041831814,6.380210314485917,0,1,,,,fold_2
1465,sub13,rest1,26,26,0,-0.9462682876224652,0.2796359183679426,0.5,0,-0.5049853920936584,0.37636977434158325,1,5.591694630956994e-06,2.7912246041831814,6.380210314485917,0,1,0.4422652725482057,0,1,fold_2
1466,sub13,rest1,27,27,0,-0.25757983298890824,0.4359587316439248,0.5,0,-0.4253777265548706,0.39523062109947205,1,5.591694630956994e-06,2.7912246041831814,6.380210314485917,0,1,0.5642472660694265,1,0,fold_2
1467,sub13,rest1,28,28,0,0.45236407883325985,0.6112011676327496,0.5,1,-0.03568148612976074,0.4910805821418762,1,5.591694630956994e-06,2.7912246041831814,6.380210314485917,0,0,0.6412451057410804,1,0,fold_2
1468,sub13,rest1,29,29,0,0.5996747862961774,0.6455818989316052,0.5,1,-0.14649486541748047,0.4634416401386261,1,5.591694630956994e-06,2.7912246041831814,6.380210314485917,0,0,0.6814916565796062,1,0,fold_2
1469,sub13,rest1,30,30,0,0.694432584019869,0.6669522506588862,0.5,1,-0.2455083131790161,0.43892934918403625,1,5.591694630956994e-06,2.7912246041831814,6.380210314485917,0,0,0.6541417193936664,1,0,fold_2
1470,sub13,rest1,31,31,0,1.004491887425436,0.7319408201483274,0.5,1,-0.2375732660293579,0.44088444113731384,1,5.591694630956994e-06,2.7912246041831814,6.380210314485917,0,0,0.5199026385411512,1,0,fold_2
1471,sub13,rest1,32,32,0,0.2555094128619698,0.5635320873737857,0.5,1,-0.5482699275016785,0.3662658929824829,1,5.591694630956994e-06,2.7912246041831814,6.380210314485917,0,0,0.3251401365221169,0,1,fold_2
1472,sub13,rest1,33,33,0,-1.0240718738836643,0.2642350081013404,0.5,0,-0.8191342949867249,0.3059474527835846,1,5.591694630956994e-06,2.7912246041831814,6.380210314485917,0,1,0.19085664201496363,0,1,fold_2
1473,sub13,rest1,34,34,1,-1.5707282139592305,0.17211260385501945,0.5,0,-0.7058776021003723,0.33051037788391113,1,5.591694630956994e-06,2.7912246041831814,6.380210314485917,0,1,,,,fold_2
1474,sub13,rest1,35,35,0,-1.7531262988811074,0.1476533140912246,0.5,0,-0.8258804082870483,0.30451682209968567,1,5.591694630956994e-06,2.7912246041831814,6.380210314485917,0,1,0.15725295325485586,0,1,fold_2
1475,sub13,rest1,36,36,0,-1.6531653381934786,0.16068160385232588,0.5,0,-0.7287061214447021,0.325478732585907,1,5.591694630956994e-06,2.7912246041831814,6.380210314485917,0,1,0.17676423225088592,0,1,fold_2
1476,sub13,rest1,37,37,0,-1.6329697461310138,0.16342394182101702,0.5,0,-0.7561637163162231,0.319479763507843,1,5.591694630956994e-06,2.7912246041831814,6.380210314485917,0,1,0.18885019332406605,0,1,fold_2
1477,sub13,rest1,38,38,0,-1.348063470077036,0.2061871510793149,0.5,0,-0.8012005090713501,0.30976879596710205,1,5.591694630956994e-06,2.7912246041831814,6.380210314485917,0,1,0.22247397238783587,0,1,fold_2
1478,sub13,rest1,39,39,0,-1.4055335603460852,0.1969394870718663,0.5,0,-0.7696371674537659,0.3165575861930847,1,5.591694630956994e-06,2.7912246041831814,6.380210314485917,0,1,0.24282361433746372,0,1,fold_2
1479,sub13,rest1,40,40,0,-1.0237618846990464,0.26429527901232636,0.5,0,-0.5312124490737915,0.3702341318130493,1,5.591694630956994e-06,2.7912246041831814,6.380210314485917,0,1,0.3138188360955289,0,1,fold_2
1480,sub13,rest1,41,41,0,-1.008691129539836,0.26723607692819845,0.5,0,-0.6490079164505005,0.34321314096450806,1,5.591694630956994e-06,2.7912246041831814,6.380210314485917,0,1,0.40694331070532047,0,1,fold_2
1481,sub13,rest1,42,42,1,-0.32339252344392727,0.41984918711899266,0.5,0,-0.5789650082588196,0.3591707646846771,1,5.591694630956994e-06,2.7912246041831814,6.380210314485917,0,1,,,,fold_2
1482,sub13,rest1,43,43,0,-0.36427480150445735,0.40992515234606186,0.5,0,-0.6611341834068298,0.3404848873615265,1,5.591694630956994e-06,2.7912246041831814,6.380210314485917,0,1,0.5253588007491033,1,0,fold_2
1483,sub13,rest1,44,44,0,0.17512098463361833,0.543668702841701,0.5,1,-0.6181855201721191,0.3501942753791809,1,5.591694630956994e-06,2.7912246041831814,6.380210314485917,0,0,0.6080284201967571,1,0,fold_2
1484,sub13,rest1,45,45,0,0.5000987905184783,0.6224825470595472,0.5,1,-0.48847973346710205,0.38025176525115967,1,5.591694630956994e-06,2.7912246041831814,6.380210314485917,0,0,0.6453935342611556,1,0,fold_2
1485,sub13,rest1,46,46,0,0.6541009689379133,0.6579340106890229,0.5,1,-0.3125211000442505,0.42249950766563416,1,5.591694630956994e-06,2.7912246041831814,6.380210314485917,0,0,0.6678468148385149,1,0,fold_2
1486,sub13,rest1,47,47,0,0.6444736989571986,0.6557640450348967,0.5,1,-0.35499870777130127,0.41217076778411865,1,5.591694630956994e-06,2.7912246041831814,6.380210314485917,0,0,0.7000676514176253,1,0,fold_2
1487,sub13,rest1,48,48,0,0.7993825579291914,0.6898423887916253,0.5,1,-0.4061892032623291,0.39982619881629944,1,5.591694630956994e-06,2.7912246041831814,6.380210314485917,0,0,0.7071381119321299,1,0,fold_2
1488,sub13,rest1,49,49,0,1.1232794850017689,0.7545965204263537,0.5,1,-0.04281485080718994,0.48929792642593384,1,5.591694630956994e-06,2.7912246041831814,6.380210314485917,0,0,0.6336265925229028,1,0,fold_2
1489,sub13,rest1,50,50,0,0.7399065756992641,0.6769754265784109,0.5,1,-0.34425997734069824,0.4147750437259674,1,5.591694630956994e-06,2.7912246041831814,6.380210314485917,0,0,0.4590266232487421,0,1,fold_2
1490,sub13,rest1,51,51,0,-0.12292322627754185,0.4693078305639435,0.5,0,-0.6929298639297485,0.3333815932273865,1,5.591694630956994e-06,2.7912246041831814,6.380210314485917,0,1,0.29904816177953913,0,1,fold_2
1491,sub13,rest1,52,52,0,-1.2038185597294597,0.23079661260387196,0.5,0,-0.6678263545036316,0.3389837443828583,1,5.591694630956994e-06,2.7912246041831814,6.380210314485917,0,1,0.22003894658362544,0,1,fold_2
1492,sub13,rest1,53,53,0,-1.4048978791525737,0.197040042170802,0.5,0,-0.5713936686515808,0.36091530323028564,1,5.591694630956994e-06,2.7912246041831814,6.380210314485917,0,1,0.2531774149074315,0,1,fold_2
1493,sub13,rest1,54,54,0,-1.1954805055417383,0.2322801849762023,0.5,0,-0.6206998825073242,0.34962230920791626,1,5.591694630956994e-06,2.7912246041831814,6.380210314485917,0,1,0.2902413680465245,0,1,fold_2
1494,sub13,rest1,55,55,0,-0.7072262925026815,0.33021201757529023,0.5,0,-0.38401293754577637,0.4051593840122223,1,5.591694630956994e-06,2.7912246041831814,6.380210314485917,0,1,0.3236135293317301,0,1,fold_2
1495,sub13,rest1,56,56,0,-0.8083983546511739,0.3082319015880811,0.5,0,-0.1486600637435913,0.4629032611846924,1,5.591694630956994e-06,2.7912246041831814,6.380210314485917,0,1,0.3300251631218214,0,1,fold_2
1496,sub13,rest1,57,57,0,-0.6973651401756777,0.3323966688318189,0.5,0,0.1484215259552002,0.5370373725891113,1,5.591694630956994e-06,2.7912246041831814,6.380210314485917,0,1,0.3798293006153222,0,1,fold_2
1497,sub13,rest1,58,58,0,-0.6214712219980498,0.3494469189455643,0.5,0,0.2576242685317993,0.5640522241592407,1,5.591694630956994e-06,2.7912246041831814,6.380210314485917,0,1,0.4215785156942438,0,1,fold_2
1498,sub13,rest1,59,59,0,-0.1698297577478866,0.45764431406858364,0.5,0,0.528184175491333,0.6290594935417175,1,5.591694630956994e-06,2.7912246041831814,6.380210314485917,0,1,0.4576443140685836,0,1,fold_2
1499,sub13,rest2,0,60,0,0.918981775314113,0.7148345899828883,0.5,1,-0.15481185913085938,0.4613741636276245,1,5.591694630956994e-06,2.7912246041831814,6.380210314485917,1,1,0.7763070924681622,1,1,fold_2
1500,sub13,rest2,1,61,0,1.344795406811204,0.7932774382774298,0.5,1,-0.0058667659759521484,0.4985332787036896,1,5.591694630956994e-06,2.7912246041831814,6.380210314485917,1,1,0.802011745111598,1,1,fold_2
1501,sub13,rest2,2,62,0,1.5218398571224332,0.8208092491441684,0.5,1,-0.1310502290725708,0.467284232378006,1,5.591694630956994e-06,2.7912246041831814,6.380210314485917,1,1,0.8033671634797636,1,1,fold_2
1502,sub13,rest2,3,63,0,1.3367110100346726,0.7919485479131958,0.5,1,-0.34607601165771484,0.4143342971801758,1,5.591694630956994e-06,2.7912246041831814,6.380210314485917,1,1,0.7849268007161737,1,1,fold_2
1503,sub13,rest2,4,64,0,1.3697743463593468,0.7973436933819262,0.5,1,-0.4015312194824219,0.4009445309638977,1,5.591694630956994e-06,2.7912246041831814,6.380210314485917,1,1,0.7773076854229098,1,1,fold_2
1504,sub13,rest2,5,65,0,1.183007675700133,0.7654881608533989,0.5,1,-0.31246519088745117,0.42251312732696533,1,5.591694630956994e-06,2.7912246041831814,6.380210314485917,1,1,0.7161098059567769,1,1,fold_2
1505,sub13,rest2,6,66,0,1.2031867421315177,0.7690912020334043,0.5,1,-0.33358287811279297,0.4173690974712372,1,5.591694630956994e-06,2.7912246041831814,6.380210314485917,1,1,0.690039581337721,1,1,fold_2
1506,sub13,rest2,7,67,0,0.46310308283515045,0.6137500549835273,0.5,1,-0.5113228559494019,0.3748834431171417,1,5.591694630956994e-06,2.7912246041831814,6.380210314485917,1,1,0.6697253373522803,1,1,fold_2
1507,sub13,rest2,8,68,0,0.787421864467684,0.6872774869962311,0.5,1,-0.46083199977874756,0.3867884576320648,1,5.591694630956994e-06,2.7912246041831814,6.380210314485917,1,1,0.7251942371432084,1,1,fold_2
1508,sub13,rest2,9,69,0,0.8864085614167256,0.7081484700770827,0.5,1,-0.38172006607055664,0.4057121276855469,1,5.591694630956994e-06,2.7912246041831814,6.380210314485917,1,1,0.7325861987085575,1,1,fold_2
1509,sub13,rest2,10,70,0,1.2665800940278567,0.7801567543563114,0.5,1,-0.20839214324951172,0.44808968901634216,1,5.591694630956994e-06,2.7912246041831814,6.380210314485917,1,1,0.7144489445764327,1,1,fold_2
1510,sub13,rest2,11,71,0,0.8927307005486905,0.7094533716922783,0.5,1,-0.331731915473938,0.4178192913532257,1,5.591694630956994e-06,2.7912246041831814,6.380210314485917,1,1,0.6362163046938698,1,1,fold_2
1511,sub13,rest2,12,72,0,0.6355052366183701,0.6537367076807086,0.5,1,-0.28911590576171875,0.42822030186653137,1,5.591694630956994e-06,2.7912246041831814,6.380210314485917,1,1,0.6055964098422056,1,1,fold_2
1512,sub13,rest2,13,73,0,0.1823388567990034,0.5454588347086226,0.5,1,-0.4699857234954834,0.3846196234226227,1,5.591694630956994e-06,2.7912246041831814,6.380210314485917,1,1,0.6238782529139434,1,1,fold_2
1513,sub13,rest2,14,74,0,0.47934708748100424,0.6175936871372856,0.5,1,-0.41025519371032715,0.3988509774208069,1,5.591694630956994e-06,2.7912246041831814,6.380210314485917,1,1,0.6981044539770923,1,1,fold_2
1514,sub13,rest2,15,75,0,0.8885082745238577,0.708582236895922,0.5,1,-0.18578732013702393,0.45368635654449463,1,5.591694630956994e-06,2.7912246041831814,6.380210314485917,1,1,0.7354244359761349,1,1,fold_2
1515,sub13,rest2,16,76,0,1.1978238813412367,0.7681374378980693,0.5,1,-0.12793517112731934,0.4680597484111786,1,5.591694630956994e-06,2.7912246041831814,6.380210314485917,1,1,0.7213363324874734,1,1,fold_2
1516,sub13,rest2,17,77,0,0.9923590811006693,0.7295536331344132,0.5,1,-0.18129825592041016,0.45479917526245117,1,5.591694630956994e-06,2.7912246041831814,6.380210314485917,1,1,0.6962023161768697,1,1,fold_2
1517,sub13,rest2,18,78,0,0.6915782595321719,0.6663179264299376,0.5,1,-0.280110239982605,0.43042677640914917,1,5.591694630956994e-06,2.7912246041831814,6.380210314485917,1,1,0.7071440882950757,1,1,fold_2
1518,sub13,rest2,19,79,0,0.8129387906348469,0.692735388966258,0.5,1,-0.10639619827270508,0.4734260141849518,1,5.591694630956994e-06,2.7912246041831814,6.380210314485917,1,1,0.7612650539292877,1,1,fold_2
1519,sub13,rest2,20,80,0,1.1657665611195178,0.7623789494890315,0.5,1,-0.08953392505645752,0.47763147950172424,1,5.591694630956994e-06,2.7912246041831814,6.380210314485917,1,1,0.8069493589143014,1,1,fold_2
1520,sub13,rest2,21,81,0,1.5763067200056577,0.8286808233325736,0.5,1,0.12465834617614746,0.5311242938041687,1,5.591694630956994e-06,2.7912246041831814,6.380210314485917,1,1,0.795528503191,1,1,fold_2
1521,sub13,rest2,22,82,0,1.5841276793474182,0.8297883039212991,0.5,1,-0.08369433879852295,0.4790886342525482,1,5.591694630956994e-06,2.7912246041831814,6.380210314485917,1,1,0.7493281108850821,1,1,fold_2
1522,sub13,rest2,23,83,0,0.9850868026848785,0.7281163823191273,0.5,1,-0.5159264206886292,0.3738052546977997,1,5.591694630956994e-06,2.7912246041831814,6.380210314485917,1,1,0.7159928910471436,1,1,fold_2
1523,sub13,rest2,24,84,0,0.800491679966703,0.6900796464148196,0.5,1,-0.5083824396133423,0.3755728006362915,1,5.591694630956994e-06,2.7912246041831814,6.380210314485917,1,1,0.7460806672019394,1,1,fold_2
1524,sub13,rest2,25,85,0,0.993520086563858,0.7297826444074842,0.5,1,-0.3233147859573364,0.4198681116104126,1,5.591694630956994e-06,2.7912246041831814,6.380210314485917,1,1,0.7659043974900267,1,1,fold_2
1525,sub13,rest2,26,86,0,1.505408238323035,0.8183797107835143,0.5,1,-0.08283305168151855,0.4793035686016083,1,5.591694630956994e-06,2.7912246041831814,6.380210314485917,1,1,0.7521023909729946,1,1,fold_2
1526,sub13,rest2,27,87,0,1.0962181868007468,0.7495508372790819,0.5,1,-0.2031259536743164,0.4493923783302307,1,5.591694630956994e-06,2.7912246041831814,6.380210314485917,1,1,0.6873367110619414,1,1,fold_2
1527,sub13,rest2,28,88,0,0.7925407803130603,0.6883766248563873,0.5,1,-0.4334886074066162,0.3932935893535614,1,5.591694630956994e-06,2.7912246041831814,6.380210314485917,1,1,0.6582894431969971,1,1,fold_2
1528,sub13,rest2,29,89,0,0.506913595851388,0.6240826710503548,0.5,1,-0.5062472224235535,0.3760736882686615,1,5.591694630956994e-06,2.7912246041831814,6.380210314485917,1,1,0.6844282020813431,1,1,fold_2
1529,sub13,rest2,30,90,0,0.674048236966009,0.6624090336842491,0.5,1,-0.44925302267074585,0.38953837752342224,1,5.591694630956994e-06,2.7912246041831814,6.380210314485917,1,1,0.7029613280106903,1,1,fold_2
1530,sub13,rest2,31,91,0,1.1902898603283292,0.7667929015094255,0.5,1,-0.20116639137268066,0.4498772919178009,1,5.591694630956994e-06,2.7912246041831814,6.380210314485917,1,1,0.6801761499698588,1,1,fold_2
1531,sub13,rest2,32,92,0,0.7523110137024771,0.6796820488383964,0.5,1,-0.347470760345459,0.4139958620071411,1,5.591694630956994e-06,2.7912246041831814,6.380210314485917,1,1,0.6161583395324852,1,1,fold_2
1532,sub13,rest2,33,93,0,0.38074800330976505,0.5940534995617541,0.5,1,-0.5172958970069885,0.3734847605228424,1,5.591694630956994e-06,2.7912246041831814,6.380210314485917,1,1,0.6496899104471905,1,1,fold_2
1533,sub13,rest2,34,94,0,0.30121485039942014,0.5747394701973051,0.5,1,-0.5384848713874817,0.36854010820388794,1,5.591694630956994e-06,2.7912246041831814,6.380210314485917,1,1,0.7337502453035674,1,1,fold_2
1534,sub13,rest2,35,95,0,1.267279932086875,0.7802767615825125,0.5,1,-0.22491693496704102,0.44400662183761597,1,5.591694630956994e-06,2.7912246041831814,6.380210314485917,1,1,0.8279417602153875,1,1,fold_2
1535,sub13,rest2,36,96,0,1.7053678250911561,0.8462345041308846,0.5,1,0.019563794136047363,0.5048907995223999,1,5.591694630956994e-06,2.7912246041831814,6.380210314485917,1,1,0.8556210849093545,1,1,fold_2
1536,sub13,rest2,37,97,0,1.7931579562124438,0.857314014932765,0.5,1,-0.09470963478088379,0.47634029388427734,1,5.591694630956994e-06,2.7912246041831814,6.380210314485917,1,1,0.8603264969668779,1,1,fold_2
1537,sub13,rest2,38,98,0,1.8430983818155782,0.8633147356644141,0.5,1,-0.08193588256835938,0.47952747344970703,1,5.591694630956994e-06,2.7912246041831814,6.380210314485917,1,1,0.8587951589823571,1,1,fold_2
1538,sub13,rest2,39,99,0,1.8182061524240973,0.8603507403034546,0.5,1,-0.05577731132507324,0.486059308052063,1,5.591694630956994e-06,2.7912246041831814,6.380210314485917,1,1,0.8587399219351425,1,1,fold_2
1539,sub13,rest2,40,100,0,1.7560957112529645,0.8527200009792025,0.5,1,0.10455965995788574,0.526116132736206,1,5.591694630956994e-06,2.7912246041831814,6.380210314485917,1,1,0.8614944771871271,1,1,fold_2
1540,sub13,rest2,41,101,0,1.8416947945880278,0.8631490245227703,0.5,1,0.011892914772033691,0.502973198890686,1,5.591694630956994e-06,2.7912246041831814,6.380210314485917,1,1,0.8651029054670402,1,1,fold_2
1541,sub13,rest2,42,102,0,1.888762840456453,0.8686144060594084,0.5,1,-0.028551936149597168,0.4928624629974365,1,5.591694630956994e-06,2.7912246041831814,6.380210314485917,1,1,0.8686614190312522,1,1,fold_2
1542,sub13,rest2,43,103,0,1.8450535453659334,0.8635452858189417,0.5,1,0.049082279205322266,0.5122681260108948,1,5.591694630956994e-06,2.7912246041831814,6.380210314485917,1,1,0.8665722220260106,1,1,fold_2
1543,sub13,rest2,44,104,0,1.9352063511033384,0.8738245652154064,0.5,1,0.025542378425598145,0.5063852667808533,1,5.591694630956994e-06,2.7912246041831814,6.380210314485917,1,1,0.8278728147930515,1,1,fold_2
1544,sub13,rest2,45,105,0,1.8349201579872307,0.8623468150436836,0.5,1,0.05144214630126953,0.5128577351570129,1,5.591694630956994e-06,2.7912246041831814,6.380210314485917,1,1,0.7699940100907426,1,1,fold_2
1545,sub13,rest2,46,106,0,1.0850426117347083,0.7474470641200647,0.5,1,-0.16296887397766113,0.4593477249145508,1,5.591694630956994e-06,2.7912246041831814,6.380210314485917,1,1,0.7213615336462912,1,1,fold_2
1546,sub13,rest2,47,107,0,0.8481939786833975,0.7001881511084797,0.5,1,-0.29962921142578125,0.4256480932235718,1,5.591694630956994e-06,2.7912246041831814,6.380210314485917,1,1,0.756594062604283,1,1,fold_2
1547,sub13,rest2,48,108,0,0.9269169628724477,0.7164493857103296,0.5,1,-0.3268979787826538,0.41899555921554565,1,5.591694630956994e-06,2.7912246041831814,6.380210314485917,1,1,0.7921628757689619,1,1,fold_2
1548,sub13,rest2,49,109,0,1.7594810302950192,0.8531446509940401,0.5,1,-0.1771756410598755,0.45582160353660583,1,5.591694630956994e-06,2.7912246041831814,6.380210314485917,1,1,0.8237955057758165,1,1,fold_2
1549,sub13,rest2,50,110,0,1.4299568384128973,0.8068945906025162,0.5,1,-0.3987405300140381,0.4016149640083313,1,5.591694630956994e-06,2.7912246041831814,6.380210314485917,1,1,0.8085962060457299,1,1,fold_2
1550,sub13,rest2,51,111,0,1.4587882821102305,0.8113472757308934,0.5,1,-0.38310325145721436,0.40537863969802856,1,5.591694630956994e-06,2.7912246041831814,6.380210314485917,1,1,0.8032574269318745,1,1,fold_2
1551,sub13,rest2,52,112,0,1.4341476926736243,0.8075467518037801,0.5,1,-0.30445992946624756,0.4244675934314728,1,5.591694630956994e-06,2.7912246041831814,6.380210314485917,1,1,0.7358473558270306,1,1,fold_2
1552,sub13,rest2,53,113,0,1.3302274383060682,0.7908782532609498,0.5,1,-0.28890275955200195,0.4282725155353546,1,5.591694630956994e-06,2.7912246041831814,6.380210314485917,1,1,0.5949183322321853,1,1,fold_2
1553,sub13,rest2,54,114,0,0.4436023471650723,0.6091170624163618,0.5,1,-0.49794745445251465,0.3780231475830078,1,5.591694630956994e-06,2.7912246041831814,6.380210314485917,1,1,0.45198751119346237,0,0,fold_2
1554,sub13,rest2,55,115,0,-0.46939401980321876,0.3847596810192441,0.5,0,-0.5265921950340271,0.37131208181381226,1,5.591694630956994e-06,2.7912246041831814,6.380210314485917,1,0,0.4325658318182583,0,0,fold_2
1555,sub13,rest2,56,116,0,-0.5663226338932263,0.36208579014478115,0.5,0,-0.5764777660369873,0.3597434461116791,1,5.591694630956994e-06,2.7912246041831814,6.380210314485917,1,0,0.5516858030610935,1,1,fold_2
1556,sub13,rest2,57,117,0,0.2041138139005771,0.5508520242907496,0.5,1,-0.5797299146652222,0.358994722366333,1,5.591694630956994e-06,2.7912246041831814,6.380210314485917,1,1,0.6939553052977012,1,1,fold_2
1557,sub13,rest2,58,118,0,1.0570144771675194,0.7421195947477498,0.5,1,-0.1367706060409546,0.4658605754375458,1,5.591694630956994e-06,2.7912246041831814,6.380210314485917,1,1,0.7733027294856528,1,1,fold_2
1558,sub13,rest2,59,119,0,1.318273370027004,0.7888942968546043,0.5,1,0.4506479501724243,0.6107932925224304,1,5.591694630956994e-06,2.7912246041831814,6.380210314485917,1,1,0.7888942968546043,1,1,fold_2
1679,sub15,rest1,0,0,0,-0.8108714704074286,0.30770482173379937,0.5,0,0.8585803508758545,0.7023639678955078,1,3.2518270653346036e-06,2.2764553315668445,11.89010571080792,0,1,0.2704738401747051,0,1,fold_2
1680,sub15,rest1,1,1,0,-0.9668792901069515,0.2755029626811006,0.5,0,0.7458183765411377,0.6782668828964233,1,3.2518270653346036e-06,2.2764553315668445,11.89010571080792,0,1,0.25507630037111184,0,1,fold_2
1681,sub15,rest1,2,2,0,-1.2184250225384574,0.22821373610921533,0.5,0,0.2057948112487793,0.5512678623199463,1,3.2518270653346036e-06,2.2764553315668445,11.89010571080792,0,1,0.24764542223736422,0,1,fold_2
1682,sub15,rest1,3,3,0,-1.0381236334969792,0.2615122023230196,0.5,0,0.42049992084503174,0.6036028265953064,1,3.2518270653346036e-06,2.2764553315668445,11.89010571080792,0,1,0.2562788822345632,0,1,fold_2
1683,sub15,rest1,4,4,0,-1.0815631010911264,0.25321032827985773,0.5,0,0.25890982151031494,0.5643682479858398,1,3.2518270653346036e-06,2.2764553315668445,11.89010571080792,0,1,0.24278571020814113,0,1,fold_2
1684,sub15,rest1,5,5,0,-1.0767891757462895,0.2541141161008123,0.5,0,0.12155473232269287,0.5303512811660767,1,3.2518270653346036e-06,2.2764553315668445,11.89010571080792,0,1,0.23757440816855938,0,1,fold_2
1685,sub15,rest1,6,6,0,-1.259658493618994,0.22103268624375333,0.5,0,-0.16801726818084717,0.45809417963027954,1,3.2518270653346036e-06,2.2764553315668445,11.89010571080792,0,1,0.22768715601168296,0,1,fold_2
1686,sub15,rest1,7,7,0,-1.1660129284376752,0.2375764221611125,0.5,0,-0.1497424840927124,0.4626341462135315,1,3.2518270653346036e-06,2.2764553315668445,11.89010571080792,0,1,0.23355713515479892,0,1,fold_2
1687,sub15,rest1,8,8,0,-1.23990593442499,0.2244523596301831,0.5,0,-0.16372931003570557,0.45915883779525757,1,3.2518270653346036e-06,2.2764553315668445,11.89010571080792,0,1,0.2297810841310368,0,1,fold_2
1688,sub15,rest1,9,9,0,-1.1601357273051032,0.2386426236731012,0.5,0,-0.033498287200927734,0.49162620306015015,1,3.2518270653346036e-06,2.2764553315668445,11.89010571080792,0,1,0.2285737222846723,0,1,fold_2
1689,sub15,rest1,10,10,0,-1.2296181289178536,0.22624826908982604,0.5,0,-0.04442751407623291,0.4888949394226074,1,3.2518270653346036e-06,2.2764553315668445,11.89010571080792,0,1,0.22121285023494364,0,1,fold_2
1690,sub15,rest1,11,11,0,-1.2608344828633438,0.22083027409108955,0.5,0,-0.20041167736053467,0.450064092874527,1,3.2518270653346036e-06,2.2764553315668445,11.89010571080792,0,1,0.2162858742356483,0,1,fold_2
1691,sub15,rest1,12,12,0,-1.285826789759936,0.21656000752391535,0.5,0,-0.18313205242156982,0.4543445110321045,1,3.2518270653346036e-06,2.2764553315668445,11.89010571080792,0,1,0.21455812253297332,0,1,fold_2
1692,sub15,rest1,13,13,0,-1.3161032536569688,0.21146734109193993,0.5,0,-0.43766528367996216,0.3922974169254303,1,3.2518270653346036e-06,2.2764553315668445,11.89010571080792,0,1,0.21553058991269877,0,1,fold_2
1693,sub15,rest1,14,14,0,-1.2912162503208962,0.21564701898306468,0.5,0,-0.40082836151123047,0.4011133313179016,1,3.2518270653346036e-06,2.2764553315668445,11.89010571080792,0,1,0.2186656081334264,0,1,fold_2
1694,sub15,rest1,15,15,0,-1.2687143729871047,0.21947740966309168,0.5,0,-0.44458144903182983,0.39064982533454895,1,3.2518270653346036e-06,2.2764553315668445,11.89010571080792,0,1,0.22047625822228903,0,1,fold_2
1695,sub15,rest1,16,16,0,-1.2605896976663524,0.22087239575412282,0.5,0,-0.3251081705093384,0.41943132877349854,1,3.2518270653346036e-06,2.2764553315668445,11.89010571080792,0,1,0.22457443297744936,0,1,fold_2
1696,sub15,rest1,17,17,1,-1.3099940356445143,0.2124878421767448,0.5,0,-0.588005542755127,0.35709258913993835,1,3.2518270653346036e-06,2.2764553315668445,11.89010571080792,0,1,,,,fold_2
1697,sub15,rest1,18,18,0,-1.2593897035263801,0.22107896924965262,0.5,0,-0.4107990264892578,0.39872053265571594,1,3.2518270653346036e-06,2.2764553315668445,11.89010571080792,0,1,0.22302024038624643,0,1,fold_2
1698,sub15,rest1,19,19,0,-1.1983328053430624,0.23177193392857262,0.5,0,-0.14294838905334473,0.46432361006736755,1,3.2518270653346036e-06,2.2764553315668445,11.89010571080792,0,1,0.22778313503156453,0,1,fold_2
1699,sub15,rest1,20,20,0,-1.2878920438175296,0.216209817980514,0.5,0,-0.3786734342575073,0.4064468741416931,1,3.2518270653346036e-06,2.2764553315668445,11.89010571080792,0,1,0.2316266978074891,0,1,fold_2
1700,sub15,rest1,21,21,0,-1.178246352646957,0.23536765318560693,0.5,0,0.022024154663085938,0.5055058002471924,1,3.2518270653346036e-06,2.2764553315668445,11.89010571080792,0,1,0.23609859821316137,0,1,fold_2
1701,sub15,rest1,22,22,0,-1.1346573807063491,0.24330262225634636,0.5,0,0.22989273071289062,0.5572214126586914,1,3.2518270653346036e-06,2.2764553315668445,11.89010571080792,0,1,0.2342541152052355,0,1,fold_2
1702,sub15,rest1,23,23,0,-1.2104269307280726,0.22962551919753077,0.5,0,-0.21719574928283691,0.44591352343559265,1,3.2518270653346036e-06,2.2764553315668445,11.89010571080792,0,1,0.24268170325924499,0,1,fold_2
1703,sub15,rest1,24,24,0,-1.2092476134256722,0.22983420416182937,0.5,0,-0.5634167194366455,0.36275726556777954,1,3.2518270653346036e-06,2.2764553315668445,11.89010571080792,0,1,0.2507593498994287,0,1,fold_2
1704,sub15,rest1,25,25,1,-1.1107002468597154,0.24774036395012816,0.5,0,-0.4042088985443115,0.4003015160560608,1,3.2518270653346036e-06,2.2764553315668445,11.89010571080792,0,1,,,,fold_2
1705,sub15,rest1,26,26,0,-1.0018116096773202,0.26858538641837476,0.5,0,-0.08353185653686523,0.4791291654109955,1,3.2518270653346036e-06,2.2764553315668445,11.89010571080792,0,1,0.2632936728619054,0,1,fold_2
1706,sub15,rest1,27,27,0,-1.0781384511605951,0.25385845911808197,0.5,0,-0.24711918830871582,0.4385327100753784,1,3.2518270653346036e-06,2.2764553315668445,11.89010571080792,0,1,0.265852938782867,0,1,fold_2
1707,sub15,rest1,28,28,0,-1.0076644361494609,0.2674371730492595,0.5,0,-0.04787576198577881,0.48803335428237915,1,3.2518270653346036e-06,2.2764553315668445,11.89010571080792,0,1,0.27060530492974016,0,1,fold_2
1708,sub15,rest1,29,29,0,-0.9630738349997939,0.27626318418125956,0.5,0,0.07390999794006348,0.5184690952301025,1,3.2518270653346036e-06,2.2764553315668445,11.89010571080792,0,1,0.26271041124739386,0,1,fold_2
1709,sub15,rest1,30,30,0,-1.0042045634840069,0.2681155575587016,0.5,0,0.07665932178497314,0.5191554427146912,1,3.2518270653346036e-06,2.2764553315668445,11.89010571080792,0,1,0.24320176991521666,0,1,fold_2
1710,sub15,rest1,31,31,0,-1.1322153807055253,0.2437524920022205,0.5,0,-0.04848432540893555,0.4878813326358795,1,3.2518270653346036e-06,2.2764553315668445,11.89010571080792,0,1,0.22577521964178024,0,1,fold_2
1711,sub15,rest1,32,32,0,-1.2789015611269967,0.21773726018472792,0.5,0,-0.21790170669555664,0.44573909044265747,1,3.2518270653346036e-06,2.2764553315668445,11.89010571080792,0,1,0.21764155601550386,0,1,fold_2
1712,sub15,rest1,33,33,0,-1.2900998731325248,0.2158359067383922,0.5,0,-0.2609504461288452,0.4351300597190857,1,3.2518270653346036e-06,2.2764553315668445,11.89010571080792,0,1,0.22026217925453884,0,1,fold_2
1713,sub15,rest1,34,34,1,-1.3319327045662248,0.2088398529167479,0.5,0,-0.5784515142440796,0.3592889904975891,1,3.2518270653346036e-06,2.2764553315668445,11.89010571080792,0,1,,,,fold_2
1714,sub15,rest1,35,35,0,-1.269449511974537,0.21935150112339152,0.5,0,-0.2663480043411255,0.43380388617515564,1,3.2518270653346036e-06,2.2764553315668445,11.89010571080792,0,1,0.2219991662586945,0,1,fold_2
1715,sub15,rest1,36,36,0,-1.2333299967405655,0.2255991299018328,0.5,0,-0.36626219749450684,0.40944454073905945,1,3.2518270653346036e-06,2.2764553315668445,11.89010571080792,0,1,0.22443787093502623,0,1,fold_2
1716,sub15,rest1,37,37,0,-1.259576129762747,0.22104686775085908,0.5,0,-0.3938635587692261,0.40278756618499756,1,3.2518270653346036e-06,2.2764553315668445,11.89010571080792,0,1,0.22159505129188709,0,1,fold_2
1717,sub15,rest1,38,38,0,-1.2272242555122261,0.22666761515238693,0.5,0,-0.20832037925720215,0.44810745120048523,1,3.2518270653346036e-06,2.2764553315668445,11.89010571080792,0,1,0.2182321724454981,0,1,fold_2
1718,sub15,rest1,39,39,0,-1.2828194620431101,0.21707067097241523,0.5,0,-0.279521107673645,0.43057116866111755,1,3.2518270653346036e-06,2.2764553315668445,11.89010571080792,0,1,0.2149438171309838,0,1,fold_2
1719,sub15,rest1,40,40,0,-1.3191591008024213,0.21095823121169224,0.5,0,-0.45791351795196533,0.38748088479042053,1,3.2518270653346036e-06,2.2764553315668445,11.89010571080792,0,1,0.21667612713365167,0,1,fold_2
1720,sub15,rest1,41,41,0,-1.2843978085080832,0.21680254920884395,0.5,0,-0.49991440773010254,0.3775607943534851,1,3.2518270653346036e-06,2.2764553315668445,11.89010571080792,0,1,0.22663959095799116,0,1,fold_2
1721,sub15,rest1,42,42,1,-1.267256094369757,0.21972732530069994,0.5,0,-0.5181398987770081,0.3732873201370239,1,3.2518270653346036e-06,2.2764553315668445,11.89010571080792,0,1,,,,fold_2
1722,sub15,rest1,43,43,0,-1.2525004391106007,0.22226760098041878,0.5,0,-0.21301496028900146,0.4469467103481293,1,3.2518270653346036e-06,2.2764553315668445,11.89010571080792,0,1,0.2328470997962038,0,1,fold_2
1723,sub15,rest1,44,44,0,-1.1480325861132379,0.24084862268471074,0.5,0,-0.07021152973175049,0.4824543297290802,1,3.2518270653346036e-06,2.2764553315668445,11.89010571080792,0,1,0.2389128508359665,0,1,fold_2
1724,sub15,rest1,45,45,0,-1.1779273118108844,0.23542507572348192,0.5,0,-0.029708385467529297,0.49257341027259827,1,3.2518270653346036e-06,2.2764553315668445,11.89010571080792,0,1,0.2438388440656396,0,1,fold_2
1725,sub15,rest1,46,46,0,-1.150132653947693,0.2404648540997069,0.5,0,0.03766274452209473,0.509414553642273,1,3.2518270653346036e-06,2.2764553315668445,11.89010571080792,0,1,0.24743403652789195,0,1,fold_2
1726,sub15,rest1,47,47,0,-1.0688249922320086,0.25562660237372997,0.5,0,0.4344254732131958,0.6069299578666687,1,3.2518270653346036e-06,2.2764553315668445,11.89010571080792,0,1,0.24475505357792252,0,1,fold_2
1727,sub15,rest1,48,48,0,-1.1189254652296443,0.2462106531102389,0.5,0,0.30482614040374756,0.5756219029426575,1,3.2518270653346036e-06,2.2764553315668445,11.89010571080792,0,1,0.2306594959061875,0,1,fold_2
1728,sub15,rest1,49,49,0,-1.1946523175836998,0.23242790524979867,0.5,0,-0.15268981456756592,0.4619015157222748,1,3.2518270653346036e-06,2.2764553315668445,11.89010571080792,0,1,0.23393148280309795,0,1,fold_2
1729,sub15,rest1,50,50,0,-1.3049094184628924,0.21333992935852497,0.5,0,-0.4822615385055542,0.381718248128891,1,3.2518270653346036e-06,2.2764553315668445,11.89010571080792,0,1,0.24228485809717468,0,1,fold_2
1730,sub15,rest1,51,51,0,-1.0667238637193035,0.2560266138009702,0.5,0,-0.1893775463104248,0.45279660820961,1,3.2518270653346036e-06,2.2764553315668445,11.89010571080792,0,1,0.2614921398678493,0,1,fold_2
1731,sub15,rest1,52,52,0,-1.059065752251588,0.25748803113202884,0.5,0,0.04246950149536133,0.5106157660484314,1,3.2518270653346036e-06,2.2764553315668445,11.89010571080792,0,1,0.26041103621022893,0,1,fold_2
1732,sub15,rest1,53,53,0,-0.9897484078735426,0.27096177467054894,0.5,0,0.07191860675811768,0.517971932888031,1,3.2518270653346036e-06,2.2764553315668445,11.89010571080792,0,1,0.2589517167787713,0,1,fold_2
1733,sub15,rest1,54,54,0,-1.0838226218351483,0.25278330282810907,0.5,0,0.21509170532226562,0.553566575050354,1,3.2518270653346036e-06,2.2764553315668445,11.89010571080792,0,1,0.25962606977400443,0,1,fold_2
1734,sub15,rest1,55,55,0,-1.0820933564625832,0.25311007283765585,0.5,0,0.2811315059661865,0.5698236227035522,1,3.2518270653346036e-06,2.2764553315668445,11.89010571080792,0,1,0.2691481006542666,0,1,fold_2
1735,sub15,rest1,56,56,0,-0.979531099592617,0.2729848336562483,0.5,0,0.6306405067443848,0.6526346206665039,1,3.2518270653346036e-06,2.2764553315668445,11.89010571080792,0,1,0.2966285631785746,0,1,fold_2
1736,sub15,rest1,57,57,0,-0.9377779960036505,0.28134939546889554,0.5,0,0.6253886222839355,0.6514431238174438,1,3.2518270653346036e-06,2.2764553315668445,11.89010571080792,0,1,0.33563489974166477,0,1,fold_2
1737,sub15,rest1,58,58,0,-0.683182103967339,0.33555146041058,0.5,0,1.3605537414550781,0.7958496809005737,1,3.2518270653346036e-06,2.2764553315668445,11.89010571080792,0,1,0.37185304903387256,0,1,fold_2
1738,sub15,rest1,59,59,0,-0.4472960627738499,0.39000384334551885,0.5,0,2.539794921875,0.9268849492073059,1,3.2518270653346036e-06,2.2764553315668445,11.89010571080792,0,1,0.39000384334551885,0,1,fold_2
1739,sub15,rest2,0,60,0,0.8417309472632445,0.6988296482171115,0.5,1,3.8249454498291016,0.9786463379859924,1,3.2518270653346036e-06,2.2764553315668445,11.89010571080792,1,1,0.697377537535797,1,1,fold_2
1740,sub15,rest2,1,61,0,0.8476123647123824,0.7000660417536598,0.5,1,3.346149444580078,0.9659785628318787,1,3.2518270653346036e-06,2.2764553315668445,11.89010571080792,1,1,0.7121731063070275,1,1,fold_2
1741,sub15,rest2,2,62,0,0.8152961057951128,0.69323692263662,0.5,1,3.611370086669922,0.9736957550048828,1,3.2518270653346036e-06,2.2764553315668445,11.89010571080792,1,1,0.7338841722206778,1,1,fold_2
1742,sub15,rest2,3,63,0,1.0627533088954746,0.7432163545308021,0.5,1,3.8143229484558105,0.9784231781959534,1,3.2518270653346036e-06,2.2764553315668445,11.89010571080792,1,1,0.7603458615160538,1,1,fold_2
1743,sub15,rest2,4,64,0,1.1813989168023542,0.7651992394946112,0.5,1,4.455878734588623,0.9885231256484985,1,3.2518270653346036e-06,2.2764553315668445,11.89010571080792,1,1,0.766147805957539,1,1,fold_2
1744,sub15,rest2,5,65,0,1.2231760403441814,0.7726219905227482,0.5,1,4.740841388702393,0.9913443326950073,1,3.2518270653346036e-06,2.2764553315668445,11.89010571080792,1,1,0.7486890091693209,1,1,fold_2
1745,sub15,rest2,6,66,0,1.1560936588558663,0.7606221878552574,0.5,1,4.534849643707275,0.9893854260444641,1,3.2518270653346036e-06,2.2764553315668445,11.89010571080792,1,1,0.7353800075073723,1,1,fold_2
1746,sub15,rest2,7,67,0,0.9091336553429223,0.7128228491299572,0.5,1,3.4874014854431152,0.9703271389007568,1,3.2518270653346036e-06,2.2764553315668445,11.89010571080792,1,1,0.7298434124432399,1,1,fold_2
1747,sub15,rest2,8,68,0,1.0083391146764251,0.7326949855369025,0.5,1,3.408245086669922,0.9679611921310425,1,3.2518270653346036e-06,2.2764553315668445,11.89010571080792,1,1,0.7490067293543471,1,1,fold_2
1748,sub15,rest2,9,69,0,1.0669287095357978,0.7440124026628603,0.5,1,3.489771842956543,0.9703953862190247,1,3.2518270653346036e-06,2.2764553315668445,11.89010571080792,1,1,0.7560082001891303,1,1,fold_2
1749,sub15,rest2,10,70,0,1.2100782820667726,0.7703127998632784,0.5,1,4.074856758117676,0.9832894206047058,1,3.2518270653346036e-06,2.2764553315668445,11.89010571080792,1,1,0.7467740781969291,1,1,fold_2
1750,sub15,rest2,11,71,0,1.1184408630477647,0.7536993980412522,0.5,1,3.8265905380249023,0.9786807298660278,1,3.2518270653346036e-06,2.2764553315668445,11.89010571080792,1,1,0.7385782008985542,1,1,fold_2
1751,sub15,rest2,12,72,0,0.9262311219960923,0.7163100366862568,0.5,1,3.6325345039367676,0.9742324352264404,1,3.2518270653346036e-06,2.2764553315668445,11.89010571080792,1,1,0.7329461376636742,1,1,fold_2
1752,sub15,rest2,13,73,0,1.075941426840946,0.7457251679681536,0.5,1,3.798661708831787,0.9780900478363037,1,3.2518270653346036e-06,2.2764553315668445,11.89010571080792,1,1,0.7479054716222725,1,1,fold_2
1753,sub15,rest2,14,74,0,1.0294188297034592,0.7368032083366121,0.5,1,3.7066845893859863,0.9760298728942871,1,3.2518270653346036e-06,2.2764553315668445,11.89010571080792,1,1,0.756687811826505,1,1,fold_2
1754,sub15,rest2,15,75,0,1.1592039513381955,0.7611880385620517,0.5,1,3.911324977874756,0.9803787469863892,1,3.2518270653346036e-06,2.2764553315668445,11.89010571080792,1,1,0.7665771803354128,1,1,fold_2
1755,sub15,rest2,16,76,0,1.2200490919393971,0.7720721885808511,0.5,1,3.7862000465393066,0.9778214693069458,1,3.2518270653346036e-06,2.2764553315668445,11.89010571080792,1,1,0.7561573403858958,1,1,fold_2
1756,sub15,rest2,17,77,0,1.1884923503788705,0.7664713138633357,0.5,1,3.7713370323181152,0.9774968028068542,1,3.2518270653346036e-06,2.2764553315668445,11.89010571080792,1,1,0.7354683595106164,1,1,fold_2
1757,sub15,rest2,18,78,0,0.9942599403124346,0.7299285187135005,0.5,1,3.4725513458251953,0.969896674156189,1,3.2518270653346036e-06,2.2764553315668445,11.89010571080792,1,1,0.711850213587776,1,1,fold_2
1758,sub15,rest2,19,79,0,0.8954095253602395,0.710005245955013,0.5,1,3.3430352210998535,0.9658759832382202,1,3.2518270653346036e-06,2.2764553315668445,11.89010571080792,1,1,0.679142381992103,1,1,fold_2
1759,sub15,rest2,20,80,0,0.8265118594627979,0.6956168760948146,0.5,1,3.175708770751953,0.9599098563194275,1,3.2518270653346036e-06,2.2764553315668445,11.89010571080792,1,1,0.6536440299514364,1,1,fold_2
1760,sub15,rest2,21,81,0,0.5399682159562363,0.6318050239264813,0.5,1,2.5857558250427246,0.9299392104148865,1,3.2518270653346036e-06,2.2764553315668445,11.89010571080792,1,1,0.6452514212800452,1,1,fold_2
1761,sub15,rest2,22,82,0,0.5473053667602126,0.6335101898330133,0.5,1,2.51427960395813,0.9251368641853333,1,3.2518270653346036e-06,2.2764553315668445,11.89010571080792,1,1,0.6716485196334769,1,1,fold_2
1762,sub15,rest2,23,83,0,0.7101714825685101,0.6704390500806408,0.5,1,2.6147985458374023,0.9318078756332397,1,3.2518270653346036e-06,2.2764553315668445,11.89010571080792,1,1,0.6726068499566448,1,1,fold_2
1763,sub15,rest2,24,84,0,0.9002278274547577,0.7109963189867767,0.5,1,3.0956807136535645,0.9567142128944397,1,3.2518270653346036e-06,2.2764553315668445,11.89010571080792,1,1,0.6712478390597646,1,1,fold_2
1764,sub15,rest2,25,85,0,0.5597088918712557,0.6363851808025169,0.5,1,2.8065576553344727,0.9430291056632996,1,3.2518270653346036e-06,2.2764553315668445,11.89010571080792,1,1,0.6810581020766309,1,1,fold_2
1765,sub15,rest2,26,86,0,0.6917765717665646,0.6663620173900001,0.5,1,2.885366439819336,0.94711834192276,1,3.2518270653346036e-06,2.2764553315668445,11.89010571080792,1,1,0.7154894546901188,1,1,fold_2
1766,sub15,rest2,27,87,0,1.0481896356758205,0.7404271080373754,0.5,1,3.5319128036499023,0.9715822339057922,1,3.2518270653346036e-06,2.2764553315668445,11.89010571080792,1,1,0.74340190978712,1,1,fold_2
1767,sub15,rest2,28,88,0,1.0443020627703938,0.7396792386429812,0.5,1,3.6368889808654785,0.9743415117263794,1,3.2518270653346036e-06,2.2764553315668445,11.89010571080792,1,1,0.7320026530361293,1,1,fold_2
1768,sub15,rest2,29,89,0,1.0991423998910401,0.7500993826810035,0.5,1,3.5348639488220215,0.9716635942459106,1,3.2518270653346036e-06,2.2764553315668445,11.89010571080792,1,1,0.7377707599326797,1,1,fold_2
1769,sub15,rest2,30,90,0,0.8771406233561905,0.7062293377844034,0.5,1,3.1942009925842285,0.9606154561042786,1,3.2518270653346036e-06,2.2764553315668445,11.89010571080792,1,1,0.734095525905437,1,1,fold_2
1770,sub15,rest2,31,91,0,1.1362124368955882,0.7569835593326322,0.5,1,3.6727242469787598,0.9752223491668701,1,3.2518270653346036e-06,2.2764553315668445,11.89010571080792,1,1,0.7441814398828327,1,1,fold_2
1771,sub15,rest2,32,92,0,1.041159552767935,0.7390736805992753,0.5,1,3.4768166542053223,0.9700208902359009,1,3.2518270653346036e-06,2.2764553315668445,11.89010571080792,1,1,0.7374551531426996,1,1,fold_2
1772,sub15,rest2,33,93,0,1.0277892928206451,0.7364870797165909,0.5,1,3.9109926223754883,0.9803723692893982,1,3.2518270653346036e-06,2.2764553315668445,11.89010571080792,1,1,0.7373465609977332,1,1,fold_2
1773,sub15,rest2,34,94,0,1.0294265171299026,0.7368046991122328,0.5,1,3.714297294616699,0.9762073159217834,1,3.2518270653346036e-06,2.2764553315668445,11.89010571080792,1,1,0.7272499840319218,1,1,fold_2
1774,sub15,rest2,35,95,0,1.0394709061295877,0.738747904164376,0.5,1,3.9452710151672363,0.9810211658477783,1,3.2518270653346036e-06,2.2764553315668445,11.89010571080792,1,1,0.715919224906476,1,1,fold_2
1775,sub15,rest2,36,96,0,0.8769864418774861,0.7061973488191565,0.5,1,3.044551372528076,0.9545466899871826,1,3.2518270653346036e-06,2.2764553315668445,11.89010571080792,1,1,0.7021839147539382,1,1,fold_2
1776,sub15,rest2,37,97,0,0.8607265147062647,0.7028124217358954,0.5,1,2.938088893890381,0.9496975541114807,1,3.2518270653346036e-06,2.2764553315668445,11.89010571080792,1,1,0.707098389354206,1,1,fold_2
1777,sub15,rest2,38,98,0,0.8356201774543304,0.6975419737067624,0.5,1,3.366034984588623,0.9666260480880737,1,3.2518270653346036e-06,2.2764553315668445,11.89010571080792,1,1,0.7149504502050887,1,1,fold_2
1778,sub15,rest2,39,99,0,0.9491329439441306,0.7209407726199599,0.5,1,3.6394429206848145,0.9744053483009338,1,3.2518270653346036e-06,2.2764553315668445,11.89010571080792,1,1,0.7204184709425153,1,1,fold_2
1779,sub15,rest2,40,100,0,0.9762756758121767,0.726368604288544,0.5,1,3.493605136871338,0.9705052971839905,1,3.2518270653346036e-06,2.2764553315668445,11.89010571080792,1,1,0.7202383077921501,1,1,fold_2
1780,sub15,rest2,41,101,0,0.9146269009192383,0.713946035919042,0.5,1,3.4262185096740723,0.9685139060020447,1,3.2518270653346036e-06,2.2764553315668445,11.89010571080792,1,1,0.7030005436248521,1,1,fold_2
1781,sub15,rest2,42,102,0,0.9464480087784775,0.7204002831688645,0.5,1,3.5903725624084473,0.9731526374816895,1,3.2518270653346036e-06,2.2764553315668445,11.89010571080792,1,1,0.6522236414415244,1,1,fold_2
1782,sub15,rest2,43,103,0,0.7293167118108123,0.6746553117866497,0.5,1,2.966330051422119,0.9510295987129211,1,3.2518270653346036e-06,2.2764553315668445,11.89010571080792,1,1,0.5713018397018271,1,1,fold_2
1783,sub15,rest2,44,104,0,0.24772037982819653,0.5616153293690591,0.5,1,2.4171671867370605,0.9181270003318787,1,3.2518270653346036e-06,2.2764553315668445,11.89010571080792,1,1,0.49866617676897224,0,0,fold_2
1784,sub15,rest2,45,105,0,-0.08952022395337401,0.47763487794977255,0.5,0,2.5527703762054443,0.9277594685554504,1,3.2518270653346036e-06,2.2764553315668445,11.89010571080792,1,0,0.48844505445361613,0,0,fold_2
1785,sub15,rest2,46,106,0,-0.17344018249772278,0.45674832298808515,0.5,0,2.4622302055358887,0.921451210975647,1,3.2518270653346036e-06,2.2764553315668445,11.89010571080792,1,0,0.5207139668420043,1,1,fold_2
1786,sub15,rest2,47,107,0,0.12396636216442494,0.5309519624229909,0.5,1,2.2195563316345215,0.9019919633865356,1,3.2518270653346036e-06,2.2764553315668445,11.89010571080792,1,1,0.5734730096214257,1,1,fold_2
1787,sub15,rest2,48,108,0,0.29999631145094513,0.5744416151149369,0.5,1,2.1521339416503906,0.8958680033683777,1,3.2518270653346036e-06,2.2764553315668445,11.89010571080792,1,1,0.6146162771785684,1,1,fold_2
1788,sub15,rest2,49,109,0,0.46848642645926764,0.6150254513263491,0.5,1,2.5413432121276855,0.9269897937774658,1,3.2518270653346036e-06,2.2764553315668445,11.89010571080792,1,1,0.645150691216325,1,1,fold_2
1789,sub15,rest2,50,110,0,0.6383561212495716,0.6543817650944191,0.5,1,2.674513816833496,0.9355058670043945,1,3.2518270653346036e-06,2.2764553315668445,11.89010571080792,1,1,0.6763400896751325,1,1,fold_2
1790,sub15,rest2,51,111,0,0.6903503405889989,0.6660448572282067,0.5,1,2.894534111022949,0.947575569152832,1,3.2518270653346036e-06,2.2764553315668445,11.89010571080792,1,1,0.6474318109174905,1,1,fold_2
1791,sub15,rest2,52,112,0,0.8885635302151643,0.708593646702772,0.5,1,3.143031597137451,0.958633303642273,1,3.2518270653346036e-06,2.2764553315668445,11.89010571080792,1,1,0.579385866842841,1,1,fold_2
1792,sub15,rest2,53,113,0,0.2722978183634591,0.5676569288214925,0.5,1,2.322596788406372,0.9107312560081482,1,3.2518270653346036e-06,2.2764553315668445,11.89010571080792,1,1,0.47153440126427776,0,0,fold_2
1793,sub15,rest2,54,114,0,-0.15266773495823324,0.4619070250042586,0.5,0,1.887437343597412,0.8684630393981934,1,3.2518270653346036e-06,2.2764553315668445,11.89010571080792,1,0,0.4263095250337636,0,0,fold_2
1794,sub15,rest2,55,115,0,-0.46821316762728926,0.38503924996708205,0.5,0,1.9660978317260742,0.8771913647651672,1,3.2518270653346036e-06,2.2764553315668445,11.89010571080792,1,0,0.4088685630512427,0,0,fold_2
1795,sub15,rest2,56,116,0,-0.27376796449535334,0.4319823001299502,0.5,0,2.116004467010498,0.8924490809440613,1,3.2518270653346036e-06,2.2764553315668445,11.89010571080792,1,0,0.40801603912894285,0,0,fold_2
1796,sub15,rest2,57,117,0,-0.36568478769735235,0.40958413905669566,0.5,0,1.8740272521972656,0.8669235706329346,1,3.2518270653346036e-06,2.2764553315668445,11.89010571080792,1,0,0.3727793276505951,0,0,fold_2
1797,sub15,rest2,58,118,0,-0.4790279870037355,0.38248167820018275,0.5,0,1.8295583724975586,0.8617091178894043,1,3.2518270653346036e-06,2.2764553315668445,11.89010571080792,1,0,0.3450086698633323,0,0,fold_2
1798,sub15,rest2,59,119,0,-0.7250943255351069,0.326272165694907,0.5,0,1.7452521324157715,0.8513529300689697,1,3.2518270653346036e-06,2.2764553315668445,11.89010571080792,1,0,0.326272165694907,0,0,fold_2
2039,sub18,rest1,0,0,0,-0.818557702519425,0.3060699053554806,0.5,0,-0.5284169316291809,0.3708861768245697,1,4.377854486911723e-06,2.0330121967536154,8.002742232870016,0,1,0.28005355317232866,0,1,fold_2
2040,sub18,rest1,1,1,0,-0.8312512290939238,0.30338056938218727,0.5,0,-0.5277546644210815,0.3710407316684723,1,4.377854486911723e-06,2.0330121967536154,8.002742232870016,0,1,0.2495737753000227,0,1,fold_2
2041,sub18,rest1,2,2,0,-1.2043054598625078,0.23071018477931807,0.5,0,-0.5598466396331787,0.363582968711853,1,4.377854486911723e-06,2.0330121967536154,8.002742232870016,0,1,0.25436420440728696,0,1,fold_2
2042,sub18,rest1,3,3,0,-1.2972359371074176,0.21463057173856281,0.5,0,-0.6530122756958008,0.3423110544681549,1,4.377854486911723e-06,2.0330121967536154,8.002742232870016,0,1,0.350876020226982,0,1,fold_2
2043,sub18,rest1,4,4,0,-0.764122684804457,0.31775185670398,0.5,0,-0.8104088306427002,0.3078033924102783,1,4.377854486911723e-06,2.0330121967536154,8.002742232870016,0,1,0.5226401354054856,1,0,fold_2
2044,sub18,rest1,5,5,0,0.08102683064178251,0.5202456322384031,0.5,1,-0.6310359835624695,0.34727567434310913,1,4.377854486911723e-06,2.0330121967536154,8.002742232870016,0,0,0.6358241122180166,1,0,fold_2
2045,sub18,rest1,6,6,0,0.994231525960971,0.7299229172740735,0.5,1,-0.18845272064208984,0.453025758266449,1,4.377854486911723e-06,2.0330121967536154,8.002742232870016,0,0,0.6562772009694481,1,0,fold_2
2046,sub18,rest1,7,7,0,0.6513019189917459,0.6573037871415729,0.5,1,-0.18658685684204102,0.45348817110061646,1,4.377854486911723e-06,2.0330121967536154,8.002742232870016,0,0,0.5961585139238204,1,0,fold_2
2047,sub18,rest1,8,8,0,0.3293651436229358,0.5816048984926978,0.5,1,-0.19051575660705566,0.4525145888328552,1,4.377854486911723e-06,2.0330121967536154,8.002742232870016,0,0,0.5843955513843612,1,0,fold_2
2048,sub18,rest1,9,9,0,0.19892077192716143,0.5495668561371904,0.5,1,0.041938066482543945,0.5104829668998718,1,4.377854486911723e-06,2.0330121967536154,8.002742232870016,0,0,0.621052003267878,1,0,fold_2
2049,sub18,rest1,10,10,0,0.4981092685549393,0.6220148995231953,0.5,1,-0.02254319190979004,0.4943644404411316,1,4.377854486911723e-06,2.0330121967536154,8.002742232870016,0,0,0.5737395401881343,1,0,fold_2
2050,sub18,rest1,11,11,0,0.8074894063721622,0.6915742541432484,0.5,1,-0.07568073272705078,0.48108887672424316,1,4.377854486911723e-06,2.0330121967536154,8.002742232870016,0,0,0.44359591924690656,0,1,fold_2
2051,sub18,rest1,12,12,0,-0.3737737471994117,0.4076294668979594,0.5,0,-0.6928936243057251,0.33338966965675354,1,4.377854486911723e-06,2.0330121967536154,8.002742232870016,0,1,0.27339291813089117,0,1,fold_2
2052,sub18,rest1,13,13,0,-1.1993883882505385,0.2315840366995118,0.5,0,-0.7182435989379883,0.3277798593044281,1,4.377854486911723e-06,2.0330121967536154,8.002742232870016,0,1,0.20334458683639534,0,1,fold_2
2053,sub18,rest1,14,14,0,-1.509821483496941,0.1809652507952023,0.5,0,-0.4292544722557068,0.3943043649196625,1,4.377854486911723e-06,2.0330121967536154,8.002742232870016,0,1,0.1905994751531186,0,1,fold_2
2054,sub18,rest1,15,15,0,-1.4020912394831626,0.19748447301447192,0.5,0,-0.5539370179176331,0.3649514615535736,1,4.377854486911723e-06,2.0330121967536154,8.002742232870016,0,1,0.2102096281419992,0,1,fold_2
2055,sub18,rest1,16,16,0,-1.428396175664755,0.19334870164968151,0.5,0,-0.36521148681640625,0.40969857573509216,1,4.377854486911723e-06,2.0330121967536154,8.002742232870016,0,1,0.32987507515602194,0,1,fold_2
2056,sub18,rest1,17,17,1,-1.4359430045376687,0.19217438385873659,0.5,0,-0.5342612862586975,0.3695235848426819,1,4.377854486911723e-06,2.0330121967536154,8.002742232870016,0,1,,,,fold_2
2057,sub18,rest1,18,18,0,-1.1537998485723104,0.23979570976184417,0.5,0,-0.8933200240135193,0.290425181388855,1,4.377854486911723e-06,2.0330121967536154,8.002742232870016,0,1,0.5222247773756795,1,0,fold_2
2058,sub18,rest1,19,19,0,0.2268916329175502,0.55648081405654,0.5,1,-0.6265773773193359,0.34828701615333557,1,4.377854486911723e-06,2.0330121967536154,8.002742232870016,0,0,0.6989373488867364,1,0,fold_2
2059,sub18,rest1,20,20,0,1.210558805511464,0.7703978083086546,0.5,1,-0.10132575035095215,0.4746902287006378,1,4.377854486911723e-06,2.0330121967536154,8.002742232870016,0,0,0.7653423921162528,1,0,fold_2
2060,sub18,rest1,21,21,0,1.207935322530407,0.7699334242950145,0.5,1,-0.00023949146270751953,0.4999401569366455,1,4.377854486911723e-06,2.0330121967536154,8.002742232870016,0,0,0.7564858878770724,1,0,fold_2
2061,sub18,rest1,22,22,0,1.1292255227585892,0.7556959437450894,0.5,1,-0.04877591133117676,0.4878084659576416,1,4.377854486911723e-06,2.0330121967536154,8.002742232870016,0,0,0.7159302787249614,1,0,fold_2
2062,sub18,rest1,23,23,0,1.0659622827077926,0.7438282955911131,0.5,1,-0.11662065982818604,0.47087785601615906,1,4.377854486911723e-06,2.0330121967536154,8.002742232870016,0,0,0.5479309245390392,1,0,fold_2
2063,sub18,rest1,24,24,0,0.611428515358558,0.6482665968386816,0.5,1,-0.2880105972290039,0.4284910261631012,1,4.377854486911723e-06,2.0330121967536154,8.002742232870016,0,0,0.3908174624261187,0,1,fold_2
2064,sub18,rest1,25,25,1,-0.4193274696277262,0.3966776919413028,0.5,0,-0.7766897082328796,0.31503376364707947,1,4.377854486911723e-06,2.0330121967536154,8.002742232870016,0,1,,,,fold_2
2065,sub18,rest1,26,26,0,-1.0895773144863574,0.25169788118732295,0.5,0,-0.7983125448226929,0.310386598110199,1,4.377854486911723e-06,2.0330121967536154,8.002742232870016,0,1,0.2617612540862642,0,1,fold_2
2066,sub18,rest1,27,27,0,-0.9820363750891474,0.2724879092523516,0.5,0,-0.65090411901474,0.3427858352661133,1,4.377854486911723e-06,2.0330121967536154,8.002742232870016,0,1,0.2725374885568433,0,1,fold_2
2067,sub18,rest1,28,28,0,-1.040269630812897,0.26109797181911826,0.5,0,-0.5938847064971924,0.35574403405189514,1,4.377854486911723e-06,2.0330121967536154,8.002742232870016,0,1,0.25814273077718636,0,1,fold_2
2068,sub18,rest1,29,29,0,-0.9245751954195951,0.28402658459906005,0.5,0,-0.6079354882240295,0.352530300617218,1,4.377854486911723e-06,2.0330121967536154,8.002742232870016,0,1,0.2942585936798076,0,1,fold_2
2069,sub18,rest1,30,30,0,-1.2122474287798441,0.22930363591338077,0.5,0,-0.7555023431777954,0.31962352991104126,1,4.377854486911723e-06,2.0330121967536154,8.002742232870016,0,1,0.28489130090324255,0,1,fold_2
2070,sub18,rest1,31,31,0,-0.5345960982886178,0.369445560526982,0.5,0,-0.6080254912376404,0.3525097370147705,1,4.377854486911723e-06,2.0330121967536154,8.002742232870016,0,1,0.28299800350647625,0,1,fold_2
2071,sub18,rest1,32,32,0,-1.0672589458798087,0.25592470626936487,0.5,0,-0.7280295491218567,0.32562726736068726,1,4.377854486911723e-06,2.0330121967536154,8.002742232870016,0,1,0.2312851479406259,0,1,fold_2
2072,sub18,rest1,33,33,0,-1.2446723449805217,0.22362374372308186,0.5,0,-0.8732513189315796,0.2945782244205475,1,4.377854486911723e-06,2.0330121967536154,8.002742232870016,0,1,0.22938526983654706,0,1,fold_2
2073,sub18,rest1,34,34,1,-1.4341792007727756,0.1924483514125848,0.5,0,-0.7119042277336121,0.32917821407318115,1,4.377854486911723e-06,2.0330121967536154,8.002742232870016,0,1,,,,fold_2
2074,sub18,rest1,35,35,0,-1.2991566011008937,0.21430699382943094,0.5,0,-0.7623549699783325,0.31813520193099976,1,4.377854486911723e-06,2.0330121967536154,8.002742232870016,0,1,0.27885455150206,0,1,fold_2
2075,sub18,rest1,36,36,0,-1.0974122648749784,0.25022507195712834,0.5,0,-0.8745579123497009,0.29430678486824036,1,4.377854486911723e-06,2.0330121967536154,8.002742232870016,0,1,0.4122959895592966,0,1,fold_2
2076,sub18,rest1,37,37,0,-0.5235110981131819,0.3720315887196208,0.5,0,-0.6309044361114502,0.3473054766654968,1,4.377854486911723e-06,2.0330121967536154,8.002742232870016,0,1,0.5542625751385116,1,0,fold_2
2077,sub18,rest1,38,38,0,0.46682207125277037,0.6146313080011407,0.5,1,-0.32653892040252686,0.41908296942710876,1,4.377854486911723e-06,2.0330121967536154,8.002742232870016,0,0,0.6384458408271976,1,0,fold_2
2078,sub18,rest1,39,39,0,0.7360195490222814,0.6761248286947735,0.5,1,-0.2626943588256836,0.43470147252082825,1,4.377854486911723e-06,2.0330121967536154,8.002742232870016,0,0,0.6469257055577423,1,0,fold_2
2079,sub18,rest1,40,40,0,0.5090399346515306,0.6245813857856785,0.5,1,-0.4599473476409912,0.38699832558631897,1,4.377854486911723e-06,2.0330121967536154,8.002742232870016,0,0,0.5791617586748852,1,0,fold_2
2080,sub18,rest1,41,41,0,0.5756718933763936,0.640070902192775,0.5,1,-0.4410223960876465,0.3914973735809326,1,4.377854486911723e-06,2.0330121967536154,8.002742232870016,0,0,0.4436061384390946,0,1,fold_2
2081,sub18,rest1,42,42,1,0.5056200282858482,0.6237791469078356,0.5,0,-0.44373565912246704,0.3908511996269226,1,4.377854486911723e-06,2.0330121967536154,8.002742232870016,0,1,,,,fold_2
2082,sub18,rest1,43,43,0,-0.10877517373475044,0.47283298804620216,0.5,0,-0.727906346321106,0.3256543278694153,1,4.377854486911723e-06,2.0330121967536154,8.002742232870016,0,1,0.29050901961804765,0,1,fold_2
2083,sub18,rest1,44,44,0,-1.2778611384348908,0.21791452507830647,0.5,0,-0.842651903629303,0.30097657442092896,1,4.377854486911723e-06,2.0330121967536154,8.002742232870016,0,1,0.20086773635334712,0,1,fold_2
2084,sub18,rest1,45,45,0,-1.5110749130334815,0.18077954572963428,0.5,0,-0.4782838225364685,0.3826574683189392,1,4.377854486911723e-06,2.0330121967536154,8.002742232870016,0,1,0.24770786142413548,0,1,fold_2
2085,sub18,rest1,46,46,0,-1.3620388333556475,0.20390913825210066,0.5,0,-0.7301038503646851,0.32517194747924805,1,4.377854486911723e-06,2.0330121967536154,8.002742232870016,0,1,0.39896608394643424,0,1,fold_2
2086,sub18,rest1,47,47,0,-0.5821636049549076,0.3584349002906715,0.5,0,-0.7007876038551331,0.3316376209259033,1,4.377854486911723e-06,2.0330121967536154,8.002742232870016,0,1,0.5832989865533423,1,0,fold_2
2087,sub18,rest1,48,48,0,0.5518047842564705,0.6345542132965307,0.5,1,-0.2679940462112427,0.43339964747428894,1,4.377854486911723e-06,2.0330121967536154,8.002742232870016,0,0,0.7239232448537,1,0,fold_2
2088,sub18,rest1,49,49,0,1.1358009046064332,0.756907846072825,0.5,1,0.0469663143157959,0.5117394328117371,1,4.377854486911723e-06,2.0330121967536154,8.002742232870016,0,0,0.7245336574360494,1,0,fold_2
2089,sub18,rest1,50,50,0,1.2674602533739354,0.7803076751917439,0.5,1,-0.03726541996002197,0.4906846880912781,1,4.377854486911723e-06,2.0330121967536154,8.002742232870016,0,0,0.6484251102185443,1,0,fold_2
2090,sub18,rest1,51,51,0,0.5597100597285449,0.636385451043579,0.5,1,-0.4494101405143738,0.38950103521347046,1,4.377854486911723e-06,2.0330121967536154,8.002742232870016,0,0,0.5731710010355099,1,0,fold_2
2091,sub18,rest1,52,52,0,0.11445359583357279,0.5285822044203099,0.5,1,-0.6098101139068604,0.35210248827934265,1,4.377854486911723e-06,2.0330121967536154,8.002742232870016,0,0,0.5868779304578802,1,0,fold_2
2092,sub18,rest1,53,53,0,0.21905313330122037,0.5545453476426407,0.5,1,-0.531316876411438,0.37020981311798096,1,4.377854486911723e-06,2.0330121967536154,8.002742232870016,0,0,0.6535885341470321,1,0,fold_2
2093,sub18,rest1,54,54,0,0.7423349726772582,0.6775062393106899,0.5,1,-0.23736774921417236,0.4409351646900177,1,4.377854486911723e-06,2.0330121967536154,8.002742232870016,0,0,0.6294020731309645,1,0,fold_2
2094,sub18,rest1,55,55,0,0.9881078001889826,0.7287140154877656,0.5,1,-0.22382330894470215,0.4442766010761261,1,4.377854486911723e-06,2.0330121967536154,8.002742232870016,0,0,0.5014048485883921,1,0,fold_2
2095,sub18,rest1,56,56,0,-0.07208734274198854,0.4819859645944379,0.5,0,-0.6440749168395996,0.344325989484787,1,4.377854486911723e-06,2.0330121967536154,8.002742232870016,0,1,0.3350175623966378,0,1,fold_2
2096,sub18,rest1,57,57,0,-0.8783753196574173,0.29351456568297274,0.5,0,-0.8242681622505188,0.30485838651657104,1,4.377854486911723e-06,2.0330121967536154,8.002742232870016,0,1,0.2661452686750955,0,1,fold_2
2097,sub18,rest1,58,58,0,-1.2108416932594457,0.22955215691250289,0.5,0,-0.4627764821052551,0.3863273561000824,1,4.377854486911723e-06,2.0330121967536154,8.002742232870016,0,1,0.2600967745907083,0,1,fold_2
2098,sub18,rest1,59,59,0,-0.9675501252468965,0.275369083429811,0.5,0,-0.058619141578674316,0.4853493869304657,1,4.377854486911723e-06,2.0330121967536154,8.002742232870016,0,1,0.275369083429811,0,1,fold_2
2099,sub18,rest2,0,60,0,-0.17578507619750777,0.4561665454443159,0.5,0,-0.3876192569732666,0.4042905271053314,1,4.377854486911723e-06,2.0330121967536154,8.002742232870016,1,0,0.6224369645126381,1,1,fold_2
2100,sub18,rest2,1,61,0,0.7664310450870062,0.6827483519407397,0.5,1,-0.16743826866149902,0.45823797583580017,1,4.377854486911723e-06,2.0330121967536154,8.002742232870016,1,1,0.7069386697621711,1,1,fold_2
2101,sub18,rest2,2,62,0,0.9864997137874034,0.7283959961528587,0.5,1,-0.05288076400756836,0.48678290843963623,1,4.377854486911723e-06,2.0330121967536154,8.002742232870016,1,1,0.7364113747115031,1,1,fold_2
2102,sub18,rest2,3,63,0,0.8937899287433974,0.7096716611929151,0.5,1,0.031476616859436035,0.5078685283660889,1,4.377854486911723e-06,2.0330121967536154,8.002742232870016,1,1,0.7649314322402976,1,1,fold_2
2103,sub18,rest2,4,64,0,1.2149094504852542,0.7711664667887355,0.5,1,0.08297181129455566,0.5207310914993286,1,4.377854486911723e-06,2.0330121967536154,8.002742232870016,1,1,0.8025043720006968,1,1,fold_2
2104,sub18,rest2,5,65,0,1.4759242199038602,0.813956168739242,0.5,1,0.1432422399520874,0.5357494354248047,1,4.377854486911723e-06,2.0330121967536154,8.002742232870016,1,1,0.8144177687724433,1,1,fold_2
2105,sub18,rest2,6,66,0,1.5326278892792797,0.822390480474113,0.5,1,0.14233136177062988,0.5355228781700134,1,4.377854486911723e-06,2.0330121967536154,8.002742232870016,1,1,0.8137154485303545,1,1,fold_2
2106,sub18,rest2,7,67,0,1.4300342811061015,0.8069066571039747,0.5,1,0.0892333984375,0.5222935676574707,1,4.377854486911723e-06,2.0330121967536154,8.002742232870016,1,1,0.8102785272054093,1,1,fold_2
2107,sub18,rest2,8,68,0,1.4620708921299512,0.8118492080129759,0.5,1,0.12138557434082031,0.5303092002868652,1,4.377854486911723e-06,2.0330121967536154,8.002742232870016,1,1,0.8134164041721469,1,1,fold_2
2108,sub18,rest2,9,69,0,1.4635806593976313,0.812079716499277,0.5,1,0.1615813970565796,0.5403077006340027,1,4.377854486911723e-06,2.0330121967536154,8.002742232870016,1,1,0.8136975281147246,1,1,fold_2
2109,sub18,rest2,10,70,0,1.4916132425984125,0.8163202880041875,0.5,1,0.24763405323028564,0.5615940690040588,1,4.377854486911723e-06,2.0330121967536154,8.002742232870016,1,1,0.8124425237363968,1,1,fold_2
2110,sub18,rest2,11,71,0,1.4676016823554303,0.8126925798407093,0.5,1,0.11792612075805664,0.5294473767280579,1,4.377854486911723e-06,2.0330121967536154,8.002742232870016,1,1,0.8089542105037815,1,1,fold_2
2111,sub18,rest2,12,72,0,1.4390965198093904,0.8083147033642938,0.5,1,0.06542015075683594,0.516349196434021,1,4.377854486911723e-06,2.0330121967536154,8.002742232870016,1,1,0.807248046284009,1,1,fold_2
2112,sub18,rest2,13,73,0,1.423300749289353,0.8058553483063414,0.5,1,0.042855024337768555,0.5107121467590332,1,4.377854486911723e-06,2.0330121967536154,8.002742232870016,1,1,0.8049027361890145,1,1,fold_2
2113,sub18,rest2,14,74,0,1.434323588547392,0.8075740871813917,0.5,1,0.11708414554595947,0.5292376279830933,1,4.377854486911723e-06,2.0330121967536154,8.002742232870016,1,1,0.80274475086802,1,1,fold_2
2114,sub18,rest2,15,75,0,1.3943059449856583,0.8012787730793108,0.5,1,0.11501765251159668,0.5287227034568787,1,4.377854486911723e-06,2.0330121967536154,8.002742232870016,1,1,0.8027592244758082,1,1,fold_2
2115,sub18,rest2,16,76,0,1.3824325377486395,0.7993813923433576,0.5,1,0.1476118564605713,0.5368360877037048,1,4.377854486911723e-06,2.0330121967536154,8.002742232870016,1,1,0.8073780754444386,1,1,fold_2
2116,sub18,rest2,17,77,0,1.4346030291132936,0.807617508004756,0.5,1,0.19972288608551025,0.549765408039093,1,4.377854486911723e-06,2.0330121967536154,8.002742232870016,1,1,0.8133558226794761,1,1,fold_2
2117,sub18,rest2,18,78,0,1.4837300780149367,0.8151353259852023,0.5,1,0.19113874435424805,0.5476397275924683,1,4.377854486911723e-06,2.0330121967536154,8.002742232870016,1,1,0.8101116885955753,1,1,fold_2
2118,sub18,rest2,19,79,0,1.4982587683306103,0.8173146340484705,0.5,1,0.17010557651519775,0.5424241423606873,1,4.377854486911723e-06,2.0330121967536154,8.002742232870016,1,1,0.8052095815503318,1,1,fold_2
2119,sub18,rest2,20,80,0,1.3731282902249868,0.797885105753053,0.5,1,0.053507089614868164,0.5133735537528992,1,4.377854486911723e-06,2.0330121967536154,8.002742232870016,1,1,0.8018526719064069,1,1,fold_2
2120,sub18,rest2,21,81,0,1.3889778015548477,0.8004290048494719,0.5,1,0.14030730724334717,0.5350193977355957,1,4.377854486911723e-06,2.0330121967536154,8.002742232870016,1,1,0.8103788945691396,1,1,fold_2
2121,sub18,rest2,22,82,0,1.4322002268200955,0.8072439051166956,0.5,1,0.11932945251464844,0.5297970175743103,1,4.377854486911723e-06,2.0330121967536154,8.002742232870016,1,1,0.8163842818009582,1,1,fold_2
2122,sub18,rest2,23,83,0,1.539993454812705,0.823463773741251,0.5,1,0.1891181468963623,0.5471391081809998,1,4.377854486911723e-06,2.0330121967536154,8.002742232870016,1,1,0.816542356316516,1,1,fold_2
2123,sub18,rest2,24,84,0,1.505848681174281,0.8184451665449277,0.5,1,0.12363672256469727,0.5308698415756226,1,4.377854486911723e-06,2.0330121967536154,8.002742232870016,1,1,0.8076071267080854,1,1,fold_2
2124,sub18,rest2,25,85,0,1.4352507716640597,0.8077181286633691,0.5,1,0.1523122787475586,0.5380046367645264,1,4.377854486911723e-06,2.0330121967536154,8.002742232870016,1,1,0.797942846268759,1,1,fold_2
2125,sub18,rest2,26,86,0,1.3655367111874357,0.7966580849159595,0.5,1,0.15593945980072021,0.5389060378074646,1,4.377854486911723e-06,2.0330121967536154,8.002742232870016,1,1,0.7953305435748218,1,1,fold_2
2126,sub18,rest2,27,87,0,1.3216273348780347,0.7894523252269484,0.5,1,0.22987425327301025,0.5572168231010437,1,4.377854486911723e-06,2.0330121967536154,8.002742232870016,1,1,0.7936693448328196,1,1,fold_2
2127,sub18,rest2,28,88,0,1.3855521550183147,0.7998812205815578,0.5,1,0.13916945457458496,0.5347363352775574,1,4.377854486911723e-06,2.0330121967536154,8.002742232870016,1,1,0.7953671036693274,1,1,fold_2
2128,sub18,rest2,29,89,0,1.3350484935506244,0.7916744886899524,0.5,1,0.18363440036773682,0.5457800626754761,1,4.377854486911723e-06,2.0330121967536154,8.002742232870016,1,1,0.7913843502909264,1,1,fold_2
2129,sub18,rest2,30,90,0,1.3525462780518005,0.7945456017364723,0.5,1,0.0971519947052002,0.5242689251899719,1,4.377854486911723e-06,2.0330121967536154,8.002742232870016,1,1,0.7956926664730047,1,1,fold_2
2130,sub18,rest2,31,91,0,1.312510561669763,0.7879329604463545,0.5,1,0.10343444347381592,0.5258355736732483,1,4.377854486911723e-06,2.0330121967536154,8.002742232870016,1,1,0.7952161497694687,1,1,fold_2
2131,sub18,rest2,32,92,0,1.4152929404174295,0.8045994372361875,0.5,1,0.05897355079650879,0.5147390961647034,1,4.377854486911723e-06,2.0330121967536154,8.002742232870016,1,1,0.7827038561181571,1,1,fold_2
2132,sub18,rest2,33,93,0,1.3438115558024124,0.7931160516258643,0.5,1,-0.007180690765380859,0.4982048571109772,1,4.377854486911723e-06,2.0330121967536154,8.002742232870016,1,1,0.7173697910193266,1,1,fold_2
2133,sub18,rest2,34,94,0,1.1007258295876605,0.7503960794924196,0.5,1,-0.16285324096679688,0.45937639474868774,1,4.377854486911723e-06,2.0330121967536154,8.002742232870016,1,1,0.6508870299612833,1,1,fold_2
2134,sub18,rest2,35,95,0,0.4414196040504236,0.6085972419396959,0.5,1,-0.34014642238616943,0.4157739281654358,1,4.377854486911723e-06,2.0330121967536154,8.002742232870016,1,1,0.6166216763426378,1,1,fold_2
2135,sub18,rest2,36,96,0,0.3791487212389408,0.5936677684517347,0.5,1,-0.12436354160308838,0.4689491391181946,1,4.377854486911723e-06,2.0330121967536154,8.002742232870016,1,1,0.6578201691610667,1,1,fold_2
2136,sub18,rest2,37,97,0,0.6085064094036823,0.6476000186364828,0.5,1,-0.10934054851531982,0.47269207239151,1,4.377854486911723e-06,2.0330121967536154,8.002742232870016,1,1,0.7160930267444624,1,1,fold_2
2137,sub18,rest2,38,98,0,1.0057761426588119,0.7321927203949826,0.5,1,0.10296738147735596,0.525719165802002,1,4.377854486911723e-06,2.0330121967536154,8.002742232870016,1,1,0.7642149757257751,1,1,fold_2
2138,sub18,rest2,39,99,0,1.1997839164251674,0.7684863412019215,0.5,1,0.0615849494934082,0.5153913497924805,1,4.377854486911723e-06,2.0330121967536154,8.002742232870016,1,1,0.7886404021895834,1,1,fold_2
2139,sub18,rest2,40,100,0,1.3368161178474731,0.7919658655804213,0.5,1,0.18465816974639893,0.5460337996482849,1,4.377854486911723e-06,2.0330121967536154,8.002742232870016,1,1,0.7808431272830384,1,1,fold_2
2140,sub18,rest2,41,101,0,1.420833181708701,0.8054689997864074,0.5,1,0.1528540849685669,0.538139283657074,1,4.377854486911723e-06,2.0330121967536154,8.002742232870016,1,1,0.7629370657963955,1,1,fold_2
2141,sub18,rest2,42,102,0,1.0726182545160254,0.7450945164822868,0.5,1,-0.07117748260498047,0.4822131097316742,1,4.377854486911723e-06,2.0330121967536154,8.002742232870016,1,1,0.7305890685084978,1,1,fold_2
2142,sub18,rest2,43,103,0,1.0368806707200617,0.7382476811204923,0.5,1,-0.12237179279327393,0.4694451689720154,1,4.377854486911723e-06,2.0330121967536154,8.002742232870016,1,1,0.7476241729550814,1,1,fold_2
2143,sub18,rest2,44,104,0,0.8877469718607137,0.7084250079227145,0.5,1,-0.17929375171661377,0.45529627799987793,1,4.377854486911723e-06,2.0330121967536154,8.002742232870016,1,1,0.7315131399108276,1,1,fold_2
2144,sub18,rest2,45,105,0,1.3627102410158602,0.7961998298220373,0.5,1,0.011745691299438477,0.5029364228248596,1,4.377854486911723e-06,2.0330121967536154,8.002742232870016,1,1,0.727153624963075,1,1,fold_2
2145,sub18,rest2,46,106,0,0.7997199942079543,0.6899145819877311,0.5,1,-0.12054002285003662,0.469901442527771,1,4.377854486911723e-06,2.0330121967536154,8.002742232870016,1,1,0.6721513638464289,1,1,fold_2
2146,sub18,rest2,47,107,0,0.8252350429683281,0.6953464630794565,0.5,1,-0.1161653995513916,0.47099122405052185,1,4.377854486911723e-06,2.0330121967536154,8.002742232870016,1,1,0.6420681069682581,1,1,fold_2
2147,sub18,rest2,48,108,0,0.5373384071356835,0.6311930464720992,0.5,1,-0.22906756401062012,0.4429822266101837,1,4.377854486911723e-06,2.0330121967536154,8.002742232870016,1,1,0.5616386646241339,1,1,fold_2
2148,sub18,rest2,49,109,0,0.40406868354698333,0.5996648113532188,0.5,1,-0.28258466720581055,0.4298202395439148,1,4.377854486911723e-06,2.0330121967536154,8.002742232870016,1,1,0.4760790556671268,0,0,fold_2
2149,sub18,rest2,50,110,0,-0.1842872509887825,0.4540581360470836,0.5,0,-0.3836643695831299,0.4052433967590332,1,4.377854486911723e-06,2.0330121967536154,8.002742232870016,1,0,0.3949999469767223,0,0,fold_2
2150,sub18,rest2,51,111,0,-0.5128988246746384,0.3745142196010781,0.5,0,-0.3173295259475708,0.4213266968727112,1,4.377854486911723e-06,2.0330121967536154,8.002742232870016,1,0,0.36596857205130745,0,0,fold_2
2151,sub18,rest2,52,112,0,-0.5909038968511514,0.35642748528200535,0.5,0,-0.4009019136428833,0.4010956883430481,1,4.377854486911723e-06,2.0330121967536154,8.002742232870016,1,0,0.3811920078563685,0,0,fold_2
2152,sub18,rest2,53,113,0,-0.5452634934466526,0.3669640112708388,0.5,0,-0.3872793912887573,0.4043723940849304,1,4.377854486911723e-06,2.0330121967536154,8.002742232870016,1,0,0.4465229880827935,0,0,fold_2
2153,sub18,rest2,54,114,0,-0.32201593806180806,0.42018452701626136,0.5,0,-0.3649768829345703,0.4097553491592407,1,4.377854486911723e-06,2.0330121967536154,8.002742232870016,1,0,0.5533997385486723,1,1,fold_2
2154,sub18,rest2,55,115,0,0.2104550566218961,0.5524204259612803,0.5,1,-0.4265098571777344,0.3949600160121918,1,4.377854486911723e-06,2.0330121967536154,8.002742232870016,1,1,0.6146492894742398,1,1,fold_2
2155,sub18,rest2,56,116,0,0.7888961463433871,0.6875942626684753,0.5,1,-0.29162681102752686,0.42760565876960754,1,4.377854486911723e-06,2.0330121967536154,8.002742232870016,1,1,0.5910641862583085,1,1,fold_2
2156,sub18,rest2,57,117,0,0.4218806274166761,0.603933179792964,0.5,1,-0.3449956178665161,0.4145964980125427,1,4.377854486911723e-06,2.0330121967536154,8.002742232870016,1,1,0.4950054242213608,0,0,fold_2
2157,sub18,rest2,58,118,0,-0.0733724338289099,0.4816651163134862,0.5,0,-0.22138142585754395,0.44487956166267395,1,4.377854486911723e-06,2.0330121967536154,8.002742232870016,1,0,0.4268336898095835,0,0,fold_2
2158,sub18,rest2,59,119,0,-0.4078907952266139,0.3994179765576322,0.5,0,0.14442884922027588,0.5360445976257324,1,4.377854486911723e-06,2.0330121967536154,8.002742232870016,1,0,0.3994179765576322,0,0,fold_2
839,sub8,rest1,0,0,0,-1.3623983830961375,0.2038507786837984,0.5,0,-0.5962897539138794,0.35519298911094666,1,4.865261598504492e-06,2.058614984272929,6.2007203834469,0,1,0.18584542613549282,0,1,fold_3
840,sub8,rest1,1,1,0,-1.5648210868681187,0.17295594052367994,0.5,0,-0.5547480583190918,0.3647634983062744,1,4.865261598504492e-06,2.058614984272929,6.2007203834469,0,1,0.17568425881502284,0,1,fold_3
841,sub8,rest1,2,2,0,-1.511412472052814,0.18072955919900013,0.5,0,-0.4259546399116516,0.39509275555610657,1,4.865261598504492e-06,2.058614984272929,6.2007203834469,0,1,0.17205202952178947,0,1,fold_3
842,sub8,rest1,3,3,0,-1.5619481581163737,0.17336727672238852,0.5,0,-0.27543914318084717,0.4315722584724426,1,4.865261598504492e-06,2.058614984272929,6.2007203834469,0,1,0.16666612038283252,0,1,fold_3
843,sub8,rest1,4,4,0,-1.6429853653486446,0.16205925264397977,0.5,0,-0.3942093849182129,0.4027043879032135,1,4.865261598504492e-06,2.058614984272929,6.2007203834469,0,1,0.1670302543960146,0,1,fold_3
844,sub8,rest1,5,5,0,-1.6245972274722937,0.16457183178212925,0.5,0,-0.3730539083480835,0.4078032672405243,1,4.865261598504492e-06,2.058614984272929,6.2007203834469,0,1,0.1701152455311944,0,1,fold_3
845,sub8,rest1,6,6,0,-1.554344459116999,0.17445967876193477,0.5,0,-0.40165698528289795,0.4009142816066742,1,4.865261598504492e-06,2.058614984272929,6.2007203834469,0,1,0.17285615427107373,0,1,fold_3
846,sub8,rest1,7,7,0,-1.576341591544979,0.17131422604951918,0.5,0,-0.3671300411224365,0.4092346727848053,1,4.865261598504492e-06,2.058614984272929,6.2007203834469,0,1,0.1909245229137327,0,1,fold_3
847,sub8,rest1,8,8,0,-1.565949719721793,0.1727945580017673,0.5,0,-0.4686993956565857,0.38492411375045776,1,4.865261598504492e-06,2.058614984272929,6.2007203834469,0,1,0.2271575569226096,0,1,fold_3
848,sub8,rest1,9,9,0,-1.2158659501783937,0.22866478468991158,0.5,0,-0.5313708782196045,0.37019720673561096,1,4.865261598504492e-06,2.058614984272929,6.2007203834469,0,1,0.27738037144949185,0,1,fold_3
849,sub8,rest1,10,10,0,-0.9443954983135349,0.2800133280761499,0.5,0,-0.516681969165802,0.3736284077167511,1,4.865261598504492e-06,2.058614984272929,6.2007203834469,0,1,0.32477149660784405,0,1,fold_3
850,sub8,rest1,11,11,0,-0.7379023987925893,0.3234630015824139,0.5,0,-0.41216135025024414,0.39839398860931396,1,4.865261598504492e-06,2.058614984272929,6.2007203834469,0,1,0.33029209660773495,0,1,fold_3
851,sub8,rest1,12,12,0,-0.5286227791774912,0.3708381601649681,0.5,0,-0.6534961462020874,0.3422021269798279,1,4.865261598504492e-06,2.058614984272929,6.2007203834469,0,1,0.32646516168054984,0,1,fold_3
852,sub8,rest1,13,13,0,-0.8636605095917321,0.2965751280758228,0.5,0,-0.6985045671463013,0.3321438431739807,1,4.865261598504492e-06,2.058614984272929,6.2007203834469,0,1,0.3015284235501957,0,1,fold_3
853,sub8,rest1,14,14,0,-0.7908685896957829,0.31198219680085865,0.5,0,-0.706010639667511,0.3304809629917145,1,4.865261598504492e-06,2.058614984272929,6.2007203834469,0,1,0.323020330195079,0,1,fold_3
854,sub8,rest1,15,15,0,-0.8662847984026617,0.2960279457739057,0.5,0,-0.8028046488761902,0.30942589044570923,1,4.865261598504492e-06,2.058614984272929,6.2007203834469,0,1,0.34416336660228786,0,1,fold_3
855,sub8,rest1,16,16,0,-0.5708060752314367,0.36105084801047266,0.5,0,-0.7252210378646851,0.3262442946434021,1,4.865261598504492e-06,2.058614984272929,6.2007203834469,0,1,0.36411721152457854,0,1,fold_3
856,sub8,rest1,17,17,1,-0.4690463216417222,0.38484199131015334,0.5,0,-0.7002302408218384,0.3317611813545227,1,4.865261598504492e-06,2.058614984272929,6.2007203834469,0,1,,,,fold_3
857,sub8,rest1,18,18,0,-0.5090711024972907,0.37541130602248535,0.5,0,-0.6112747192382812,0.35176849365234375,1,4.865261598504492e-06,2.058614984272929,6.2007203834469,0,1,0.3284469553836673,0,1,fold_3
858,sub8,rest1,19,19,0,-0.5932500907135236,0.35588948054077774,0.5,0,-0.6641576290130615,0.33980628848075867,1,4.865261598504492e-06,2.058614984272929,6.2007203834469,0,1,0.26017058203673354,0,1,fold_3
859,sub8,rest1,20,20,0,-1.0771798245485995,0.25404007958773883,0.5,0,-0.6494553685188293,0.3431122899055481,1,4.865261598504492e-06,2.058614984272929,6.2007203834469,0,1,0.20879174784902213,0,1,fold_3
860,sub8,rest1,21,21,0,-1.5815068159778098,0.17058218598168412,0.5,0,-0.49080920219421387,0.37970298528671265,1,4.865261598504492e-06,2.058614984272929,6.2007203834469,0,1,0.19255220280096078,0,1,fold_3
861,sub8,rest1,22,22,0,-1.3753740331821855,0.20175297797764344,0.5,0,-0.7032297849655151,0.3310965299606323,1,4.865261598504492e-06,2.058614984272929,6.2007203834469,0,1,0.20365104588326366,0,1,fold_3
862,sub8,rest1,23,23,0,-1.3533609275045677,0.2053214444435548,0.5,0,-0.7148365378379822,0.3285309970378876,1,4.865261598504492e-06,2.058614984272929,6.2007203834469,0,1,0.203095660750458,0,1,fold_3
863,sub8,rest1,24,24,0,-1.3622262581947604,0.20387871522859272,0.5,0,-0.6634868383407593,0.33995679020881653,1,4.865261598504492e-06,2.058614984272929,6.2007203834469,0,1,0.22050080270715697,0,1,fold_3
864,sub8,rest1,25,25,1,-1.5272159673810901,0.1784013882140817,0.5,0,-0.3630768060684204,0.41021493077278137,1,4.865261598504492e-06,2.058614984272929,6.2007203834469,0,1,,,,fold_3
865,sub8,rest1,26,26,0,-1.3857518083098532,0.2000868225792265,0.5,0,-0.5926933288574219,0.356017142534256,1,4.865261598504492e-06,2.058614984272929,6.2007203834469,0,1,0.24510528470946014,0,1,fold_3
866,sub8,rest1,27,27,0,-1.0588103169180392,0.2575368703136517,0.5,0,-0.6615979671478271,0.3403807282447815,1,4.865261598504492e-06,2.058614984272929,6.2007203834469,0,1,0.24339879989379856,0,1,fold_3
867,sub8,rest1,28,28,0,-0.9559382510446298,0.27769216123550217,0.5,0,-0.6970569491386414,0.3324650526046753,1,4.865261598504492e-06,2.058614984272929,6.2007203834469,0,1,0.21421390528714013,0,1,fold_3
868,sub8,rest1,29,29,0,-1.4180506114298903,0.19496736813224183,0.5,0,-0.7071154713630676,0.3302365243434906,1,4.865261598504492e-06,2.058614984272929,6.2007203834469,0,1,0.17714356294101166,0,1,fold_3
869,sub8,rest1,30,30,0,-1.5857535163875691,0.1699821864936763,0.5,0,-0.5182467699050903,0.37326228618621826,1,4.865261598504492e-06,2.058614984272929,6.2007203834469,0,1,0.1788706135810572,0,1,fold_3
870,sub8,rest1,31,31,0,-1.6107743414960425,0.16648113419711688,0.5,0,-0.39690101146698,0.40205711126327515,1,4.865261598504492e-06,2.058614984272929,6.2007203834469,0,1,0.2163071018432324,0,1,fold_3
871,sub8,rest1,32,32,0,-1.385366369148566,0.20014852005237835,0.5,0,-0.7673932909965515,0.3170432448387146,1,4.865261598504492e-06,2.058614984272929,6.2007203834469,0,1,0.30728660798565405,0,1,fold_3
872,sub8,rest1,33,33,0,-0.9331225260778419,0.28229165128020195,0.5,0,-0.5243873000144958,0.3718269169330597,1,4.865261598504492e-06,2.058614984272929,6.2007203834469,0,1,0.3487942291369644,0,1,fold_3
873,sub8,rest1,34,34,1,-0.6348780892561219,0.3464052702316724,0.5,0,-0.7112922668457031,0.32931336760520935,1,4.865261598504492e-06,2.058614984272929,6.2007203834469,0,1,,,,fold_3
874,sub8,rest1,35,35,0,-0.24351769670872314,0.43941965262438176,0.5,0,-0.705734133720398,0.3305421471595764,1,4.865261598504492e-06,2.058614984272929,6.2007203834469,0,1,0.3914395769253434,0,1,fold_3
875,sub8,rest1,36,36,0,-0.7323858685322505,0.3246713835063096,0.5,0,-0.8399871587753296,0.30153748393058777,1,4.865261598504492e-06,2.058614984272929,6.2007203834469,0,1,0.34395288430523796,0,1,fold_3
876,sub8,rest1,37,37,0,-0.3630241809440067,0.410227694645339,0.5,0,-0.6415554881095886,0.34489500522613525,1,4.865261598504492e-06,2.058614984272929,6.2007203834469,0,1,0.3798783814006357,0,1,fold_3
877,sub8,rest1,38,38,0,-0.8618183764160487,0.29695957476406537,0.5,0,-0.4729827642440796,0.38391050696372986,1,4.865261598504492e-06,2.058614984272929,6.2007203834469,0,1,0.386847318166655,0,1,fold_3
878,sub8,rest1,39,39,0,-0.2718707973256964,0.4324478747925027,0.5,0,0.1737079620361328,0.5433181524276733,1,4.865261598504492e-06,2.058614984272929,6.2007203834469,0,1,0.418047223488061,0,1,fold_3
879,sub8,rest1,40,40,0,-0.27722390002816544,0.43113450494339706,0.5,0,0.013365030288696289,0.5033411979675293,1,4.865261598504492e-06,2.058614984272929,6.2007203834469,0,1,0.381026216964198,0,1,fold_3
880,sub8,rest1,41,41,0,-0.4449618759333332,0.39055929072828327,0.5,0,-0.33067381381988525,0.41807666420936584,1,4.865261598504492e-06,2.058614984272929,6.2007203834469,0,1,0.3519274823853424,0,1,fold_3
881,sub8,rest1,42,42,1,-0.7093165535469639,0.3297498744572687,0.5,0,-0.6875162124633789,0.3345858156681061,1,4.865261598504492e-06,2.058614984272929,6.2007203834469,0,1,,,,fold_3
882,sub8,rest1,43,43,0,-0.7474148388690931,0.3213848552209136,0.5,0,-0.26400232315063477,0.43438011407852173,1,4.865261598504492e-06,2.058614984272929,6.2007203834469,0,1,0.35106966047272675,0,1,fold_3
883,sub8,rest1,44,44,0,-0.6462357584008899,0.3438383012068302,0.5,0,-0.2604665756225586,0.435249000787735,1,4.865261598504492e-06,2.058614984272929,6.2007203834469,0,1,0.34305078506379916,0,1,fold_3
884,sub8,rest1,45,45,0,-0.4557866385983242,0.3879858249904364,0.5,0,-0.28864049911499023,0.4283367097377777,1,4.865261598504492e-06,2.058614984272929,6.2007203834469,0,1,0.30146417198099745,0,1,fold_3
885,sub8,rest1,46,46,0,-0.8600532085021644,0.2973282289941309,0.5,0,-0.5272952318191528,0.3711479604244232,1,4.865261598504492e-06,2.058614984272929,6.2007203834469,0,1,0.22947868390627058,0,1,fold_3
886,sub8,rest1,47,47,0,-1.271044741903268,0.21907846195842512,0.5,0,-0.5373547673225403,0.3688031733036041,1,4.865261598504492e-06,2.058614984272929,6.2007203834469,0,1,0.18921261603160555,0,1,fold_3
887,sub8,rest1,48,48,0,-1.5713125295190196,0.1720293607662558,0.5,0,-0.4584965705871582,0.38734254240989685,1,4.865261598504492e-06,2.058614984272929,6.2007203834469,0,1,0.1933331561183492,0,1,fold_3
888,sub8,rest1,49,49,0,-1.5400361109558998,0.1765300253701357,0.5,0,-0.5992782711982727,0.3545088469982147,1,4.865261598504492e-06,2.058614984272929,6.2007203834469,0,1,0.27372231183231926,0,1,fold_3
889,sub8,rest1,50,50,0,-1.2001975112078682,0.23144008221865614,0.5,0,-0.7199454307556152,0.32740500569343567,1,4.865261598504492e-06,2.058614984272929,6.2007203834469,0,1,0.3234549663974578,0,1,fold_3
890,sub8,rest1,51,51,0,-0.35076539167648285,0.41319682790816586,0.5,0,-0.584430456161499,0.3579137623310089,1,4.865261598504492e-06,2.058614984272929,6.2007203834469,0,1,0.35749670899288816,0,1,fold_3
891,sub8,rest1,52,52,0,-0.7275709628504033,0.3257279890655514,0.5,0,-0.6557830572128296,0.34168753027915955,1,4.865261598504492e-06,2.058614984272929,6.2007203834469,0,1,0.28129495137613564,0,1,fold_3
892,sub8,rest1,53,53,0,-0.6921034670308133,0.33356531000494716,0.5,0,-0.6674773693084717,0.3390619456768036,1,4.865261598504492e-06,2.058614984272929,6.2007203834469,0,1,0.23027776223188826,0,1,fold_3
893,sub8,rest1,54,54,0,-1.485543573366847,0.18459155505790853,0.5,0,-0.713388979434967,0.3288504183292389,1,4.865261598504492e-06,2.058614984272929,6.2007203834469,0,1,0.17334306387547116,0,1,fold_3
894,sub8,rest1,55,55,0,-1.5667764382349665,0.1726764216328091,0.5,0,-0.7170946598052979,0.32803305983543396,1,4.865261598504492e-06,2.058614984272929,6.2007203834469,0,1,0.16926533253774098,0,1,fold_3
895,sub8,rest1,56,56,0,-1.637825128928454,0.16276121493569587,0.5,0,-0.3331722021102905,0.41746896505355835,1,4.865261598504492e-06,2.058614984272929,6.2007203834469,0,1,0.17336162295845844,0,1,fold_3
896,sub8,rest1,57,57,0,-1.5690044537098091,0.17235836104471786,0.5,0,-0.426028847694397,0.3950750231742859,1,4.865261598504492e-06,2.058614984272929,6.2007203834469,0,1,0.19455616940059337,0,1,fold_3
897,sub8,rest1,58,58,0,-1.483062496234143,0.18496529289496155,0.5,0,-0.4382784366607666,0.39215126633644104,1,4.865261598504492e-06,2.058614984272929,6.2007203834469,0,1,0.21255166713972098,0,1,fold_3
898,sub8,rest1,59,59,0,-1.229066486082805,0.22634485426210071,0.5,0,-0.3169863224029541,0.4214104115962982,1,4.865261598504492e-06,2.058614984272929,6.2007203834469,0,1,0.22634485426210071,0,1,fold_3
899,sub8,rest2,0,60,0,-1.4514956092450686,0.1897714970116483,0.5,0,-0.5806637406349182,0.3587798774242401,1,4.865261598504492e-06,2.058614984272929,6.2007203834469,1,0,0.20950378955513346,0,0,fold_3
900,sub8,rest2,1,61,0,-1.4044908575061164,0.1971044471490004,0.5,0,-0.6984927654266357,0.3321464955806732,1,4.865261598504492e-06,2.058614984272929,6.2007203834469,1,0,0.266394504230024,0,0,fold_3
901,sub8,rest2,2,62,0,-1.1437341604054976,0.24163542450475162,0.5,0,-0.7065243124961853,0.3303672969341278,1,4.865261598504492e-06,2.058614984272929,6.2007203834469,1,0,0.3097330415737709,0,0,fold_3
902,sub8,rest2,3,63,0,-0.5734391379086644,0.3604436410363198,0.5,0,-0.6198118925094604,0.3498242497444153,1,4.865261598504492e-06,2.058614984272929,6.2007203834469,1,0,0.3497873603182456,0,0,fold_3
903,sub8,rest2,4,64,0,-0.7212396627342049,0.32712005918024123,0.5,0,-0.5928406715393066,0.35598334670066833,1,4.865261598504492e-06,2.058614984272929,6.2007203834469,1,0,0.3500800096474421,0,0,fold_3
904,sub8,rest2,5,65,0,-0.5675671536939656,0.3617983807381758,0.5,0,-0.5996674299240112,0.3544197678565979,1,4.865261598504492e-06,2.058614984272929,6.2007203834469,1,0,0.3677329451861872,0,0,fold_3
905,sub8,rest2,6,66,0,-0.5696326683851859,0.3613215890239094,0.5,0,-0.5904626846313477,0.35652869939804077,1,4.865261598504492e-06,2.058614984272929,6.2007203834469,1,0,0.3995230695132192,0,0,fold_3
906,sub8,rest2,7,67,0,-0.4892134942942857,0.38007886579647643,0.5,0,-0.5874993205070496,0.35720884799957275,1,4.865261598504492e-06,2.058614984272929,6.2007203834469,1,0,0.43106803468642263,0,0,fold_3
907,sub8,rest2,8,68,0,-0.17174590441263948,0.4571687537192717,0.5,0,-0.4598293900489807,0.387026309967041,1,4.865261598504492e-06,2.058614984272929,6.2007203834469,1,0,0.502100286907235,1,1,fold_3
908,sub8,rest2,9,69,0,-0.1766318589765704,0.4559564845435198,0.5,0,-0.34925568103790283,0.41356292366981506,1,4.865261598504492e-06,2.058614984272929,6.2007203834469,1,0,0.5742355006700005,1,1,fold_3
909,sub8,rest2,10,70,0,0.37710892693657705,0.5931756224589136,0.5,1,-0.3816237449645996,0.4057353436946869,1,4.865261598504492e-06,2.058614984272929,6.2007203834469,1,1,0.6869721767532946,1,1,fold_3
910,sub8,rest2,11,71,0,0.7243963833623126,0.6735743950075682,0.5,1,-0.3798966407775879,0.40615183115005493,1,4.865261598504492e-06,2.058614984272929,6.2007203834469,1,1,0.7550252492917423,1,1,fold_3
911,sub8,rest2,12,72,0,1.3502256257096916,0.7941665127934017,0.5,1,-0.03721940517425537,0.4906962215900421,1,4.865261598504492e-06,2.058614984272929,6.2007203834469,1,1,0.764662779315283,1,1,fold_3
912,sub8,rest2,13,73,0,1.3697195574323697,0.7973348400742568,0.5,1,-0.06409204006195068,0.48398247361183167,1,4.865261598504492e-06,2.058614984272929,6.2007203834469,1,1,0.7113054405415472,1,1,fold_3
913,sub8,rest2,14,74,0,0.8591689027920754,0.7024869850781906,0.5,1,-0.28757941722869873,0.4285965859889984,1,4.865261598504492e-06,2.058614984272929,6.2007203834469,1,1,0.6652436924890766,1,1,fold_3
914,sub8,rest2,15,75,0,0.5498228784112201,0.6340944964721944,0.5,1,-0.4218052625656128,0.39608484506607056,1,4.865261598504492e-06,2.058614984272929,6.2007203834469,1,1,0.6911653722446102,1,1,fold_3
915,sub8,rest2,16,76,0,0.6595068298428988,0.6591495959168446,0.5,1,-0.3745042085647583,0.4074530601501465,1,4.865261598504492e-06,2.058614984272929,6.2007203834469,1,1,0.7495818377020015,1,1,fold_3
916,sub8,rest2,17,77,0,1.2671356511423948,0.7802520243447916,0.5,1,-0.04828953742980957,0.48792997002601624,1,4.865261598504492e-06,2.058614984272929,6.2007203834469,1,1,0.7943057910198802,1,1,fold_3
917,sub8,rest2,18,78,0,1.4457525914707912,0.8093438928443681,0.5,1,0.10100257396697998,0.5252292156219482,1,4.865261598504492e-06,2.058614984272929,6.2007203834469,1,1,0.7974537841632984,1,1,fold_3
918,sub8,rest2,19,79,0,1.3450638469794574,0.7933214558704806,0.5,1,-0.051244258880615234,0.487191766500473,1,4.865261598504492e-06,2.058614984272929,6.2007203834469,1,1,0.787029650635286,1,1,fold_3
919,sub8,rest2,20,80,0,1.323093981032128,0.7896960037750467,0.5,1,-0.13997101783752441,0.46506428718566895,1,4.865261598504492e-06,2.058614984272929,6.2007203834469,1,1,0.7832443373180565,1,1,fold_3
920,sub8,rest2,21,81,0,1.254463119523544,0.7780714922603305,0.5,1,-0.15299618244171143,0.461825430393219,1,4.865261598504492e-06,2.058614984272929,6.2007203834469,1,1,0.7841057658536145,1,1,fold_3
921,sub8,rest2,22,82,0,1.2771574081443586,0.7819655159187925,0.5,1,-0.11294817924499512,0.47179296612739563,1,4.865261598504492e-06,2.058614984272929,6.2007203834469,1,1,0.7838728324622696,1,1,fold_3
922,sub8,rest2,23,83,0,1.3387256040993216,0.7922802893817202,0.5,1,-0.058298707008361816,0.4854294955730438,1,4.865261598504492e-06,2.058614984272929,6.2007203834469,1,1,0.7969917820592141,1,1,fold_3
923,sub8,rest2,24,84,0,1.250420782186689,0.7773726920862959,0.5,1,-0.03890037536621094,0.49027612805366516,1,4.865261598504492e-06,2.058614984272929,6.2007203834469,1,1,0.7959875299061959,1,1,fold_3
924,sub8,rest2,25,85,0,1.5253324191717272,0.8213223647096257,0.5,1,0.12042903900146484,0.530070960521698,1,4.865261598504492e-06,2.058614984272929,6.2007203834469,1,1,0.7971880597782987,1,1,fold_3
925,sub8,rest2,26,86,0,1.3205159414231014,0.7892675329226664,0.5,1,-0.09582161903381348,0.47606295347213745,1,4.865261598504492e-06,2.058614984272929,6.2007203834469,1,1,0.715655550979868,1,1,fold_3
926,sub8,rest2,27,87,0,1.27135306126977,0.7809742817026042,0.5,1,-0.09620118141174316,0.47596824169158936,1,4.865261598504492e-06,2.058614984272929,6.2007203834469,1,1,0.5964374945363452,1,1,fold_3
927,sub8,rest2,28,88,0,0.30934280142419607,0.5767248383143334,0.5,1,-0.403539776802063,0.40046218037605286,1,4.865261598504492e-06,2.058614984272929,6.2007203834469,1,1,0.4495114291678783,0,0,fold_3
928,sub8,rest2,29,89,0,-0.2752716892376833,0.431613363592098,0.5,0,-0.5078576803207397,0.3756958544254303,1,4.865261598504492e-06,2.058614984272929,6.2007203834469,1,0,0.34941528893606727,0,0,fold_3
929,sub8,rest2,30,90,0,-0.6624205177734965,0.34019608559720355,0.5,0,-0.5646536350250244,0.3624713718891144,1,4.865261598504492e-06,2.058614984272929,6.2007203834469,1,0,0.3344912754844495,0,0,fold_3
930,sub8,rest2,31,91,0,-0.9622075837134884,0.27643641761890037,0.5,0,-0.5950943231582642,0.3554668426513672,1,4.865261598504492e-06,2.058614984272929,6.2007203834469,1,0,0.4102032350256282,0,0,fold_3
931,sub8,rest2,32,92,0,-0.4606091637588484,0.3868413232372446,0.5,0,-0.5752080678939819,0.3600359559059143,1,4.865261598504492e-06,2.058614984272929,6.2007203834469,1,0,0.5772789261138861,1,1,fold_3
932,sub8,rest2,33,93,0,0.27097383427059435,0.5673319642207397,0.5,1,-0.5195701122283936,0.37295275926589966,1,4.865261598504492e-06,2.058614984272929,6.2007203834469,1,1,0.7070070364011775,1,1,fold_3
933,sub8,rest2,34,94,0,1.2521018585850032,0.777663490883674,0.5,1,-0.15612554550170898,0.4610477089881897,1,4.865261598504492e-06,2.058614984272929,6.2007203834469,1,1,0.6720889454290958,1,1,fold_3
934,sub8,rest2,35,95,0,1.2426540609747618,0.7760256540991187,0.5,1,-0.1591331958770752,0.460300475358963,1,4.865261598504492e-06,2.058614984272929,6.2007203834469,1,1,0.5045857876479298,1,1,fold_3
935,sub8,rest2,36,96,0,-0.1499696835486451,0.4625776913044948,0.5,0,-0.5931259393692017,0.35591796040534973,1,4.865261598504492e-06,2.058614984272929,6.2007203834469,1,0,0.3101483714906636,0,0,fold_3
936,sub8,rest2,37,97,0,-0.968628189628237,0.2751540175401759,0.5,0,-0.6405771374702454,0.34511610865592957,1,4.865261598504492e-06,2.058614984272929,6.2007203834469,1,0,0.2455371482772589,0,0,fold_3
937,sub8,rest2,38,98,0,-1.432474600408909,0.19271340562732003,0.5,0,-0.6085146069526672,0.3523980975151062,1,4.865261598504492e-06,2.058614984272929,6.2007203834469,1,0,0.283041391937398,0,0,fold_3
938,sub8,rest2,39,99,0,-1.001004239790154,0.26874402166428074,0.5,0,-0.5052645206451416,0.3763042688369751,1,4.865261598504492e-06,2.058614984272929,6.2007203834469,1,0,0.441885230047202,0,0,fold_3
939,sub8,rest2,40,100,0,-0.45713058787591204,0.38766674852059324,0.5,0,-0.4843413233757019,0.3812275230884552,1,4.865261598504492e-06,2.058614984272929,6.2007203834469,1,0,0.5985558292171778,1,1,fold_3
940,sub8,rest2,41,101,0,0.7047719296800895,0.6692449199567319,0.5,1,-0.24083518981933594,0.44008055329322815,1,4.865261598504492e-06,2.058614984272929,6.2007203834469,1,1,0.7310527513581607,1,1,fold_3
941,sub8,rest2,42,102,0,1.0395119170641423,0.7387558191742082,0.5,1,-0.1496737003326416,0.4626512825489044,1,4.865261598504492e-06,2.058614984272929,6.2007203834469,1,1,0.7810775611566848,1,1,fold_3
942,sub8,rest2,43,103,0,1.2959792216522275,0.7851575149435424,0.5,1,-0.03137707710266113,0.49215635657310486,1,4.865261598504492e-06,2.058614984272929,6.2007203834469,1,1,0.8155690836312149,1,1,fold_3
943,sub8,rest2,44,104,0,1.511742821915624,0.8193193493523039,0.5,1,0.07323002815246582,0.5182992815971375,1,4.865261598504492e-06,2.058614984272929,6.2007203834469,1,1,0.8310481317005117,1,1,fold_3
944,sub8,rest2,45,105,0,1.6749177692250143,0.8422303865977988,0.5,1,0.1635115146636963,0.5407870411872864,1,4.865261598504492e-06,2.058614984272929,6.2007203834469,1,1,0.823912435261989,1,1,fold_3
945,sub8,rest2,46,106,0,1.5969713170283244,0.8315946591514324,0.5,1,0.0630868673324585,0.5157665014266968,1,4.865261598504492e-06,2.058614984272929,6.2007203834469,1,1,0.7207147928089875,1,1,fold_3
946,sub8,rest2,47,107,0,1.373296682226613,0.7979122600367358,0.5,1,-0.04883146286010742,0.48779457807540894,1,4.865261598504492e-06,2.058614984272929,6.2007203834469,1,1,0.5271340632454345,1,1,fold_3
947,sub8,rest2,48,108,0,0.13073572865091304,0.5326374592387945,0.5,1,-0.5731907486915588,0.36050090193748474,1,4.865261598504492e-06,2.058614984272929,6.2007203834469,1,1,0.35423863818886225,0,0,fold_3
948,sub8,rest2,49,109,0,-1.094070933558201,0.25085247046077325,0.5,0,-0.6797537207603455,0.3363162875175476,1,4.865261598504492e-06,2.058614984272929,6.2007203834469,1,0,0.27301982678076425,0,0,fold_3
949,sub8,rest2,50,110,0,-0.9483042200413109,0.2792259848670191,0.5,0,-0.6226568222045898,0.34917744994163513,1,4.865261598504492e-06,2.058614984272929,6.2007203834469,1,0,0.2933137969703536,0,0,fold_3
950,sub8,rest2,51,111,0,-0.9003380886228292,0.2889810250145003,0.5,0,-0.7113171815872192,0.3293078541755676,1,4.865261598504492e-06,2.058614984272929,6.2007203834469,1,0,0.2617797754237983,0,0,fold_3
951,sub8,rest2,52,112,0,-0.7920233551535805,0.31173438102954126,0.5,0,-0.7738252878189087,0.31565219163894653,1,4.865261598504492e-06,2.058614984272929,6.2007203834469,1,0,0.2371486484017248,0,0,fold_3
952,sub8,rest2,53,113,0,-1.4853285620099255,0.18462392022735336,0.5,0,-0.5765970945358276,0.3597159683704376,1,4.865261598504492e-06,2.058614984272929,6.2007203834469,1,0,0.22370967864158361,0,0,fold_3
953,sub8,rest2,54,114,0,-1.2945264718739469,0.21508764394827978,0.5,0,-0.6523122191429138,0.34246864914894104,1,4.865261598504492e-06,2.058614984272929,6.2007203834469,1,0,0.29198447340163575,0,0,fold_3
954,sub8,rest2,55,115,0,-0.987442782688035,0.2714174717491176,0.5,0,-0.5365094542503357,0.3689999580383301,1,4.865261598504492e-06,2.058614984272929,6.2007203834469,1,0,0.35472176306041203,0,0,fold_3
955,sub8,rest2,56,116,0,-0.4496318334670062,0.3894483045075099,0.5,0,-0.5086999535560608,0.37549832463264465,1,4.865261598504492e-06,2.058614984272929,6.2007203834469,1,0,0.39970685390033256,0,0,fold_3
956,sub8,rest2,57,117,0,-0.39173579665572833,0.40329951292460864,0.5,0,-0.49524223804473877,0.3786593973636627,1,4.865261598504492e-06,2.058614984272929,6.2007203834469,1,0,0.38849736471426244,0,0,fold_3
957,sub8,rest2,58,118,0,-0.37898077904044153,0.4063727442688791,0.5,0,-0.5253684520721436,0.3715977668762207,1,4.865261598504492e-06,2.058614984272929,6.2007203834469,1,0,0.3726708060558261,0,0,fold_3
958,sub8,rest2,59,119,0,-0.5935539165025217,0.35581983694929964,0.5,0,-0.2914867401123047,0.4276399314403534,1,4.865261598504492e-06,2.058614984272929,6.2007203834469,1,0,0.3558198369492997,0,0,fold_3
1799,sub16,rest1,0,0,0,0.7235327757409965,0.6733844834776593,0.5,1,1.8285067081451416,0.8615837097167969,1,4.785694961479853e-06,1.0055531755690896,8.775076164453404,0,0,0.6620018809884637,1,0,fold_3
1800,sub16,rest1,1,1,0,0.7305466368585695,0.6749252168139904,0.5,1,1.9312188625335693,0.8733842968940735,1,4.785694961479853e-06,1.0055531755690896,8.775076164453404,0,0,0.6529515305426584,1,0,fold_3
1801,sub16,rest1,2,2,0,0.5653777942225597,0.6376959426737412,0.5,1,1.6294057369232178,0.836088240146637,1,4.785694961479853e-06,1.0055531755690896,8.775076164453404,0,0,0.6310880855816574,1,0,fold_3
1802,sub16,rest1,3,3,0,0.602523505773722,0.6462334321402438,0.5,1,1.7145249843597412,0.8474223017692566,1,4.785694961479853e-06,1.0055531755690896,8.775076164453404,0,0,0.6303995725399992,1,0,fold_3
1803,sub16,rest1,4,4,0,0.44451728733116735,0.6093348819309875,0.5,1,1.7518463134765625,0.8521854877471924,1,4.785694961479853e-06,1.0055531755690896,8.775076164453404,0,0,0.6080046505719227,1,0,fold_3
1804,sub16,rest1,5,5,0,0.5564485405666368,0.6356304035487664,0.5,1,2.2116434574127197,0.9012901782989502,1,4.785694961479853e-06,1.0055531755690896,8.775076164453404,0,0,0.5651733350108084,1,0,fold_3
1805,sub16,rest1,6,6,0,0.3188692960214681,0.5790486662360141,0.5,1,1.4828405380249023,0.8150012493133545,1,4.785694961479853e-06,1.0055531755690896,8.775076164453404,0,0,0.4662165807369781,0,1,fold_3
1806,sub16,rest1,7,7,0,-0.07667379989176237,0.4808409352476446,0.5,0,0.6931238174438477,0.6666615009307861,1,4.785694961479853e-06,1.0055531755690896,8.775076164453404,0,1,0.3832356781278093,0,1,fold_3
1807,sub16,rest1,8,8,0,-0.6688243398893732,0.3387601407272756,0.5,0,-0.0009732246398925781,0.49975669384002686,1,4.785694961479853e-06,1.0055531755690896,8.775076164453404,0,1,0.33246459002938716,0,1,fold_3
1808,sub16,rest1,9,9,0,-0.7077058639902982,0.3301059584085078,0.5,0,-0.02878892421722412,0.49280330538749695,1,4.785694961479853e-06,1.0055531755690896,8.775076164453404,0,1,0.32514137885477457,0,1,fold_3
1809,sub16,rest1,10,10,0,-0.7148517388103205,0.328527670952378,0.5,0,-0.02347123622894287,0.49413245916366577,1,4.785694961479853e-06,1.0055531755690896,8.775076164453404,0,1,0.31487320939366154,0,1,fold_3
1810,sub16,rest1,11,11,0,-0.7685608421306727,0.3167905072034379,0.5,0,-0.09058189392089844,0.4773700535297394,1,4.785694961479853e-06,1.0055531755690896,8.775076164453404,0,1,0.3017137041959975,0,1,fold_3
1811,sub16,rest1,12,12,0,-0.8506265064107181,0.2993014500251688,0.5,0,-0.15683364868164062,0.46087175607681274,1,4.785694961479853e-06,1.0055531755690896,8.775076164453404,0,1,0.2918304132938424,0,1,fold_3
1812,sub16,rest1,13,13,0,-0.9000065304888165,0.2890491553593859,0.5,0,-0.2373577356338501,0.4409375786781311,1,4.785694961479853e-06,1.0055531755690896,8.775076164453404,0,1,0.28632786248128456,0,1,fold_3
1813,sub16,rest1,14,14,0,-0.9093120462154661,0.2871406344969726,0.5,0,-0.19619905948638916,0.451106995344162,1,4.785694961479853e-06,1.0055531755690896,8.775076164453404,0,1,0.2801356031630387,0,1,fold_3
1814,sub16,rest1,15,15,0,-0.9306453881566795,0.2827937975874951,0.5,0,-0.17137539386749268,0.4572606682777405,1,4.785694961479853e-06,1.0055531755690896,8.775076164453404,0,1,0.26789855375696753,0,1,fold_3
1815,sub16,rest1,16,16,0,-0.9922272560839512,0.2704723774046485,0.5,0,-0.3175196647644043,0.4212803244590759,1,4.785694961479853e-06,1.0055531755690896,8.775076164453404,0,1,0.2550072365884263,0,1,fold_3
1816,sub16,rest1,17,17,1,-1.0543613718592364,0.2583884775819072,0.5,0,-0.4240872859954834,0.39553913474082947,1,4.785694961479853e-06,1.0055531755690896,8.775076164453404,0,1,,,,fold_3
1817,sub16,rest1,18,18,0,-1.0963230051355015,0.2504294862787588,0.5,0,-0.49524056911468506,0.37865978479385376,1,4.785694961479853e-06,1.0055531755690896,8.775076164453404,0,1,0.24421795290342777,0,1,fold_3
1818,sub16,rest1,19,19,0,-1.1302235598753705,0.24411984608187154,0.5,0,-0.48817265033721924,0.3803241550922394,1,4.785694961479853e-06,1.0055531755690896,8.775076164453404,0,1,0.23767707802377921,0,1,fold_3
1819,sub16,rest1,20,20,0,-1.1630996089898065,0.23810452634965296,0.5,0,-0.46168088912963867,0.38658711314201355,1,4.785694961479853e-06,1.0055531755690896,8.775076164453404,0,1,0.23215746674733498,0,1,fold_3
1820,sub16,rest1,21,21,0,-1.2037608291856885,0.23080686163981312,0.5,0,-0.5265040993690491,0.37133264541625977,1,4.785694961479853e-06,1.0055531755690896,8.775076164453404,0,1,0.22772284195072953,0,1,fold_3
1821,sub16,rest1,22,22,0,-1.2221346372295216,0.22756101225253889,0.5,0,-0.5392481684684753,0.3683624565601349,1,4.785694961479853e-06,1.0055531755690896,8.775076164453404,0,1,0.22674845143692302,0,1,fold_3
1822,sub16,rest1,23,23,0,-1.2379062013622022,0.2248006519598366,0.5,0,-0.6611494421958923,0.3404814302921295,1,4.785694961479853e-06,1.0055531755690896,8.775076164453404,0,1,0.22495620263196028,0,1,fold_3
1823,sub16,rest1,24,24,0,-1.2202998315250502,0.22788369009839357,0.5,0,-0.6411892771720886,0.3449777364730835,1,4.785694961479853e-06,1.0055531755690896,8.775076164453404,0,1,0.22526906135159538,0,1,fold_3
1824,sub16,rest1,25,25,1,-1.252164878003301,0.22232561306140183,0.5,0,-0.6895632147789001,0.3341302275657654,1,4.785694961479853e-06,1.0055531755690896,8.775076164453404,0,1,,,,fold_3
1825,sub16,rest1,26,26,0,-1.2529825866897024,0.22218426583765075,0.5,0,-0.6077321767807007,0.35257670283317566,1,4.785694961479853e-06,1.0055531755690896,8.775076164453404,0,1,0.22334439254781432,0,1,fold_3
1826,sub16,rest1,27,27,0,-1.2325282562379394,0.22573922811874184,0.5,0,-0.5702711343765259,0.36117425560951233,1,4.785694961479853e-06,1.0055531755690896,8.775076164453404,0,1,0.22338503485705644,0,1,fold_3
1827,sub16,rest1,28,28,0,-1.2534142021147132,0.22210968368705034,0.5,0,-0.6465869545936584,0.34375905990600586,1,4.785694961479853e-06,1.0055531755690896,8.775076164453404,0,1,0.2246276289247425,0,1,fold_3
1828,sub16,rest1,29,29,0,-1.252277204469851,0.2223061927653771,0.5,0,-0.7208656668663025,0.32720237970352173,1,4.785694961479853e-06,1.0055531755690896,8.775076164453404,0,1,0.22791938068824866,0,1,fold_3
1829,sub16,rest1,30,30,0,-1.2113231964852993,0.22946701032180003,0.5,0,-0.5602365732192993,0.3634927272796631,1,4.785694961479853e-06,1.0055531755690896,8.775076164453404,0,1,0.23112524288469982,0,1,fold_3
1830,sub16,rest1,31,31,0,-1.1971368923027776,0.23198493897756875,0.5,0,-0.57267165184021,0.3606206178665161,1,4.785694961479853e-06,1.0055531755690896,8.775076164453404,0,1,0.232863829071573,0,1,fold_3
1831,sub16,rest1,32,32,0,-1.1974801934329835,0.2319237793547307,0.5,0,-0.5758479237556458,0.35988855361938477,1,4.785694961479853e-06,1.0055531755690896,8.775076164453404,0,1,0.240216572200434,0,1,fold_3
1832,sub16,rest1,33,33,0,-1.1820557465369605,0.23468276888241946,0.5,0,-0.6030979156494141,0.3536352813243866,1,4.785694961479853e-06,1.0055531755690896,8.775076164453404,0,1,0.24533541575736292,0,1,fold_3
1833,sub16,rest1,34,34,1,-1.155151570497069,0.23954938600929357,0.5,0,-0.6249001026153564,0.34866780042648315,1,4.785694961479853e-06,1.0055531755690896,8.775076164453404,0,1,,,,fold_3
1834,sub16,rest1,35,35,0,-1.0771635253220186,0.2540431683641518,0.5,0,-0.5065709352493286,0.3759976923465729,1,4.785694961479853e-06,1.0055531755690896,8.775076164453404,0,1,0.24493031631057008,0,1,fold_3
1835,sub16,rest1,36,36,0,-1.1131703492589304,0.24728031002551754,0.5,0,-0.5556228160858154,0.3645608425140381,1,4.785694961479853e-06,1.0055531755690896,8.775076164453404,0,1,0.23587216704238909,0,1,fold_3
1836,sub16,rest1,37,37,0,-1.1888343814147098,0.2334674705420409,0.5,0,-0.6185411214828491,0.3501133322715759,1,4.785694961479853e-06,1.0055531755690896,8.775076164453404,0,1,0.2290094087288672,0,1,fold_3
1837,sub16,rest1,38,38,0,-1.226077338605974,0.22686872055960886,0.5,0,-0.5928530097007751,0.3559805154800415,1,4.785694961479853e-06,1.0055531755690896,8.775076164453404,0,1,0.22915784184197752,0,1,fold_3
1838,sub16,rest1,39,39,0,-1.2270849487330637,0.22669203508495175,0.5,0,-0.5881630778312683,0.3570564389228821,1,4.785694961479853e-06,1.0055531755690896,8.775076164453404,0,1,0.23555054584852272,0,1,fold_3
1839,sub16,rest1,40,40,0,-1.1863477731226415,0.23391276988137188,0.5,0,-0.5487542152404785,0.36615344882011414,1,4.785694961479853e-06,1.0055531755690896,8.775076164453404,0,1,0.2368237665425087,0,1,fold_3
1840,sub16,rest1,41,41,0,-1.1198083597533708,0.24604683257924456,0.5,0,-0.49630409479141235,0.37840959429740906,1,4.785694961479853e-06,1.0055531755690896,8.775076164453404,0,1,0.2321872637307074,0,1,fold_3
1841,sub16,rest1,42,42,1,-1.1488729064591585,0.24069501150000192,0.5,0,-0.5304111242294312,0.37042099237442017,1,4.785694961479853e-06,1.0055531755690896,8.775076164453404,0,1,,,,fold_3
1842,sub16,rest1,43,43,0,-1.2054241440896176,0.2305116971669097,0.5,0,-0.5835556387901306,0.3581148386001587,1,4.785694961479853e-06,1.0055531755690896,8.775076164453404,0,1,0.22583316663452582,0,1,fold_3
1843,sub16,rest1,44,44,0,-1.2656473673370359,0.22000326144596788,0.5,0,-0.5286328792572021,0.3708357810974121,1,4.785694961479853e-06,1.0055531755690896,8.775076164453404,0,1,0.22788677990636094,0,1,fold_3
1844,sub16,rest1,45,45,0,-1.2254171315962101,0.22698454129069986,0.5,0,-0.4838443994522095,0.381344735622406,1,4.785694961479853e-06,1.0055531755690896,8.775076164453404,0,1,0.23355526157737536,0,1,fold_3
1845,sub16,rest1,46,46,0,-1.171009632269945,0.2366725369824151,0.5,0,-0.44959622621536255,0.38945677876472473,1,4.785694961479853e-06,1.0055531755690896,8.775076164453404,0,1,0.24153491546341996,0,1,fold_3
1846,sub16,rest1,47,47,0,-1.1691497438206142,0.237008706459011,0.5,0,-0.3858754634857178,0.404710590839386,1,4.785694961479853e-06,1.0055531755690896,8.775076164453404,0,1,0.24884314950703623,0,1,fold_3
1847,sub16,rest1,48,48,0,-1.0936929869945426,0.25092350294883364,0.5,0,-0.16398382186889648,0.45909565687179565,1,4.785694961479853e-06,1.0055531755690896,8.775076164453404,0,1,0.2586619188027322,0,1,fold_3
1848,sub16,rest1,49,49,0,-1.0532722245945856,0.2585972391132641,0.5,0,0.02118062973022461,0.5052949786186218,1,4.785694961479853e-06,1.0055531755690896,8.775076164453404,0,1,0.264810246302457,0,1,fold_3
1849,sub16,rest1,50,50,0,-1.0126323365781247,0.266465014346099,0.5,0,-0.0037990808486938477,0.49905022978782654,1,4.785694961479853e-06,1.0055531755690896,8.775076164453404,0,1,0.26825064052829195,0,1,fold_3
1850,sub16,rest1,51,51,0,-0.9978289719826294,0.26936848544800784,0.5,0,0.010239601135253906,0.5025599002838135,1,4.785694961479853e-06,1.0055531755690896,8.775076164453404,0,1,0.2672974448765154,0,1,fold_3
1851,sub16,rest1,52,52,0,-1.0001169827311525,0.2689184217907691,0.5,0,-0.023378610610961914,0.494155615568161,1,4.785694961479853e-06,1.0055531755690896,8.775076164453404,0,1,0.2678515866818633,0,1,fold_3
1852,sub16,rest1,53,53,0,-1.0273126872540834,0.2636054273907693,0.5,0,-0.041434407234191895,0.4896428883075714,1,4.785694961479853e-06,1.0055531755690896,8.775076164453404,0,1,0.27012325485560623,0,1,fold_3
1853,sub16,rest1,54,54,0,-0.989398452771655,0.27103091086405146,0.5,0,-0.007096290588378906,0.4982259273529053,1,4.785694961479853e-06,1.0055531755690896,8.775076164453404,0,1,0.2787352777204765,0,1,fold_3
1854,sub16,rest1,55,55,0,-0.9657249680289539,0.2757334263119979,0.5,0,-0.001794576644897461,0.49955135583877563,1,4.785694961479853e-06,1.0055531755690896,8.775076164453404,0,1,0.28691306340215883,0,1,fold_3
1855,sub16,rest1,56,56,0,-0.8980980959959255,0.28944149598538016,0.5,0,0.08526670932769775,0.5213037729263306,1,4.785694961479853e-06,1.0055531755690896,8.775076164453404,0,1,0.29692972336445456,0,1,fold_3
1856,sub16,rest1,57,57,0,-0.8685108004312803,0.29556426790909834,0.5,0,0.06007790565490723,0.5150149464607239,1,4.785694961479853e-06,1.0055531755690896,8.775076164453404,0,1,0.30408972078921687,0,1,fold_3
1857,sub16,rest1,58,58,0,-0.8199069781816014,0.3057834061988851,0.5,0,0.10249078273773193,0.5256003141403198,1,4.785694961479853e-06,1.0055531755690896,8.775076164453404,0,1,0.30920879423940645,0,1,fold_3
1858,sub16,rest1,59,59,0,-0.7958147838153542,0.3109214882596671,0.5,0,0.09934782981872559,0.5248165726661682,1,4.785694961479853e-06,1.0055531755690896,8.775076164453404,0,1,0.3109214882596671,0,1,fold_3
1859,sub16,rest2,0,60,0,1.002161793585367,0.731483400681628,0.5,1,2.1227166652679443,0.8930915594100952,1,4.785694961479853e-06,1.0055531755690896,8.775076164453404,1,1,0.7059695407547544,1,1,fold_3
1860,sub16,rest2,1,61,0,0.8167731397574528,0.6935509382456809,0.5,1,1.8719940185546875,0.8666887879371643,1,4.785694961479853e-06,1.0055531755690896,8.775076164453404,1,1,0.6926107894704726,1,1,fold_3
1861,sub16,rest2,2,62,0,0.8135914091112263,0.6928742833369543,0.5,1,2.1074090003967285,0.8916212320327759,1,4.785694961479853e-06,1.0055531755690896,8.775076164453404,1,1,0.6994953554106669,1,1,fold_3
1862,sub16,rest2,3,63,0,0.8067060833978289,0.6914071468287821,0.5,1,1.908397912979126,0.8708390593528748,1,4.785694961479853e-06,1.0055531755690896,8.775076164453404,1,1,0.7057896343928323,1,1,fold_3
1863,sub16,rest2,4,64,0,0.9158934824123192,0.7142046360662644,0.5,1,2.0747146606445312,0.8884211778640747,1,4.785694961479853e-06,1.0055531755690896,8.775076164453404,1,1,0.7139954661899481,1,1,fold_3
1864,sub16,rest2,5,65,0,0.9039332729386671,0.7117571202834502,0.5,1,2.0919013023376465,0.8901135325431824,1,4.785694961479853e-06,1.0055531755690896,8.775076164453404,1,1,0.7095793729557914,1,1,fold_3
1865,sub16,rest2,6,66,0,0.9248271168610993,0.7160246422201298,0.5,1,2.0968759059906006,0.8905991911888123,1,4.785694961479853e-06,1.0055531755690896,8.775076164453404,1,1,0.7071200828424592,1,1,fold_3
1866,sub16,rest2,7,67,0,0.8518560979090115,0.7009563563637944,0.5,1,2.0216591358184814,0.8830524682998657,1,4.785694961479853e-06,1.0055531755690896,8.775076164453404,1,1,0.7102612199155346,1,1,fold_3
1867,sub16,rest2,8,68,0,0.8682395354006078,0.7043792499434531,0.5,1,1.9446065425872803,0.8748573064804077,1,4.785694961479853e-06,1.0055531755690896,8.775076164453404,1,1,0.7225138831460439,1,1,fold_3
1868,sub16,rest2,9,69,0,0.9716489850084106,0.7254480534393561,0.5,1,1.870495319366455,0.866515576839447,1,4.785694961479853e-06,1.0055531755690896,8.775076164453404,1,1,0.7394504043884985,1,1,fold_3
1869,sub16,rest2,10,70,0,1.0341224926391286,0.7377143460553225,0.5,1,2.176996946334839,0.8981647491455078,1,4.785694961479853e-06,1.0055531755690896,8.775076164453404,1,1,0.748772545420847,1,1,fold_3
1870,sub16,rest2,11,71,0,1.1264805569320624,0.755188813670817,0.5,1,2.4393749237060547,0.9197810292243958,1,4.785694961479853e-06,1.0055531755690896,8.775076164453404,1,1,0.7585793668914441,1,1,fold_3
1871,sub16,rest2,12,72,0,1.1169066255342515,0.7534144765364018,0.5,1,2.651496171951294,0.9341031908988953,1,4.785694961479853e-06,1.0055531755690896,8.775076164453404,1,1,0.7590290668545882,1,1,fold_3
1872,sub16,rest2,13,73,0,1.1922028488189325,0.7671348104671137,0.5,1,2.829810857772827,0.9442656636238098,1,4.785694961479853e-06,1.0055531755690896,8.775076164453404,1,1,0.7609905993674174,1,1,fold_3
1873,sub16,rest2,14,74,0,1.1337914211447586,0.7565379135602488,0.5,1,2.629002809524536,0.9327049851417542,1,4.785694961479853e-06,1.0055531755690896,8.775076164453404,1,1,0.7580690009080184,1,1,fold_3
1874,sub16,rest2,15,75,0,1.148840545189675,0.7592990740748898,0.5,1,2.3628387451171875,0.9139493107795715,1,4.785694961479853e-06,1.0055531755690896,8.775076164453404,1,1,0.7521495791982389,1,1,fold_3
1875,sub16,rest2,16,76,0,1.1437638450019103,0.7583700150889167,0.5,1,2.009643793106079,0.8818058967590332,1,4.785694961479853e-06,1.0055531755690896,8.775076164453404,1,1,0.712329461236816,1,1,fold_3
1876,sub16,rest2,17,77,0,1.039635391132779,0.7387796484309103,0.5,1,1.8644564151763916,0.8658155202865601,1,4.785694961479853e-06,1.0055531755690896,8.775076164453404,1,1,0.6327518884347709,1,1,fold_3
1877,sub16,rest2,18,78,0,0.5746642142954501,0.6398387201906209,0.5,1,1.3824429512023926,0.7993831038475037,1,4.785694961479853e-06,1.0055531755690896,8.775076164453404,1,1,0.5574475675668754,1,1,fold_3
1878,sub16,rest2,19,79,0,0.07858961135870549,0.5196372966827815,0.5,1,1.3589386940002441,0.7955871224403381,1,4.785694961479853e-06,1.0055531755690896,8.775076164453404,1,1,0.5414992254071085,1,1,fold_3
1879,sub16,rest2,20,80,0,0.05147810836073134,0.5128666858272237,0.5,1,1.466142177581787,0.8124703168869019,1,4.785694961479853e-06,1.0055531755690896,8.775076164453404,1,1,0.5774906048590505,1,1,fold_3
1880,sub16,rest2,21,81,0,0.3722133514379952,0.5919936937113205,0.5,1,1.4610648155212402,0.8116954565048218,1,4.785694961479853e-06,1.0055531755690896,8.775076164453404,1,1,0.6243901116156535,1,1,fold_3
1881,sub16,rest2,22,82,0,0.5219834023604262,0.6276114350386072,0.5,1,1.5283114910125732,0.8217591047286987,1,4.785694961479853e-06,1.0055531755690896,8.775076164453404,1,1,0.6583078202701503,1,1,fold_3
1882,sub16,rest2,23,83,0,0.6347476919464135,0.6535652060970326,0.5,1,1.469395637512207,0.8129655122756958,1,4.785694961479853e-06,1.0055531755690896,8.775076164453404,1,1,0.6921683713512952,1,1,fold_3
1883,sub16,rest2,24,84,0,0.817694934257287,0.6937468196748113,0.5,1,1.599259376525879,0.8319147825241089,1,4.785694961479853e-06,1.0055531755690896,8.775076164453404,1,1,0.7212601500233164,1,1,fold_3
1884,sub16,rest2,25,85,0,0.9905325002222816,0.7291930882820419,0.5,1,2.078219413757324,0.8887681365013123,1,4.785694961479853e-06,1.0055531755690896,8.775076164453404,1,1,0.7306281009730847,1,1,fold_3
1885,sub16,rest2,26,86,0,1.050341869537909,0.740840542113096,0.5,1,2.0178141593933105,0.8826547861099243,1,4.785694961479853e-06,1.0055531755690896,8.775076164453404,1,1,0.7288798519330477,1,1,fold_3
1886,sub16,rest2,27,87,0,0.9536601740713181,0.721850672524116,0.5,1,1.7859551906585693,0.8564306497573853,1,4.785694961479853e-06,1.0055531755690896,8.775076164453404,1,1,0.7185644926353291,1,1,fold_3
1887,sub16,rest2,28,88,0,0.9641320199475261,0.7239483411619314,0.5,1,1.6251568794250488,0.8355050683021545,1,4.785694961479853e-06,1.0055531755690896,8.775076164453404,1,1,0.7194323177886681,1,1,fold_3
1888,sub16,rest2,29,89,0,0.8948715437813606,0.7098944642199394,0.5,1,1.7473406791687012,0.8516170978546143,1,4.785694961479853e-06,1.0055531755690896,8.775076164453404,1,1,0.7193851351028702,1,1,fold_3
1889,sub16,rest2,30,90,0,0.9666644252071843,0.7244541479841335,0.5,1,1.988565444946289,0.8795913457870483,1,4.785694961479853e-06,1.0055531755690896,8.775076164453404,1,1,0.7208420304764172,1,1,fold_3
1890,sub16,rest2,31,91,0,0.9634238506218002,0.7238067931045373,0.5,1,2.1255054473876953,0.8933575749397278,1,4.785694961479853e-06,1.0055531755690896,8.775076164453404,1,1,0.7224333155233458,1,1,fold_3
1891,sub16,rest2,32,92,0,0.9161899707185627,0.7142651503405804,0.5,1,2.2307846546173096,0.9029801487922668,1,4.785694961479853e-06,1.0055531755690896,8.775076164453404,1,1,0.7340341388682664,1,1,fold_3
1892,sub16,rest2,33,93,0,0.9907093177869525,0.7292280031249195,0.5,1,2.1587767601013184,0.8964861035346985,1,4.785694961479853e-06,1.0055531755690896,8.775076164453404,1,1,0.7402742695988231,1,1,fold_3
1893,sub16,rest2,34,94,0,1.145069904661622,0.7586092631392992,0.5,1,2.032417058944702,0.8841589093208313,1,4.785694961479853e-06,1.0055531755690896,8.775076164453404,1,1,0.7384679490656979,1,1,fold_3
1894,sub16,rest2,35,95,0,1.0098231732444771,0.7329855425322507,0.5,1,1.7131073474884033,0.8472388982772827,1,4.785694961479853e-06,1.0055531755690896,8.775076164453404,1,1,0.7163784216048613,1,1,fold_3
1895,sub16,rest2,36,96,0,0.9634350977871482,0.7238090415255436,0.5,1,1.5657525062561035,0.8271772265434265,1,4.785694961479853e-06,1.0055531755690896,8.775076164453404,1,1,0.7137919499536443,1,1,fold_3
1896,sub16,rest2,37,97,0,0.8110850832703675,0.6923406807567898,0.5,1,1.5927302837371826,0.8309998512268066,1,4.785694961479853e-06,1.0055531755690896,8.775076164453404,1,1,0.7112220206467952,1,1,fold_3
1897,sub16,rest2,38,98,0,0.9705350290291599,0.7252261275785996,0.5,1,1.8930554389953613,0.8691034913063049,1,4.785694961479853e-06,1.0055531755690896,8.775076164453404,1,1,0.7236458511373082,1,1,fold_3
1898,sub16,rest2,39,99,0,0.9251940871541783,0.716099253604996,0.5,1,1.9734711647033691,0.8779834508895874,1,4.785694961479853e-06,1.0055531755690896,8.775076164453404,1,1,0.7256844297679357,1,1,fold_3
1899,sub16,rest2,40,100,0,0.9926557945296757,0.7296121722283286,0.5,1,1.8347108364105225,0.8623219728469849,1,4.785694961479853e-06,1.0055531755690896,8.775076164453404,1,1,0.7313496657597334,1,1,fold_3
1900,sub16,rest2,41,101,0,1.0014413124703063,0.7313418634704824,0.5,1,1.888181209564209,0.8685480356216431,1,4.785694961479853e-06,1.0055531755690896,8.775076164453404,1,1,0.7395439879518108,1,1,fold_3
1901,sub16,rest2,42,102,0,1.0103823116589605,0.7330949615803891,0.5,1,1.938955545425415,0.8742373585700989,1,4.785694961479853e-06,1.0055531755690896,8.775076164453404,1,1,0.7406893441449546,1,1,fold_3
1902,sub16,rest2,43,103,0,1.1211131653320277,0.7541951388045607,0.5,1,2.1102523803710938,0.8918957114219666,1,4.785694961479853e-06,1.0055531755690896,8.775076164453404,1,1,0.7468005770460334,1,1,fold_3
1903,sub16,rest2,44,104,0,1.0190008529647518,0.734777932049914,0.5,1,2.2107040882110596,0.9012066125869751,1,4.785694961479853e-06,1.0055531755690896,8.775076164453404,1,1,0.7432261218667109,1,1,fold_3
1904,sub16,rest2,45,105,0,1.1062463892342695,0.7514286602836254,0.5,1,2.214907646179199,0.9015802145004272,1,4.785694961479853e-06,1.0055531755690896,8.775076164453404,1,1,0.7502108004484191,1,1,fold_3
1905,sub16,rest2,46,106,0,1.064092096207325,0.7434717732665932,0.5,1,1.78420090675354,0.8562148213386536,1,4.785694961479853e-06,1.0055531755690896,8.775076164453404,1,1,0.7535498890342841,1,1,fold_3
1906,sub16,rest2,47,107,0,1.1294206583268092,0.7557319677950388,0.5,1,1.9759464263916016,0.878248393535614,1,4.785694961479853e-06,1.0055531755690896,8.775076164453404,1,1,0.7570034441457816,1,1,fold_3
1907,sub16,rest2,48,108,0,1.1606231501948816,0.7614459260412203,0.5,1,1.8808660507202148,0.8677105903625488,1,4.785694961479853e-06,1.0055531755690896,8.775076164453404,1,1,0.7510740004009259,1,1,fold_3
1908,sub16,rest2,49,109,0,1.1191576653820106,0.7538324386010855,0.5,1,2.1783459186553955,0.8982880115509033,1,4.785694961479853e-06,1.0055531755690896,8.775076164453404,1,1,0.7472897333621177,1,1,fold_3
1909,sub16,rest2,50,110,0,1.0353078402033435,0.7379436365604718,0.5,1,2.117455005645752,0.892588198184967,1,4.785694961479853e-06,1.0055531755690896,8.775076164453404,1,1,0.7393390424261111,1,1,fold_3
1910,sub16,rest2,51,111,0,1.0991090166209052,0.7500931249247961,0.5,1,2.042701005935669,0.885208010673523,1,4.785694961479853e-06,1.0055531755690896,8.775076164453404,1,1,0.7385996335744505,1,1,fold_3
1911,sub16,rest2,52,112,0,0.9945229619674457,0.7299803657930652,0.5,1,2.0397703647613525,0.8849099278450012,1,4.785694961479853e-06,1.0055531755690896,8.775076164453404,1,1,0.7322346847407779,1,1,fold_3
1912,sub16,rest2,53,113,0,1.0238682886654644,0.73572541000549,0.5,1,2.0003769397735596,0.8808366060256958,1,4.785694961479853e-06,1.0055531755690896,8.775076164453404,1,1,0.7343753869048006,1,1,fold_3
1913,sub16,rest2,54,114,0,0.9996933251566124,0.7309982784237787,0.5,1,2.298204183578491,0.9087281823158264,1,4.785694961479853e-06,1.0055531755690896,8.775076164453404,1,1,0.7425706662450725,1,1,fold_3
1914,sub16,rest2,55,115,0,1.0273533829542898,0.736402472285133,0.5,1,2.2640058994293213,0.9058517813682556,1,4.785694961479853e-06,1.0055531755690896,8.775076164453404,1,1,0.7531308048079798,1,1,fold_3
1915,sub16,rest2,56,116,0,1.1543866714135165,0.7603112480263058,0.5,1,2.481153726577759,0.9228100180625916,1,4.785694961479853e-06,1.0055531755690896,8.775076164453404,1,1,0.7577595340792075,1,1,fold_3
1916,sub16,rest2,57,117,0,1.167421889940224,0.7626786941125006,0.5,1,2.4254510402679443,0.9187475442886353,1,4.785694961479853e-06,1.0055531755690896,8.775076164453404,1,1,0.7432182865905047,1,1,fold_3
1917,sub16,rest2,58,118,0,1.1001524022585554,0.750288660098816,0.5,1,2.7425596714019775,0.9394917488098145,1,4.785694961479853e-06,1.0055531755690896,8.775076164453404,1,1,0.7278878904064037,1,1,fold_3
1918,sub16,rest2,59,119,0,0.9280894004813145,0.7166875055601974,0.5,1,2.7912771701812744,0.942202627658844,1,4.785694961479853e-06,1.0055531755690896,8.775076164453404,1,1,0.7166875055601974,1,1,fold_3
1919,sub17,rest1,0,0,0,-0.1511596897661476,0.46228186947823835,0.5,0,-0.28928351402282715,0.4281792938709259,1,3.952142046906746e-06,2.017489758611658,4.243946917049909,0,1,0.38956411023680215,0,1,fold_3
1920,sub17,rest1,1,1,0,-0.5910834038199556,0.3563863097902724,0.5,0,-0.30510854721069336,0.4243091344833374,1,3.952142046906746e-06,2.017489758611658,4.243946917049909,0,1,0.3821995967497687,0,1,fold_3
1921,sub17,rest1,2,2,0,-0.6189330499124378,0.35002415144189564,0.5,0,-0.19716286659240723,0.4508683681488037,1,3.952142046906746e-06,2.017489758611658,4.243946917049909,0,1,0.38613752704709,0,1,fold_3
1922,sub17,rest1,3,3,0,-0.2403977695195781,0.4401883290171382,0.5,0,-0.14563989639282227,0.4636542499065399,1,3.952142046906746e-06,2.017489758611658,4.243946917049909,0,1,0.3324055757073777,0,1,fold_3
1923,sub17,rest1,4,4,0,-0.5399461867668441,0.3682001006822363,0.5,0,-0.27495265007019043,0.43169164657592773,1,3.952142046906746e-06,2.017489758611658,4.243946917049909,0,1,0.2768422887166991,0,1,fold_3
1924,sub17,rest1,5,5,0,-1.4576416259201732,0.18882829742275864,0.5,0,-0.5769755840301514,0.3596287965774536,1,3.952142046906746e-06,2.017489758611658,4.243946917049909,0,1,0.27462029446130903,0,1,fold_3
1925,sub17,rest1,6,6,0,-0.9769445711378358,0.2734984680451023,0.5,0,-0.2823143005371094,0.42988649010658264,1,3.952142046906746e-06,2.017489758611658,4.243946917049909,0,1,0.36496001490711966,0,1,fold_3
1926,sub17,rest1,7,7,0,-0.5687118236742723,0.36153411791606627,0.5,0,-0.24387097358703613,0.43933260440826416,1,3.952142046906746e-06,2.017489758611658,4.243946917049909,0,1,0.40982360666400225,0,1,fold_3
1927,sub17,rest1,8,8,0,-0.16095676034768122,0.4598474587601903,0.5,0,0.007386684417724609,0.5018466711044312,1,3.952142046906746e-06,2.017489758611658,4.243946917049909,0,1,0.3785767158116631,0,1,fold_3
1928,sub17,rest1,9,9,0,-0.37186999057359676,0.4080892433157503,0.5,0,-0.2617928981781006,0.43492305278778076,1,3.952142046906746e-06,2.017489758611658,4.243946917049909,0,1,0.30737709154303405,0,1,fold_3
1929,sub17,rest1,10,10,0,-1.005846695551239,0.2677934453590488,0.5,0,-0.398822546005249,0.40159526467323303,1,3.952142046906746e-06,2.017489758611658,4.243946917049909,0,1,0.23551920952648642,0,1,fold_3
1930,sub17,rest1,11,11,0,-1.1187210863356671,0.24624858595430305,0.5,0,-0.2862246036529541,0.428928405046463,1,3.952142046906746e-06,2.017489758611658,4.243946917049909,0,1,0.2174776531385406,0,1,fold_3
1931,sub17,rest1,12,12,0,-1.4337465642059315,0.19251559726610742,0.5,0,-0.39894723892211914,0.4015653133392334,1,3.952142046906746e-06,2.017489758611658,4.243946917049909,0,1,0.2529797782760936,0,1,fold_3
1932,sub17,rest1,13,13,0,-1.3029510668027988,0.2136687761952113,0.5,0,-0.752083420753479,0.3203674852848053,1,3.952142046906746e-06,2.017489758611658,4.243946917049909,0,1,0.36718068928736985,0,1,fold_3
1933,sub17,rest1,14,14,0,-0.6069512978410404,0.3527549613669619,0.5,0,-0.5661527514457703,0.362125039100647,1,3.952142046906746e-06,2.017489758611658,4.243946917049909,0,1,0.4931270642055811,0,1,fold_3
1934,sub17,rest1,15,15,0,0.14070500113034082,0.5351183302999362,0.5,1,-0.16267287731170654,0.45942121744155884,1,3.952142046906746e-06,2.017489758611658,4.243946917049909,0,0,0.4781966433788416,0,1,fold_3
1935,sub17,rest1,16,16,0,0.3702024680674289,0.5915079009498452,0.5,1,-0.21060991287231445,0.4475412666797638,1,3.952142046906746e-06,2.017489758611658,4.243946917049909,0,0,0.36795755146731146,0,1,fold_3
1936,sub17,rest1,17,17,1,0.2799867215701437,0.5695429685522386,0.5,0,-0.4244799017906189,0.39544522762298584,1,3.952142046906746e-06,2.017489758611658,4.243946917049909,0,1,,,,fold_3
1937,sub17,rest1,18,18,0,-0.8096564972278119,0.30796369888674335,0.5,0,-0.7171555161476135,0.3280196785926819,1,3.952142046906746e-06,2.017489758611658,4.243946917049909,0,1,0.24465297058811064,0,1,fold_3
1938,sub17,rest1,19,19,0,-1.3590112038441302,0.20440105456534588,0.5,0,-0.7758947014808655,0.31520533561706543,1,3.952142046906746e-06,2.017489758611658,4.243946917049909,0,1,0.22387344358535502,0,1,fold_3
1939,sub17,rest1,20,20,0,-1.256400442462433,0.22159415831224277,0.5,0,-0.6573777198791504,0.3413289189338684,1,3.952142046906746e-06,2.017489758611658,4.243946917049909,0,1,0.23224297439835676,0,1,fold_3
1940,sub17,rest1,21,21,0,-1.122082973056215,0.24562511787847635,0.5,0,-0.5673166513442993,0.36185625195503235,1,3.952142046906746e-06,2.017489758611658,4.243946917049909,0,1,0.2047334828391123,0,1,fold_3
1941,sub17,rest1,22,22,0,-1.2110820707403638,0.22950964700435114,0.5,0,-0.6924977898597717,0.3334776759147644,1,3.952142046906746e-06,2.017489758611658,4.243946917049909,0,1,0.17432008030653823,0,1,fold_3
1942,sub17,rest1,23,23,0,-1.823071848254978,0.1390656836345094,0.5,0,-0.6546629071235657,0.3419395089149475,1,3.952142046906746e-06,2.017489758611658,4.243946917049909,0,1,0.15409164417516366,0,1,fold_3
1943,sub17,rest1,24,24,0,-1.7006153779093343,0.1543849102807541,0.5,0,-0.7083587646484375,0.3299615979194641,1,3.952142046906746e-06,2.017489758611658,4.243946917049909,0,1,0.16448613319103159,0,1,fold_3
1944,sub17,rest1,25,25,1,-1.7443924095205379,0.1487558758686621,0.5,0,-0.6343550682067871,0.3465237021446228,1,3.952142046906746e-06,2.017489758611658,4.243946917049909,0,1,,,,fold_3
1945,sub17,rest1,26,26,0,-1.5939824002163412,0.16882433861022744,0.5,0,-0.806506872177124,0.3086353540420532,1,3.952142046906746e-06,2.017489758611658,4.243946917049909,0,1,0.1974016633155733,0,1,fold_3
1946,sub17,rest1,27,27,0,-1.58386251781657,0.17024915068211316,0.5,0,-0.6654757857322693,0.33951061964035034,1,3.952142046906746e-06,2.017489758611658,4.243946917049909,0,1,0.25427761095897167,0,1,fold_3
1947,sub17,rest1,28,28,0,-1.0819800121483858,0.2531315006543793,0.5,0,-0.6642392873764038,0.33978796005249023,1,3.952142046906746e-06,2.017489758611658,4.243946917049909,0,1,0.34892175258015395,0,1,fold_3
1948,sub17,rest1,29,29,0,-0.6657364312883255,0.33945218154042256,0.5,0,-0.5093035101890564,0.3753568232059479,1,3.952142046906746e-06,2.017489758611658,4.243946917049909,0,1,0.41529191069503296,0,1,fold_3
1949,sub17,rest1,30,30,0,-0.18378930027145657,0.45418157554566,0.5,0,-0.18936526775360107,0.45279964804649353,1,3.952142046906746e-06,2.017489758611658,4.243946917049909,0,1,0.42981509999840384,0,1,fold_3
1950,sub17,rest1,31,31,0,-0.19161624970890298,0.45224197499901625,0.5,0,0.4623218774795532,0.6135648488998413,1,3.952142046906746e-06,2.017489758611658,4.243946917049909,0,1,0.3513713909447618,0,1,fold_3
1951,sub17,rest1,32,32,0,-0.4767419983136272,0.3830217494505353,0.5,0,0.4232497215270996,0.6042606234550476,1,3.952142046906746e-06,2.017489758611658,4.243946917049909,0,1,0.2600341556322652,0,1,fold_3
1952,sub17,rest1,33,33,0,-1.2723780063948318,0.2188504483847337,0.5,0,-0.37087130546569824,0.408330500125885,1,3.952142046906746e-06,2.017489758611658,4.243946917049909,0,1,0.19033458850073526,0,1,fold_3
1953,sub17,rest1,34,34,1,-1.639579289474704,0.16252231686124105,0.5,0,-0.608549952507019,0.35239002108573914,1,3.952142046906746e-06,2.017489758611658,4.243946917049909,0,1,,,,fold_3
1954,sub17,rest1,35,35,0,-1.528383862467853,0.17823026906152648,0.5,0,-0.6124290227890015,0.351505309343338,1,3.952142046906746e-06,2.017489758611658,4.243946917049909,0,1,0.16835069519889714,0,1,fold_3
1955,sub17,rest1,36,36,0,-1.558074982501536,0.17392304805594558,0.5,0,-0.5925200581550598,0.3560568392276764,1,3.952142046906746e-06,2.017489758611658,4.243946917049909,0,1,0.1781377248822916,0,1,fold_3
1956,sub17,rest1,37,37,0,-1.7120441467616525,0.15289876847921938,0.5,0,-0.5884586572647095,0.3569886088371277,1,3.952142046906746e-06,2.017489758611658,4.243946917049909,0,1,0.20700350840148385,0,1,fold_3
1957,sub17,rest1,38,38,0,-1.3395056978996147,0.2075913581117098,0.5,0,-0.3677109479904175,0.40909427404403687,1,3.952142046906746e-06,2.017489758611658,4.243946917049909,0,1,0.27944887894533066,0,1,fold_3
1958,sub17,rest1,39,39,0,-1.0432655336925636,0.2605203986135224,0.5,0,-0.47670823335647583,0.3830296993255615,1,3.952142046906746e-06,2.017489758611658,4.243946917049909,0,1,0.3122540356963627,0,1,fold_3
1959,sub17,rest1,40,40,0,-0.53120930895512,0.3702348801107597,0.5,0,-0.49226588010787964,0.3793599307537079,1,3.952142046906746e-06,2.017489758611658,4.243946917049909,0,1,0.3325344349452703,0,1,fold_3
1960,sub17,rest1,41,41,0,-0.8188547046949548,0.30600682836480597,0.5,0,-0.722355306148529,0.3268745243549347,1,3.952142046906746e-06,2.017489758611658,4.243946917049909,0,1,0.33480225234485156,0,1,fold_3
1961,sub17,rest1,42,42,1,-0.5723007219243212,0.360706114940225,0.5,0,-0.7366375923156738,0.32373982667922974,1,3.952142046906746e-06,2.017489758611658,4.243946917049909,0,1,,,,fold_3
1962,sub17,rest1,43,43,0,-0.7475214856510095,0.32136159636024514,0.5,0,-0.5700626969337463,0.36122238636016846,1,3.952142046906746e-06,2.017489758611658,4.243946917049909,0,1,0.3244216659862621,0,1,fold_3
1963,sub17,rest1,44,44,0,-0.502138128815038,0.3770383323095036,0.5,0,-0.3836863040924072,0.4052381217479706,1,3.952142046906746e-06,2.017489758611658,4.243946917049909,0,1,0.3337815689760873,0,1,fold_3
1964,sub17,rest1,45,45,0,-0.9700774287393762,0.27486506928903753,0.5,0,-0.4413187503814697,0.39142680168151855,1,3.952142046906746e-06,2.017489758611658,4.243946917049909,0,1,0.31597082323419967,0,1,fold_3
1965,sub17,rest1,46,46,0,-0.6214959153672694,0.34944130532972073,0.5,0,-0.4887732267379761,0.3801826238632202,1,3.952142046906746e-06,2.017489758611658,4.243946917049909,0,1,0.350554081720546,0,1,fold_3
1966,sub17,rest1,47,47,0,-0.7372485856721,0.32360609508384075,0.5,0,-0.4852619171142578,0.38101038336753845,1,3.952142046906746e-06,2.017489758611658,4.243946917049909,0,1,0.3178133428774567,0,1,fold_3
1967,sub17,rest1,48,48,0,-0.49543165988546667,0.3786148447480765,0.5,0,-0.288618803024292,0.4283420443534851,1,3.952142046906746e-06,2.017489758611658,4.243946917049909,0,1,0.2807982351675571,0,1,fold_3
1968,sub17,rest1,49,49,0,-1.092121010161891,0.25121908880045296,0.5,0,-0.3545048236846924,0.41229042410850525,1,3.952142046906746e-06,2.017489758611658,4.243946917049909,0,1,0.2205715866732291,0,1,fold_3
1969,sub17,rest1,50,50,0,-1.3095582638416396,0.21256077195414186,0.5,0,-0.5062649846076965,0.3760695159435272,1,3.952142046906746e-06,2.017489758611658,4.243946917049909,0,1,0.23830046838184762,0,1,fold_3
1970,sub17,rest1,51,51,0,-1.3992515925180475,0.19793489926509247,0.5,0,-0.5271623730659485,0.3711789548397064,1,3.952142046906746e-06,2.017489758611658,4.243946917049909,0,1,0.2806323433920826,0,1,fold_3
1971,sub17,rest1,52,52,0,-0.826405076684312,0.3044057339263086,0.5,0,-0.44459068775177,0.39064764976501465,1,3.952142046906746e-06,2.017489758611658,4.243946917049909,0,1,0.3172177616844789,0,1,fold_3
1972,sub17,rest1,53,53,0,-0.6652716840472239,0.3395563969848467,0.5,0,-0.13636565208435059,0.4659613072872162,1,3.952142046906746e-06,2.017489758611658,4.243946917049909,0,1,0.28713408725767786,0,1,fold_3
1973,sub17,rest1,54,54,0,-0.8109356314984804,0.30769115414228143,0.5,0,-0.20274996757507324,0.4494854211807251,1,3.952142046906746e-06,2.017489758611658,4.243946917049909,0,1,0.24012099613709892,0,1,fold_3
1974,sub17,rest1,55,55,0,-1.3000612394071651,0.21415471064590555,0.5,0,-0.5413694381713867,0.3678690493106842,1,3.952142046906746e-06,2.017489758611658,4.243946917049909,0,1,0.2456450646450353,0,1,fold_3
1975,sub17,rest1,56,56,0,-1.3955882458404267,0.19851712362310975,0.5,0,-0.549424946308136,0.3659978210926056,1,3.952142046906746e-06,2.017489758611658,4.243946917049909,0,1,0.32215420533687206,0,1,fold_3
1976,sub17,rest1,57,57,0,-0.7342473907363951,0.32426335966609054,0.5,0,-0.43770742416381836,0.39228737354278564,1,3.952142046906746e-06,2.017489758611658,4.243946917049909,0,1,0.43126892963924873,0,1,fold_3
1977,sub17,rest1,58,58,0,-0.2262314458817666,0.443682132721416,0.5,0,0.06654965877532959,0.5166312456130981,1,3.952142046906746e-06,2.017489758611658,4.243946917049909,0,1,0.4984682419272984,0,1,fold_3
1978,sub17,rest1,59,59,0,0.1035375809115515,0.5258612965302396,0.5,1,0.5359089374542236,0.6308602690696716,1,3.952142046906746e-06,2.017489758611658,4.243946917049909,0,0,0.5258612965302396,1,0,fold_3
1979,sub17,rest2,0,60,0,0.7284281557341113,0.6744602474473071,0.5,1,-0.14117276668548584,0.4647652804851532,1,3.952142046906746e-06,2.017489758611658,4.243946917049909,1,1,0.7515632633699451,1,1,fold_3
1980,sub17,rest2,1,61,0,1.1326372297116487,0.756325262062376,0.5,1,-0.07330036163330078,0.4816831350326538,1,3.952142046906746e-06,2.017489758611658,4.243946917049909,1,1,0.7746817634617762,1,1,fold_3
1981,sub17,rest2,2,62,0,1.5430266514154825,0.823904280600152,0.5,1,-0.03216063976287842,0.4919605255126953,1,3.952142046906746e-06,2.017489758611658,4.243946917049909,1,1,0.7474333197156179,1,1,fold_3
1982,sub17,rest2,3,63,0,1.0658964322003075,0.7438157477228007,0.5,1,-0.29364216327667236,0.4271124303340912,1,3.952142046906746e-06,2.017489758611658,4.243946917049909,1,1,0.6625928990160758,1,1,fold_3
1983,sub17,rest2,4,64,0,0.7289733041568266,0.6745799308239007,0.5,1,0.10585546493530273,0.5264391899108887,1,3.952142046906746e-06,2.017489758611658,4.243946917049909,1,1,0.6666319660607933,1,1,fold_3
1984,sub17,rest2,5,65,0,0.2793343299220329,0.5693830185015257,0.5,1,0.0426638126373291,0.5106642842292786,1,3.952142046906746e-06,2.017489758611658,4.243946917049909,1,1,0.639943475832709,1,1,fold_3
1985,sub17,rest2,6,66,0,1.1305096929487646,0.7559329488569536,0.5,1,-0.11034965515136719,0.47244060039520264,1,3.952142046906746e-06,2.017489758611658,4.243946917049909,1,1,0.6606690537519692,1,1,fold_3
1986,sub17,rest2,7,67,0,0.3826598261345623,0.594514460139648,0.5,1,-0.3957909345626831,0.40232402086257935,1,3.952142046906746e-06,2.017489758611658,4.243946917049909,1,1,0.5276843065960973,1,1,fold_3
1987,sub17,rest2,8,68,0,0.5389140083614895,0.631559752259306,0.5,1,-0.38955938816070557,0.4038233458995819,1,3.952142046906746e-06,2.017489758611658,4.243946917049909,1,1,0.48091481592477664,0,0,fold_3
1988,sub17,rest2,9,69,0,-0.5885017013355868,0.35697870738933807,0.5,0,-0.1894623041152954,0.45277559757232666,1,3.952142046906746e-06,2.017489758611658,4.243946917049909,1,0,0.4722377985980013,0,0,fold_3
1989,sub17,rest2,10,70,0,-0.18369082345128704,0.45420598812568563,0.5,0,-0.23111605644226074,0.4424768090248108,1,3.952142046906746e-06,2.017489758611658,4.243946917049909,1,0,0.5810698105044431,1,1,fold_3
1990,sub17,rest2,11,71,0,0.428555574559096,0.6055287002789803,0.5,1,-0.3047327995300293,0.4244008958339691,1,3.952142046906746e-06,2.017489758611658,4.243946917049909,1,1,0.6760472102065931,1,1,fold_3
1991,sub17,rest2,12,72,0,0.7697866641847394,0.6834747431086634,0.5,1,-0.19875574111938477,0.45047399401664734,1,3.952142046906746e-06,2.017489758611658,4.243946917049909,1,1,0.7153368302069397,1,1,fold_3
1992,sub17,rest2,13,73,0,1.0414940815461051,0.7391381872321354,0.5,1,-0.06229853630065918,0.4844304025173187,1,3.952142046906746e-06,2.017489758611658,4.243946917049909,1,1,0.7617449785080104,1,1,fold_3
1993,sub17,rest2,14,74,0,0.9613777073562414,0.7233975602800203,0.5,1,-0.2501332759857178,0.43779072165489197,1,3.952142046906746e-06,2.017489758611658,4.243946917049909,1,1,0.7871708069116474,1,1,fold_3
1994,sub17,rest2,15,75,0,1.534742834383858,0.8226991880118755,0.5,1,0.21246230602264404,0.5529166460037231,1,3.952142046906746e-06,2.017489758611658,4.243946917049909,1,1,0.8165418250458937,1,1,fold_3
1995,sub17,rest2,16,76,0,1.48559159176871,0.8154156724430465,0.5,1,-0.008566856384277344,0.49785831570625305,1,3.952142046906746e-06,2.017489758611658,4.243946917049909,1,1,0.7584308544271418,1,1,fold_3
1996,sub17,rest2,17,77,0,1.4598557732047421,0.8115106146827592,0.5,1,-0.06241905689239502,0.48440030217170715,1,3.952142046906746e-06,2.017489758611658,4.243946917049909,1,1,0.7433390975173172,1,1,fold_3
1997,sub17,rest2,18,78,0,0.611865701062401,0.6483662761556196,0.5,1,-0.1918163299560547,0.45219242572784424,1,3.952142046906746e-06,2.017489758611658,4.243946917049909,1,1,0.7332285940132818,1,1,fold_3
1998,sub17,rest2,19,79,0,1.2091041578190393,0.7701404017135728,0.5,1,-0.13839399814605713,0.46545660495758057,1,3.952142046906746e-06,2.017489758611658,4.243946917049909,1,1,0.7668578224671997,1,1,fold_3
1999,sub17,rest2,20,80,0,1.2725508823212346,0.781179104170653,0.5,1,0.015248656272888184,0.5038120746612549,1,3.952142046906746e-06,2.017489758611658,4.243946917049909,1,1,0.7657315024794445,1,1,fold_3
2000,sub17,rest2,21,81,0,1.0946373654494974,0.7492539615173732,0.5,1,-0.11386430263519287,0.4715646505355835,1,3.952142046906746e-06,2.017489758611658,4.243946917049909,1,1,0.7309478474366388,1,1,fold_3
2001,sub17,rest2,22,82,0,1.1901139403507641,0.7667614417503077,0.5,1,0.037194132804870605,0.5092974901199341,1,3.952142046906746e-06,2.017489758611658,4.243946917049909,1,1,0.6840075896527273,1,1,fold_3
2002,sub17,rest2,23,83,0,0.7392331250384196,0.6768281390422356,0.5,1,-0.1858210563659668,0.4536779224872589,1,3.952142046906746e-06,2.017489758611658,4.243946917049909,1,1,0.5464033148688665,1,1,fold_3
2003,sub17,rest2,24,84,0,0.4407309519107551,0.608433188165639,0.5,1,-0.3257312774658203,0.41927963495254517,1,3.952142046906746e-06,2.017489758611658,4.243946917049909,1,1,0.43837541702529953,0,0,fold_3
2004,sub17,rest2,25,85,0,-0.6017272862424238,0.353948617398725,0.5,0,-0.40036821365356445,0.40122389793395996,1,3.952142046906746e-06,2.017489758611658,4.243946917049909,1,0,0.4180981474406236,0,0,fold_3
2005,sub17,rest2,26,86,0,-0.6069973559063622,0.3527444455115346,0.5,0,-0.5146932005882263,0.3740939795970917,1,3.952142046906746e-06,2.017489758611658,4.243946917049909,1,0,0.4788644647192786,0,0,fold_3
2006,sub17,rest2,27,87,0,0.1909839172842569,0.5476013794116112,0.5,1,-0.5356390476226807,0.3692026436328888,1,3.952142046906746e-06,2.017489758611658,4.243946917049909,1,1,0.5720296684976386,1,1,fold_3
2007,sub17,rest2,28,88,0,0.14524508188591448,0.53624756923469,0.5,1,-0.2798488140106201,0.4304908215999603,1,3.952142046906746e-06,2.017489758611658,4.243946917049909,1,1,0.5620460197033297,1,1,fold_3
2008,sub17,rest2,29,89,0,0.5418387618870925,0.6322400568466147,0.5,1,-0.1766822338104248,0.4559440016746521,1,3.952142046906746e-06,2.017489758611658,4.243946917049909,1,1,0.5863857589256937,1,1,fold_3
2009,sub17,rest2,30,90,0,0.07063108087141336,0.5176504330286843,0.5,1,-0.06198406219482422,0.4845089614391327,1,3.952142046906746e-06,2.017489758611658,4.243946917049909,1,1,0.5790892729803513,1,1,fold_3
2010,sub17,rest2,31,91,0,0.44423123785634655,0.609266786901782,0.5,1,-0.3625328540802002,0.4103465676307678,1,3.952142046906746e-06,2.017489758611658,4.243946917049909,1,1,0.6390363222660573,1,1,fold_3
2011,sub17,rest2,32,92,0,0.4487861815526124,0.6103505990105874,0.5,1,-0.30121171474456787,0.4252612888813019,1,3.952142046906746e-06,2.017489758611658,4.243946917049909,1,1,0.6577380394796651,1,1,fold_3
2012,sub17,rest2,33,93,0,0.8353813343419825,0.6974915808858025,0.5,1,-0.12542724609375,0.46868422627449036,1,3.952142046906746e-06,2.017489758611658,4.243946917049909,1,1,0.7107920869346293,1,1,fold_3
2013,sub17,rest2,34,94,0,0.6873265396628279,0.6653719385426055,0.5,1,-0.1348276138305664,0.46634405851364136,1,3.952142046906746e-06,2.017489758611658,4.243946917049909,1,1,0.7233381453676434,1,1,fold_3
2014,sub17,rest2,35,95,0,1.2055619273428604,0.7695127413754798,0.5,1,0.0023561716079711914,0.5005890727043152,1,3.952142046906746e-06,2.017489758611658,4.243946917049909,1,1,0.7690091393417783,1,1,fold_3
2015,sub17,rest2,36,96,0,1.0208069625687204,0.735129756184845,0.5,1,0.09431755542755127,0.5235618948936462,1,3.952142046906746e-06,2.017489758611658,4.243946917049909,1,1,0.7812833576333406,1,1,fold_3
2016,sub17,rest2,37,97,0,1.401267347593288,0.8023849204650102,0.5,1,0.1590367555618286,0.5396755933761597,1,3.952142046906746e-06,2.017489758611658,4.243946917049909,1,1,0.8117741122406055,1,1,fold_3
2017,sub17,rest2,38,98,0,1.4263719640978283,0.8063353962501668,0.5,1,0.12511718273162842,0.5312385559082031,1,3.952142046906746e-06,2.017489758611658,4.243946917049909,1,1,0.8075786963646744,1,1,fold_3
2018,sub17,rest2,39,99,0,1.5617339309534712,0.8266020200066392,0.5,1,0.03737509250640869,0.5093426704406738,1,3.952142046906746e-06,2.017489758611658,4.243946917049909,1,1,0.7892767824718007,1,1,fold_3
2019,sub17,rest2,40,100,0,1.3237122962402945,0.7897986728372174,0.5,1,-0.11842763423919678,0.47042766213417053,1,3.952142046906746e-06,2.017489758611658,4.243946917049909,1,1,0.7340249145647958,1,1,fold_3
2020,sub17,rest2,41,101,0,1.1062517124483915,0.7514296545715452,0.5,1,-0.04760158061981201,0.4881018400192261,1,3.952142046906746e-06,2.017489758611658,4.243946917049909,1,1,0.6618078031341108,1,1,fold_3
2021,sub17,rest2,42,102,0,0.6670684082133248,0.6608464162856247,0.5,1,-0.15196585655212402,0.4620814323425293,1,3.952142046906746e-06,2.017489758611658,4.243946917049909,1,1,0.5316909305227062,1,1,fold_3
2022,sub17,rest2,43,103,0,0.2947039204504832,0.5731473385451628,0.5,1,-0.02036261558532715,0.4949095547199249,1,3.952142046906746e-06,2.017489758611658,4.243946917049909,1,1,0.4344658650717645,0,0,fold_3
2023,sub17,rest2,44,104,0,-0.5706838858627467,0.361079036737331,0.5,0,0.24111580848693848,0.5599886178970337,1,3.952142046906746e-06,2.017489758611658,4.243946917049909,1,0,0.3831273810544822,0,0,fold_3
2024,sub17,rest2,45,105,0,-0.5357739316794519,0.3691712199327998,0.5,0,0.3919224739074707,0.5967454314231873,1,3.952142046906746e-06,2.017489758611658,4.243946917049909,1,0,0.48519079183017383,0,0,fold_3
2025,sub17,rest2,46,106,0,-0.32633809666122554,0.4191318864933157,0.5,0,0.20807099342346191,0.5518308877944946,1,3.952142046906746e-06,2.017489758611658,4.243946917049909,1,0,0.5938721200310632,1,1,fold_3
2026,sub17,rest2,47,107,0,0.695860119130428,0.6672692690644059,0.5,1,-0.13350117206573486,0.46667414903640747,1,3.952142046906746e-06,2.017489758611658,4.243946917049909,1,1,0.7236927033350816,1,1,fold_3
2027,sub17,rest2,48,108,0,0.824615505526023,0.6952152045354681,0.5,1,-0.2851213216781616,0.42919865250587463,1,3.952142046906746e-06,2.017489758611658,4.243946917049909,1,1,0.7818397425188263,1,1,fold_3
2028,sub17,rest2,49,109,0,1.4408977611967493,0.808593636405371,0.5,1,-0.12707841396331787,0.4682730734348297,1,3.952142046906746e-06,2.017489758611658,4.243946917049909,1,1,0.83277229853026,1,1,fold_3
2029,sub17,rest2,50,110,0,1.6710096449428955,0.8417103866156398,0.5,1,0.00440526008605957,0.5011013150215149,1,3.952142046906746e-06,2.017489758611658,4.243946917049909,1,1,0.8246963786710696,1,1,fold_3
2030,sub17,rest2,51,111,0,1.7190999862928316,0.8480128725697696,0.5,1,0.3763418197631836,0.5929904580116272,1,3.952142046906746e-06,2.017489758611658,4.243946917049909,1,1,0.735263891925119,1,1,fold_3
2031,sub17,rest2,52,112,0,1.29129249386224,0.7843658768277997,0.5,1,0.11445963382720947,0.5285837054252625,1,3.952142046906746e-06,2.017489758611658,4.243946917049909,1,1,0.6371044103206142,1,1,fold_3
2032,sub17,rest2,53,113,0,0.29578959193590826,0.5734129263777874,0.5,1,-0.0805368423461914,0.4798766076564789,1,3.952142046906746e-06,2.017489758611658,4.243946917049909,1,1,0.6162721854814239,1,1,fold_3
2033,sub17,rest2,54,114,0,0.21496165880931276,0.5535344277562552,0.5,1,-0.14979374408721924,0.46262142062187195,1,3.952142046906746e-06,2.017489758611658,4.243946917049909,1,1,0.6691344001452423,1,1,fold_3
2034,sub17,rest2,55,115,0,0.9537524639168091,0.7218692023102292,0.5,1,0.16790544986724854,0.5418780446052551,1,3.952142046906746e-06,2.017489758611658,4.243946917049909,1,1,0.7432044971417014,1,1,fold_3
2035,sub17,rest2,56,116,0,1.0047913434244606,0.7319995703692423,0.5,1,-0.03744935989379883,0.49063876271247864,1,3.952142046906746e-06,2.017489758611658,4.243946917049909,1,1,0.7347668217231303,1,1,fold_3
2036,sub17,rest2,57,117,0,1.2410384439661697,0.7757447187456327,0.5,1,-0.04838824272155762,0.48790526390075684,1,3.952142046906746e-06,2.017489758611658,4.243946917049909,1,1,0.7390074105096054,1,1,fold_3
2037,sub17,rest2,58,118,0,0.8309519454643343,0.6965561760545158,0.5,1,0.07033848762512207,0.5175774097442627,1,3.952142046906746e-06,2.017489758611658,4.243946917049909,1,1,0.7286662831706171,1,1,fold_3
2038,sub17,rest2,59,119,0,1.0706543581151402,0.7447213367286677,0.5,1,0.45284175872802734,0.6113146543502808,1,3.952142046906746e-06,2.017489758611658,4.243946917049909,1,1,0.7447213367286677,1,1,fold_3
121,sub2,rest1,0,0,0,-0.8666750797792601,0.2959466194050291,0.5,0,-0.46790874004364014,0.38511136174201965,1,5.1708617028681115e-06,2.552521387644277,5.083677517132963,0,1,0.2470214064518804,0,1,fold_4
122,sub2,rest1,1,1,0,-1.2622169889048553,0.22059248601948508,0.5,0,-0.6514074802398682,0.3426724672317505,1,5.1708617028681115e-06,2.552521387644277,5.083677517132963,0,1,0.2324381584363545,0,1,fold_4
123,sub2,rest1,2,2,0,-1.239488030924118,0.22452511393112692,0.5,0,-0.6980112195014954,0.3322533071041107,1,5.1708617028681115e-06,2.552521387644277,5.083677517132963,0,1,0.24622313830263484,0,1,fold_4
124,sub2,rest1,3,3,0,-1.0869297070639785,0.25219687535845137,0.5,0,-0.43562865257263184,0.3927830457687378,1,5.1708617028681115e-06,2.552521387644277,5.083677517132963,0,1,0.28961751079466547,0,1,fold_4
125,sub2,rest1,4,4,0,-1.0358712430164951,0.26194742561832624,0.5,0,-0.41625285148620605,0.3974137604236603,1,5.1708617028681115e-06,2.552521387644277,5.083677517132963,0,1,0.3155611485172785,0,1,fold_4
126,sub2,rest1,5,5,0,-0.5984070007376068,0.3547082314072188,0.5,0,-0.2688354253768921,0.43319302797317505,1,5.1708617028681115e-06,2.552521387644277,5.083677517132963,0,1,0.3279149408816602,0,1,fold_4
127,sub2,rest1,6,6,0,-0.7080593775418235,0.33002778852629044,0.5,0,-0.4208488464355469,0.3963136672973633,1,5.1708617028681115e-06,2.552521387644277,5.083677517132963,0,1,0.2980373459437166,0,1,fold_4
128,sub2,rest1,7,7,0,-0.8520223161288183,0.2990088027114712,0.5,0,-0.6056349277496338,0.35305556654930115,1,5.1708617028681115e-06,2.552521387644277,5.083677517132963,0,1,0.2780083902510815,0,1,fold_4
129,sub2,rest1,8,8,0,-1.0197533559260614,0.2650754465933882,0.5,0,-0.5185734033584595,0.3731858730316162,1,5.1708617028681115e-06,2.552521387644277,5.083677517132963,0,1,0.27162869869531253,0,1,fold_4
130,sub2,rest1,9,9,0,-0.9949223347849117,0.26994092144838494,0.5,0,-0.5018009543418884,0.3771175146102905,1,5.1708617028681115e-06,2.552521387644277,5.083677517132963,0,1,0.27440229786735615,0,1,fold_4
131,sub2,rest1,10,10,0,-0.9451078909971357,0.2798697280441643,0.5,0,-0.6025502681732178,0.35376042127609253,1,5.1708617028681115e-06,2.552521387644277,5.083677517132963,0,1,0.28395445080084136,0,1,fold_4
132,sub2,rest1,11,11,0,-0.9774591024211858,0.27339624410951924,0.5,0,-0.7929461598396301,0.31153643131256104,1,5.1708617028681115e-06,2.552521387644277,5.083677517132963,0,1,0.2889469914363188,0,1,fold_4
133,sub2,rest1,12,12,0,-0.8539859611107083,0.2985973802488405,0.5,0,-0.7058115005493164,0.3305250108242035,1,5.1708617028681115e-06,2.552521387644277,5.083677517132963,0,1,0.31827394734838327,0,1,fold_4
134,sub2,rest1,13,13,0,-0.8719565396491636,0.29484734995059664,0.5,0,-0.741735577583313,0.32262474298477173,1,5.1708617028681115e-06,2.552521387644277,5.083677517132963,0,1,0.3588999870704727,0,1,fold_4
135,sub2,rest1,14,14,0,-0.569392076544973,0.3613771118457125,0.5,0,-0.6022486090660095,0.35382941365242004,1,5.1708617028681115e-06,2.552521387644277,5.083677517132963,0,1,0.3880841410792046,0,1,fold_4
136,sub2,rest1,15,15,0,-0.3208217283679903,0.4204754994151089,0.5,0,-0.6331746578216553,0.3467910587787628,1,5.1708617028681115e-06,2.552521387644277,5.083677517132963,0,1,0.40876704817315135,0,1,fold_4
137,sub2,rest1,16,16,0,-0.4793746136676053,0.3823998119767924,0.5,0,-0.7278766632080078,0.3256608545780182,1,5.1708617028681115e-06,2.552521387644277,5.083677517132963,0,1,0.42891010805592183,0,1,fold_4
138,sub2,rest1,17,17,1,-0.35477461352539585,0.4122250705793894,0.5,0,-0.797696590423584,0.31051844358444214,1,5.1708617028681115e-06,2.552521387644277,5.083677517132963,0,1,,,,fold_4
139,sub2,rest1,18,18,0,-0.30872561132310505,0.4234258331275527,0.5,0,-0.6999765634536743,0.3318174183368683,1,5.1708617028681115e-06,2.552521387644277,5.083677517132963,0,1,0.4191391150183204,0,1,fold_4
140,sub2,rest1,19,19,0,-0.07641845095117641,0.4809046790634204,0.5,0,-0.6207576990127563,0.3496091663837433,1,5.1708617028681115e-06,2.552521387644277,5.083677517132963,0,1,0.37714212064085545,0,1,fold_4
141,sub2,rest1,20,20,0,-0.6054980649148,0.3530868328639883,0.5,0,-0.532465934753418,0.36994194984436035,1,5.1708617028681115e-06,2.552521387644277,5.083677517132963,0,1,0.2975656160325176,0,1,fold_4
142,sub2,rest1,21,21,0,-0.8595429277376034,0.2974348499951578,0.5,0,-0.4565960168838501,0.3877936601638794,1,5.1708617028681115e-06,2.552521387644277,5.083677517132963,0,1,0.26479239936816873,0,1,fold_4
143,sub2,rest1,22,22,0,-1.1407909826100973,0.2421751652384067,0.5,0,-0.31612682342529297,0.4216199517250061,1,5.1708617028681115e-06,2.552521387644277,5.083677517132963,0,1,0.2406979822500772,0,1,fold_4
144,sub2,rest1,23,23,0,-1.073346556009973,0.2547671828709417,0.5,0,-0.2866055965423584,0.42883509397506714,1,5.1708617028681115e-06,2.552521387644277,5.083677517132963,0,1,0.23699449351217206,0,1,fold_4
145,sub2,rest1,24,24,0,-1.2358934520100568,0.22515159864088322,0.5,0,-0.7249264717102051,0.32630905508995056,1,5.1708617028681115e-06,2.552521387644277,5.083677517132963,0,1,0.22736759217008198,0,1,fold_4
146,sub2,rest1,25,25,1,-1.1212899910132617,0.24577208186979316,0.5,0,-0.876392126083374,0.2939259707927704,1,5.1708617028681115e-06,2.552521387644277,5.083677517132963,0,1,,,,fold_4
147,sub2,rest1,26,26,0,-1.2023090783298693,0.23106469902469126,0.5,0,-0.6834681034088135,0.3354876935482025,1,5.1708617028681115e-06,2.552521387644277,5.083677517132963,0,1,0.2319531371239398,0,1,fold_4
148,sub2,rest1,27,27,0,-1.2316859639170052,0.2258864788446715,0.5,0,-0.44387727975845337,0.3908174932003021,1,5.1708617028681115e-06,2.552521387644277,5.083677517132963,0,1,0.25296696870801333,0,1,fold_4
149,sub2,rest1,28,28,0,-1.1586744193573164,0.2389082335024566,0.5,0,-0.5630903244018555,0.3628326952457428,1,5.1708617028681115e-06,2.552521387644277,5.083677517132963,0,1,0.27194387887900023,0,1,fold_4
150,sub2,rest1,29,29,0,-0.8755239046217028,0.29410619377691183,0.5,0,-0.6516252756118774,0.34262338280677795,1,5.1708617028681115e-06,2.552521387644277,5.083677517132963,0,1,0.2737683688975289,0,1,fold_4
151,sub2,rest1,30,30,0,-0.9305299606149257,0.28281720935763216,0.5,0,-0.5406860113143921,0.36802801489830017,1,5.1708617028681115e-06,2.552521387644277,5.083677517132963,0,1,0.25609333919037996,0,1,fold_4
152,sub2,rest1,31,31,0,-1.1288049879859143,0.24438170355804278,0.5,0,-0.41489529609680176,0.39773890376091003,1,5.1708617028681115e-06,2.552521387644277,5.083677517132963,0,1,0.24429831880231648,0,1,fold_4
153,sub2,rest1,32,32,0,-1.1467615037164627,0.24108110465546495,0.5,0,-0.46428918838500977,0.38596880435943604,1,5.1708617028681115e-06,2.552521387644277,5.083677517132963,0,1,0.23243729862495963,0,1,fold_4
154,sub2,rest1,33,33,0,-1.112354765362043,0.24743214819344175,0.5,0,-0.6122579574584961,0.3515443205833435,1,5.1708617028681115e-06,2.552521387644277,5.083677517132963,0,1,0.216660693434235,0,1,fold_4
155,sub2,rest1,34,34,1,-1.0690260935198064,0.25558833837094,0.5,0,-0.6243846416473389,0.3487849235534668,1,5.1708617028681115e-06,2.552521387644277,5.083677517132963,0,1,,,,fold_4
156,sub2,rest1,35,35,0,-1.3321821383208763,0.2087986430259722,0.5,0,-0.6497467756271362,0.3430466055870056,1,5.1708617028681115e-06,2.552521387644277,5.083677517132963,0,1,0.22783621364895282,0,1,fold_4
157,sub2,rest1,36,36,0,-1.4258169477012697,0.193751289083291,0.5,0,-0.6863229870796204,0.33485153317451477,1,5.1708617028681115e-06,2.552521387644277,5.083677517132963,0,1,0.24862449404087175,0,1,fold_4
158,sub2,rest1,37,37,0,-0.939711069772683,0.2809587088375953,0.5,0,-0.66825932264328,0.33888670802116394,1,5.1708617028681115e-06,2.552521387644277,5.083677517132963,0,1,0.27654464431032516,0,1,fold_4
159,sub2,rest1,38,38,0,-0.9887275469679075,0.271163484201729,0.5,0,-0.6441773772239685,0.34430286288261414,1,5.1708617028681115e-06,2.552521387644277,5.083677517132963,0,1,0.2636216227252102,0,1,fold_4
160,sub2,rest1,39,39,0,-0.956837932662108,0.27751173989165107,0.5,0,-0.5037355422973633,0.3766632080078125,1,5.1708617028681115e-06,2.552521387644277,5.083677517132963,0,1,0.2885764639184893,0,1,fold_4
161,sub2,rest1,40,40,0,-1.140712091764232,0.24218964408225058,0.5,0,-0.6774263978004456,0.33683595061302185,1,5.1708617028681115e-06,2.552521387644277,5.083677517132963,0,1,0.34217689125384476,0,1,fold_4
162,sub2,rest1,41,41,0,-0.6365448060588582,0.3460280077815662,0.5,0,-0.8397941589355469,0.3015781342983246,1,5.1708617028681115e-06,2.552521387644277,5.083677517132963,0,1,0.3628310300521795,0,1,fold_4
163,sub2,rest1,42,42,1,-0.4641886789325718,0.3859926244023744,0.5,0,-0.9031343460083008,0.2884068191051483,1,5.1708617028681115e-06,2.552521387644277,5.083677517132963,0,1,,,,fold_4
164,sub2,rest1,43,43,0,-0.24801139926368246,0.43831302189771754,0.5,0,-0.7628227472305298,0.31803372502326965,1,5.1708617028681115e-06,2.552521387644277,5.083677517132963,0,1,0.36779915796833446,0,1,fold_4
165,sub2,rest1,44,44,0,-0.8276033834807142,0.30415206047725474,0.5,0,-0.5961766242980957,0.35521888732910156,1,5.1708617028681115e-06,2.552521387644277,5.083677517132963,0,1,0.3256805230368214,0,1,fold_4
166,sub2,rest1,45,45,0,-0.571319592619767,0.3609323915300312,0.5,0,-0.6734521985054016,0.3377242982387543,1,5.1708617028681115e-06,2.552521387644277,5.083677517132963,0,1,0.36489169044002656,0,1,fold_4
167,sub2,rest1,46,46,0,-0.7909854326019085,0.3119571171031782,0.5,0,-0.5613127946853638,0.36324378848075867,1,5.1708617028681115e-06,2.552521387644277,5.083677517132963,0,1,0.3647045746245123,0,1,fold_4
168,sub2,rest1,47,47,0,-0.3154477590863145,0.4217855626868703,0.5,0,-0.6738722324371338,0.33763033151626587,1,5.1708617028681115e-06,2.552521387644277,5.083677517132963,0,1,0.4006558850692847,0,1,fold_4
169,sub2,rest1,48,48,0,-0.5737540731736075,0.36037104408348825,0.5,0,-0.5815791487693787,0.35856929421424866,1,5.1708617028681115e-06,2.552521387644277,5.083677517132963,0,1,0.41044793450146444,0,1,fold_4
170,sub2,rest1,49,49,0,-0.32354910366588246,0.4198110484374956,0.5,0,-0.6418766379356384,0.3448224663734436,1,5.1708617028681115e-06,2.552521387644277,5.083677517132963,0,1,0.47309754970433665,0,1,fold_4
171,sub2,rest1,50,50,0,-0.19597800642030463,0.4511617109834094,0.5,0,-0.4940624237060547,0.3789370357990265,1,5.1708617028681115e-06,2.552521387644277,5.083677517132963,0,1,0.46845091498202723,0,1,fold_4
172,sub2,rest1,51,51,0,0.19388464822991144,0.548319889692105,0.5,1,-0.5233711004257202,0.3720642924308777,1,5.1708617028681115e-06,2.552521387644277,5.083677517132963,0,0,0.41672726990378445,0,1,fold_4
173,sub2,rest1,52,52,0,-0.3810604940918674,0.4058711442705672,0.5,0,-0.5327478647232056,0.3698762357234955,1,5.1708617028681115e-06,2.552521387644277,5.083677517132963,0,1,0.330743138198808,0,1,fold_4
174,sub2,rest1,53,53,0,-0.8664631678746468,0.2959907757486811,0.5,0,-0.3482472896575928,0.4138075113296509,1,5.1708617028681115e-06,2.552521387644277,5.083677517132963,0,1,0.2804738133637081,0,1,fold_4
175,sub2,rest1,54,54,0,-0.893599894627799,0.29036749457717576,0.5,0,-0.4471253752708435,0.3900444507598877,1,5.1708617028681115e-06,2.552521387644277,5.083677517132963,0,1,0.29055740336222097,0,1,fold_4
176,sub2,rest1,55,55,0,-1.0717881841038774,0.25506316976526733,0.5,0,-0.5255403518676758,0.37155765295028687,1,5.1708617028681115e-06,2.552521387644277,5.083677517132963,0,1,0.2823070044071671,0,1,fold_4
177,sub2,rest1,56,56,0,-0.7252336253315425,0.3262415457442197,0.5,0,-0.6128577589988708,0.35140758752822876,1,5.1708617028681115e-06,2.552521387644277,5.083677517132963,0,1,0.30994189404186984,0,1,fold_4
178,sub2,rest1,57,57,0,-1.0169788695991402,0.26561629771201417,0.5,0,-0.49478650093078613,0.37876665592193604,1,5.1708617028681115e-06,2.552521387644277,5.083677517132963,0,1,0.3193796672288263,0,1,fold_4
179,sub2,rest1,58,58,0,-0.6723633977373263,0.33796783866937574,0.5,0,-0.5539352297782898,0.3649519085884094,1,5.1708617028681115e-06,2.552521387644277,5.083677517132963,0,1,0.34902585642651807,0,1,fold_4
180,sub2,rest1,59,59,0,-0.5990771079393039,0.35455486530508923,0.5,0,-0.3550533056259155,0.4121575355529785,1,5.1708617028681115e-06,2.552521387644277,5.083677517132963,0,1,0.35455486530508923,0,1,fold_4
181,sub2,rest2,0,60,0,1.048635468872236,0.7405127856767061,0.5,1,-0.5143576860427856,0.37417250871658325,1,5.1708617028681115e-06,2.552521387644277,5.083677517132963,1,1,0.742712846739102,1,1,fold_4
182,sub2,rest2,1,61,0,1.0681595825671468,0.744246761794903,0.5,1,-0.46972501277923584,0.3846813142299652,1,5.1708617028681115e-06,2.552521387644277,5.083677517132963,1,1,0.7523962066056399,1,1,fold_4
183,sub2,rest2,2,62,0,1.0636056825777949,0.743378992745697,0.5,1,-0.5181131958961487,0.37329354882240295,1,5.1708617028681115e-06,2.552521387644277,5.083677517132963,1,1,0.7642941144492411,1,1,fold_4
184,sub2,rest2,3,63,0,1.2058445553570867,0.7695628652763197,0.5,1,-0.47396230697631836,0.3836788237094879,1,5.1708617028681115e-06,2.552521387644277,5.083677517132963,1,1,0.7620204120435594,1,1,fold_4
185,sub2,rest2,4,64,0,1.2653195848932257,0.7799404853257068,0.5,1,-0.4633024334907532,0.38620269298553467,1,5.1708617028681115e-06,2.552521387644277,5.083677517132963,1,1,0.7541203648681626,1,1,fold_4
186,sub2,rest2,5,65,0,1.0281541638139655,0.7365578855286516,0.5,1,-0.45247167348861694,0.38877326250076294,1,5.1708617028681115e-06,2.552521387644277,5.083677517132963,1,1,0.7440268458570403,1,1,fold_4
187,sub2,rest2,6,66,0,1.0766669881493807,0.7458627237501293,0.5,1,-0.4077545404434204,0.3994506895542145,1,5.1708617028681115e-06,2.552521387644277,5.083677517132963,1,1,0.77181252948214,1,1,fold_4
188,sub2,rest2,7,67,0,1.0967993944159042,0.74965992829234,0.5,1,-0.4199833869934082,0.3965207040309906,1,5.1708617028681115e-06,2.552521387644277,5.083677517132963,1,1,0.7995443066789992,1,1,fold_4
189,sub2,rest2,8,68,0,1.515771283989428,0.8199149364039507,0.5,1,-0.35911834239959717,0.4111729860305786,1,5.1708617028681115e-06,2.552521387644277,5.083677517132963,1,1,0.8222026891330295,1,1,fold_4
190,sub2,rest2,9,69,0,1.5789661893096651,0.8290580553407068,0.5,1,-0.43394482135772705,0.3931847810745239,1,5.1708617028681115e-06,2.552521387644277,5.083677517132963,1,1,0.7982481022095248,1,1,fold_4
191,sub2,rest2,10,70,0,1.5004063608696725,0.8176350756544309,0.5,1,-0.37864065170288086,0.40645483136177063,1,5.1708617028681115e-06,2.552521387644277,5.083677517132963,1,1,0.7620793668418827,1,1,fold_4
192,sub2,rest2,11,71,0,1.088245403278558,0.7480511756334365,0.5,1,-0.46629440784454346,0.3854936957359314,1,5.1708617028681115e-06,2.552521387644277,5.083677517132963,1,1,0.718546492281404,1,1,fold_4
193,sub2,rest2,12,72,0,0.9472006074317554,0.7205518492377807,0.5,1,-0.4775020480155945,0.38284218311309814,1,5.1708617028681115e-06,2.552521387644277,5.083677517132963,1,1,0.7287519670265596,1,1,fold_4
194,sub2,rest2,13,73,0,0.786300626674651,0.6870364519729949,0.5,1,-0.41256916522979736,0.3982962369918823,1,5.1708617028681115e-06,2.552521387644277,5.083677517132963,1,1,0.7412536904460274,1,1,fold_4
195,sub2,rest2,14,74,0,1.2579186092167969,0.7786675998689034,0.5,1,-0.47236526012420654,0.38405656814575195,1,5.1708617028681115e-06,2.552521387644277,5.083677517132963,1,1,0.7519167730277583,1,1,fold_4
196,sub2,rest2,15,75,0,1.1420565257813216,0.7580570194961838,0.5,1,-0.38544750213623047,0.4048137068748474,1,5.1708617028681115e-06,2.552521387644277,5.083677517132963,1,1,0.7407077254714697,1,1,fold_4
197,sub2,rest2,16,76,0,0.9396338936999585,0.7190256997181875,0.5,1,-0.19596290588378906,0.45116546750068665,1,5.1708617028681115e-06,2.552521387644277,5.083677517132963,1,1,0.7521128886983653,1,1,fold_4
198,sub2,rest2,17,77,0,1.0723336449867336,0.7450404572000379,0.5,1,-0.3034083843231201,0.4247245192527771,1,5.1708617028681115e-06,2.552521387644277,5.083677517132963,1,1,0.7725088621549755,1,1,fold_4
199,sub2,rest2,18,78,0,1.3386783294331568,0.7922725091768705,0.5,1,-0.38869714736938477,0.4040309488773346,1,5.1708617028681115e-06,2.552521387644277,5.083677517132963,1,1,0.7532689062652299,1,1,fold_4
200,sub2,rest2,19,79,0,1.266911679869288,0.7802136200880183,0.5,1,-0.412799596786499,0.3982410430908203,1,5.1708617028681115e-06,2.552521387644277,5.083677517132963,1,1,0.7062687185540338,1,1,fold_4
201,sub2,rest2,20,80,0,0.7876224168643056,0.6873205895308012,0.5,1,-0.5083914995193481,0.3755706548690796,1,5.1708617028681115e-06,2.552521387644277,5.083677517132963,1,1,0.6322353510000526,1,1,fold_4
202,sub2,rest2,21,81,0,0.6246348874059424,0.6512719460432821,0.5,1,-0.42324650287628174,0.3957401216030121,1,5.1708617028681115e-06,2.552521387644277,5.083677517132963,1,1,0.6237987983001916,1,1,fold_4
203,sub2,rest2,22,82,0,0.23350935560217373,0.5581135174260743,0.5,1,-0.46840184926986694,0.3849945664405823,1,5.1708617028681115e-06,2.552521387644277,5.083677517132963,1,1,0.6276942219285793,1,1,fold_4
204,sub2,rest2,23,83,0,0.6722685150891138,0.6620109314312185,0.5,1,-0.37769484519958496,0.4066829979419708,1,5.1708617028681115e-06,2.552521387644277,5.083677517132963,1,1,0.6616650228490468,1,1,fold_4
205,sub2,rest2,24,84,0,0.6765050589335317,0.6629582169284449,0.5,1,-0.2936103343963623,0.42712023854255676,1,5.1708617028681115e-06,2.552521387644277,5.083677517132963,1,1,0.6544055759892178,1,1,fold_4
206,sub2,rest2,25,85,0,0.6634097284020493,0.6600259201874771,0.5,1,-0.328885555267334,0.41851183772087097,1,5.1708617028681115e-06,2.552521387644277,5.083677517132963,1,1,0.650372255934017,1,1,fold_4
207,sub2,rest2,26,86,0,0.5763737965897342,0.6402325908517312,0.5,1,-0.26861894130706787,0.4332461953163147,1,5.1708617028681115e-06,2.552521387644277,5.083677517132963,1,1,0.6764340356979557,1,1,fold_4
208,sub2,rest2,27,87,0,0.6228139061243809,0.650858256762843,0.5,1,-0.33293282985687256,0.4175272285938263,1,5.1708617028681115e-06,2.552521387644277,5.083677517132963,1,1,0.7254072627692282,1,1,fold_4
209,sub2,rest2,28,88,0,1.0366921984844515,0.7382112594792928,0.5,1,-0.2707641124725342,0.43271952867507935,1,5.1708617028681115e-06,2.552521387644277,5.083677517132963,1,1,0.7631768929716283,1,1,fold_4
210,sub2,rest2,29,89,0,1.3078446961764036,0.7871522720655485,0.5,1,-0.28872132301330566,0.42831695079803467,1,5.1708617028681115e-06,2.552521387644277,5.083677517132963,1,1,0.7675588153897523,1,1,fold_4
211,sub2,rest2,30,90,0,1.1756632419889863,0.7641671473700437,0.5,1,-0.3009333610534668,0.425329327583313,1,5.1708617028681115e-06,2.552521387644277,5.083677517132963,1,1,0.7450088141800001,1,1,fold_4
212,sub2,rest2,31,91,0,1.105862915347081,0.7513570267336651,0.5,1,-0.33179914951324463,0.41780292987823486,1,5.1708617028681115e-06,2.552521387644277,5.083677517132963,1,1,0.7489318189714614,1,1,fold_4
213,sub2,rest2,32,92,0,0.9419940413047063,0.7195022684362912,0.5,1,-0.4393293857574463,0.39190077781677246,1,5.1708617028681115e-06,2.552521387644277,5.083677517132963,1,1,0.736558968618727,1,1,fold_4
214,sub2,rest2,33,93,0,1.2421392475410908,0.7759361617444279,0.5,1,-0.47383493185043335,0.38370898365974426,1,5.1708617028681115e-06,2.552521387644277,5.083677517132963,1,1,0.7523549999087485,1,1,fold_4
215,sub2,rest2,34,94,0,0.9160592741633132,0.7142384756754621,0.5,1,-0.43464988470077515,0.3930165469646454,1,5.1708617028681115e-06,2.552521387644277,5.083677517132963,1,1,0.753209029078708,1,1,fold_4
216,sub2,rest2,35,95,0,1.190834956677779,0.7668903623063559,0.5,1,-0.4235905408859253,0.39565789699554443,1,5.1708617028681115e-06,2.552521387644277,5.083677517132963,1,1,0.7837349846459589,1,1,fold_4
217,sub2,rest2,36,96,0,1.2569362489032936,0.7784982492543061,0.5,1,-0.46111899614334106,0.3867204189300537,1,5.1708617028681115e-06,2.552521387644277,5.083677517132963,1,1,0.7998862967417031,1,1,fold_4
218,sub2,rest2,37,97,0,1.4230514534729695,0.8058163423772148,0.5,1,-0.3780083656311035,0.40660735964775085,1,5.1708617028681115e-06,2.552521387644277,5.083677517132963,1,1,0.8080661186748798,1,1,fold_4
219,sub2,rest2,38,98,0,1.4851174586445492,0.8153442985935881,0.5,1,-0.36057257652282715,0.41082099080085754,1,5.1708617028681115e-06,2.552521387644277,5.083677517132963,1,1,0.8120575927706857,1,1,fold_4
220,sub2,rest2,39,99,0,1.4053894170963899,0.8030377150538365,0.5,1,-0.3908560276031494,0.4035112261772156,1,5.1708617028681115e-06,2.552521387644277,5.083677517132963,1,1,0.8179387301502152,1,1,fold_4
221,sub2,rest2,40,100,0,1.501450843523439,0.8177907646646325,0.5,1,-0.3795166015625,0.4062435030937195,1,5.1708617028681115e-06,2.552521387644277,5.083677517132963,1,1,0.8314765122856561,1,1,fold_4
222,sub2,rest2,41,101,0,1.6069514908960818,0.8329877107321769,0.5,1,-0.31940221786499023,0.4208214581012726,1,5.1708617028681115e-06,2.552521387644277,5.083677517132963,1,1,0.837792088200311,1,1,fold_4
223,sub2,rest2,42,102,0,1.6856486799387804,0.8436510614601591,0.5,1,-0.26838719844818115,0.4333030879497528,1,5.1708617028681115e-06,2.552521387644277,5.083677517132963,1,1,0.8283510511326839,1,1,fold_4
224,sub2,rest2,43,103,0,1.6341510107543293,0.8367374924085972,0.5,1,-0.3191564083099365,0.42088136076927185,1,5.1708617028681115e-06,2.552521387644277,5.083677517132963,1,1,0.8104150184507342,1,1,fold_4
225,sub2,rest2,44,104,0,1.4157074605823774,0.8046645995292953,0.5,1,-0.4441925883293152,0.39074239134788513,1,5.1708617028681115e-06,2.552521387644277,5.083677517132963,1,1,0.7834553515662638,1,1,fold_4
226,sub2,rest2,45,105,0,1.323979100688806,0.7898429634143098,0.5,1,-0.38857483863830566,0.404060423374176,1,5.1708617028681115e-06,2.552521387644277,5.083677517132963,1,1,0.7838224060425029,1,1,fold_4
227,sub2,rest2,46,106,0,1.1301061694319792,0.7558584917551863,0.5,1,-0.4107685089111328,0.3987278640270233,1,5.1708617028681115e-06,2.552521387644277,5.083677517132963,1,1,0.7884621337132653,1,1,fold_4
228,sub2,rest2,47,107,0,1.4227282454259111,0.8057657629580122,0.5,1,-0.4264242649078369,0.3949804902076721,1,5.1708617028681115e-06,2.552521387644277,5.083677517132963,1,1,0.8062385938722391,1,1,fold_4
229,sub2,rest2,48,108,0,1.4099759255049913,0.8037621464265978,0.5,1,-0.4565088748931885,0.38781434297561646,1,5.1708617028681115e-06,2.552521387644277,5.083677517132963,1,1,0.8061549373684415,1,1,fold_4
230,sub2,rest2,49,109,0,1.4447417981070314,0.8091878722321072,0.5,1,-0.382843017578125,0.40544137358665466,1,5.1708617028681115e-06,2.552521387644277,5.083677517132963,1,1,0.7462809664664661,1,1,fold_4
231,sub2,rest2,50,110,0,1.4211254666791717,0.8055147934466197,0.5,1,-0.43534940481185913,0.3928496539592743,1,5.1708617028681115e-06,2.552521387644277,5.083677517132963,1,1,0.6829551142199263,1,1,fold_4
232,sub2,rest2,51,111,0,0.5071589648481508,0.6241402337206717,0.5,1,-0.5860484838485718,0.3575420081615448,1,5.1708617028681115e-06,2.552521387644277,5.083677517132963,1,1,0.6215839772439159,1,1,fold_4
233,sub2,rest2,52,112,0,0.48619776797692793,0.6192103154924875,0.5,1,-0.5355783700942993,0.36921676993370056,1,5.1708617028681115e-06,2.552521387644277,5.083677517132963,1,1,0.6441996014298761,1,1,fold_4
234,sub2,rest2,53,113,0,0.49550063469306094,0.6214013825185883,0.5,1,-0.47690778970718384,0.3829825520515442,1,5.1708617028681115e-06,2.552521387644277,5.083677517132963,1,1,0.6129322105113442,1,1,fold_4
235,sub2,rest2,54,114,0,0.8094256780693091,0.6919871062785523,0.5,1,-0.46725183725357056,0.3852669298648834,1,5.1708617028681115e-06,2.552521387644277,5.083677517132963,1,1,0.5530350631970343,1,1,fold_4
236,sub2,rest2,55,115,0,0.10172018849579542,0.5254081427368916,0.5,1,-0.4205113649368286,0.39639437198638916,1,5.1708617028681115e-06,2.552521387644277,5.083677517132963,1,1,0.47836710422152917,0,0,fold_4
237,sub2,rest2,56,116,0,-0.23422522346422084,0.4417099405756589,0.5,0,-0.32674384117126465,0.41903311014175415,1,5.1708617028681115e-06,2.552521387644277,5.083677517132963,1,0,0.47755015242516946,0,0,fold_4
238,sub2,rest2,57,117,0,-0.12824255206144938,0.46798322935203684,0.5,0,-0.35871052742004395,0.41127175092697144,1,5.1708617028681115e-06,2.552521387644277,5.083677517132963,1,0,0.5117411307777223,1,1,fold_4
239,sub2,rest2,58,118,0,0.0918937609551436,0.5229572873478125,0.5,1,-0.35542845726013184,0.41206663846969604,1,5.1708617028681115e-06,2.552521387644277,5.083677517132963,1,1,0.5371743462048157,1,1,fold_4
240,sub2,rest2,59,119,0,0.17759682795799997,0.5442828756333175,0.5,1,-0.2572166919708252,0.4360480010509491,1,5.1708617028681115e-06,2.552521387644277,5.083677517132963,1,1,0.5442828756333175,1,1,fold_4
361,sub4,rest1,0,0,0,-0.4319757169708197,0.3936546474173482,0.5,0,-0.5339065194129944,0.36960622668266296,1,3.6072166311331415e-06,1.8011114529705274,7.389545693580309,0,1,0.3184974335217132,0,1,fold_4
362,sub4,rest1,1,1,0,-0.792267266827686,0.3116820507058362,0.5,0,-0.7551032900810242,0.31971031427383423,1,3.6072166311331415e-06,1.8011114529705274,7.389545693580309,0,1,0.2692969993574592,0,1,fold_4
363,sub4,rest1,2,2,0,-1.0977825810694437,0.2501556024419554,0.5,0,-0.9176594614982605,0.2854350209236145,1,3.6072166311331415e-06,1.8011114529705274,7.389545693580309,0,1,0.25165065917857415,0,1,fold_4
364,sub4,rest1,3,3,0,-1.1197732545573693,0.24605334492458605,0.5,0,-0.8884491920471191,0.29142996668815613,1,3.6072166311331415e-06,1.8011114529705274,7.389545693580309,0,1,0.26179897918419076,0,1,fold_4
365,sub4,rest1,4,4,0,-1.0525119454023486,0.2587430301691811,0.5,0,-0.8801833987236023,0.293139785528183,1,3.6072166311331415e-06,1.8011114529705274,7.389545693580309,0,1,0.27090520554601993,0,1,fold_4
366,sub4,rest1,5,5,0,-0.9414845772644256,0.28060056245880505,0.5,0,-0.9415635466575623,0.2805846035480499,1,3.6072166311331415e-06,1.8011114529705274,7.389545693580309,0,1,0.2696856759389758,0,1,fold_4
367,sub4,rest1,6,6,0,-0.9775810288178282,0.2733720240100736,0.5,0,-0.9086658954620361,0.2872729003429413,1,3.6072166311331415e-06,1.8011114529705274,7.389545693580309,0,1,0.2508367111637541,0,1,fold_4
368,sub4,rest1,7,7,0,-1.0716762349800895,0.2550844413480486,0.5,0,-0.9028496742248535,0.2884652316570282,1,3.6072166311331415e-06,1.8011114529705274,7.389545693580309,0,1,0.22987020334358507,0,1,fold_4
369,sub4,rest1,8,8,0,-1.2421977447881127,0.22405366813314023,0.5,0,-0.8786197304725647,0.29346388578414917,1,3.6072166311331415e-06,1.8011114529705274,7.389545693580309,0,1,0.22371558529486632,0,1,fold_4
370,sub4,rest1,9,9,0,-1.322079658696206,0.21047250054956637,0.5,0,-0.867865800857544,0.2956985831260681,1,3.6072166311331415e-06,1.8011114529705274,7.389545693580309,0,1,0.2317350799712505,0,1,fold_4
371,sub4,rest1,10,10,0,-1.171297211722745,0.23662058720189239,0.5,0,-0.8607245087623596,0.29718801379203796,1,3.6072166311331415e-06,1.8011114529705274,7.389545693580309,0,1,0.25280845672659275,0,1,fold_4
372,sub4,rest1,11,11,0,-1.1087063039116272,0.24811215216229274,0.5,0,-0.8085613250732422,0.30819714069366455,1,3.6072166311331415e-06,1.8011114529705274,7.389545693580309,0,1,0.26307227408918865,0,1,fold_4
373,sub4,rest1,12,12,0,-0.9759676073883599,0.2736926308155931,0.5,0,-0.6526995897293091,0.34238141775131226,1,3.6072166311331415e-06,1.8011114529705274,7.389545693580309,0,1,0.2724007681878666,0,1,fold_4
374,sub4,rest1,13,13,0,-1.0077927293869027,0.2674120392896801,0.5,0,-0.6690294146537781,0.3387141823768616,1,3.6072166311331415e-06,1.8011114529705274,7.389545693580309,0,1,0.27590886687672,0,1,fold_4
375,sub4,rest1,14,14,0,-0.9639019778673793,0.2760976344583267,0.5,0,-0.8240556120872498,0.30490344762802124,1,3.6072166311331415e-06,1.8011114529705274,7.389545693580309,0,1,0.27641455190894026,0,1,fold_4
376,sub4,rest1,15,15,0,-0.9236393769063868,0.2842169268821533,0.5,0,-0.9391408562660217,0.2810738980770111,1,3.6072166311331415e-06,1.8011114529705274,7.389545693580309,0,1,0.30629217170348627,0,1,fold_4
377,sub4,rest1,16,16,1,-0.8771228817837421,0.29377434306352374,0.5,0,-0.9241526126861572,0.2841125428676605,1,3.6072166311331415e-06,1.8011114529705274,7.389545693580309,0,1,,,,fold_4
378,sub4,rest1,17,17,0,-1.0000626979351397,0.26892909438634083,0.5,0,-0.9415097832679749,0.28059548139572144,1,3.6072166311331415e-06,1.8011114529705274,7.389545693580309,0,1,0.33153076946717147,0,1,fold_4
379,sub4,rest1,18,18,0,-0.5505772461546612,0.36573049384196465,0.5,0,-0.721707284450531,0.3270171284675598,1,3.6072166311331415e-06,1.8011114529705274,7.389545693580309,0,1,0.3550515475194133,0,1,fold_4
380,sub4,rest1,19,19,0,-0.5756561699812737,0.3599327201732089,0.5,0,-0.7006562352180481,0.3316667377948761,1,3.6072166311331415e-06,1.8011114529705274,7.389545693580309,0,1,0.3223966416205594,0,1,fold_4
381,sub4,rest1,20,20,0,-0.665561401718701,0.3394914285430664,0.5,0,-0.5868616104125977,0.3573552966117859,1,3.6072166311331415e-06,1.8011114529705274,7.389545693580309,0,1,0.28818265205223115,0,1,fold_4
382,sub4,rest1,21,21,0,-1.005987811952677,0.26776577614540287,0.5,0,-0.8060564398765564,0.3087314963340759,1,3.6072166311331415e-06,1.8011114529705274,7.389545693580309,0,1,0.26299696901947095,0,1,fold_4
383,sub4,rest1,22,22,0,-1.060097873083211,0.2572907514682242,0.5,0,-0.8152332305908203,0.3067764341831207,1,3.6072166311331415e-06,1.8011114529705274,7.389545693580309,0,1,0.25823325261995655,0,1,fold_4
384,sub4,rest1,23,23,0,-1.0256187635772271,0.26393437944478576,0.5,0,-0.9846926927566528,0.27196165919303894,1,3.6072166311331415e-06,1.8011114529705274,7.389545693580309,0,1,0.25637036944328967,0,1,fold_4
385,sub4,rest1,24,24,1,-1.047152794181874,0.2597722171830081,0.5,0,-0.9837477207183838,0.2721487879753113,1,3.6072166311331415e-06,1.8011114529705274,7.389545693580309,0,1,,,,fold_4
386,sub4,rest1,25,25,0,-1.0801658786737327,0.2534746269468596,0.5,0,-0.9252280592918396,0.2838938236236572,1,3.6072166311331415e-06,1.8011114529705274,7.389545693580309,0,1,0.24601543857247607,0,1,fold_4
387,sub4,rest1,26,26,0,-1.0895549050583897,0.25170210193822345,0.5,0,-0.8668678402900696,0.2959064543247223,1,3.6072166311331415e-06,1.8011114529705274,7.389545693580309,0,1,0.2567029352202263,0,1,fold_4
388,sub4,rest1,27,27,0,-1.1921782334173938,0.2328695868323452,0.5,0,-0.8651305437088013,0.2962685525417328,1,3.6072166311331415e-06,1.8011114529705274,7.389545693580309,0,1,0.25765913356395836,0,1,fold_4
389,sub4,rest1,28,28,0,-0.9171590206925508,0.2855371168901103,0.5,0,-0.786821722984314,0.31285151839256287,1,3.6072166311331415e-06,1.8011114529705274,7.389545693580309,0,1,0.2779883573027399,0,1,fold_4
390,sub4,rest1,29,29,0,-1.0743817129785924,0.2545706969694195,0.5,0,-0.8406203985214233,0.30140411853790283,1,3.6072166311331415e-06,1.8011114529705274,7.389545693580309,0,1,0.2699964401253653,0,1,fold_4
391,sub4,rest1,30,30,0,-0.8767232685277836,0.29385725804868995,0.5,0,-0.8446524143218994,0.30055585503578186,1,3.6072166311331415e-06,1.8011114529705274,7.389545693580309,0,1,0.3190681602986867,0,1,fold_4
392,sub4,rest1,31,31,0,-1.0378690811884757,0.26156136535798635,0.5,0,-0.9832578897476196,0.2722458243370056,1,3.6072166311331415e-06,1.8011114529705274,7.389545693580309,0,1,0.3592741614800337,0,1,fold_4
393,sub4,rest1,32,32,0,-0.39802953381742073,0.4017858574893838,0.5,0,-0.7512109279632568,0.32055747509002686,1,3.6072166311331415e-06,1.8011114529705274,7.389545693580309,0,1,0.40308852551455004,0,1,fold_4
394,sub4,rest1,33,33,1,-0.3737220476015023,0.40764195073977616,0.5,0,-0.6542371511459351,0.34203532338142395,1,3.6072166311331415e-06,1.8011114529705274,7.389545693580309,0,1,,,,fold_4
395,sub4,rest1,34,34,0,-0.3454951436405541,0.41447526159273096,0.5,0,-0.7151480913162231,0.32846230268478394,1,3.6072166311331415e-06,1.8011114529705274,7.389545693580309,0,1,0.3709808658277072,0,1,fold_4
396,sub4,rest1,35,35,0,-0.4347004936570658,0.39300445746153545,0.5,0,-0.8366029262542725,0.3022507131099701,1,3.6072166311331415e-06,1.8011114529705274,7.389545693580309,0,1,0.3331304645919579,0,1,fold_4
397,sub4,rest1,36,36,0,-0.8214173511949134,0.3054628784288552,0.5,0,-0.8733797669410706,0.2945515215396881,1,3.6072166311331415e-06,1.8011114529705274,7.389545693580309,0,1,0.27539697459761464,0,1,fold_4
398,sub4,rest1,37,37,0,-0.8429014467408842,0.300924057885483,0.5,0,-0.8405563831329346,0.30141758918762207,1,3.6072166311331415e-06,1.8011114529705274,7.389545693580309,0,1,0.24550367373975276,0,1,fold_4
399,sub4,rest1,38,38,0,-1.266809003018593,0.21980398747850588,0.5,0,-0.7799451947212219,0.31433168053627014,1,3.6072166311331415e-06,1.8011114529705274,7.389545693580309,0,1,0.2152523923136128,0,1,fold_4
400,sub4,rest1,39,39,0,-1.290412637372551,0.2157829758552694,0.5,0,-0.9114158153533936,0.2867102026939392,1,3.6072166311331415e-06,1.8011114529705274,7.389545693580309,0,1,0.22097374069091233,0,1,fold_4
401,sub4,rest1,40,40,0,-1.3238997185915324,0.21017021360706306,0.5,0,-0.8998129367828369,0.2890889346599579,1,3.6072166311331415e-06,1.8011114529705274,7.389545693580309,0,1,0.22499576374251262,0,1,fold_4
402,sub4,rest1,41,41,1,-1.2396219290102257,0.22450180131497655,0.5,0,-0.9660693407058716,0.27566465735435486,1,3.6072166311331415e-06,1.8011114529705274,7.389545693580309,0,1,,,,fold_4
403,sub4,rest1,42,42,0,-1.1693746788416195,0.23696803261040453,0.5,0,-0.9607614278793335,0.27672576904296875,1,3.6072166311331415e-06,1.8011114529705274,7.389545693580309,0,1,0.22566830184526054,0,1,fold_4
404,sub4,rest1,43,43,0,-1.2204967420701789,0.22784904501007036,0.5,0,-0.9488755464553833,0.27911102771759033,1,3.6072166311331415e-06,1.8011114529705274,7.389545693580309,0,1,0.21775120047423915,0,1,fold_4
405,sub4,rest1,44,44,0,-1.3117878379916064,0.21218782791530683,0.5,0,-0.9224969744682312,0.28444936871528625,1,3.6072166311331415e-06,1.8011114529705274,7.389545693580309,0,1,0.20972864876954636,0,1,fold_4
406,sub4,rest1,45,45,0,-1.305643671768754,0.21321672849734036,0.5,0,-0.8964957594871521,0.2897711396217346,1,3.6072166311331415e-06,1.8011114529705274,7.389545693580309,0,1,0.2049634202925097,0,1,fold_4
407,sub4,rest1,46,46,0,-1.3628259828538842,0.20378138989599193,0.5,0,-0.9319109916687012,0.28253719210624695,1,3.6072166311331415e-06,1.8011114529705274,7.389545693580309,0,1,0.20237458860091553,0,1,fold_4
408,sub4,rest1,47,47,0,-1.3995209371604165,0.1978921424841968,0.5,0,-0.9299880266189575,0.28292712569236755,1,3.6072166311331415e-06,1.8011114529705274,7.389545693580309,0,1,0.21499436028266325,0,1,fold_4
409,sub4,rest1,48,48,0,-1.352571791397628,0.2054502334225579,0.5,0,-0.9023730754852295,0.288563072681427,1,3.6072166311331415e-06,1.8011114529705274,7.389545693580309,0,1,0.23193914960601905,0,1,fold_4
410,sub4,rest1,49,49,0,-1.143705344786846,0.241640704941235,0.5,0,-0.8457567691802979,0.3003237247467041,1,3.6072166311331415e-06,1.8011114529705274,7.389545693580309,0,1,0.23920963087015132,0,1,fold_4
411,sub4,rest1,50,50,0,-1.1054158113975219,0.24872651045426428,0.5,0,-0.864296019077301,0.29644253849983215,1,3.6072166311331415e-06,1.8011114529705274,7.389545693580309,0,1,0.23605302368206268,0,1,fold_4
412,sub4,rest1,51,51,0,-1.2238383530308372,0.22726167721495472,0.5,0,-0.8985130190849304,0.28935614228248596,1,3.6072166311331415e-06,1.8011114529705274,7.389545693580309,0,1,0.2267997419757419,0,1,fold_4
413,sub4,rest1,52,52,0,-1.1960935371782653,0.232170883376969,0.5,0,-0.9283191561698914,0.2832658290863037,1,3.6072166311331415e-06,1.8011114529705274,7.389545693580309,0,1,0.23689225772343692,0,1,fold_4
414,sub4,rest1,53,53,0,-1.2600419820118132,0.22096666533530193,0.5,0,-0.9098262190818787,0.28703540563583374,1,3.6072166311331415e-06,1.8011114529705274,7.389545693580309,0,1,0.2613795419827282,0,1,fold_4
415,sub4,rest1,54,54,0,-1.0587980052330672,0.25753922445803973,0.5,0,-0.8465850353240967,0.30014970898628235,1,3.6072166311331415e-06,1.8011114529705274,7.389545693580309,0,1,0.32581495070228916,0,1,fold_4
416,sub4,rest1,55,55,0,-0.8206168466738769,0.3056327361548431,0.5,0,-0.7934411764144897,0.3114302456378937,1,3.6072166311331415e-06,1.8011114529705274,7.389545693580309,0,1,0.399784243906272,0,1,fold_4
417,sub4,rest1,56,56,0,-0.34632908109469435,0.4142728914939846,0.5,0,-0.5441989898681641,0.36721134185791016,1,3.6072166311331415e-06,1.8011114529705274,7.389545693580309,0,1,0.45772236654465376,0,1,fold_4
418,sub4,rest1,57,57,0,-0.08225793464433029,0.47944710406998836,0.5,0,-0.30888986587524414,0.42338576912879944,1,3.6072166311331415e-06,1.8011114529705274,7.389545693580309,0,1,0.47944710406998836,0,1,fold_4
419,sub4,rest2,0,58,0,0.9037739420839986,0.7117244310342157,0.5,1,-0.2186657190322876,0.4455503523349762,1,3.6072166311331415e-06,1.8011114529705274,7.389545693580309,1,1,0.7380379038725127,1,1,fold_4
420,sub4,rest2,1,59,0,1.0648667400669969,0.7436194866353785,0.5,1,-0.09237527847290039,0.47692254185676575,1,3.6072166311331415e-06,1.8011114529705274,7.389545693580309,1,1,0.7530736119424372,1,1,fold_4
421,sub4,rest2,2,60,0,1.145946740208575,0.7587697939479439,0.5,1,0.001631021499633789,0.5004077553749084,1,3.6072166311331415e-06,1.8011114529705274,7.389545693580309,1,1,0.7550689341546092,1,1,fold_4
422,sub4,rest2,3,61,0,1.1353863209939579,0.7568315552439893,0.5,1,0.035834312438964844,0.5089576244354248,1,3.6072166311331415e-06,1.8011114529705274,7.389545693580309,1,1,0.7397621405417875,1,1,fold_4
423,sub4,rest2,4,62,0,1.096509145060489,0.7496054532718942,0.5,1,0.044588446617126465,0.511145293712616,1,3.6072166311331415e-06,1.8011114529705274,7.389545693580309,1,1,0.7208391788197835,1,1,fold_4
424,sub4,rest2,5,63,0,0.9092634251433543,0.7128494131094791,0.5,1,-0.12845313549041748,0.4679308235645294,1,3.6072166311331415e-06,1.8011114529705274,7.389545693580309,1,1,0.6882025399474566,1,1,fold_4
425,sub4,rest2,6,64,0,0.8475963071451961,0.700062670077977,0.5,1,-0.20782995223999023,0.44822874665260315,1,3.6072166311331415e-06,1.8011114529705274,7.389545693580309,1,1,0.667742940240803,1,1,fold_4
426,sub4,rest2,7,65,0,0.6265004925953092,0.6516955366549142,0.5,1,-0.34680604934692383,0.4141571819782257,1,3.6072166311331415e-06,1.8011114529705274,7.389545693580309,1,1,0.6651631042682091,1,1,fold_4
427,sub4,rest2,8,66,0,0.6255097423364258,0.6514706139895181,0.5,1,-0.3039429187774658,0.42459389567375183,1,3.6072166311331415e-06,1.8011114529705274,7.389545693580309,1,1,0.6726116383984174,1,1,fold_4
428,sub4,rest2,9,67,0,0.8110028395937451,0.6923231621601951,0.5,1,-0.2096801996231079,0.44777119159698486,1,3.6072166311331415e-06,1.8011114529705274,7.389545693580309,1,1,0.706157254782522,1,1,fold_4
429,sub4,rest2,10,68,0,0.7265199661967411,0.674041139045539,0.5,1,-0.12537455558776855,0.46869733929634094,1,3.6072166311331415e-06,1.8011114529705274,7.389545693580309,1,1,0.7219893659990738,1,1,fold_4
430,sub4,rest2,11,69,0,1.109883883719469,0.7521074631418322,0.5,1,-0.0769953727722168,0.4807606637477875,1,3.6072166311331415e-06,1.8011114529705274,7.389545693580309,1,1,0.7566387337301407,1,1,fold_4
431,sub4,rest2,12,70,0,1.045030594839663,0.7398194958098502,0.5,1,-0.14871180057525635,0.4628904461860657,1,3.6072166311331415e-06,1.8011114529705274,7.389545693580309,1,1,0.7562688452654669,1,1,fold_4
432,sub4,rest2,13,71,0,1.253986857543893,0.7779892422387397,0.5,1,-0.04642224311828613,0.4883965253829956,1,3.6072166311331415e-06,1.8011114529705274,7.389545693580309,1,1,0.7644742314101514,1,1,fold_4
433,sub4,rest2,14,72,0,1.1039409785215877,0.7509977977478111,0.5,1,-0.1955411434173584,0.4512699246406555,1,3.6072166311331415e-06,1.8011114529705274,7.389545693580309,1,1,0.7623598178813454,1,1,fold_4
434,sub4,rest2,15,73,0,1.1771537481935406,0.7644356542439034,0.5,1,-0.1825394630432129,0.45449140667915344,1,3.6072166311331415e-06,1.8011114529705274,7.389545693580309,1,1,0.7620765691697905,1,1,fold_4
435,sub4,rest2,16,74,0,1.2176288485660687,0.771646001652322,0.5,1,-0.08123230934143066,0.47970306873321533,1,3.6072166311331415e-06,1.8011114529705274,7.389545693580309,1,1,0.7626085387673734,1,1,fold_4
436,sub4,rest2,17,75,0,1.0994020532138167,0.750148051613146,0.5,1,-0.008768796920776367,0.4978078007698059,1,3.6072166311331415e-06,1.8011114529705274,7.389545693580309,1,1,0.7596520571278784,1,1,fold_4
437,sub4,rest2,18,76,0,1.18603715241246,0.7660315630366525,0.5,1,0.023321986198425293,0.5058302283287048,1,3.6072166311331415e-06,1.8011114529705274,7.389545693580309,1,1,0.7688890023009473,1,1,fold_4
438,sub4,rest2,19,77,0,1.1679626445075426,0.7627765567338368,0.5,1,-0.07700490951538086,0.4807582199573517,1,3.6072166311331415e-06,1.8011114529705274,7.389545693580309,1,1,0.7726485961457445,1,1,fold_4
439,sub4,rest2,20,78,0,1.2532323052355216,0.7778588871323525,0.5,1,-0.029336094856262207,0.4926665127277374,1,3.6072166311331415e-06,1.8011114529705274,7.389545693580309,1,1,0.7746286942037223,1,1,fold_4
440,sub4,rest2,21,79,0,1.2500605620017506,0.7773103445710444,0.5,1,-0.070068359375,0.48249006271362305,1,3.6072166311331415e-06,1.8011114529705274,7.389545693580309,1,1,0.7713315964131424,1,1,fold_4
441,sub4,rest2,22,80,0,1.2010799838754862,0.76871685090777,0.5,1,-0.01883673667907715,0.49529093503952026,1,3.6072166311331415e-06,1.8011114529705274,7.389545693580309,1,1,0.76185117588281,1,1,fold_4
442,sub4,rest2,23,81,0,1.1968704926552058,0.7679675937606126,0.5,1,-0.010413885116577148,0.4973965585231781,1,3.6072166311331415e-06,1.8011114529705274,7.389545693580309,1,1,0.7168234865826987,1,1,fold_4
443,sub4,rest2,24,82,0,1.0925897942530196,0.7488690829800475,0.5,1,-0.1873173713684082,0.4533071219921112,1,3.6072166311331415e-06,1.8011114529705274,7.389545693580309,1,1,0.6756079309099302,1,1,fold_4
444,sub4,rest2,25,83,0,0.5478377322014747,0.6336337830074357,0.5,1,-0.17933297157287598,0.4552864730358124,1,3.6072166311331415e-06,1.8011114529705274,7.389545693580309,1,1,0.6658030899260643,1,1,fold_4
445,sub4,rest2,26,84,0,0.5941680907665685,0.6443209267423076,0.5,1,-0.05792713165283203,0.4855222702026367,1,3.6072166311331415e-06,1.8011114529705274,7.389545693580309,1,1,0.7172501116325916,1,1,fold_4
446,sub4,rest2,27,85,0,0.9417576612276047,0.7194545600284498,0.5,1,-0.11632251739501953,0.4709520936012268,1,3.6072166311331415e-06,1.8011114529705274,7.389545693580309,1,1,0.7655065612743864,1,1,fold_4
447,sub4,rest2,28,86,0,1.3127612621829008,0.7879748481270172,0.5,1,0.04013633728027344,0.5100327134132385,1,3.6072166311331415e-06,1.8011114529705274,7.389545693580309,1,1,0.7844156381598609,1,1,fold_4
448,sub4,rest2,29,87,0,1.3194505369732195,0.7890902756676925,0.5,1,-0.04699206352233887,0.4882541000843048,1,3.6072166311331415e-06,1.8011114529705274,7.389545693580309,1,1,0.776478336256842,1,1,fold_4
449,sub4,rest2,30,88,0,1.2435526022936698,0.776181790684873,0.5,1,-0.04857921600341797,0.4878576099872589,1,3.6072166311331415e-06,1.8011114529705274,7.389545693580309,1,1,0.7752225638174992,1,1,fold_4
450,sub4,rest2,31,89,0,1.1756399092508343,0.7641629424179607,0.5,1,-0.01578545570373535,0.4960537254810333,1,3.6072166311331415e-06,1.8011114529705274,7.389545693580309,1,1,0.7713718166315041,1,1,fold_4
451,sub4,rest2,32,90,0,1.2969602781485108,0.7853229583496639,0.5,1,0.07516694068908691,0.5187828540802002,1,3.6072166311331415e-06,1.8011114529705274,7.389545693580309,1,1,0.7542814952816711,1,1,fold_4
452,sub4,rest2,33,91,0,1.1782308073875625,0.7646295491268877,0.5,1,-0.0828171968460083,0.47930750250816345,1,3.6072166311331415e-06,1.8011114529705274,7.389545693580309,1,1,0.704663918506857,1,1,fold_4
453,sub4,rest2,34,92,0,0.9094713790099145,0.7128919783684619,0.5,1,-0.09723687171936035,0.4757099151611328,1,3.6072166311331415e-06,1.8011114529705274,7.389545693580309,1,1,0.6584507757751834,1,1,fold_4
454,sub4,rest2,35,93,0,0.5600764451306525,0.6364702280252215,0.5,1,-0.22513282299041748,0.4439533054828644,1,3.6072166311331415e-06,1.8011114529705274,7.389545693580309,1,1,0.6387687673366643,1,1,fold_4
455,sub4,rest2,36,94,0,0.5150523780302264,0.625990120931867,0.5,1,-0.3069469928741455,0.4238601624965668,1,3.6072166311331415e-06,1.8011114529705274,7.389545693580309,1,1,0.6335327869334743,1,1,fold_4
456,sub4,rest2,37,95,0,0.6359878795551734,0.6538459530529046,0.5,1,-0.30503106117248535,0.424328088760376,1,3.6072166311331415e-06,1.8011114529705274,7.389545693580309,1,1,0.6639859627064119,1,1,fold_4
457,sub4,rest2,38,96,0,0.49278499765757233,0.620762286815651,0.5,1,-0.37364661693573,0.40766018629074097,1,3.6072166311331415e-06,1.8011114529705274,7.389545693580309,1,1,0.6721205119979529,1,1,fold_4
458,sub4,rest2,39,97,0,0.9313527486087309,0.7173496482506799,0.5,1,-0.13377594947814941,0.4666058421134949,1,3.6072166311331415e-06,1.8011114529705274,7.389545693580309,1,1,0.6942179058471444,1,1,fold_4
459,sub4,rest2,40,98,0,0.745739276359406,0.6782496009275275,0.5,1,-0.303452730178833,0.424713671207428,1,3.6072166311331415e-06,1.8011114529705274,7.389545693580309,1,1,0.6569315393929461,1,1,fold_4
460,sub4,rest2,41,99,0,0.7863844183839528,0.6870544683632257,0.5,1,-0.16002202033996582,0.4600796401500702,1,3.6072166311331415e-06,1.8011114529705274,7.389545693580309,1,1,0.6438587006138838,1,1,fold_4
461,sub4,rest2,42,100,0,0.42839585690842996,0.6054905488880854,0.5,1,-0.19409680366516113,0.45162755250930786,1,3.6072166311331415e-06,1.8011114529705274,7.389545693580309,1,1,0.6460037336535861,1,1,fold_4
462,sub4,rest2,43,101,0,0.571161251148637,0.6390310845903404,0.5,1,-0.198616623878479,0.4505084455013275,1,3.6072166311331415e-06,1.8011114529705274,7.389545693580309,1,1,0.6659789833124021,1,1,fold_4
463,sub4,rest2,44,102,0,0.816484403982392,0.6934895674823325,0.5,1,0.042090535163879395,0.5105210542678833,1,3.6072166311331415e-06,1.8011114529705274,7.389545693580309,1,1,0.6803554893376793,1,1,fold_4
464,sub4,rest2,45,103,0,0.687525777753424,0.6654162978645335,0.5,1,-0.20463502407073975,0.44901904463768005,1,3.6072166311331415e-06,1.8011114529705274,7.389545693580309,1,1,0.6678545511058092,1,1,fold_4
465,sub4,rest2,46,104,0,0.763718902527002,0.6821606026661721,0.5,1,-0.2354811429977417,0.4414002597332001,1,3.6072166311331415e-06,1.8011114529705274,7.389545693580309,1,1,0.6930085719877418,1,1,fold_4
466,sub4,rest2,47,105,0,0.6454604288446508,0.6559867527867217,0.5,1,-0.480973482131958,0.38202229142189026,1,3.6072166311331415e-06,1.8011114529705274,7.389545693580309,1,1,0.7042248402255336,1,1,fold_4
467,sub4,rest2,48,106,0,1.0505388539770342,0.7408783605103314,0.5,1,-0.1702442169189453,0.45754140615463257,1,3.6072166311331415e-06,1.8011114529705274,7.389545693580309,1,1,0.727328655149219,1,1,fold_4
468,sub4,rest2,49,107,0,0.9237688268648744,0.7158094073795473,0.5,1,-0.2400493621826172,0.4402742087841034,1,3.6072166311331415e-06,1.8011114529705274,7.389545693580309,1,1,0.7139787766792994,1,1,fold_4
469,sub4,rest2,50,108,0,0.9708967226943472,0.7252981975577784,0.5,1,-0.1975693702697754,0.4507676661014557,1,3.6072166311331415e-06,1.8011114529705274,7.389545693580309,1,1,0.7268038215646686,1,1,fold_4
470,sub4,rest2,51,109,0,0.8512472926562925,0.7008287251005725,0.5,1,-0.2221660614013672,0.44468578696250916,1,3.6072166311331415e-06,1.8011114529705274,7.389545693580309,1,1,0.7406723184574715,1,1,fold_4
471,sub4,rest2,52,110,0,1.1215954819984582,0.7542845420356549,0.5,1,-0.09245479106903076,0.4769027531147003,1,3.6072166311331415e-06,1.8011114529705274,7.389545693580309,1,1,0.7546516602635763,1,1,fold_4
472,sub4,rest2,53,111,0,1.1909095006709407,0.7669036882361873,0.5,1,-0.010750055313110352,0.4973125159740448,1,3.6072166311331415e-06,1.8011114529705274,7.389545693580309,1,1,0.7326297599622332,1,1,fold_4
473,sub4,rest2,54,112,0,1.0603988072984234,0.7427667505188871,0.5,1,-0.018921852111816406,0.49526965618133545,1,3.6072166311331415e-06,1.8011114529705274,7.389545693580309,1,1,0.7083124165055592,1,1,fold_4
474,sub4,rest2,55,113,0,0.791805342575549,0.6882188411316252,0.5,1,-0.13210034370422363,0.4670228362083435,1,3.6072166311331415e-06,1.8011114529705274,7.389545693580309,1,1,0.6983036398712062,1,1,fold_4
475,sub4,rest2,56,114,0,0.8186592305230127,0.6939516578661653,0.5,1,-0.21269559860229492,0.4470256567001343,1,3.6072166311331415e-06,1.8011114529705274,7.389545693580309,1,1,0.6991145318806072,1,1,fold_4
476,sub4,rest2,57,115,0,0.9087310228998385,0.7127404206158282,0.5,1,-0.11959099769592285,0.4701378345489502,1,3.6072166311331415e-06,1.8011114529705274,7.389545693580309,1,1,0.6865717375241104,1,1,fold_4
477,sub4,rest2,58,116,0,0.803166962238849,0.6906515171598284,0.5,1,0.2622652053833008,0.5651930570602417,1,3.6072166311331415e-06,1.8011114529705274,7.389545693580309,1,1,0.667766022251059,1,1,fold_4
478,sub4,rest2,59,117,0,0.646952001292261,0.6563232747966742,0.5,1,0.6919877529144287,0.6664089560508728,1,3.6072166311331415e-06,1.8011114529705274,7.389545693580309,1,1,0.6563232747966742,1,1,fold_4
719,sub7,rest1,0,0,0,-1.0095565226069945,0.2670666489692059,0.5,0,-0.7865060567855835,0.31291937828063965,1,6.5915271479604115e-06,2.0683241489279327,3.8983413633781536,0,1,0.48671991446935675,0,1,fold_4
720,sub7,rest1,1,1,0,0.46892313066770924,0.6151288442133538,0.5,1,-0.8333895206451416,0.3029288351535797,1,6.5915271479604115e-06,2.0683241489279327,3.8983413633781536,0,0,0.5911274239622787,1,0,fold_4
721,sub7,rest1,2,2,0,0.31442199038530494,0.5779642502255105,0.5,1,-0.7969629168510437,0.31067556142807007,1,6.5915271479604115e-06,2.0683241489279327,3.8983413633781536,0,0,0.5346940605776348,1,0,fold_4
722,sub7,rest1,3,3,0,0.3239606046897426,0.5802891774479716,0.5,1,-0.7760791778564453,0.31516554951667786,1,6.5915271479604115e-06,2.0683241489279327,3.8983413633781536,0,0,0.46980924735401625,0,1,fold_4
723,sub7,rest1,4,4,0,-0.21753882839846017,0.44582875405942224,0.5,0,-0.6671020984649658,0.33914604783058167,1,6.5915271479604115e-06,2.0683241489279327,3.8983413633781536,0,1,0.35133245710690114,0,1,fold_4
724,sub7,rest1,5,5,0,-0.47552320668737524,0.3833098105546549,0.5,0,-0.8014270067214966,0.30972036719322205,1,6.5915271479604115e-06,2.0683241489279327,3.8983413633781536,0,1,0.28503574826619693,0,1,fold_4
725,sub7,rest1,6,6,0,-1.2375725181749704,0.22485880670662617,0.5,0,-0.7133863568305969,0.32885101437568665,1,6.5915271479604115e-06,2.0683241489279327,3.8983413633781536,0,1,0.21662896797760145,0,1,fold_4
726,sub7,rest1,7,7,0,-1.1150068941681943,0.24693862753730972,0.5,0,-0.7543095350265503,0.31988298892974854,1,6.5915271479604115e-06,2.0683241489279327,3.8983413633781536,0,1,0.19084550633378736,0,1,fold_4
727,sub7,rest1,8,8,0,-1.5293454825154444,0.17808946968886843,0.5,0,-0.8252897262573242,0.3046419620513916,1,6.5915271479604115e-06,2.0683241489279327,3.8983413633781536,0,1,0.1484900467576402,0,1,fold_4
728,sub7,rest1,9,9,0,-1.7542780592628802,0.14750842177518392,0.5,0,-0.8330180644989014,0.3030073046684265,1,6.5915271479604115e-06,2.0683241489279327,3.8983413633781536,0,1,0.14991102519144797,0,1,fold_4
729,sub7,rest1,10,10,0,-1.9936404863032497,0.11987224880886813,0.5,0,-0.7128065228462219,0.3289790153503418,1,6.5915271479604115e-06,2.0683241489279327,3.8983413633781536,0,1,0.24370291355221405,0,1,fold_4
730,sub7,rest1,11,11,0,-1.5004903247927406,0.18235240499029196,0.5,0,-0.7932394742965698,0.3114735186100006,1,6.5915271479604115e-06,2.0683241489279327,3.8983413633781536,0,1,0.4468909825659411,0,1,fold_4
731,sub7,rest1,12,12,0,-0.28640550069015,0.4288840868574821,0.5,0,-0.8540955781936646,0.29857441782951355,1,6.5915271479604115e-06,2.0683241489279327,3.8983413633781536,0,1,0.6283808784886755,1,0,fold_4
732,sub7,rest1,13,13,0,0.9917652733493232,0.7294364558500493,0.5,1,-0.7597667574882507,0.31869691610336304,1,6.5915271479604115e-06,2.0683241489279327,3.8983413633781536,0,0,0.6263018732039696,1,0,fold_4
733,sub7,rest1,14,14,0,0.9785584755468038,0.7268220927584951,0.5,1,-0.6130996346473694,0.3513524532318115,1,6.5915271479604115e-06,2.0683241489279327,3.8983413633781536,0,0,0.46572690941517075,0,1,fold_4
734,sub7,rest1,15,15,0,-0.3119162582834604,0.42264707100336424,0.5,0,-0.7201112508773804,0.32736849784851074,1,6.5915271479604115e-06,2.0683241489279327,3.8983413633781536,0,1,0.3661273411603532,0,1,fold_4
735,sub7,rest1,16,16,0,-1.1108547854130828,0.24771156448365292,0.5,0,-0.7882404923439026,0.31254658102989197,1,6.5915271479604115e-06,2.0683241489279327,3.8983413633781536,0,1,0.4612263380013644,0,1,fold_4
736,sub7,rest1,17,17,1,-1.0980321586612336,0.25010879015134596,0.5,0,-0.810207188129425,0.307846337556839,1,6.5915271479604115e-06,2.0683241489279327,3.8983413633781536,0,1,,,,fold_4
737,sub7,rest1,18,18,0,-0.28992026350766803,0.4280233879940426,0.5,0,-0.9202121496200562,0.28491467237472534,1,6.5915271479604115e-06,2.0683241489279327,3.8983413633781536,0,1,0.6429629801649784,1,0,fold_4
738,sub7,rest1,19,19,0,0.8854197273926804,0.7079440615263978,0.5,1,-0.7458987236022949,0.3217156231403351,1,6.5915271479604115e-06,2.0683241489279327,3.8983413633781536,0,0,0.7801821582220115,1,0,fold_4
739,sub7,rest1,20,20,0,1.3426262221644916,0.7929214909744948,0.5,1,-0.6849303245544434,0.33516180515289307,1,6.5915271479604115e-06,2.0683241489279327,3.8983413633781536,0,0,0.8043559810497628,1,0,fold_4
740,sub7,rest1,21,21,0,1.655855899257157,0.8396809221651421,0.5,1,-0.747004508972168,0.3214743435382843,1,6.5915271479604115e-06,2.0683241489279327,3.8983413633781536,0,0,0.7763336791253149,1,0,fold_4
741,sub7,rest1,22,22,0,1.26838131612881,0.7804655300096514,0.5,1,-0.7597532272338867,0.3186998665332794,1,6.5915271479604115e-06,2.0683241489279327,3.8983413633781536,0,0,0.6339557472100121,1,0,fold_4
742,sub7,rest1,23,23,0,0.889827557477709,0.7088545852011512,0.5,1,-0.8068781495094299,0.30855613946914673,1,6.5915271479604115e-06,2.0683241489279327,3.8983413633781536,0,0,0.49850597952947434,0,1,fold_4
743,sub7,rest1,24,24,0,-0.3534455825052464,0.4125471264192339,0.5,0,-0.9291406273841858,0.28309911489486694,1,6.5915271479604115e-06,2.0683241489279327,3.8983413633781536,0,1,0.4178287543363606,0,1,fold_4
744,sub7,rest1,25,25,1,-0.632794059171452,0.34687726360080984,0.5,0,-0.9844023585319519,0.2720191180706024,1,6.5915271479604115e-06,2.0683241489279327,3.8983413633781536,0,1,,,,fold_4
745,sub7,rest1,26,26,0,-0.5145981713482938,0.3741162269680377,0.5,0,-0.8819082975387573,0.2927824854850769,1,6.5915271479604115e-06,2.0683241489279327,3.8983413633781536,0,1,0.36882761518721524,0,1,fold_4
746,sub7,rest1,27,27,0,-0.1329036438664541,0.4668229096218102,0.5,0,-0.8939478397369385,0.29029580950737,1,6.5915271479604115e-06,2.0683241489279327,3.8983413633781536,0,1,0.32411672196210034,0,1,fold_4
747,sub7,rest1,28,28,0,-1.0173510293446355,0.2655437089717977,0.5,0,-0.7755308151245117,0.3152838945388794,1,6.5915271479604115e-06,2.0683241489279327,3.8983413633781536,0,1,0.28364192915812864,0,1,fold_4
748,sub7,rest1,29,29,0,-1.1527697133001253,0.23998354729269303,0.5,0,-0.8113970756530762,0.30759286880493164,1,6.5915271479604115e-06,2.0683241489279327,3.8983413633781536,0,1,0.4253821285287871,0,1,fold_4
749,sub7,rest1,30,30,0,-0.6393276925911915,0.3453985312098953,0.5,0,-0.8561569452285767,0.2981428802013397,1,6.5915271479604115e-06,2.0683241489279327,3.8983413633781536,0,1,0.4602236131020483,0,1,fold_4
750,sub7,rest1,31,31,0,0.8036949295888993,0.690764307083773,0.5,1,-0.8243883848190308,0.30483293533325195,1,6.5915271479604115e-06,2.0683241489279327,3.8983413633781536,0,0,0.4073521879790151,0,1,fold_4
751,sub7,rest1,32,32,0,-0.6432687819766215,0.3445080010124766,0.5,0,-1.0201185941696167,0.26500430703163147,1,6.5915271479604115e-06,2.0683241489279327,3.8983413633781536,0,1,0.27329034472956004,0,1,fold_4
752,sub7,rest1,33,33,0,-1.4710422035782895,0.18678425584079572,0.5,0,-0.9407520294189453,0.2807484567165375,1,6.5915271479604115e-06,2.0683241489279327,3.8983413633781536,0,1,0.2766706589084418,0,1,fold_4
753,sub7,rest1,34,34,1,-1.6913076911519465,0.155603943418252,0.5,0,-0.8744978904724121,0.2943192422389984,1,6.5915271479604115e-06,2.0683241489279327,3.8983413633781536,0,1,,,,fold_4
754,sub7,rest1,35,35,0,-0.9022965842926387,0.2885787773354079,0.5,0,-0.8221245408058167,0.305312842130661,1,6.5915271479604115e-06,2.0683241489279327,3.8983413633781536,0,1,0.39624663526736886,0,1,fold_4
755,sub7,rest1,36,36,0,-0.598666033511097,0.3546489435491217,0.5,0,-0.7774068117141724,0.31487902998924255,1,6.5915271479604115e-06,2.0683241489279327,3.8983413633781536,0,1,0.5047720374805316,1,0,fold_4
756,sub7,rest1,37,37,0,0.1825540384192502,0.5455121849175769,0.5,1,-0.7607685327529907,0.31847941875457764,1,6.5915271479604115e-06,2.0683241489279327,3.8983413633781536,0,0,0.623642109469884,1,0,fold_4
757,sub7,rest1,38,38,0,0.4648115372439653,0.614154983974896,0.5,1,-0.7217162251472473,0.3270151615142822,1,6.5915271479604115e-06,2.0683241489279327,3.8983413633781536,0,0,0.7098933971860584,1,0,fold_4
758,sub7,rest1,39,39,0,0.9015073233521491,0.7112591595171789,0.5,1,-0.7513531446456909,0.32052651047706604,1,6.5915271479604115e-06,2.0683241489279327,3.8983413633781536,0,0,0.746114554989535,1,0,fold_4
759,sub7,rest1,40,40,0,1.4131737709442083,0.8042660480660999,0.5,1,-0.7936827540397644,0.31137844920158386,1,6.5915271479604115e-06,2.0683241489279327,3.8983413633781536,0,0,0.6463420588110915,1,0,fold_4
760,sub7,rest1,41,41,0,0.9584854143282457,0.7228184573853265,0.5,1,-0.858574628829956,0.2976372539997101,1,6.5915271479604115e-06,2.0683241489279327,3.8983413633781536,0,0,0.5315270875100379,1,0,fold_4
761,sub7,rest1,42,42,1,0.6963285764393559,0.667373268269544,0.5,0,-0.8801411986351013,0.2931485176086426,1,6.5915271479604115e-06,2.0683241489279327,3.8983413633781536,0,1,,,,fold_4
762,sub7,rest1,43,43,0,-0.3559443779491694,0.4119416709818482,0.5,0,-0.8521502017974854,0.29898199439048767,1,6.5915271479604115e-06,2.0683241489279327,3.8983413633781536,0,1,0.47136358163813785,0,1,fold_4
763,sub7,rest1,44,44,0,-0.16106274265484377,0.45982113416293885,0.5,0,-0.7027173042297363,0.33121001720428467,1,6.5915271479604115e-06,2.0683241489279327,3.8983413633781536,0,1,0.576287466280374,1,0,fold_4
764,sub7,rest1,45,45,0,0.16971797144574877,0.5423279397696266,0.5,1,-0.7927247285842896,0.31158390641212463,1,6.5915271479604115e-06,2.0683241489279327,3.8983413633781536,0,0,0.6452337954650775,1,0,fold_4
765,sub7,rest1,46,46,0,0.9780107375093269,0.7267133249085566,0.5,1,-0.6229133605957031,0.3491191267967224,1,6.5915271479604115e-06,2.0683241489279327,3.8983413633781536,0,0,0.5875344442473093,1,0,fold_4
766,sub7,rest1,47,47,0,0.6931177284312389,0.6666601217170497,0.5,1,-0.6211986541748047,0.3495089113712311,1,6.5915271479604115e-06,2.0683241489279327,3.8983413633781536,0,0,0.44109850426275204,0,1,fold_4
767,sub7,rest1,48,48,0,-0.5355220281860283,0.36922988611632157,0.5,0,-0.6816588640213013,0.3358911871910095,1,6.5915271479604115e-06,2.0683241489279327,3.8983413633781536,0,1,0.32559434759373357,0,1,fold_4
768,sub7,rest1,49,49,0,-0.9080184001806367,0.28740550495488487,0.5,0,-0.7114793658256531,0.32927206158638,1,6.5915271479604115e-06,2.0683241489279327,3.8983413633781536,0,1,0.4103516390126895,0,1,fold_4
769,sub7,rest1,50,50,0,-0.7530933387554162,0.32014765170999443,0.5,0,-0.8440219759941101,0.30068838596343994,1,6.5915271479604115e-06,2.0683241489279327,3.8983413633781536,0,1,0.542191711573408,1,0,fold_4
770,sub7,rest1,51,51,0,0.5044382168862873,0.6235017603731893,0.5,1,-0.8482548594474792,0.2997990846633911,1,6.5915271479604115e-06,2.0683241489279327,3.8983413633781536,0,0,0.6781730442864967,1,0,fold_4
771,sub7,rest1,52,52,0,0.7672500421493913,0.6829257226370401,0.5,1,-0.8168115615844727,0.30644088983535767,1,6.5915271479604115e-06,2.0683241489279327,3.8983413633781536,0,0,0.737762046785143,1,0,fold_4
772,sub7,rest1,53,53,0,0.9849618713819046,0.7280916498492608,0.5,1,-0.8589171171188354,0.29756563901901245,1,6.5915271479604115e-06,2.0683241489279327,3.8983413633781536,0,0,0.7803538203254815,1,0,fold_4
773,sub7,rest1,54,54,0,1.4005349786631505,0.8022687678691283,0.5,1,-0.8121095299720764,0.3074411451816559,1,6.5915271479604115e-06,2.0683241489279327,3.8983413633781536,0,0,0.7839840393764742,1,0,fold_4
774,sub7,rest1,55,55,0,1.4545718117896018,0.810701043258055,0.5,1,-0.8237494230270386,0.30496832728385925,1,6.5915271479604115e-06,2.0683241489279327,3.8983413633781536,0,0,0.7361117555133959,1,0,fold_4
775,sub7,rest1,56,56,0,1.040685784562805,0.7389823070022393,0.5,1,-0.9103233814239502,0.28693366050720215,1,6.5915271479604115e-06,2.0683241489279327,3.8983413633781536,0,0,0.6831475998893103,1,0,fold_4
776,sub7,rest1,57,57,0,0.657292465055649,0.6586519162798932,0.5,1,-0.8449748158454895,0.30048805475234985,1,6.5915271479604115e-06,2.0683241489279327,3.8983413633781536,0,0,0.6623066122025391,1,0,fold_4
777,sub7,rest1,58,58,0,0.6269985279195335,0.6518085763857985,0.5,1,-0.6967878937721252,0.33252477645874023,1,6.5915271479604115e-06,2.0683241489279327,3.8983413633781536,0,0,0.6682424214232164,1,0,fold_4
778,sub7,rest1,59,59,0,0.7375475665090894,0.6764593439419254,0.5,1,-0.4375009536743164,0.39233657717704773,1,6.5915271479604115e-06,2.0683241489279327,3.8983413633781536,0,0,0.6764593439419254,1,0,fold_4
779,sub7,rest2,0,60,0,-0.16107956263166295,0.4598169563247402,0.5,0,-0.7804272174835205,0.314227819442749,1,6.5915271479604115e-06,2.0683241489279327,3.8983413633781536,1,0,0.4474369681276247,0,0,fold_4
780,sub7,rest2,1,61,0,0.21861911366961104,0.5544381314912288,0.5,1,-0.6586107015609741,0.34105178713798523,1,6.5915271479604115e-06,2.0683241489279327,3.8983413633781536,1,1,0.38364488255127166,0,0,fold_4
781,sub7,rest2,2,62,0,-0.7169915103394989,0.32805581656690497,0.5,0,-0.6627910137176514,0.34011292457580566,1,6.5915271479604115e-06,2.0683241489279327,3.8983413633781536,1,0,0.29988866635233835,0,0,fold_4
782,sub7,rest2,3,63,0,-1.002548252589753,0.26844069959568123,0.5,0,-0.7350462079048157,0.32408833503723145,1,6.5915271479604115e-06,2.0683241489279327,3.8983413633781536,1,0,0.43937731650006384,0,0,fold_4
783,sub7,rest2,4,64,0,-0.8322502220366865,0.30316948289442897,0.5,0,-0.7855643033981323,0.3131219148635864,1,6.5915271479604115e-06,2.0683241489279327,3.8983413633781536,1,0,0.6276422150479527,1,1,fold_4
784,sub7,rest2,5,65,0,1.080146821881363,0.7465217670100812,0.5,1,-0.7510492205619812,0.3205927312374115,1,6.5915271479604115e-06,2.0683241489279327,3.8983413633781536,1,1,0.7842458256375026,1,1,fold_4
785,sub7,rest2,6,66,0,1.6087329238367756,0.833235395239348,0.5,1,-0.7043466567993164,0.33084923028945923,1,6.5915271479604115e-06,2.0683241489279327,3.8983413633781536,1,1,0.7710002291647321,1,1,fold_4
786,sub7,rest2,7,67,0,1.2252168488419177,0.7729803146630781,0.5,1,-0.6977658867835999,0.33230775594711304,1,6.5915271479604115e-06,2.0683241489279327,3.8983413633781536,1,1,0.7222447709545378,1,1,fold_4
787,sub7,rest2,8,68,0,0.8798202813606124,0.7067849775917705,0.5,1,-0.6763962507247925,0.337066113948822,1,6.5915271479604115e-06,2.0683241489279327,3.8983413633781536,1,1,0.721028429938429,1,1,fold_4
788,sub7,rest2,9,69,0,0.7859870361442199,0.6869690206087643,0.5,1,-0.6893312931060791,0.33418184518814087,1,6.5915271479604115e-06,2.0683241489279327,3.8983413633781536,1,1,0.7263734788508803,1,1,fold_4
789,sub7,rest2,10,70,0,1.2045391667845355,0.7693312916147522,0.5,1,-0.6392306089401245,0.3454204797744751,1,6.5915271479604115e-06,2.0683241489279327,3.8983413633781536,1,1,0.716069046952363,1,1,fold_4
790,sub7,rest2,11,71,0,0.9584937344220229,0.7228201243291242,0.5,1,-0.7704950571060181,0.3163720369338989,1,6.5915271479604115e-06,2.0683241489279327,3.8983413633781536,1,1,0.6816895311583346,1,1,fold_4
791,sub7,rest2,12,72,0,0.6457660786257262,0.6560557249132123,0.5,1,-0.7879117727279663,0.3126172125339508,1,6.5915271479604115e-06,2.0683241489279327,3.8983413633781536,1,1,0.6519573431353078,1,1,fold_4
792,sub7,rest2,13,73,0,0.6910152865635056,0.6661927442326674,0.5,1,-0.8533377647399902,0.2987331449985504,1,6.5915271479604115e-06,2.0683241489279327,3.8983413633781536,1,1,0.6342123240266327,1,1,fold_4
793,sub7,rest2,14,74,0,0.5477936958499963,0.633623560260044,0.5,1,-0.8110764026641846,0.30766117572784424,1,6.5915271479604115e-06,2.0683241489279327,3.8983413633781536,1,1,0.623304236106235,1,1,fold_4
794,sub7,rest2,15,75,0,0.41723185452513306,0.602820667587187,0.5,1,-0.6090322732925415,0.35227999091148376,1,6.5915271479604115e-06,2.0683241489279327,3.8983413633781536,1,1,0.6586679583059459,1,1,fold_4
795,sub7,rest2,16,76,0,0.5471257248692001,0.6334684804714739,0.5,1,-0.7814825773239136,0.3140004575252533,1,6.5915271479604115e-06,2.0683241489279327,3.8983413633781536,1,1,0.7053878079807093,1,1,fold_4
796,sub7,rest2,17,77,0,1.04448637371349,0.7397147268591767,0.5,1,-0.7945871353149414,0.3111845552921295,1,6.5915271479604115e-06,2.0683241489279327,3.8983413633781536,1,1,0.7713424963735377,1,1,fold_4
797,sub7,rest2,18,78,0,1.0615163579011664,0.7429802166114775,0.5,1,-0.7803490161895752,0.31424465775489807,1,6.5915271479604115e-06,2.0683241489279327,3.8983413633781536,1,1,0.7919973651407842,1,1,fold_4
798,sub7,rest2,19,79,0,1.5951008394094042,0.8313325456499588,0.5,1,-0.7504221200942993,0.3207293450832367,1,6.5915271479604115e-06,2.0683241489279327,3.8983413633781536,1,1,0.8261657254650503,1,1,fold_4
799,sub7,rest2,20,80,0,1.3968234437864635,0.8016793331609167,0.5,1,-0.7242729067802429,0.32645276188850403,1,6.5915271479604115e-06,2.0683241489279327,3.8983413633781536,1,1,0.8374133535448056,1,1,fold_4
800,sub7,rest2,21,81,0,1.6996215260911753,0.8454852975842754,0.5,1,-0.6736290454864502,0.3376847207546234,1,6.5915271479604115e-06,2.0683241489279327,3.8983413633781536,1,1,0.8658894088126429,1,1,fold_4
801,sub7,rest2,22,82,0,1.858100822949136,0.8650754298892248,0.5,1,-0.6517869234085083,0.3425869643688202,1,6.5915271479604115e-06,2.0683241489279327,3.8983413633781536,1,1,0.8553703295669738,1,1,fold_4
802,sub7,rest2,23,83,0,2.0615301211855033,0.8871074989644283,0.5,1,-0.6796423196792603,0.33634114265441895,1,6.5915271479604115e-06,2.0683241489279327,3.8983413633781536,1,1,0.8200077941801847,1,1,fold_4
803,sub7,rest2,24,84,0,1.4757386095812022,0.8139280598472681,0.5,1,-0.7280073165893555,0.32563215494155884,1,6.5915271479604115e-06,2.0683241489279327,3.8983413633781536,1,1,0.7573074308135516,1,1,fold_4
804,sub7,rest2,25,85,0,1.1471382785879591,0.7589878237288573,0.5,1,-0.7759283781051636,0.3151980936527252,1,6.5915271479604115e-06,2.0683241489279327,3.8983413633781536,1,1,0.727910458245554,1,1,fold_4
805,sub7,rest2,26,86,0,0.8425709381970972,0.6990064088645294,0.5,1,-0.8498777151107788,0.29945850372314453,1,6.5915271479604115e-06,2.0683241489279327,3.8983413633781536,1,1,0.6449281272089059,1,1,fold_4
806,sub7,rest2,27,87,0,0.9731009043369464,0.7257371421432752,0.5,1,-0.7387046813964844,0.3232874572277069,1,6.5915271479604115e-06,2.0683241489279327,3.8983413633781536,1,1,0.5516106928036849,1,1,fold_4
807,sub7,rest2,28,88,0,0.04016872271180377,0.5100408306189131,0.5,1,-0.6082430481910706,0.3524600863456726,1,6.5915271479604115e-06,2.0683241489279327,3.8983413633781536,1,1,0.39346380319125646,0,0,fold_4
808,sub7,rest2,29,89,0,-0.3266575854620167,0.41905410564886636,0.5,0,-0.7249060273170471,0.3263135254383087,1,6.5915271479604115e-06,2.0683241489279327,3.8983413633781536,1,0,0.3369307260111902,0,0,fold_4
809,sub7,rest2,30,90,0,-1.0917096689981676,0.25129647330598975,0.5,0,-0.5192314386367798,0.37303197383880615,1,6.5915271479604115e-06,2.0683241489279327,3.8983413633781536,1,0,0.35556885014293965,0,0,fold_4
810,sub7,rest2,31,91,0,-0.6613269258751564,0.34044159907871446,0.5,0,-0.7157372236251831,0.3283323645591736,1,6.5915271479604115e-06,2.0683241489279327,3.8983413633781536,1,0,0.5411771005956891,1,1,fold_4
811,sub7,rest2,32,92,0,-0.1002098627897244,0.4749684780441147,0.5,0,-0.5886059999465942,0.35695475339889526,1,6.5915271479604115e-06,2.0683241489279327,3.8983413633781536,1,0,0.7008107832618218,1,1,fold_4
812,sub7,rest2,33,93,0,1.437848283627798,0.8081212246642382,0.5,1,-0.6663342714309692,0.3393181264400482,1,6.5915271479604115e-06,2.0683241489279327,3.8983413633781536,1,1,0.80910875862061,1,1,fold_4
813,sub7,rest2,34,94,0,1.5119002095038814,0.8193426470771125,0.5,1,-0.6655542850494385,0.3394930362701416,1,6.5915271479604115e-06,2.0683241489279327,3.8983413633781536,1,1,0.7953683246078945,1,1,fold_4
814,sub7,rest2,35,95,0,1.3854346086294151,0.7998624041204795,0.5,1,-0.7075693607330322,0.33013615012168884,1,6.5915271479604115e-06,2.0683241489279327,3.8983413633781536,1,1,0.7531456533448327,1,1,fold_4
815,sub7,rest2,36,96,0,1.19088843590297,0.7668999226260916,0.5,1,-0.8293900489807129,0.30377405881881714,1,6.5915271479604115e-06,2.0683241489279327,3.8983413633781536,1,1,0.7247860711245698,1,1,fold_4
816,sub7,rest2,37,97,0,0.8126533715117069,0.6926746332879271,0.5,1,-0.8441844582557678,0.30065423250198364,1,6.5915271479604115e-06,2.0683241489279327,3.8983413633781536,1,1,0.7398262947180761,1,1,fold_4
817,sub7,rest2,38,98,0,0.918731930995718,0.714783657459691,0.5,1,-0.8223768472671509,0.3052593767642975,1,6.5915271479604115e-06,2.0683241489279327,3.8983413633781536,1,1,0.7906129684120174,1,1,fold_4
818,sub7,rest2,39,99,0,1.4631932837450674,0.8120205934066104,0.5,1,-0.8250858187675476,0.30468514561653137,1,6.5915271479604115e-06,2.0683241489279327,3.8983413633781536,1,1,0.827239750545222,1,1,fold_4
819,sub7,rest2,40,100,0,1.6961761222614642,0.8450346543697508,0.5,1,-0.7479680776596069,0.32126420736312866,1,6.5915271479604115e-06,2.0683241489279327,3.8983413633781536,1,1,0.7985511164944027,1,1,fold_4
820,sub7,rest2,41,101,0,1.5482719242606904,0.8246640038593049,0.5,1,-0.8270454406738281,0.3042701482772827,1,6.5915271479604115e-06,2.0683241489279327,3.8983413633781536,1,1,0.643542907633832,1,1,fold_4
821,sub7,rest2,42,102,0,0.9741941510325984,0.7259546912541524,0.5,1,-0.849411129951477,0.2995564043521881,1,6.5915271479604115e-06,2.0683241489279327,3.8983413633781536,1,1,0.45758337391540077,0,0,fold_4
822,sub7,rest2,43,103,0,-0.48950566276852125,0.38001002778803894,0.5,0,-0.9852067232131958,0.27185988426208496,1,6.5915271479604115e-06,2.0683241489279327,3.8983413633781536,1,0,0.2942627496668286,0,0,fold_4
823,sub7,rest2,44,104,0,-1.0109938247498338,0.26678540270401097,0.5,0,-0.7268145084381104,0.32589414715766907,1,6.5915271479604115e-06,2.0683241489279327,3.8983413633781536,1,0,0.2527809074544054,0,0,fold_4
824,sub7,rest2,45,105,0,-1.1747758144668041,0.23599281850843584,0.5,0,-0.6557806730270386,0.34168803691864014,1,6.5915271479604115e-06,2.0683241489279327,3.8983413633781536,1,0,0.28667067365327153,0,0,fold_4
825,sub7,rest2,46,106,0,-1.0691513830280674,0.2555645011507695,0.5,0,-0.5829859972000122,0.3582458198070526,1,6.5915271479604115e-06,2.0683241489279327,3.8983413633781536,1,0,0.30878033276046046,0,0,fold_4
826,sub7,rest2,47,107,0,-0.5388518943229851,0.3684547013006092,0.5,0,-0.5018903017044067,0.377096563577652,1,6.5915271479604115e-06,2.0683241489279327,3.8983413633781536,1,0,0.31407518987456357,0,0,fold_4
827,sub7,rest2,48,108,0,-0.8362659717266643,0.30232179583000274,0.5,0,-0.5515767335891724,0.3654986619949341,1,6.5915271479604115e-06,2.0683241489279327,3.8983413633781536,1,0,0.31556424091920215,0,0,fold_4
828,sub7,rest2,49,109,0,-0.9872829870605994,0.27144907249307887,0.5,0,-0.719126284122467,0.3275853991508484,1,6.5915271479604115e-06,2.0683241489279327,3.8983413633781536,1,0,0.3502597301190928,0,0,fold_4
829,sub7,rest2,50,110,0,-0.5197022747854593,0.3729218544345249,0.5,0,-0.8660461902618408,0.296077698469162,1,6.5915271479604115e-06,2.0683241489279327,3.8983413633781536,1,0,0.4732046382333925,0,0,fold_4
830,sub7,rest2,51,111,0,-0.3788335415843169,0.4064082634296746,0.5,0,-0.605137825012207,0.3531690835952759,1,6.5915271479604115e-06,2.0683241489279327,3.8983413633781536,1,0,0.5270921311150657,1,1,fold_4
831,sub7,rest2,52,112,0,0.5765961146081927,0.6402837968359779,0.5,1,-0.5605098605155945,0.3634294867515564,1,6.5915271479604115e-06,2.0683241489279327,3.8983413633781536,1,1,0.6654908882622618,1,1,fold_4
832,sub7,rest2,53,113,0,0.1385585837550575,0.5345843330795444,0.5,1,-0.7348065376281738,0.32414084672927856,1,6.5915271479604115e-06,2.0683241489279327,3.8983413633781536,1,1,0.73225269333236,1,1,fold_4
833,sub7,rest2,54,114,0,1.527256378019193,0.8216045348712628,0.5,1,-0.6745964884757996,0.33746838569641113,1,6.5915271479604115e-06,2.0683241489279327,3.8983413633781536,1,1,0.8436364087972423,1,1,fold_4
834,sub7,rest2,55,115,0,1.6624693990110786,0.8405692120462728,0.5,1,-0.7001407146453857,0.3317810297012329,1,6.5915271479604115e-06,2.0683241489279327,3.8983413633781536,1,1,0.8471383763872576,1,1,fold_4
835,sub7,rest2,56,116,0,1.8898241545350163,0.8687354794741916,0.5,1,-0.5833589434623718,0.3581600785255432,1,6.5915271479604115e-06,2.0683241489279327,3.8983413633781536,1,1,0.8212585569630931,1,1,fold_4
836,sub7,rest2,57,117,0,1.600658773231667,0.8321104376413088,0.5,1,-0.4996179938316345,0.37763044238090515,1,6.5915271479604115e-06,2.0683241489279327,3.8983413633781536,1,1,0.7637734402081519,1,1,fold_4
837,sub7,rest2,58,118,0,1.1688094664218125,0.762929753773779,0.5,1,-0.3968846797943115,0.4020610451698303,1,6.5915271479604115e-06,2.0683241489279327,3.8983413633781536,1,1,0.7184966707308383,1,1,fold_4
838,sub7,rest2,59,119,0,0.8296462649331899,0.696280129209368,0.5,1,-0.2626802921295166,0.43470498919487,1,6.5915271479604115e-06,2.0683241489279327,3.8983413633781536,1,1,0.696280129209368,1,1,fold_4
0,sub1,rest1,0,0,0,-0.7082685884768447,0.3299815316571382,0.5,0,-0.48480159044265747,0.3811189532279968,1,5.010169569139007e-06,1.8149070595165029,3.7748610243184406,0,1,0.30103080916464464,0,1,fold_5
1,sub1,rest1,1,1,0,-1.0215700699801953,0.26472168278375435,0.5,0,-0.3711376190185547,0.40826615691185,1,5.010169569139007e-06,1.8149070595165029,3.7748610243184406,0,1,0.2906609677104239,0,1,fold_5
2,sub1,rest1,2,2,0,-0.8076606868295562,0.30838921305304134,0.5,0,-0.32801592350006104,0.418723464012146,1,5.010169569139007e-06,1.8149070595165029,3.7748610243184406,0,1,0.2978962344183386,0,1,fold_5
3,sub1,rest1,3,3,0,-0.8526750437593683,0.29887200729447605,0.5,0,-0.2830430269241333,0.4297078847885132,1,5.010169569139007e-06,1.8149070595165029,3.7748610243184406,0,1,0.3104260731974077,0,1,fold_5
4,sub1,rest1,4,4,0,-0.9127986771259472,0.2864274829074985,0.5,0,-0.5520914196968079,0.36537933349609375,1,5.010169569139007e-06,1.8149070595165029,3.7748610243184406,0,1,0.3467070273781037,0,1,fold_5
5,sub1,rest1,5,5,0,-0.6367625773791448,0.3459787293902485,0.5,0,-0.345253586769104,0.4145338833332062,1,5.010169569139007e-06,1.8149070595165029,3.7748610243184406,0,1,0.40037127927577054,0,1,fold_5
6,sub1,rest1,6,6,0,-0.3734200760668926,0.4077148698365643,0.5,0,-0.26847660541534424,0.4332810938358307,1,5.010169569139007e-06,1.8149070595165029,3.7748610243184406,0,1,0.37758378930529757,0,1,fold_5
7,sub1,rest1,7,7,0,-0.21109950343191308,0.4474202386004989,0.5,0,-0.13444960117340088,0.4664381146430969,1,5.010169569139007e-06,1.8149070595165029,3.7748610243184406,0,1,0.32153432756858247,0,1,fold_5
8,sub1,rest1,8,8,0,-0.9563166957382553,0.2776162594788295,0.5,0,-0.3112514019012451,0.42280933260917664,1,5.010169569139007e-06,1.8149070595165029,3.7748610243184406,0,1,0.24058884818556805,0,1,fold_5
9,sub1,rest1,9,9,0,-1.155057709687865,0.2395664846264189,0.5,0,-0.03851628303527832,0.4903721511363983,1,5.010169569139007e-06,1.8149070595165029,3.7748610243184406,0,1,0.23904460672275799,0,1,fold_5
10,sub1,rest1,10,10,0,-1.3578878254057136,0.20458380045145577,0.5,0,-0.01597285270690918,0.49600693583488464,1,5.010169569139007e-06,1.8149070595165029,3.7748610243184406,0,1,0.2527525009753366,0,1,fold_5
11,sub1,rest1,11,11,0,-0.9795376426786697,0.27298353509039924,0.5,0,-0.2941969633102417,0.4269767105579376,1,5.010169569139007e-06,1.8149070595165029,3.7748610243184406,0,1,0.31360390943202593,0,1,fold_5
12,sub1,rest1,12,12,0,-0.9410407326393335,0.28069016738415475,0.5,0,-0.54034423828125,0.36810752749443054,1,5.010169569139007e-06,1.8149070595165029,3.7748610243184406,0,1,0.37621158426399176,0,1,fold_5
13,sub1,rest1,13,13,0,-0.4593584607978129,0.38713802582152385,0.5,0,-0.6761380434036255,0.3371237814426422,1,5.010169569139007e-06,1.8149070595165029,3.7748610243184406,0,1,0.4703294873408795,0,1,fold_5
14,sub1,rest1,14,14,0,-0.15709604962556556,0.4608065595862968,0.5,0,-0.6472092866897583,0.3436186909675598,1,5.010169569139007e-06,1.8149070595165029,3.7748610243184406,0,1,0.5001553356308927,1,0,fold_5
15,sub1,rest1,15,15,0,0.25352477279765057,0.5630438766148179,0.5,1,-0.5728788375854492,0.36057281494140625,1,5.010169569139007e-06,1.8149070595165029,3.7748610243184406,0,0,0.44882596477600806,0,1,fold_5
16,sub1,rest1,16,16,0,-0.09360600604266,0.4766155706915631,0.5,0,-0.513109564781189,0.37446483969688416,1,5.010169569139007e-06,1.8149070595165029,3.7748610243184406,0,1,0.36558011217312036,0,1,fold_5
17,sub1,rest1,17,17,1,-1.090698782231654,0.2514867159823438,0.5,0,-0.8692386150360107,0.29541274905204773,1,5.010169569139007e-06,1.8149070595165029,3.7748610243184406,0,1,,,,fold_5
18,sub1,rest1,18,18,0,-0.8150357512138446,0.30681844702164335,0.5,0,-0.7642121911048889,0.31773245334625244,1,5.010169569139007e-06,1.8149070595165029,3.7748610243184406,0,1,0.32169415397914547,0,1,fold_5
19,sub1,rest1,19,19,0,-0.7847069475831188,0.31330631880615467,0.5,0,-0.5803143382072449,0.3588602542877197,1,5.010169569139007e-06,1.8149070595165029,3.7748610243184406,0,1,0.3173189450014393,0,1,fold_5
20,sub1,rest1,20,20,0,-0.6412780301009614,0.34495769610963845,0.5,0,-0.6540520191192627,0.34207701683044434,1,5.010169569139007e-06,1.8149070595165029,3.7748610243184406,0,1,0.3251141797629249,0,1,fold_5
21,sub1,rest1,21,21,0,-0.8775158503970275,0.29369282008852476,0.5,0,-0.5227428674697876,0.3722110986709595,1,5.010169569139007e-06,1.8149070595165029,3.7748610243184406,0,1,0.3593268451564247,0,1,fold_5
22,sub1,rest1,22,22,0,-0.678070768113258,0.3366920230906114,0.5,0,-0.35265398025512695,0.41273897886276245,1,5.010169569139007e-06,1.8149070595165029,3.7748610243184406,0,1,0.44333862060370205,0,1,fold_5
23,sub1,rest1,23,23,0,-0.21038986730130804,0.4475956922901381,0.5,0,-0.09028971195220947,0.4774428606033325,1,5.010169569139007e-06,1.8149070595165029,3.7748610243184406,0,1,0.5017363280000994,1,0,fold_5
24,sub1,rest1,24,24,0,0.18342513619746448,0.5457281464303567,0.5,1,-0.3755136728286743,0.4072093963623047,1,5.010169569139007e-06,1.8149070595165029,3.7748610243184406,0,0,0.4669465082364916,0,1,fold_5
25,sub1,rest1,25,25,0,0.04754953805538686,0.5118851452798033,0.5,1,-0.698236882686615,0.3322032690048218,1,5.010169569139007e-06,1.8149070595165029,3.7748610243184406,0,0,0.37321705221700935,0,1,fold_5
26,sub1,rest1,26,26,1,0.24278301943709582,0.5603993662607072,0.5,0,-0.6458323001861572,0.34392935037612915,1,5.010169569139007e-06,1.8149070595165029,3.7748610243184406,0,1,,,,fold_5
27,sub1,rest1,27,27,0,-0.6489498155495418,0.3432262329993148,0.5,0,-0.5271462202072144,0.37118273973464966,1,5.010169569139007e-06,1.8149070595165029,3.7748610243184406,0,1,0.28576612079706426,0,1,fold_5
28,sub1,rest1,28,28,0,-1.0225048243256327,0.26453977837190995,0.5,0,-0.7902210354804993,0.3121212124824524,1,5.010169569139007e-06,1.8149070595165029,3.7748610243184406,0,1,0.3024143377826208,0,1,fold_5
29,sub1,rest1,29,29,0,-1.1011079739957559,0.24953235101996793,0.5,0,-0.6811010837554932,0.33601561188697815,1,5.010169569139007e-06,1.8149070595165029,3.7748610243184406,0,1,0.35264176195341895,0,1,fold_5
30,sub1,rest1,30,30,0,-0.4340028926674806,0.39317088395598443,0.5,0,-0.6060003042221069,0.352972149848938,1,5.010169569139007e-06,1.8149070595165029,3.7748610243184406,0,1,0.37221480464159623,0,1,fold_5
31,sub1,rest1,31,31,0,-0.3424187615064595,0.41522205088430447,0.5,0,-0.5678863525390625,0.3617246747016907,1,5.010169569139007e-06,1.8149070595165029,3.7748610243184406,0,1,0.3342138341548931,0,1,fold_5
32,sub1,rest1,32,32,0,-0.8083065401263436,0.30825147908449957,0.5,0,-0.7055827379226685,0.3305756449699402,1,5.010169569139007e-06,1.8149070595165029,3.7748610243184406,0,1,0.3462081087185061,0,1,fold_5
33,sub1,rest1,33,33,0,-0.9485924859639749,0.2791679724958753,0.5,0,-0.7139455080032349,0.3287276029586792,1,5.010169569139007e-06,1.8149070595165029,3.7748610243184406,0,1,0.3771239427070397,0,1,fold_5
34,sub1,rest1,34,34,1,-0.32363330040327637,0.4197905407992018,0.5,0,-0.6321604251861572,0.34702083468437195,1,5.010169569139007e-06,1.8149070595165029,3.7748610243184406,0,1,,,,fold_5
35,sub1,rest1,35,35,0,-0.19580369042373802,0.4512048745751435,0.5,0,-0.5376014709472656,0.36874571442604065,1,5.010169569139007e-06,1.8149070595165029,3.7748610243184406,0,1,0.3677417873077175,0,1,fold_5
36,sub1,rest1,36,36,0,-0.4013044129178301,0.40099898105010023,0.5,0,-0.660008430480957,0.3407377004623413,1,5.010169569139007e-06,1.8149070595165029,3.7748610243184406,0,1,0.30858587714029484,0,1,fold_5
37,sub1,rest1,37,37,0,-1.0931716518336019,0.25102150629790865,0.5,0,-0.5953890681266785,0.35539931058883667,1,5.010169569139007e-06,1.8149070595165029,3.7748610243184406,0,1,0.24737057094237525,0,1,fold_5
38,sub1,rest1,38,38,0,-0.9757436920653061,0.27373714407287564,0.5,0,-0.5843709707260132,0.35792744159698486,1,5.010169569139007e-06,1.8149070595165029,3.7748610243184406,0,1,0.22099717469019375,0,1,fold_5
39,sub1,rest1,39,39,0,-1.2811586370826291,0.21735306245634148,0.5,0,-0.6267424821853638,0.34824955463409424,1,5.010169569139007e-06,1.8149070595165029,3.7748610243184406,0,1,0.17938341344212824,0,1,fold_5
40,sub1,rest1,40,40,0,-1.572211752057219,0.17190131754136423,0.5,0,-0.6602522134780884,0.3406829535961151,1,5.010169569139007e-06,1.8149070595165029,3.7748610243184406,0,1,0.1645117530709516,0,1,fold_5
41,sub1,rest1,41,41,0,-1.7432873567625349,0.14889586032867894,0.5,0,-0.5666612982749939,0.3620075583457947,1,5.010169569139007e-06,1.8149070595165029,3.7748610243184406,0,1,0.18208059259235532,0,1,fold_5
42,sub1,rest1,42,42,0,-1.5663448876681973,0.17273808134281166,0.5,0,-0.5777869820594788,0.35944196581840515,1,5.010169569139007e-06,1.8149070595165029,3.7748610243184406,0,1,0.23619890564166335,0,1,fold_5
43,sub1,rest1,43,43,1,-1.4475180066629987,0.1903838411313124,0.5,0,-0.683840274810791,0.33540472388267517,1,5.010169569139007e-06,1.8149070595165029,3.7748610243184406,0,1,,,,fold_5
44,sub1,rest1,44,44,0,-1.2390129884409422,0.22460783610557533,0.5,0,-0.7980138659477234,0.31045055389404297,1,5.010169569139007e-06,1.8149070595165029,3.7748610243184406,0,1,0.339476226624023,0,1,fold_5
45,sub1,rest1,45,45,0,-0.7942781833267263,0.311250799476603,0.5,0,-0.6587368249893188,0.34102338552474976,1,5.010169569139007e-06,1.8149070595165029,3.7748610243184406,0,1,0.4842096129879943,0,1,fold_5
46,sub1,rest1,46,46,0,-0.06974808493820596,0.48257004428989064,0.5,0,-0.6912015676498413,0.3337658643722534,1,5.010169569139007e-06,1.8149070595165029,3.7748610243184406,0,1,0.5631572412705965,1,0,fold_5
47,sub1,rest1,47,47,0,0.6579867514714124,0.6588079951974894,0.5,1,-0.4667710065841675,0.3853807747364044,1,5.010169569139007e-06,1.8149070595165029,3.7748610243184406,0,0,0.536179131714259,1,0,fold_5
48,sub1,rest1,48,48,0,0.19297133698775834,0.5480936843244095,0.5,1,-0.623548150062561,0.34897491335868835,1,5.010169569139007e-06,1.8149070595165029,3.7748610243184406,0,0,0.3780120288367121,0,1,fold_5
49,sub1,rest1,49,49,0,-0.39865424194161136,0.40163571562087813,0.5,0,-0.6692957878112793,0.3386545479297638,1,5.010169569139007e-06,1.8149070595165029,3.7748610243184406,0,1,0.2675057456420013,0,1,fold_5
50,sub1,rest1,50,50,0,-1.487437298049147,0.18430668656484853,0.5,0,-0.60211580991745,0.3538597524166107,1,5.010169569139007e-06,1.8149070595165029,3.7748610243184406,0,1,0.1963773822589934,0,1,fold_5
51,sub1,rest1,51,51,0,-1.2857393991294896,0.21657483474027714,0.5,0,-0.7387024164199829,0.3232879638671875,1,5.010169569139007e-06,1.8149070595165029,3.7748610243184406,0,1,0.20362668673194342,0,1,fold_5
52,sub1,rest1,52,52,0,-1.461417451225758,0.18825062547185453,0.5,0,-0.7551466226577759,0.3197009265422821,1,5.010169569139007e-06,1.8149070595165029,3.7748610243184406,0,1,0.19324890320547036,0,1,fold_5
53,sub1,rest1,53,53,0,-1.348873511025124,0.2060545999836986,0.5,0,-0.6570650339126587,0.341399222612381,1,5.010169569139007e-06,1.8149070595165029,3.7748610243184406,0,1,0.20123995300254216,0,1,fold_5
54,sub1,rest1,54,54,0,-1.4799068850971286,0.18544148416085796,0.5,0,-0.6538258790969849,0.34212788939476013,1,5.010169569139007e-06,1.8149070595165029,3.7748610243184406,0,1,0.19980500233841247,0,1,fold_5
55,sub1,rest1,55,55,0,-1.3115728114893932,0.2122237748630699,0.5,0,-0.570357620716095,0.36115431785583496,1,5.010169569139007e-06,1.8149070595165029,3.7748610243184406,0,1,0.19779012140110608,0,1,fold_5
56,sub1,rest1,56,56,0,-1.3753940892607308,0.20174974799130954,0.5,0,-0.5257382392883301,0.37151139974594116,1,5.010169569139007e-06,1.8149070595165029,3.7748610243184406,0,1,0.17862947838376333,0,1,fold_5
57,sub1,rest1,57,57,0,-1.5204392864786058,0.17939684134893882,0.5,0,-0.646873950958252,0.3436943292617798,1,5.010169569139007e-06,1.8149070595165029,3.7748610243184406,0,1,0.16939450836245137,0,1,fold_5
58,sub1,rest1,58,58,0,-1.69788387109752,0.1547418458110417,0.5,0,-0.6258488297462463,0.3484523892402649,1,5.010169569139007e-06,1.8149070595165029,3.7748610243184406,0,1,0.17203063805882537,0,1,fold_5
59,sub1,rest1,59,59,0,-1.5572275335863992,0.1740448379273736,0.5,0,-0.5164796710014343,0.37367573380470276,1,5.010169569139007e-06,1.8149070595165029,3.7748610243184406,0,1,0.18288509960116514,0,1,fold_5
60,sub1,rest1,60,60,0,-1.4676160673434895,0.1873052304380609,0.5,0,-0.1471996307373047,0.46326643228530884,1,5.010169569139007e-06,1.8149070595165029,3.7748610243184406,0,1,0.1873052304380609,0,1,fold_5
61,sub1,rest2,0,61,0,0.6644058454781894,0.6602494049534721,0.5,1,-0.0041964054107666016,0.49895089864730835,1,5.010169569139007e-06,1.8149070595165029,3.7748610243184406,1,1,0.6535812200553773,1,1,fold_5
62,sub1,rest2,1,62,0,0.7433377912064308,0.6777253076565027,0.5,1,-0.24485373497009277,0.4390905797481537,1,5.010169569139007e-06,1.8149070595165029,3.7748610243184406,1,1,0.6607243911639714,1,1,fold_5
63,sub1,rest2,2,63,0,0.5013177083785499,0.622768947556157,0.5,1,-0.40781617164611816,0.3994358777999878,1,5.010169569139007e-06,1.8149070595165029,3.7748610243184406,1,1,0.6916068366349072,1,1,fold_5
64,sub1,rest2,3,64,0,0.7614981883422068,0.6816789182792544,0.5,1,-0.46445232629776,0.3859301209449768,1,5.010169569139007e-06,1.8149070595165029,3.7748610243184406,1,1,0.7342953700358524,1,1,fold_5
65,sub1,rest2,4,65,0,1.2104165477291717,0.77037264406931,0.5,1,-0.3675267696380615,0.4091387689113617,1,5.010169569139007e-06,1.8149070595165029,3.7748610243184406,1,1,0.763436189020684,1,1,fold_5
66,sub1,rest2,5,66,0,1.1030681756144152,0.7508345477589926,0.5,1,-0.22507739067077637,0.44396698474884033,1,5.010169569139007e-06,1.8149070595165029,3.7748610243184406,1,1,0.7380868851552048,1,1,fold_5
67,sub1,rest2,6,67,0,1.2032440277977468,0.7691013752337496,0.5,1,-0.3615729808807373,0.41057881712913513,1,5.010169569139007e-06,1.8149070595165029,3.7748610243184406,1,1,0.6742309241776524,1,1,fold_5
68,sub1,rest2,7,68,0,0.8204164440640489,0.6943247324728726,0.5,1,-0.34257519245147705,0.41518405079841614,1,5.010169569139007e-06,1.8149070595165029,3.7748610243184406,1,1,0.5269643623548207,1,1,fold_5
69,sub1,rest2,8,69,0,0.23818638804648815,0.559266664826335,0.5,1,-0.5101112127304077,0.37516745924949646,1,5.010169569139007e-06,1.8149070595165029,3.7748610243184406,1,1,0.41465291850090785,0,0,fold_5
70,sub1,rest2,9,70,0,-0.7204146088781644,0.3273016897652544,0.5,0,-0.4077218770980835,0.39945852756500244,1,5.010169569139007e-06,1.8149070595165029,3.7748610243184406,1,0,0.3891881340488414,0,0,fold_5
71,sub1,rest2,10,71,0,-0.5867086402077013,0.3573904009111341,0.5,0,-0.5207007527351379,0.3726883828639984,1,5.010169569139007e-06,1.8149070595165029,3.7748610243184406,1,0,0.517441461036711,1,1,fold_5
72,sub1,rest2,11,72,0,-0.06853757054664344,0.48287231147013554,0.5,0,-0.7278982400894165,0.32565611600875854,1,5.010169569139007e-06,1.8149070595165029,3.7748610243184406,1,0,0.6492979089561345,1,1,fold_5
73,sub1,rest2,12,73,0,0.9054182011225679,0.7120616707288633,0.5,1,-0.546150803565979,0.366757869720459,1,5.010169569139007e-06,1.8149070595165029,3.7748610243184406,1,1,0.7629559198204472,1,1,fold_5
74,sub1,rest2,13,74,0,1.1144604660408646,0.7529597446694046,0.5,1,-0.3725907802581787,0.4079151153564453,1,5.010169569139007e-06,1.8149070595165029,3.7748610243184406,1,1,0.7793025415678816,1,1,fold_5
75,sub1,rest2,14,75,0,1.5426273776169934,0.8238463440630737,0.5,1,-0.2515597343444824,0.43743962049484253,1,5.010169569139007e-06,1.8149070595165029,3.7748610243184406,1,1,0.7028331958064733,1,1,fold_5
76,sub1,rest2,15,76,0,1.1587281484016863,0.7611015359711666,0.5,1,-0.30694127082824707,0.4238615334033966,1,5.010169569139007e-06,1.8149070595165029,3.7748610243184406,1,1,0.5552840377008135,1,1,fold_5
77,sub1,rest2,16,77,0,0.09427659566550224,0.5235517073851795,0.5,1,-0.46025168895721436,0.3869261145591736,1,5.010169569139007e-06,1.8149070595165029,3.7748610243184406,1,1,0.4318395075797989,0,0,fold_5
78,sub1,rest2,17,78,0,-0.48446273843623233,0.3811988697460941,0.5,0,-0.4579911231994629,0.3874624967575073,1,5.010169569139007e-06,1.8149070595165029,3.7748610243184406,1,0,0.48101001851416153,0,0,fold_5
79,sub1,rest2,18,79,0,-0.4440853425188534,0.3907679456081231,0.5,0,-0.6032717823982239,0.3535955250263214,1,5.010169569139007e-06,1.8149070595165029,3.7748610243184406,1,0,0.585724526034598,1,1,fold_5
80,sub1,rest2,19,80,0,0.7129978673315531,0.6710632401882675,0.5,1,-0.4822201728820801,0.38172799348831177,1,5.010169569139007e-06,1.8149070595165029,3.7748610243184406,1,1,0.6904678262856203,1,1,fold_5
81,sub1,rest2,20,81,0,0.8252158267608313,0.6953423923074037,0.5,1,-0.3658708333969116,0.409539133310318,1,5.010169569139007e-06,1.8149070595165029,3.7748610243184406,1,1,0.655268521957973,1,1,fold_5
82,sub1,rest2,21,82,0,0.8712120912170642,0.7049978463611896,0.5,1,-0.3082665205001831,0.4235379099845886,1,5.010169569139007e-06,1.8149070595165029,3.7748610243184406,1,1,0.6058009177875777,1,1,fold_5
83,sub1,rest2,22,83,0,0.2633732393390451,0.5654653272053258,0.5,1,-0.37299656867980957,0.40781715512275696,1,5.010169569139007e-06,1.8149070595165029,3.7748610243184406,1,1,0.5553237163110656,1,1,fold_5
84,sub1,rest2,23,84,0,0.18831284438789309,0.5469395797962178,0.5,1,-0.4196357727050781,0.39660391211509705,1,5.010169569139007e-06,1.8149070595165029,3.7748610243184406,1,1,0.5867947519472764,1,1,fold_5
85,sub1,rest2,24,85,0,0.21509039215365652,0.553566241931653,0.5,1,-0.4170173406600952,0.39723068475723267,1,5.010169569139007e-06,1.8149070595165029,3.7748610243184406,1,1,0.632345765201093,1,1,fold_5
86,sub1,rest2,25,86,0,0.6627525268895859,0.6598784341139583,0.5,1,-0.5459624528884888,0.3668016493320465,1,5.010169569139007e-06,1.8149070595165029,3.7748610243184406,1,1,0.6619246666772756,1,1,fold_5
87,sub1,rest2,26,87,0,0.7703315928244351,0.6835926195576674,0.5,1,-0.4905822277069092,0.3797564208507538,1,5.010169569139007e-06,1.8149070595165029,3.7748610243184406,1,1,0.665662306493367,1,1,fold_5
88,sub1,rest2,27,88,0,0.5853736621836401,0.6423029463602011,0.5,1,-0.5490020513534546,0.36609596014022827,1,5.010169569139007e-06,1.8149070595165029,3.7748610243184406,1,1,0.688321111093944,1,1,fold_5
89,sub1,rest2,28,89,0,0.7131252312971129,0.6710913535622326,0.5,1,-0.578731119632721,0.3592246472835541,1,5.010169569139007e-06,1.8149070595165029,3.7748610243184406,1,1,0.7450335474492343,1,1,fold_5
90,sub1,rest2,29,90,0,1.1069980590277486,0.7515690333593983,0.5,1,-0.3882477283477783,0.4041391909122467,1,5.010169569139007e-06,1.8149070595165029,3.7748610243184406,1,1,0.7966672534844298,1,1,fold_5
91,sub1,rest2,30,91,0,1.4659449473331416,0.8124402554260721,0.5,1,-0.3700287342071533,0.40853404998779297,1,5.010169569139007e-06,1.8149070595165029,3.7748610243184406,1,1,0.7817506334750881,1,1,fold_5
92,sub1,rest2,31,92,0,1.557487094720363,0.8259924716678192,0.5,1,-0.2807791233062744,0.4302627742290497,1,5.010169569139007e-06,1.8149070595165029,3.7748610243184406,1,1,0.7410049814178828,1,1,fold_5
93,sub1,rest2,32,93,0,0.8799852925116927,0.7068191733313733,0.5,1,-0.32487666606903076,0.41948771476745605,1,5.010169569139007e-06,1.8149070595165029,3.7748610243184406,1,1,0.6874303884114118,1,1,fold_5
94,sub1,rest2,33,94,0,0.8010699124961036,0.6902032992544561,0.5,1,-0.3422586917877197,0.4152609407901764,1,5.010169569139007e-06,1.8149070595165029,3.7748610243184406,1,1,0.7059238074248616,1,1,fold_5
95,sub1,rest2,34,95,0,0.6868628657557823,0.6652686926484059,0.5,1,-0.3411242961883545,0.41553640365600586,1,5.010169569139007e-06,1.8149070595165029,3.7748610243184406,1,1,0.7407063176461318,1,1,fold_5
96,sub1,rest2,35,96,0,1.1653276609643781,0.7622994303717229,0.5,1,-0.37705469131469727,0.40683746337890625,1,5.010169569139007e-06,1.8149070595165029,3.7748610243184406,1,1,0.7860496612338169,1,1,fold_5
97,sub1,rest2,36,97,0,1.3525783053649831,0.7945508299182665,0.5,1,-0.29509830474853516,0.4267561733722687,1,5.010169569139007e-06,1.8149070595165029,3.7748610243184406,1,1,0.8112659071802479,1,1,fold_5
98,sub1,rest2,37,98,0,1.39443124139555,0.8012987234114616,0.5,1,-0.19379281997680664,0.45170286297798157,1,5.010169569139007e-06,1.8149070595165029,3.7748610243184406,1,1,0.8013727329531727,1,1,fold_5
99,sub1,rest2,38,99,0,1.643040013418119,0.8379481682110159,0.5,1,-0.21226108074188232,0.44713306427001953,1,5.010169569139007e-06,1.8149070595165029,3.7748610243184406,1,1,0.7841851121493478,1,1,fold_5
100,sub1,rest2,39,100,0,1.1795746008122574,0.7648713072370406,0.5,1,-0.2781856060028076,0.4308986961841583,1,5.010169569139007e-06,1.8149070595165029,3.7748610243184406,1,1,0.7391667202632867,1,1,fold_5
101,sub1,rest2,40,101,0,1.097204043065341,0.7497358609999869,0.5,1,-0.28118884563446045,0.43016234040260315,1,5.010169569139007e-06,1.8149070595165029,3.7748610243184406,1,1,0.7412441187506461,1,1,fold_5
102,sub1,rest2,41,102,0,0.8611122964477407,0.7028929925528322,0.5,1,-0.36151957511901855,0.4105917513370514,1,5.010169569139007e-06,1.8149070595165029,3.7748610243184406,1,1,0.7534017167068856,1,1,fold_5
103,sub1,rest2,42,103,0,1.2145526847693833,0.7711035026991192,0.5,1,-0.3598771095275879,0.41098928451538086,1,5.010169569139007e-06,1.8149070595165029,3.7748610243184406,1,1,0.7817339911707654,1,1,fold_5
104,sub1,rest2,43,104,0,1.3022217047823577,0.7862086548687052,0.5,1,-0.42884695529937744,0.3944016695022583,1,5.010169569139007e-06,1.8149070595165029,3.7748610243184406,1,1,0.7849743659113614,1,1,fold_5
105,sub1,rest2,44,105,0,1.3122523768325085,0.7878898159444717,0.5,1,-0.2310255765914917,0.4424991309642792,1,5.010169569139007e-06,1.8149070595165029,3.7748610243184406,1,1,0.795833001051886,1,1,fold_5
106,sub1,rest2,45,106,0,1.2704783755571512,0.7808246269209071,0.5,1,-0.3015890121459961,0.42516908049583435,1,5.010169569139007e-06,1.8149070595165029,3.7748610243184406,1,1,0.7703307922601121,1,1,fold_5
107,sub1,rest2,46,107,0,1.5081343990102452,0.8187845602902789,0.5,1,-0.2857189178466797,0.4290522336959839,1,5.010169569139007e-06,1.8149070595165029,3.7748610243184406,1,1,0.7379606124039567,1,1,fold_5
108,sub1,rest2,47,108,0,0.9021113363219421,0.7113831895691505,0.5,1,-0.550918698310852,0.36565127968788147,1,5.010169569139007e-06,1.8149070595165029,3.7748610243184406,1,1,0.687150141593483,1,1,fold_5
109,sub1,rest2,48,109,0,0.7708932379157027,0.6837140873524411,0.5,1,-0.5627675652503967,0.362907350063324,1,5.010169569139007e-06,1.8149070595165029,3.7748610243184406,1,1,0.704735975400553,1,1,fold_5
110,sub1,rest2,49,110,0,0.6917366773553569,0.6663531478588569,0.5,1,-0.5844047665596008,0.35791969299316406,1,5.010169569139007e-06,1.8149070595165029,3.7748610243184406,1,1,0.7390686031658137,1,1,fold_5
111,sub1,rest2,50,111,0,1.1755164437295018,0.764140690990361,0.5,1,-0.4373549818992615,0.39237138628959656,1,5.010169569139007e-06,1.8149070595165029,3.7748610243184406,1,1,0.7784713672745526,1,1,fold_5
112,sub1,rest2,51,112,0,1.3052186947804083,0.7867119706482231,0.5,1,-0.40953099727630615,0.3990246057510376,1,5.010169569139007e-06,1.8149070595165029,3.7748610243184406,1,1,0.7956131697866601,1,1,fold_5
113,sub1,rest2,52,113,0,1.2924491231155448,0.7845614401850736,0.5,1,-0.3909205198287964,0.4034956991672516,1,5.010169569139007e-06,1.8149070595165029,3.7748610243184406,1,1,0.7922162413384397,1,1,fold_5
114,sub1,rest2,53,114,0,1.48659132984378,0.8155660985266833,0.5,1,-0.275256872177124,0.43161702156066895,1,5.010169569139007e-06,1.8149070595165029,3.7748610243184406,1,1,0.7906401685002779,1,1,fold_5
115,sub1,rest2,54,115,0,1.2455073045555665,0.7765211853035623,0.5,1,0.0891120433807373,0.52226322889328,1,5.010169569139007e-06,1.8149070595165029,3.7748610243184406,1,1,0.7780173437195396,1,1,fold_5
116,sub1,rest2,55,116,0,1.264694735982338,0.7798332216705881,0.5,1,0.16917967796325684,0.5421943068504333,1,5.010169569139007e-06,1.8149070595165029,3.7748610243184406,1,1,0.7808603628778279,1,1,fold_5
117,sub1,rest2,56,117,0,1.2522992824284351,0.7776976241844681,0.5,1,0.047502875328063965,0.5118734836578369,1,5.010169569139007e-06,1.8149070595165029,3.7748610243184406,1,1,0.7416862386075233,1,1,fold_5
118,sub1,rest2,57,118,0,1.2953434057966684,0.7850502427784274,0.5,1,-0.3597472906112671,0.41102075576782227,1,5.010169569139007e-06,1.8149070595165029,3.7748610243184406,1,1,0.6848680386615338,1,1,fold_5
119,sub1,rest2,58,119,0,0.6736092047955544,0.6623108488596744,0.5,1,-0.17204248905181885,0.45709511637687683,1,5.010169569139007e-06,1.8149070595165029,3.7748610243184406,1,1,0.625598965850891,1,1,fold_5
120,sub1,rest2,59,120,0,0.43573804250098375,0.6072430243464995,0.5,1,0.11169576644897461,0.527894914150238,1,5.010169569139007e-06,1.8149070595165029,3.7748610243184406,1,1,0.6072430243464995,1,1,fold_5
1079,sub10,rest1,0,0,0,-1.235848706490512,0.22515940496667616,0.5,0,-0.8250710964202881,0.3046882748603821,1,6.300066392897583e-06,2.172092515101497,3.768412768372471,0,1,0.18213919925196956,0,1,fold_5
1080,sub10,rest1,1,1,0,-1.6361789189618838,0.1629856685291637,0.5,0,-0.8427610397338867,0.30095359683036804,1,6.300066392897583e-06,2.172092515101497,3.768412768372471,0,1,0.17232669574257622,0,1,fold_5
1081,sub10,rest1,2,2,0,-1.671137914542631,0.1582725242600688,0.5,0,-0.829055666923523,0.30384477972984314,1,6.300066392897583e-06,2.172092515101497,3.768412768372471,0,1,0.23319607889800084,0,1,fold_5
1082,sub10,rest1,3,3,0,-1.4132503661039661,0.19572189443849622,0.5,0,-0.6723813414573669,0.3379638195037842,1,6.300066392897583e-06,2.172092515101497,3.768412768372471,0,1,0.3306627250830796,0,1,fold_5
1083,sub10,rest1,4,4,0,-0.6384640830471744,0.3455938179954375,0.5,0,-0.605488121509552,0.3530891239643097,1,6.300066392897583e-06,2.172092515101497,3.768412768372471,0,1,0.4499899860473405,0,1,fold_5
1084,sub10,rest1,5,5,0,-0.19795404137553044,0.45067246281530504,0.5,0,-0.7947542071342468,0.3111487627029419,1,6.300066392897583e-06,2.172092515101497,3.768412768372471,0,1,0.5185597438276394,1,0,fold_5
1085,sub10,rest1,6,6,0,0.215646533179164,0.553703677331279,0.5,1,-0.6566096544265747,0.3415016233921051,1,6.300066392897583e-06,2.172092515101497,3.768412768372471,0,0,0.5532756696560557,1,0,fold_5
1086,sub10,rest1,7,7,0,0.20593710951888658,0.5513030913363343,0.5,1,-0.7679769396781921,0.31691691279411316,1,6.300066392897583e-06,2.172092515101497,3.768412768372471,0,0,0.4735582062490016,0,1,fold_5
1087,sub10,rest1,8,8,0,0.22016601495253602,0.5548202403005538,0.5,1,-0.6117127537727356,0.3516685664653778,1,6.300066392897583e-06,2.172092515101497,3.768412768372471,0,0,0.3952736345474648,0,1,fold_5
1088,sub10,rest1,9,9,0,-0.7789265412037248,0.3145512871101168,0.5,0,-0.49471235275268555,0.37878406047821045,1,6.300066392897583e-06,2.172092515101497,3.768412768372471,0,1,0.30474001696553626,0,1,fold_5
1089,sub10,rest1,10,10,0,-0.7701374388437272,0.31644937623172387,0.5,0,-0.4046221971511841,0.40020233392715454,1,6.300066392897583e-06,2.172092515101497,3.768412768372471,0,1,0.30597458662010085,0,1,fold_5
1090,sub10,rest1,11,11,0,-0.9285479955688074,0.2832193875547681,0.5,0,-0.4253826141357422,0.3952294588088989,1,6.300066392897583e-06,2.172092515101497,3.768412768372471,0,1,0.2812010162937822,0,1,fold_5
1091,sub10,rest1,12,12,0,-0.7618027574945184,0.3182549960738106,0.5,0,-0.6741646528244019,0.33756494522094727,1,6.300066392897583e-06,2.172092515101497,3.768412768372471,0,1,0.2715884239196188,0,1,fold_5
1092,sub10,rest1,13,13,0,-1.141044368690816,0.2421286652527678,0.5,0,-0.5953225493431091,0.3554145395755768,1,6.300066392897583e-06,2.172092515101497,3.768412768372471,0,1,0.26839784876633993,0,1,fold_5
1093,sub10,rest1,14,14,0,-1.0753783843704632,0.254381610432278,0.5,0,-0.6848689317703247,0.33517545461654663,1,6.300066392897583e-06,2.172092515101497,3.768412768372471,0,1,0.2797621525871737,0,1,fold_5
1094,sub10,rest1,15,15,0,-0.8062823455342166,0.30868327061397405,0.5,0,-0.7314794659614563,0.32487013936042786,1,6.300066392897583e-06,2.172092515101497,3.768412768372471,0,1,0.28789614756753173,0,1,fold_5
1095,sub10,rest1,16,16,0,-0.9632819425375264,0.2762215767152689,0.5,0,-0.9175385236740112,0.2854596972465515,1,6.300066392897583e-06,2.172092515101497,3.768412768372471,0,1,0.30410771313459944,0,1,fold_5
1096,sub10,rest1,17,17,1,-1.1062696488751946,0.24856699522164566,0.5,0,-0.913083553314209,0.286369264125824,1,6.300066392897583e-06,2.172092515101497,3.768412768372471,0,1,,,,fold_5
1097,sub10,rest1,18,18,0,-0.9505034003327121,0.2787835953733522,0.5,0,-0.9821809530258179,0.2724592685699463,1,6.300066392897583e-06,2.172092515101497,3.768412768372471,0,1,0.3253731702658002,0,1,fold_5
1098,sub10,rest1,19,19,0,-0.5870240458742885,0.35731796731517723,0.5,0,-0.8595326542854309,0.29743701219558716,1,6.300066392897583e-06,2.172092515101497,3.768412768372471,0,1,0.3014290384136708,0,1,fold_5
1099,sub10,rest1,20,20,0,-0.6632142357739103,0.34001794810887126,0.5,0,-0.8470802903175354,0.3000456988811493,1,6.300066392897583e-06,2.172092515101497,3.768412768372471,0,1,0.2947205055647229,0,1,fold_5
1100,sub10,rest1,21,21,0,-1.34340174263823,0.206951199816964,0.5,0,-0.7275505065917969,0.3257324695587158,1,6.300066392897583e-06,2.172092515101497,3.768412768372471,0,1,0.2620696705429511,0,1,fold_5
1101,sub10,rest1,22,22,0,-0.6758312044144372,0.3371923687683334,0.5,0,-0.7488320469856262,0.3210758566856384,1,6.300066392897583e-06,2.172092515101497,3.768412768372471,0,1,0.2840090686294404,0,1,fold_5
1102,sub10,rest1,23,23,0,-1.1413889300480542,0.24206544304355598,0.5,0,-0.7937473058700562,0.31136462092399597,1,6.300066392897583e-06,2.172092515101497,3.768412768372471,0,1,0.22870867123540736,0,1,fold_5
1103,sub10,rest1,24,24,0,-0.9806169014578626,0.27276939407643186,0.5,0,-0.8365161418914795,0.30226901173591614,1,6.300066392897583e-06,2.172092515101497,3.768412768372471,0,1,0.21118442153644898,0,1,fold_5
1104,sub10,rest1,25,25,1,-1.6125427221145396,0.16623588927326485,0.5,0,-0.842568576335907,0.30099406838417053,1,6.300066392897583e-06,2.172092515101497,3.768412768372471,0,1,,,,fold_5
1105,sub10,rest1,26,26,0,-1.5765039596353754,0.17129117658623425,0.5,0,-0.84646075963974,0.30017581582069397,1,6.300066392897583e-06,2.172092515101497,3.768412768372471,0,1,0.18325898151665218,0,1,fold_5
1106,sub10,rest1,27,27,0,-1.4533098859814966,0.18949269394668072,0.5,0,-0.70521479845047,0.33065706491470337,1,6.300066392897583e-06,2.172092515101497,3.768412768372471,0,1,0.18085879533625915,0,1,fold_5
1107,sub10,rest1,28,28,0,-1.4565662251562121,0.18899307401704157,0.5,0,-0.5886169075965881,0.3569522500038147,1,6.300066392897583e-06,2.172092515101497,3.768412768372471,0,1,0.1801115748362356,0,1,fold_5
1108,sub10,rest1,29,29,0,-1.6281013881384325,0.16409061804505518,0.5,0,-0.7659363746643066,0.3173587918281555,1,6.300066392897583e-06,2.172092515101497,3.768412768372471,0,1,0.16802279054691338,0,1,fold_5
1109,sub10,rest1,30,30,0,-1.4679721527548604,0.18725103244660998,0.5,0,-0.7833350896835327,0.313601553440094,1,6.300066392897583e-06,2.172092515101497,3.768412768372471,0,1,0.1654134784499471,0,1,fold_5
1110,sub10,rest1,31,31,0,-1.7133730978168662,0.152726721149075,0.5,0,-0.8547104597091675,0.2984456717967987,1,6.300066392897583e-06,2.172092515101497,3.768412768372471,0,1,0.14979805676664815,0,1,fold_5
1111,sub10,rest1,32,32,0,-1.6863027632970817,0.15626268175415628,0.5,0,-0.8404405117034912,0.30144202709198,1,6.300066392897583e-06,2.172092515101497,3.768412768372471,0,1,0.14138865842821094,0,1,fold_5
1112,sub10,rest1,33,33,0,-1.811932171856591,0.14040476739671312,0.5,0,-0.8260878324508667,0.3044729232788086,1,6.300066392897583e-06,2.172092515101497,3.768412768372471,0,1,0.13883540462963154,0,1,fold_5
1113,sub10,rest1,34,34,1,-1.800714667703821,0.1417640911376639,0.5,0,-0.9045873880386353,0.2881087064743042,1,6.300066392897583e-06,2.172092515101497,3.768412768372471,0,1,,,,fold_5
1114,sub10,rest1,35,35,0,-1.9232595385236475,0.12749852613376347,0.5,0,-0.6638301610946655,0.33987975120544434,1,6.300066392897583e-06,2.172092515101497,3.768412768372471,0,1,0.14555533486825142,0,1,fold_5
1115,sub10,rest1,36,36,0,-1.7456008387520927,0.14860292035841804,0.5,0,-0.624241828918457,0.3488173484802246,1,6.300066392897583e-06,2.172092515101497,3.768412768372471,0,1,0.18169525140194984,0,1,fold_5
1116,sub10,rest1,37,37,0,-1.6540334799627012,0.16056455811257278,0.5,0,-0.6268959045410156,0.348214715719223,1,6.300066392897583e-06,2.172092515101497,3.768412768372471,0,1,0.2255274901893429,0,1,fold_5
1117,sub10,rest1,38,38,0,-1.1751892965846173,0.23591827573485868,0.5,0,-0.8075557947158813,0.308411568403244,1,6.300066392897583e-06,2.172092515101497,3.768412768372471,0,1,0.38358244109891176,0,1,fold_5
1118,sub10,rest1,39,39,0,-0.9439674327979584,0.28009963672059723,0.5,0,-0.7574036717414856,0.3192102015018463,1,6.300066392897583e-06,2.172092515101497,3.768412768372471,0,1,0.5632964175779073,1,0,fold_5
1119,sub10,rest1,40,40,0,0.552560364329889,0.6347294108412794,0.5,1,-0.6795740127563477,0.33635640144348145,1,6.300066392897583e-06,2.172092515101497,3.768412768372471,0,0,0.7298440252473911,1,0,fold_5
1120,sub10,rest1,41,41,0,1.237107922571436,0.775060205171845,0.5,1,-0.47345513105392456,0.383798748254776,1,6.300066392897583e-06,2.172092515101497,3.768412768372471,0,0,0.7406625876405889,1,0,fold_5
1121,sub10,rest1,42,42,1,1.7593515337602605,0.8531284257794395,0.5,0,-0.37923216819763184,0.40631213784217834,1,6.300066392897583e-06,2.172092515101497,3.768412768372471,0,1,,,,fold_5
1122,sub10,rest1,43,43,0,1.2641661860420417,0.7797424597290488,0.5,1,-0.6717612743377686,0.3381025791168213,1,6.300066392897583e-06,2.172092515101497,3.768412768372471,0,0,0.5949333833062077,1,0,fold_5
1123,sub10,rest1,44,44,0,0.6954810301684138,0.6671850980208726,0.5,1,-0.7789944410324097,0.3145366311073303,1,6.300066392897583e-06,2.172092515101497,3.768412768372471,0,0,0.41460702600044463,0,1,fold_5
1124,sub10,rest1,45,45,0,-0.6727891182043435,0.33787259216870186,0.5,0,-0.9145631790161133,0.2860669791698456,1,6.300066392897583e-06,2.172092515101497,3.768412768372471,0,1,0.24370537150010116,0,1,fold_5
1125,sub10,rest1,46,46,0,-1.1594711798600816,0.2387633878117595,0.5,0,-0.8738224506378174,0.2944595217704773,1,6.300066392897583e-06,2.172092515101497,3.768412768372471,0,1,0.20993018299691216,0,1,fold_5
1126,sub10,rest1,47,47,0,-1.6998861546927124,0.1544801345198421,0.5,0,-0.8527488708496094,0.2988565266132355,1,6.300066392897583e-06,2.172092515101497,3.768412768372471,0,1,0.22405825087868406,0,1,fold_5
1127,sub10,rest1,48,48,0,-1.1717044968432972,0.23654702665913485,0.5,0,-0.9215967655181885,0.2846326529979706,1,6.300066392897583e-06,2.172092515101497,3.768412768372471,0,1,0.250212783087257,0,1,fold_5
1128,sub10,rest1,49,49,0,-0.9387762954656863,0.2811475914570752,0.5,0,-0.8124398589134216,0.3073708117008209,1,6.300066392897583e-06,2.172092515101497,3.768412768372471,0,1,0.26095834573878673,0,1,fold_5
1129,sub10,rest1,50,50,0,-1.1917632337665096,0.2329437311455608,0.5,0,-0.89510178565979,0.2900581359863281,1,6.300066392897583e-06,2.172092515101497,3.768412768372471,0,1,0.3439090062679204,0,1,fold_5
1130,sub10,rest1,51,51,0,-1.0008022707293127,0.26878371461372413,0.5,0,-0.75982266664505,0.31868478655815125,1,6.300066392897583e-06,2.172092515101497,3.768412768372471,0,1,0.5506126500183819,1,0,fold_5
1131,sub10,rest1,52,52,0,0.12014259784968351,0.5299995730444763,0.5,1,-0.7438148260116577,0.3221704959869385,1,6.300066392897583e-06,2.172092515101497,3.768412768372471,0,0,0.7612497706343525,1,0,fold_5
1132,sub10,rest1,53,53,0,1.7587629633833337,0.8530546623969454,0.5,1,-0.6053283214569092,0.3531256318092346,1,6.300066392897583e-06,2.172092515101497,3.768412768372471,0,0,0.8754709299945015,1,0,fold_5
1133,sub10,rest1,54,54,0,2.204971620145349,0.9006950764616356,0.5,1,-0.36490821838378906,0.4097719192504883,1,6.300066392897583e-06,2.172092515101497,3.768412768372471,0,0,0.855550475197516,1,0,fold_5
1134,sub10,rest1,55,55,0,1.9247128008549534,0.8726630511249236,0.5,1,-0.48638927936553955,0.3807445168495178,1,6.300066392897583e-06,2.172092515101497,3.768412768372471,0,0,0.6944716669713759,1,0,fold_5
1135,sub10,rest1,56,56,0,1.3448921220899719,0.7932932980059892,0.5,1,-0.5354611873626709,0.3692440688610077,1,6.300066392897583e-06,2.172092515101497,3.768412768372471,0,0,0.5045419487738513,1,0,fold_5
1136,sub10,rest1,57,57,0,-0.3332146652423939,0.41745865178321445,0.5,0,-0.6538693904876709,0.34211811423301697,1,6.300066392897583e-06,2.172092515101497,3.768412768372471,0,1,0.3192060498908205,0,1,fold_5
1137,sub10,rest1,58,58,0,-0.8336497817723391,0.3028738965323501,0.5,0,-0.441115140914917,0.39147526025772095,1,6.300066392897583e-06,2.172092515101497,3.768412768372471,0,1,0.25914836641538147,0,1,fold_5
1138,sub10,rest1,59,59,0,-1.1676191628679078,0.23728560135689716,0.5,0,-0.09050321578979492,0.4773896038532257,1,6.300066392897583e-06,2.172092515101497,3.768412768372471,0,1,0.23728560135689716,0,1,fold_5
1139,sub10,rest2,0,60,0,-1.8214676961978693,0.13925785424059864,0.5,0,-0.8339390754699707,0.3028128147125244,1,6.300066392897583e-06,2.172092515101497,3.768412768372471,1,0,0.1489615146081714,0,0,fold_5
1140,sub10,rest2,1,61,0,-1.7277239638057382,0.15087894130862825,0.5,0,-0.7183185815811157,0.3277633488178253,1,6.300066392897583e-06,2.172092515101497,3.768412768372471,1,0,0.18672999924361267,0,0,fold_5
1141,sub10,rest2,2,62,0,-1.682628329891447,0.15674774827528729,0.5,0,-0.7277359366416931,0.32569175958633423,1,6.300066392897583e-06,2.172092515101497,3.768412768372471,1,0,0.20093066926382316,0,0,fold_5
1142,sub10,rest2,3,63,0,-1.0849876658816147,0.25256330814692246,0.5,0,-0.8656198978424072,0.2961665391921997,1,6.300066392897583e-06,2.172092515101497,3.768412768372471,1,0,0.2053659592213072,0,0,fold_5
1143,sub10,rest2,4,64,0,-1.427548451083401,0.19348095136925963,0.5,0,-0.8781278133392334,0.29356586933135986,1,6.300066392897583e-06,2.172092515101497,3.768412768372471,1,0,0.1954215052785688,0,0,fold_5
1144,sub10,rest2,5,65,0,-1.5852473103350433,0.1700536181477395,0.5,0,-0.7866376638412476,0.3128910958766937,1,6.300066392897583e-06,2.172092515101497,3.768412768372471,1,0,0.32996193397932577,0,0,fold_5
1145,sub10,rest2,6,66,0,-1.2498278148699753,0.2227299463187072,0.5,0,-0.6871593594551086,0.33466529846191406,1,6.300066392897583e-06,2.172092515101497,3.768412768372471,1,0,0.5488839602995074,1,1,fold_5
1146,sub10,rest2,7,67,0,0.3934055120114347,0.5971022374715307,0.5,1,-0.7170796990394592,0.328036367893219,1,6.300066392897583e-06,2.172092515101497,3.768412768372471,1,1,0.7681438520320129,1,1,fold_5
1147,sub10,rest2,8,68,0,1.5632533858109665,0.826819697108284,0.5,1,-0.5194154977798462,0.37298890948295593,1,6.300066392897583e-06,2.172092515101497,3.768412768372471,1,1,0.8445482235521782,1,1,fold_5
1148,sub10,rest2,9,69,0,1.9972650018590496,0.8805096215162239,0.5,1,-0.4858325719833374,0.3808757960796356,1,6.300066392897583e-06,2.172092515101497,3.768412768372471,1,1,0.8151126931940987,1,1,fold_5
1149,sub10,rest2,10,70,0,1.559735195893384,0.8263153520320268,0.5,1,-0.6184645891189575,0.35013073682785034,1,6.300066392897583e-06,2.172092515101497,3.768412768372471,1,1,0.6756164829200842,1,1,fold_5
1150,sub10,rest2,11,71,0,1.0382546850721288,0.7385131060340459,0.5,1,-0.6135164499282837,0.35125747323036194,1,6.300066392897583e-06,2.172092515101497,3.768412768372471,1,1,0.5155038184375259,1,1,fold_5
1151,sub10,rest2,12,72,0,-0.15220921878783283,0.46202099069418023,0.5,0,-0.7827454209327698,0.3137284815311432,1,6.300066392897583e-06,2.172092515101497,3.768412768372471,1,0,0.343954469767755,0,0,fold_5
1152,sub10,rest2,13,73,0,-0.6367686354604378,0.3459773585843516,0.5,0,-0.8800581693649292,0.29316574335098267,1,6.300066392897583e-06,2.172092515101497,3.768412768372471,1,0,0.31162018147362036,0,0,fold_5
1153,sub10,rest2,14,74,0,-1.2432829370575127,0.22386506002473316,0.5,0,-0.838527262210846,0.3018450438976288,1,6.300066392897583e-06,2.172092515101497,3.768412768372471,1,0,0.327918098886418,0,0,fold_5
1154,sub10,rest2,15,75,0,-0.5536494417920342,0.36501812581177645,0.5,0,-0.7760772109031677,0.3151659369468689,1,6.300066392897583e-06,2.172092515101497,3.768412768372471,1,0,0.3563871368202171,0,0,fold_5
1155,sub10,rest2,16,76,0,-0.42688206536489437,0.3948711108227444,0.5,0,-0.7189769744873047,0.3276183009147644,1,6.300066392897583e-06,2.172092515101497,3.768412768372471,1,0,0.30800571812890243,0,0,fold_5
1156,sub10,rest2,17,77,0,-0.8035241515548931,0.3092721738261304,0.5,0,-0.7423832416534424,0.32248324155807495,1,6.300066392897583e-06,2.172092515101497,3.768412768372471,1,0,0.24257260579685178,0,0,fold_5
1157,sub10,rest2,18,78,0,-1.2664015495065584,0.21987386973783235,0.5,0,-0.765896737575531,0.31736740469932556,1,6.300066392897583e-06,2.172092515101497,3.768412768372471,1,0,0.21445195877880283,0,0,fold_5
1158,sub10,rest2,19,79,0,-1.3952448028986832,0.19857177382659252,0.5,0,-0.7305464148521423,0.32507482171058655,1,6.300066392897583e-06,2.172092515101497,3.768412768372471,1,0,0.24185932328201964,0,0,fold_5
1159,sub10,rest2,20,80,0,-1.237277494188358,0.22491023277198363,0.5,0,-0.7922391891479492,0.311688095331192,1,6.300066392897583e-06,2.172092515101497,3.768412768372471,1,0,0.27288748351327324,0,0,fold_5
1160,sub10,rest2,21,81,0,-0.8373368841503483,0.3020959632474828,0.5,0,-0.8236367702484131,0.3049922287464142,1,6.300066392897583e-06,2.172092515101497,3.768412768372471,1,0,0.26158413575554645,0,0,fold_5
1161,sub10,rest2,22,82,0,-0.887353593818121,0.29165625452035326,0.5,0,-0.7922754883766174,0.31168031692504883,1,6.300066392897583e-06,2.172092515101497,3.768412768372471,1,0,0.21810810934033276,0,0,fold_5
1162,sub10,rest2,23,83,0,-1.443524262633672,0.19100018949880335,0.5,0,-0.7537214756011963,0.3200109302997589,1,6.300066392897583e-06,2.172092515101497,3.768412768372471,1,0,0.19143303836665612,0,0,fold_5
1163,sub10,rest2,24,84,0,-1.573852476998263,0.1716678840018416,0.5,0,-0.7855933904647827,0.313115656375885,1,6.300066392897583e-06,2.172092515101497,3.768412768372471,1,0,0.24059464077849346,0,0,fold_5
1164,sub10,rest2,25,85,0,-1.315121812942606,0.21163104159932344,0.5,0,-0.69847571849823,0.33215025067329407,1,6.300066392897583e-06,2.172092515101497,3.768412768372471,1,0,0.26559078975251044,0,0,fold_5
1165,sub10,rest2,26,86,0,-0.6700528953952617,0.3384849967343153,0.5,0,-0.8030333518981934,0.3093770444393158,1,6.300066392897583e-06,2.172092515101497,3.768412768372471,1,0,0.26310884954058433,0,0,fold_5
1166,sub10,rest2,27,87,0,-1.1165255285243243,0.24665633092389247,0.5,0,-0.7904523611068726,0.3120715320110321,1,6.300066392897583e-06,2.172092515101497,3.768412768372471,1,0,0.20819750282638996,0,0,fold_5
1167,sub10,rest2,28,88,0,-1.3603389413048579,0.2041852209635452,0.5,0,-0.7974474430084229,0.3105717897415161,1,6.300066392897583e-06,2.172092515101497,3.768412768372471,1,0,0.21757067393956064,0,0,fold_5
1168,sub10,rest2,29,89,0,-1.5592732434205911,0.1737509565917323,0.5,0,-0.6243295073509216,0.34879741072654724,1,6.300066392897583e-06,2.172092515101497,3.768412768372471,1,0,0.24057790927890602,0,0,fold_5
1169,sub10,rest2,30,90,0,-0.9705251338817241,0.2747758442634044,0.5,0,-0.5487053394317627,0.36616483330726624,1,6.300066392897583e-06,2.172092515101497,3.768412768372471,1,0,0.2989589485421441,0,0,fold_5
1170,sub10,rest2,31,91,0,-0.9784123233228775,0.2732069269815814,0.5,0,-0.4513412117958069,0.389041930437088,1,6.300066392897583e-06,2.172092515101497,3.768412768372471,1,0,0.3029104193759706,0,0,fold_5
1171,sub10,rest2,32,92,0,-0.623903976803672,0.3488940743814465,0.5,0,-0.650629997253418,0.3428475856781006,1,6.300066392897583e-06,2.172092515101497,3.768412768372471,1,0,0.29158940380205467,0,0,fold_5
1172,sub10,rest2,33,93,0,-0.9118067787360421,0.2866302567648838,0.5,0,-0.7130526304244995,0.32892468571662903,1,6.300066392897583e-06,2.172092515101497,3.768412768372471,1,0,0.23082301884232315,0,0,fold_5
1173,sub10,rest2,34,94,0,-1.1568293819412636,0.23924388025983367,0.5,0,-0.8027327656745911,0.3094412684440613,1,6.300066392897583e-06,2.172092515101497,3.768412768372471,1,0,0.24439612791403845,0,0,fold_5
1174,sub10,rest2,35,95,0,-1.6099545809961886,0.1665949195022519,0.5,0,-0.7167520523071289,0.32810860872268677,1,6.300066392897583e-06,2.172092515101497,3.768412768372471,1,0,0.3783627360308861,0,0,fold_5
1175,sub10,rest2,36,96,0,-0.7201970893962372,0.32734958398002983,0.5,0,-0.8062939643859863,0.30868080258369446,1,6.300066392897583e-06,2.172092515101497,3.768412768372471,1,0,0.5678918839425927,1,1,fold_5
1176,sub10,rest2,37,97,0,0.5803316029974878,0.6411437046103765,0.5,1,-0.5850609540939331,0.3577689230442047,1,6.300066392897583e-06,2.172092515101497,3.768412768372471,1,1,0.6016321748470335,1,1,fold_5
1177,sub10,rest2,38,98,0,1.0210771557525855,0.7351823632373717,0.5,1,-0.4276599884033203,0.39468520879745483,1,6.300066392897583e-06,2.172092515101497,3.768412768372471,1,1,0.45553147138607614,0,0,fold_5
1178,sub10,rest2,39,99,0,-0.2876860409550514,0.42857045669335214,0.5,0,-0.7827901840209961,0.31371885538101196,1,6.300066392897583e-06,2.172092515101497,3.768412768372471,1,0,0.28437811570486143,0,0,fold_5
1179,sub10,rest2,40,100,0,-1.3686280611510837,0.2028415942275045,0.5,0,-0.8619195818901062,0.2969384491443634,1,6.300066392897583e-06,2.172092515101497,3.768412768372471,1,0,0.23598682339315777,0,0,fold_5
1180,sub10,rest2,41,101,0,-1.2556577254798855,0.22172229619372763,0.5,0,-0.7433934211730957,0.3222625255584717,1,6.300066392897583e-06,2.172092515101497,3.768412768372471,1,0,0.26336916422103,0,0,fold_5
1181,sub10,rest2,42,102,0,-0.9276753191518895,0.2833965797582412,0.5,0,-0.8304588794708252,0.30354803800582886,1,6.300066392897583e-06,2.172092515101497,3.768412768372471,1,0,0.2830870412707622,0,0,fold_5
1182,sub10,rest2,43,103,0,-0.9198492251445359,0.28498861671112113,0.5,0,-0.860654354095459,0.2972026467323303,1,6.300066392897583e-06,2.172092515101497,3.768412768372471,1,0,0.286801140780816,0,0,fold_5
1183,sub10,rest2,44,104,0,-0.9401208735176985,0.28087592734292416,0.5,0,-0.7900887131690979,0.31214961409568787,1,6.300066392897583e-06,2.172092515101497,3.768412768372471,1,0,0.3125374714025236,0,0,fold_5
1184,sub10,rest2,45,105,0,-0.8734406534091813,0.2945388782884027,0.5,0,-0.8489698767662048,0.2996490001678467,1,6.300066392897583e-06,2.172092515101497,3.768412768372471,1,0,0.35097253989577787,0,0,fold_5
1185,sub10,rest2,46,106,0,-0.5658385611250824,0.36219760857624383,0.5,0,-0.7884443998336792,0.31250280141830444,1,6.300066392897583e-06,2.172092515101497,3.768412768372471,1,0,0.44476062242971715,0,0,fold_5
1186,sub10,rest2,47,107,0,-0.4214027513858129,0.3961811328226869,0.5,0,-0.7337038516998291,0.3243824541568756,1,6.300066392897583e-06,2.172092515101497,3.768412768372471,1,0,0.5952348208333187,1,1,fold_5
1187,sub10,rest2,48,108,0,0.305977556523828,0.5759031258902209,0.5,1,-0.6792319416999817,0.3364327549934387,1,6.300066392897583e-06,2.172092515101497,3.768412768372471,1,1,0.7406722318437056,1,1,fold_5
1188,sub10,rest2,49,109,0,1.4737071700445397,0.8136202037870484,0.5,1,-0.646325945854187,0.34381794929504395,1,6.300066392897583e-06,2.172092515101497,3.768412768372471,1,1,0.8169615596330813,1,1,fold_5
1189,sub10,rest2,50,110,0,1.6034022955550267,0.8324933658538475,0.5,1,-0.5638790130615234,0.36265039443969727,1,6.300066392897583e-06,2.172092515101497,3.768412768372471,1,1,0.7242755311801125,1,1,fold_5
1190,sub10,rest2,51,111,0,1.4163852317864563,0.8047711092583476,0.5,1,-0.6899218559265137,0.3340504467487335,1,6.300066392897583e-06,2.172092515101497,3.768412768372471,1,1,0.5914269259087305,1,1,fold_5
1191,sub10,rest2,52,112,0,0.14248906646391482,0.5355621184281425,0.5,1,-0.7370433807373047,0.323650985956192,1,6.300066392897583e-06,2.172092515101497,3.768412768372471,1,1,0.4709151148901605,0,0,fold_5
1192,sub10,rest2,53,113,0,-0.2657630673300933,0.4339475500397015,0.5,0,-0.711320161819458,0.3293071985244751,1,6.300066392897583e-06,2.172092515101497,3.768412768372471,1,0,0.4016445299804114,0,0,fold_5
1193,sub10,rest2,54,114,0,-0.22804040428712782,0.4432356762026378,0.5,0,-0.6099671125411987,0.35206669569015503,1,6.300066392897583e-06,2.172092515101497,3.768412768372471,1,0,0.36438633335446324,0,0,fold_5
1194,sub10,rest2,55,115,0,-0.7183775218044229,0.3277503636988947,0.5,0,-0.7183286547660828,0.32776111364364624,1,6.300066392897583e-06,2.172092515101497,3.768412768372471,1,0,0.3087991733282583,0,0,fold_5
1195,sub10,rest2,56,116,0,-0.7438036072180447,0.32217296016185715,0.5,0,-0.7725062370300293,0.31593722105026245,1,6.300066392897583e-06,2.172092515101497,3.768412768372471,1,0,0.33525470612145386,0,0,fold_5
1196,sub10,rest2,57,117,0,-0.9620187174119001,0.2764741961240232,0.5,0,-0.7041944861412048,0.3308829069137573,1,6.300066392897583e-06,2.172092515101497,3.768412768372471,1,0,0.3753043179433289,0,0,fold_5
1197,sub10,rest2,58,118,0,-0.3758966213652022,0.4071169620784811,0.5,0,-0.5693835616111755,0.36137908697128296,1,6.300066392897583e-06,2.172092515101497,3.768412768372471,1,0,0.43058685111114875,0,0,fold_5
1198,sub10,rest2,59,119,0,-0.23174443976806922,0.4423217956274826,0.5,0,-0.36670029163360596,0.4093385636806488,1,6.300066392897583e-06,2.172092515101497,3.768412768372471,1,0,0.4423217956274826,0,0,fold_5
1319,sub12,rest1,0,0,0,-0.8054351517906072,0.30886408928412395,0.5,0,-0.7563291788101196,0.3194437623023987,1,4.996233245441678e-06,1.726317164453311,5.408432113107151,0,1,0.28454309948325185,0,1,fold_5
1320,sub12,rest1,1,1,0,-0.9138101714675897,0.2862207915047072,0.5,0,-0.7651559114456177,0.3175279200077057,1,4.996233245441678e-06,1.726317164453311,5.408432113107151,0,1,0.2688721084090666,0,1,fold_5
1321,sub12,rest1,2,2,0,-1.0535477496783274,0.2585444176609244,0.5,0,-0.7483346462249756,0.32118430733680725,1,4.996233245441678e-06,1.726317164453311,5.408432113107151,0,1,0.24682246042820988,0,1,fold_5
1322,sub12,rest1,3,3,0,-1.0363694610741259,0.26185111606156813,0.5,0,-0.8531486392021179,0.29877278208732605,1,4.996233245441678e-06,1.726317164453311,5.408432113107151,0,1,0.2607277193830458,0,1,fold_5
1323,sub12,rest1,4,4,0,-1.26524773031722,0.22007184756213702,0.5,0,-0.8009762763977051,0.30981671810150146,1,4.996233245441678e-06,1.726317164453311,5.408432113107151,0,1,0.30787634155499055,0,1,fold_5
1324,sub12,rest1,5,5,0,-0.8460591456379493,0.3002601945254322,0.5,0,-0.7845238447189331,0.31334570050239563,1,4.996233245441678e-06,1.726317164453311,5.408432113107151,0,1,0.37921461804806583,0,1,fold_5
1325,sub12,rest1,6,6,0,-0.3917463113456413,0.4032969825774025,0.5,0,-0.5689083337783813,0.3614887297153473,1,4.996233245441678e-06,1.726317164453311,5.408432113107151,0,1,0.43250580150921186,0,1,fold_5
1326,sub12,rest1,7,7,0,-0.2651966959822079,0.43408667704136294,0.5,0,-0.6434904336929321,0.3444579541683197,1,4.996233245441678e-06,1.726317164453311,5.408432113107151,0,1,0.4253981168492256,0,1,fold_5
1327,sub12,rest1,8,8,0,-0.15980423609894748,0.4601337449088702,0.5,0,-0.5136520862579346,0.374337762594223,1,4.996233245441678e-06,1.726317164453311,5.408432113107151,0,1,0.4101936276276108,0,1,fold_5
1328,sub12,rest1,9,9,0,-0.4811782867708399,0.3819739285974437,0.5,0,-0.5418113470077515,0.36776629090309143,1,4.996233245441678e-06,1.726317164453311,5.408432113107151,0,1,0.35550729774965445,0,1,fold_5
1329,sub12,rest1,10,10,0,-0.45373455719355643,0.38847320937651847,0.5,0,-0.6192134618759155,0.3499603569507599,1,4.996233245441678e-06,1.726317164453311,5.408432113107151,0,1,0.31603105772515067,0,1,fold_5
1330,sub12,rest1,11,11,0,-0.8660601900066822,0.29607475527500116,0.5,0,-0.7395449876785278,0.323103666305542,1,4.996233245441678e-06,1.726317164453311,5.408432113107151,0,1,0.2686770527419435,0,1,fold_5
1331,sub12,rest1,12,12,0,-1.0276229284782579,0.26354520852393243,0.5,0,-0.8655132055282593,0.2961887717247009,1,4.996233245441678e-06,1.726317164453311,5.408432113107151,0,1,0.29207569708212766,0,1,fold_5
1332,sub12,rest1,13,13,0,-1.117845205996669,0.2464111944268968,0.5,0,-0.7238314151763916,0.32654982805252075,1,4.996233245441678e-06,1.726317164453311,5.408432113107151,0,1,0.3187630006578537,0,1,fold_5
1333,sub12,rest1,14,14,0,-0.5482492645694627,0.36627068829555376,0.5,0,-0.49173927307128906,0.3794839382171631,1,4.996233245441678e-06,1.726317164453311,5.408432113107151,0,1,0.35163837035928136,0,1,fold_5
1334,sub12,rest1,15,15,0,-0.6472606037681244,0.3436071192511105,0.5,0,-0.6465474963188171,0.3437679708003998,1,4.996233245441678e-06,1.726317164453311,5.408432113107151,0,1,0.3474080816648304,0,1,fold_5
1335,sub12,rest1,16,16,0,-0.6409257446939499,0.3450373035311797,0.5,0,-0.8480534553527832,0.29984134435653687,1,4.996233245441678e-06,1.726317164453311,5.408432113107151,0,1,0.36380240710427286,0,1,fold_5
1336,sub12,rest1,17,17,1,-0.9315402864594874,0.28261232828777927,0.5,0,-0.8085062503814697,0.3082089126110077,1,4.996233245441678e-06,1.726317164453311,5.408432113107151,0,1,,,,fold_5
1337,sub12,rest1,18,18,0,-0.6033404571009914,0.35357982221220113,0.5,0,-0.6800534725189209,0.33624938130378723,1,4.996233245441678e-06,1.726317164453311,5.408432113107151,0,1,0.369780261899413,0,1,fold_5
1338,sub12,rest1,19,19,0,-0.43559917637593726,0.3927900955694377,0.5,0,-0.6445561051368713,0.34421733021736145,1,4.996233245441678e-06,1.726317164453311,5.408432113107151,0,1,0.3562574866096139,0,1,fold_5
1339,sub12,rest1,20,20,0,-0.5624928104103007,0.3629708679166,0.5,0,-0.6301353573799133,0.34747985005378723,1,4.996233245441678e-06,1.726317164453311,5.408432113107151,0,1,0.29488832068530585,0,1,fold_5
1340,sub12,rest1,21,21,0,-0.7860776385635254,0.313011496342804,0.5,0,-0.7414931058883667,0.32267770171165466,1,4.996233245441678e-06,1.726317164453311,5.408432113107151,0,1,0.24024049014177384,0,1,fold_5
1341,sub12,rest1,22,22,0,-1.3328847275044573,0.20868259779651352,0.5,0,-0.8654066324234009,0.29621097445487976,1,4.996233245441678e-06,1.726317164453311,5.408432113107151,0,1,0.20077753545036092,0,1,fold_5
1342,sub12,rest1,23,23,0,-1.3923843843097208,0.19902737628600398,0.5,0,-0.8260688781738281,0.30447691679000854,1,4.996233245441678e-06,1.726317164453311,5.408432113107151,0,1,0.20376575839714559,0,1,fold_5
1343,sub12,rest1,24,24,0,-1.4202484828939717,0.1946226322685652,0.5,0,-0.7206828594207764,0.3272426128387451,1,4.996233245441678e-06,1.726317164453311,5.408432113107151,0,1,0.20329974129169193,0,1,fold_5
1344,sub12,rest1,25,25,1,-1.4234589684256593,0.19411989911118288,0.5,0,-0.6840835809707642,0.33535051345825195,1,4.996233245441678e-06,1.726317164453311,5.408432113107151,0,1,,,,fold_5
1345,sub12,rest1,26,26,0,-1.2794299951338384,0.21764726663686756,0.5,0,-0.7801199555397034,0.3142940104007721,1,4.996233245441678e-06,1.726317164453311,5.408432113107151,0,1,0.22531906988820516,0,1,fold_5
1346,sub12,rest1,27,27,0,-1.4011775093880017,0.19762932496964297,0.5,0,-0.7733951210975647,0.31574511528015137,1,4.996233245441678e-06,1.726317164453311,5.408432113107151,0,1,0.2543374929972309,0,1,fold_5
1347,sub12,rest1,28,28,0,-1.0424340364252838,0.26068061805810494,0.5,0,-0.7621439099311829,0.31818097829818726,1,4.996233245441678e-06,1.726317164453311,5.408432113107151,0,1,0.30113735065630626,0,1,fold_5
1348,sub12,rest1,29,29,0,-0.8250037510244109,0.30470253596394486,0.5,0,-0.6865489482879639,0.33480122685432434,1,4.996233245441678e-06,1.726317164453311,5.408432113107151,0,1,0.28512238374146315,0,1,fold_5
1349,sub12,rest1,30,30,0,-0.672090513783897,0.33802889794686897,0.5,0,-0.7036842703819275,0.3309958875179291,1,4.996233245441678e-06,1.726317164453311,5.408432113107151,0,1,0.2597480084755915,0,1,fold_5
1350,sub12,rest1,31,31,0,-1.3091105621891177,0.21263571731357556,0.5,0,-0.7547335624694824,0.3197907507419586,1,4.996233245441678e-06,1.726317164453311,5.408432113107151,0,1,0.25416914954296627,0,1,fold_5
1351,sub12,rest1,32,32,0,-1.216350058891036,0.2285794101663299,0.5,0,-0.6916102170944214,0.33367496728897095,1,4.996233245441678e-06,1.726317164453311,5.408432113107151,0,1,0.3259776341199236,0,1,fold_5
1352,sub12,rest1,33,33,0,-0.7478391511856713,0.3212923211489934,0.5,0,-0.8896712064743042,0.2911776900291443,1,4.996233245441678e-06,1.726317164453311,5.408432113107151,0,1,0.3282099782926969,0,1,fold_5
1353,sub12,rest1,34,34,1,0.17750381738541474,0.5442598052863946,0.5,0,-0.7594281435012817,0.3187704384326935,1,4.996233245441678e-06,1.726317164453311,5.408432113107151,0,1,,,,fold_5
1354,sub12,rest1,35,35,0,-0.28976593490533237,0.4280611710444475,0.5,0,-0.7890360951423645,0.31237566471099854,1,4.996233245441678e-06,1.726317164453311,5.408432113107151,0,1,0.2884260813643637,0,1,fold_5
1355,sub12,rest1,36,36,0,-1.1787532308986974,0.23527644268464978,0.5,0,-0.8689199686050415,0.29547908902168274,1,4.996233245441678e-06,1.726317164453311,5.408432113107151,0,1,0.20093111126245833,0,1,fold_5
1356,sub12,rest1,37,37,0,-1.3742092476101955,0.20194063036399387,0.5,0,-0.8878660202026367,0.2915503978729248,1,4.996233245441678e-06,1.726317164453311,5.408432113107151,0,1,0.19517375196678913,0,1,fold_5
1357,sub12,rest1,38,38,0,-1.6173094753303332,0.16557626073873127,0.5,0,-0.7735141515731812,0.3157194256782532,1,4.996233245441678e-06,1.726317164453311,5.408432113107151,0,1,0.1891934995023968,0,1,fold_5
1358,sub12,rest1,39,39,0,-1.2773340743508863,0.21800436479764232,0.5,0,-0.6400377750396729,0.34523800015449524,1,4.996233245441678e-06,1.726317164453311,5.408432113107151,0,1,0.2363007346081121,0,1,fold_5
1359,sub12,rest1,40,40,0,-1.4894794434043621,0.18399987297081674,0.5,0,-0.7239621877670288,0.3265210688114166,1,4.996233245441678e-06,1.726317164453311,5.408432113107151,0,1,0.2869404969255175,0,1,fold_5
1360,sub12,rest1,41,41,0,-0.8146618892606629,0.30689796605587727,0.5,0,-0.8142614364624023,0.3069831430912018,1,4.996233245441678e-06,1.726317164453311,5.408432113107151,0,1,0.31666121741425496,0,1,fold_5
1361,sub12,rest1,42,42,1,-0.7923367403793049,0.3116671462986543,0.5,0,-0.812997579574585,0.30725210905075073,1,4.996233245441678e-06,1.726317164453311,5.408432113107151,0,1,,,,fold_5
1362,sub12,rest1,43,43,0,-0.5325443620177076,0.3699236517498584,0.5,0,-0.7500075101852417,0.3208196461200714,1,4.996233245441678e-06,1.726317164453311,5.408432113107151,0,1,0.3025844961100357,0,1,fold_5
1363,sub12,rest1,44,44,0,-0.9786384199101673,0.27316203443702924,0.5,0,-0.737250566482544,0.32360565662384033,1,4.996233245441678e-06,1.726317164453311,5.408432113107151,0,1,0.24696014463719984,0,1,fold_5
1364,sub12,rest1,45,45,0,-1.021846904194891,0.26466780214321944,0.5,0,-0.7983214855194092,0.31038469076156616,1,4.996233245441678e-06,1.726317164453311,5.408432113107151,0,1,0.2168816296712588,0,1,fold_5
1365,sub12,rest1,46,46,0,-1.3673359961206717,0.2030505973313508,0.5,0,-0.7841514348983765,0.31342583894729614,1,4.996233245441678e-06,1.726317164453311,5.408432113107151,0,1,0.1821849777942238,0,1,fold_5
1366,sub12,rest1,47,47,0,-1.4966446912639046,0.18292648953920612,0.5,0,-0.7570237517356873,0.3192927837371826,1,4.996233245441678e-06,1.726317164453311,5.408432113107151,0,1,0.18537831428830845,0,1,fold_5
1367,sub12,rest1,48,48,0,-1.653934892621491,0.16057784651211449,0.5,0,-0.752526581287384,0.32027101516723633,1,4.996233245441678e-06,1.726317164453311,5.408432113107151,0,1,0.23705544133781623,0,1,fold_5
1368,sub12,rest1,49,49,0,-1.3091410871610423,0.21263060681360477,0.5,0,-0.8132302761077881,0.3072025775909424,1,4.996233245441678e-06,1.726317164453311,5.408432113107151,0,1,0.30663254426503306,0,1,fold_5
1369,sub12,rest1,50,50,0,-0.6724079485778917,0.33795787068772937,0.5,0,-0.8381892442703247,0.3019162714481354,1,4.996233245441678e-06,1.726317164453311,5.408432113107151,0,1,0.33297836270710174,0,1,fold_5
1370,sub12,rest1,51,51,0,-0.5351816849906955,0.3693091552937651,0.5,0,-0.868081271648407,0.29565370082855225,1,4.996233245441678e-06,1.726317164453311,5.408432113107151,0,1,0.2910678296733057,0,1,fold_5
1371,sub12,rest1,52,52,0,-0.8872964404513239,0.2916680621398107,0.5,0,-0.8359692096710205,0.3023843765258789,1,4.996233245441678e-06,1.726317164453311,5.408432113107151,0,1,0.2392918896293834,0,1,fold_5
1372,sub12,rest1,53,53,0,-1.3115578776444463,0.21222627158634122,0.5,0,-0.8075289130210876,0.30841732025146484,1,4.996233245441678e-06,1.726317164453311,5.408432113107151,0,1,0.22633287186598947,0,1,fold_5
1373,sub12,rest1,54,54,0,-1.3010917464115965,0.21398133516199822,0.5,0,-0.8152604103088379,0.3067706823348999,1,4.996233245441678e-06,1.726317164453311,5.408432113107151,0,1,0.30189633339427707,0,1,fold_5
1374,sub12,rest1,55,55,0,-1.083781824585565,0.2527910088496289,0.5,0,-0.9382606744766235,0.28125181794166565,1,4.996233245441678e-06,1.726317164453311,5.408432113107151,0,1,0.3625055596411695,0,1,fold_5
1375,sub12,rest1,56,56,0,-0.24555991167980135,0.438916656171204,0.5,0,-0.8009044528007507,0.30983206629753113,1,4.996233245441678e-06,1.726317164453311,5.408432113107151,0,1,0.3812023614896556,0,1,fold_5
1376,sub12,rest1,57,57,0,-0.42295854330974025,0.39580901390267564,0.5,0,-0.7191433906555176,0.32758164405822754,1,4.996233245441678e-06,1.726317164453311,5.408432113107151,0,1,0.3224783704533441,0,1,fold_5
1377,sub12,rest1,58,58,0,-0.8053539924683099,0.308881414395087,0.5,0,-0.5506242513656616,0.36571958661079407,1,4.996233245441678e-06,1.726317164453311,5.408432113107151,0,1,0.2781235935065421,0,1,fold_5
1378,sub12,rest1,59,59,0,-1.0317514856976076,0.2627446830622696,0.5,0,-0.26903319358825684,0.4331444501876831,1,4.996233245441678e-06,1.726317164453311,5.408432113107151,0,1,0.2627446830622696,0,1,fold_5
1379,sub12,rest2,0,60,0,0.5558629749031959,0.6354947732003973,0.5,1,-0.47541654109954834,0.38333502411842346,1,4.996233245441678e-06,1.726317164453311,5.408432113107151,1,1,0.6930856495481561,1,1,fold_5
1380,sub12,rest2,1,61,0,0.8044555474103744,0.6909267583008385,0.5,1,-0.47234851121902466,0.3840605318546295,1,4.996233245441678e-06,1.726317164453311,5.408432113107151,1,1,0.7437492346449252,1,1,fold_5
1381,sub12,rest2,2,62,0,1.1137921922933889,0.7528354171432327,0.5,1,-0.32257866859436035,0.42004746198654175,1,4.996233245441678e-06,1.726317164453311,5.408432113107151,1,1,0.777771598638647,1,1,fold_5
1382,sub12,rest2,3,63,0,1.3098349067452935,0.7874855284907042,0.5,1,-0.2630552053451538,0.43461281061172485,1,4.996233245441678e-06,1.726317164453311,5.408432113107151,1,1,0.792806094451172,1,1,fold_5
1383,sub12,rest2,4,64,0,1.3430669649943379,0.792993850282004,0.5,1,-0.16581881046295166,0.45864003896713257,1,4.996233245441678e-06,1.726317164453311,5.408432113107151,1,1,0.7832358764898597,1,1,fold_5
1384,sub12,rest2,5,65,0,1.3734619296013073,0.797938904580808,0.5,1,-0.35692453384399414,0.41170427203178406,1,4.996233245441678e-06,1.726317164453311,5.408432113107151,1,1,0.7639985958734528,1,1,fold_5
1385,sub12,rest2,6,66,0,1.1459744977777102,0.7587748746067672,0.5,1,-0.4602910280227661,0.38691678643226624,1,4.996233245441678e-06,1.726317164453311,5.408432113107151,1,1,0.7482994898237362,1,1,fold_5
1386,sub12,rest2,7,67,0,1.0215890339906737,0.735282008432783,0.5,1,-0.31917572021484375,0.4208766222000122,1,4.996233245441678e-06,1.726317164453311,5.408432113107151,1,1,0.7215896488636483,1,1,fold_5
1387,sub12,rest2,8,68,0,1.103105799426314,0.7508415864316585,0.5,1,-0.3121774196624756,0.42258334159851074,1,4.996233245441678e-06,1.726317164453311,5.408432113107151,1,1,0.6720437642625594,1,1,fold_5
1388,sub12,rest2,9,69,0,0.7475533448824837,0.6786453517265032,0.5,1,-0.3933185338973999,0.4029186964035034,1,4.996233245441678e-06,1.726317164453311,5.408432113107151,1,1,0.6000362193183632,1,1,fold_5
1389,sub12,rest2,10,70,0,0.35011041755024586,0.5866443546295166,0.5,1,-0.5306760668754578,0.3703592121601105,1,4.996233245441678e-06,1.726317164453311,5.408432113107151,1,1,0.6117776844662991,1,1,fold_5
1390,sub12,rest2,11,71,0,0.13950160018736354,0.5348189515990694,0.5,1,-0.6933695077896118,0.333283931016922,1,4.996233245441678e-06,1.726317164453311,5.408432113107151,1,1,0.6669358300009187,1,1,fold_5
1391,sub12,rest2,12,72,0,0.9142533821476683,0.7138697471703114,0.5,1,-0.5771456360816956,0.3595896363258362,1,4.996233245441678e-06,1.726317164453311,5.408432113107151,1,1,0.7565128548702913,1,1,fold_5
1392,sub12,rest2,13,73,0,1.10994464403947,0.7521187912333752,0.5,1,-0.4942469596862793,0.37889358401298523,1,4.996233245441678e-06,1.726317164453311,5.408432113107151,1,1,0.7508328522897671,1,1,fold_5
1393,sub12,rest2,14,74,0,1.4086316310087332,0.8035500262071874,0.5,1,-0.2390894889831543,0.4405107796192169,1,4.996233245441678e-06,1.726317164453311,5.408432113107151,1,1,0.763395278050026,1,1,fold_5
1394,sub12,rest2,15,75,0,0.8322465408639107,0.6968297394287387,0.5,1,-0.45338237285614014,0.3885568678379059,1,4.996233245441678e-06,1.726317164453311,5.408432113107151,1,1,0.7445470620948157,1,1,fold_5
1395,sub12,rest2,16,76,0,1.3237568445966488,0.7898060685141517,0.5,1,-0.37476301193237305,0.40739062428474426,1,4.996233245441678e-06,1.726317164453311,5.408432113107151,1,1,0.7830558032356497,1,1,fold_5
1396,sub12,rest2,17,77,0,1.0827041547941203,0.7470053783415562,0.5,1,-0.42885035276412964,0.39440086483955383,1,4.996233245441678e-06,1.726317164453311,5.408432113107151,1,1,0.7549348248830753,1,1,fold_5
1397,sub12,rest2,18,78,0,1.4653918733737565,0.8123559628512413,0.5,1,-0.3255428075790405,0.41932547092437744,1,4.996233245441678e-06,1.726317164453311,5.408432113107151,1,1,0.7319109991139805,1,1,fold_5
1398,sub12,rest2,19,79,0,0.8733540837710844,0.7054431334564285,0.5,1,-0.4233510494232178,0.3957151472568512,1,4.996233245441678e-06,1.726317164453311,5.408432113107151,1,1,0.692116791585964,1,1,fold_5
1399,sub12,rest2,20,80,0,0.7442929913187389,0.6779339010342715,0.5,1,-0.4865145683288574,0.38071495294570923,1,4.996233245441678e-06,1.726317164453311,5.408432113107151,1,1,0.6666192687113871,1,1,fold_5
1400,sub12,rest2,21,81,0,0.8140569450795894,0.692973340267192,0.5,1,-0.5053544044494629,0.376283198595047,1,4.996233245441678e-06,1.726317164453311,5.408432113107151,1,1,0.6624437668214656,1,1,fold_5
1401,sub12,rest2,22,82,0,0.527717358181038,0.6289505648326976,0.5,1,-0.5525935888290405,0.36526286602020264,1,4.996233245441678e-06,1.726317164453311,5.408432113107151,1,1,0.6162299643310433,1,1,fold_5
1402,sub12,rest2,23,83,0,0.6874857914833372,0.6654073953645069,0.5,1,-0.511197030544281,0.37491294741630554,1,4.996233245441678e-06,1.726317164453311,5.408432113107151,1,1,0.6385884967042322,1,1,fold_5
1403,sub12,rest2,24,84,0,0.21818923299993062,0.5543319327959252,0.5,1,-0.5015782117843628,0.3771698772907257,1,4.996233245441678e-06,1.726317164453311,5.408432113107151,1,1,0.6564318793914962,1,1,fold_5
1404,sub12,rest2,25,85,0,0.8284456099904178,0.6960261619522646,0.5,1,-0.5945869088172913,0.3555831015110016,1,4.996233245441678e-06,1.726317164453311,5.408432113107151,1,1,0.7406883271733617,1,1,fold_5
1405,sub12,rest2,26,86,0,0.9391975780363763,0.7189375434262987,0.5,1,-0.6459581255912781,0.3439009487628937,1,4.996233245441678e-06,1.726317164453311,5.408432113107151,1,1,0.7841255012370164,1,1,fold_5
1406,sub12,rest2,27,87,0,1.4312838531435141,0.807101276141522,0.5,1,-0.37855005264282227,0.4064766466617584,1,4.996233245441678e-06,1.726317164453311,5.408432113107151,1,1,0.8236759451471047,1,1,fold_5
1407,sub12,rest2,28,88,0,1.5598908084294842,0.8263376841432285,0.5,1,-0.2762272357940674,0.43137896060943604,1,4.996233245441678e-06,1.726317164453311,5.408432113107151,1,1,0.8223366977140175,1,1,fold_5
1408,sub12,rest2,29,89,0,1.6403964495469716,0.8375888751565637,0.5,1,-0.2582324743270874,0.4357982873916626,1,4.996233245441678e-06,1.726317164453311,5.408432113107151,1,1,0.810712292961774,1,1,fold_5
1409,sub12,rest2,30,90,0,1.40567912658128,0.8030835338422601,0.5,1,-0.38112950325012207,0.4058544933795929,1,4.996233245441678e-06,1.726317164453311,5.408432113107151,1,1,0.7451563225972881,1,1,fold_5
1410,sub12,rest2,31,91,0,1.333775553780431,0.7914644698864987,0.5,1,-0.4818175435066223,0.38182303309440613,1,4.996233245441678e-06,1.726317164453311,5.408432113107151,1,1,0.6865115499216233,1,1,fold_5
1411,sub12,rest2,32,92,0,0.5793636282542635,0.6409209640631058,0.5,1,-0.6096130013465881,0.35214748978614807,1,4.996233245441678e-06,1.726317164453311,5.408432113107151,1,1,0.6336540104492743,1,1,fold_5
1412,sub12,rest2,33,93,0,0.5200061988703514,0.6271492158152657,0.5,1,-0.5989923477172852,0.3545742332935333,1,4.996233245441678e-06,1.726317164453311,5.408432113107151,1,1,0.6621661123622853,1,1,fold_5
1413,sub12,rest2,34,94,0,0.5446430694996479,0.6328918514694514,0.5,1,-0.5788377523422241,0.35920006036758423,1,4.996233245441678e-06,1.726317164453311,5.408432113107151,1,1,0.6950537990933054,1,1,fold_5
1414,sub12,rest2,35,95,0,0.976721820380212,0.7264572698021386,0.5,1,-0.48762965202331543,0.38045209646224976,1,4.996233245441678e-06,1.726317164453311,5.408432113107151,1,1,0.6969943826703108,1,1,fold_5
1415,sub12,rest2,36,96,0,0.9734784125428215,0.7258122760083264,0.5,1,-0.5079156160354614,0.3756822645664215,1,4.996233245441678e-06,1.726317164453311,5.408432113107151,1,1,0.618955571448025,1,1,fold_5
1416,sub12,rest2,37,97,0,0.5697851675323208,0.6387136022004675,0.5,1,-0.6517561674118042,0.3425939083099365,1,4.996233245441678e-06,1.726317164453311,5.408432113107151,1,1,0.506258640626478,1,1,fold_5
1417,sub12,rest2,38,98,0,-0.03063905210526914,0.49234083613528123,0.5,0,-0.7159696817398071,0.32828110456466675,1,4.996233245441678e-06,1.726317164453311,5.408432113107151,1,0,0.45578039578160284,0,0,fold_5
1418,sub12,rest2,39,99,0,-0.45690001529358365,0.387721483543685,0.5,0,-0.8554732203483582,0.29828599095344543,1,4.996233245441678e-06,1.726317164453311,5.408432113107151,1,0,0.4783768491076268,0,0,fold_5
1419,sub12,rest2,40,100,0,-0.05089551293789063,0.4872788676658422,0.5,0,-0.7206783294677734,0.3272436559200287,1,4.996233245441678e-06,1.726317164453311,5.408432113107151,1,0,0.5566034803237585,1,1,fold_5
1420,sub12,rest2,41,101,0,0.2416904668988641,0.5601301961133531,0.5,1,-0.5097916126251221,0.3752423822879791,1,4.996233245441678e-06,1.726317164453311,5.408432113107151,1,1,0.5860753226965869,1,1,fold_5
1421,sub12,rest2,42,102,0,0.4997533985340389,0.6224013771920802,0.5,1,-0.30036330223083496,0.42546865344047546,1,4.996233245441678e-06,1.726317164453311,5.408432113107151,1,1,0.6043631748852797,1,1,fold_5
1422,sub12,rest2,43,103,0,0.3051229926638887,0.5756943947843275,0.5,1,-0.19422650337219238,0.4515954554080963,1,4.996233245441678e-06,1.726317164453311,5.408432113107151,1,1,0.6238044015027057,1,1,fold_5
1423,sub12,rest2,44,104,0,0.4683525485472934,0.6149937526794315,0.5,1,-0.2588958740234375,0.43563514947891235,1,4.996233245441678e-06,1.726317164453311,5.408432113107151,1,1,0.6705702491951073,1,1,fold_5
1424,sub12,rest2,45,105,0,0.7571058687637893,0.6807250570443583,0.5,1,-0.48657190799713135,0.38070148229599,1,4.996233245441678e-06,1.726317164453311,5.408432113107151,1,1,0.717537007516901,1,1,fold_5
1425,sub12,rest2,46,106,0,0.9246662813575393,0.7159919378615324,0.5,1,-0.5626752972602844,0.36292868852615356,1,4.996233245441678e-06,1.726317164453311,5.408432113107151,1,1,0.7463125746655517,1,1,fold_5
1426,sub12,rest2,47,107,0,1.1302987473433543,0.7558940276448125,0.5,1,-0.5243124961853027,0.3718443512916565,1,4.996233245441678e-06,1.726317164453311,5.408432113107151,1,1,0.7645323908747503,1,1,fold_5
1427,sub12,rest2,48,108,0,1.1917379913792092,0.7670517584903099,0.5,1,-0.3988947868347168,0.4015779197216034,1,4.996233245441678e-06,1.726317164453311,5.408432113107151,1,1,0.7488913600744679,1,1,fold_5
1428,sub12,rest2,49,109,0,1.2119929379808416,0.7706513864891288,0.5,1,-0.5044348835945129,0.3764990568161011,1,4.996233245441678e-06,1.726317164453311,5.408432113107151,1,1,0.7278391258979809,1,1,fold_5
1429,sub12,rest2,50,110,0,0.8903913906070486,0.7089709352439648,0.5,1,-0.6311073303222656,0.3472594916820526,1,4.996233245441678e-06,1.726317164453311,5.408432113107151,1,1,0.7248073970919128,1,1,fold_5
1430,sub12,rest2,51,111,0,0.8659153446466642,0.7038950559608492,0.5,1,-0.6265641450881958,0.34828999638557434,1,4.996233245441678e-06,1.726317164453311,5.408432113107151,1,1,0.7524317489140967,1,1,fold_5
1431,sub12,rest2,52,112,0,1.161230328561667,0.761556200070924,0.5,1,-0.4107532501220703,0.398731529712677,1,4.996233245441678e-06,1.726317164453311,5.408432113107151,1,1,0.7743749811961339,1,1,fold_5
1432,sub12,rest2,53,113,0,1.3360765477655538,0.791843990710517,0.5,1,-0.3099486827850342,0.42312726378440857,1,4.996233245441678e-06,1.726317164453311,5.408432113107151,1,1,0.7822320367296779,1,1,fold_5
1433,sub12,rest2,54,114,0,1.2067576667126472,0.7697247528069605,0.5,1,-0.29165422916412354,0.4275989532470703,1,4.996233245441678e-06,1.726317164453311,5.408432113107151,1,1,0.7694739783242893,1,1,fold_5
1434,sub12,rest2,55,115,0,1.295800505694142,0.7851273666715559,0.5,1,-0.23864805698394775,0.4406195282936096,1,4.996233245441678e-06,1.726317164453311,5.408432113107151,1,1,0.7786846601866896,1,1,fold_5
1435,sub12,rest2,56,116,0,1.1177429425017025,0.7535698154943518,0.5,1,-0.3855295181274414,0.40479394793510437,1,4.996233245441678e-06,1.726317164453311,5.408432113107151,1,1,0.7604952846158568,1,1,fold_5
1436,sub12,rest2,57,117,0,1.369855450348771,0.7973567983941611,0.5,1,-0.45797252655029297,0.3874669373035431,1,4.996233245441678e-06,1.726317164453311,5.408432113107151,1,1,0.7515600485791759,1,1,fold_5
1437,sub12,rest2,58,118,0,0.9974617711199726,0.7305592399590575,0.5,1,-0.4578191041946411,0.3875032961368561,1,4.996233245441678e-06,1.726317164453311,5.408432113107151,1,1,0.728029151575892,1,1,fold_5
1438,sub12,rest2,59,119,0,0.9782664532541279,0.7267641073843091,0.5,1,-0.24348831176757812,0.43942686915397644,1,4.996233245441678e-06,1.726317164453311,5.408432113107151,1,1,0.7267641073843091,1,1,fold_5
