sample_index,subject_id,session,window_index,local_index,calibration_anchor,logit,score,threshold,y_pred,network_logit,network_score,positive_above_threshold,anchor_embedding_norm,rest_cluster_center_norm,state_cluster_center_norm,y_true,correct,smoothed_score,smoothed_y_pred,smoothed_correct,fold_id
170,sub3,rest01,0,0,0,-0.9968193677006179,0.2695672310229879,0.5,0,-0.5974017381668091,0.3549383580684662,1,5.63671281356018e-06,2.646759032133662,9.854833418173184,0,1,0.3662981107375978,0,1,fold_1
171,sub3,rest01,1,1,0,-0.5474598926100014,0.3664539338635255,0.5,0,-0.551600992679596,0.3654930591583252,1,5.63671281356018e-06,2.646759032133662,9.854833418173184,0,1,0.3932732431103205,0,1,fold_1
172,sub3,rest01,2,2,0,-0.14878117419690154,0.46287316732628014,0.5,0,-0.4472755789756775,0.39000868797302246,1,5.63671281356018e-06,2.646759032133662,9.854833418173184,0,1,0.35851287214243976,0,1,fold_1
173,sub3,rest01,3,3,0,-0.616874512252434,0.35049262814115595,0.5,0,-0.6668097972869873,0.3392115533351898,1,5.63671281356018e-06,2.646759032133662,9.854833418173184,0,1,0.3075092215122632,0,1,fold_1
174,sub3,rest01,4,4,0,-1.0347057141444742,0.26217282095988315,0.5,0,-0.7477491497993469,0.32131195068359375,1,5.63671281356018e-06,2.646759032133662,9.854833418173184,0,1,0.30622481949177455,0,1,fold_1
175,sub3,rest01,5,5,0,-0.8007635330921665,0.30986221543575054,0.5,0,-0.8535517454147339,0.2986883223056793,1,5.63671281356018e-06,2.646759032133662,9.854833418173184,0,1,0.27712308250931755,0,1,fold_1
176,sub3,rest01,6,6,0,-0.633844053361229,0.3466394220796899,0.5,0,-0.8021284937858582,0.30957040190696716,1,5.63671281356018e-06,2.646759032133662,9.854833418173184,0,1,0.22981845727622682,0,1,fold_1
177,sub3,rest01,7,7,1,-1.0658880475817665,0.2561858500020706,0.5,0,-1.0553361177444458,0.2582017183303833,1,5.63671281356018e-06,2.646759032133662,9.854833418173184,0,1,,,,fold_1
178,sub3,rest01,8,8,0,-1.551514672764403,0.1748676100125121,0.5,0,-0.8750103116035461,0.29421281814575195,1,5.63671281356018e-06,2.646759032133662,9.854833418173184,0,1,0.20942417261844856,0,1,fold_1
179,sub3,rest01,9,9,0,-1.6002381000101107,0.16794833973647852,0.5,0,-0.7917324304580688,0.31179681420326233,1,5.63671281356018e-06,2.646759032133662,9.854833418173184,0,1,0.273712289195883,0,1,fold_1
180,sub3,rest01,10,10,0,-0.9175538901359566,0.285456568106355,0.5,0,-0.8323189616203308,0.30315494537353516,1,5.63671281356018e-06,2.646759032133662,9.854833418173184,0,1,0.27648640562109467,0,1,fold_1
181,sub3,rest01,11,11,1,-0.3787655743538303,0.4064246599885385,0.5,0,-0.666171669960022,0.33935460448265076,1,5.63671281356018e-06,2.646759032133662,9.854833418173184,0,1,,,,fold_1
182,sub3,rest01,12,12,0,-0.541959116043836,0.3677319597448155,0.5,0,-0.760353684425354,0.31856948137283325,1,5.63671281356018e-06,2.646759032133662,9.854833418173184,0,1,0.2588452125901584,0,1,fold_1
183,sub3,rest01,13,13,0,-1.5418211505876132,0.17627068901211357,0.5,0,-0.9878526329994202,0.2713364064693451,1,5.63671281356018e-06,2.646759032133662,9.854833418173184,0,1,0.21983865727574323,0,1,fold_1
184,sub3,rest01,14,14,1,-1.5984614430614505,0.16819675927751754,0.5,0,-0.9334980845451355,0.28221556544303894,1,5.63671281356018e-06,2.646759032133662,9.854833418173184,0,1,,,,fold_1
185,sub3,rest01,15,15,0,-1.194063392916973,0.2325329890135463,0.5,0,-0.9159192442893982,0.2857900857925415,1,5.63671281356018e-06,2.646759032133662,9.854833418173184,0,1,0.22474713464646925,0,1,fold_1
186,sub3,rest01,16,16,0,-1.0948169883249086,0.25071229380156973,0.5,0,-0.8950690627098083,0.29006487131118774,1,5.63671281356018e-06,2.646759032133662,9.854833418173184,0,1,0.22701884079869802,0,1,fold_1
187,sub3,rest01,17,17,0,-1.4435505921111333,0.19099612112429173,0.5,0,-0.8856452107429504,0.2920093238353729,1,5.63671281356018e-06,2.646759032133662,9.854833418173184,0,1,0.29677539805608855,0,1,fold_1
188,sub3,rest01,18,18,1,-1.5223405293982326,0.1791171230913683,0.5,0,-0.7871596813201904,0.31277886033058167,1,5.63671281356018e-06,2.646759032133662,9.854833418173184,0,1,,,,fold_1
189,sub3,rest01,19,19,0,-1.1562568100969683,0.23934810747023258,0.5,0,-0.8163071274757385,0.3065481185913086,1,5.63671281356018e-06,2.646759032133662,9.854833418173184,0,1,0.43867679197971327,0,1,fold_1
190,sub3,rest01,20,20,0,-0.1604152526461954,0.4599819655737413,0.5,0,-0.42367082834243774,0.39563867449760437,1,5.63671281356018e-06,2.646759032133662,9.854833418173184,0,1,0.5647647504093308,1,0,fold_1
191,sub3,rest01,21,21,0,0.47556599099594943,0.6167003028951661,0.5,1,-0.1700078248977661,0.45760011672973633,1,5.63671281356018e-06,2.646759032133662,9.854833418173184,0,0,0.5461569237481371,1,0,fold_1
192,sub3,rest01,22,22,0,0.47942455563896014,0.6176119827590848,0.5,1,-0.14282989501953125,0.46435311436653137,1,5.63671281356018e-06,2.646759032133662,9.854833418173184,0,0,0.4258705686517302,0,1,fold_1
193,sub3,rest01,23,23,0,-0.3881676241839634,0.40415848559016004,0.5,0,-0.5808177590370178,0.35874447226524353,1,5.63671281356018e-06,2.646759032133662,9.854833418173184,0,1,0.2868730151211052,0,1,fold_1
194,sub3,rest01,24,24,0,-1.0676973158876484,0.25584123760594574,0.5,0,-0.6852660775184631,0.33508700132369995,1,5.63671281356018e-06,2.646759032133662,9.854833418173184,0,1,0.21902662731345512,0,1,fold_1
195,sub3,rest01,25,25,0,-1.3824280823883444,0.2006193221672098,0.5,0,-0.5199615955352783,0.37286123633384705,1,5.63671281356018e-06,2.646759032133662,9.854833418173184,0,1,0.2006193221672098,0,1,fold_1
196,sub3,rest02,0,26,0,-1.4834438560101704,0.18490780862075087,0.5,0,-0.5235968828201294,0.37201154232025146,1,5.63671281356018e-06,2.646759032133662,9.854833418173184,0,1,0.1865420730339947,0,1,fold_1
197,sub3,rest02,1,27,0,-1.5106909855288986,0.18083641170964568,0.5,0,-0.5092966556549072,0.3753584325313568,1,5.63671281356018e-06,2.646759032133662,9.854833418173184,0,1,0.20049163122736427,0,1,fold_1
198,sub3,rest02,2,28,0,-1.4249804150526142,0.1938819987715875,0.5,0,-0.6570112705230713,0.341411292552948,1,5.63671281356018e-06,2.646759032133662,9.854833418173184,0,1,0.20882423274693065,0,1,fold_1
199,sub3,rest02,3,29,0,-1.2267173467456232,0.22675648320085967,0.5,0,-0.6574276685714722,0.34131765365600586,1,5.63671281356018e-06,2.646759032133662,9.854833418173184,0,1,0.20471118698324364,0,1,fold_1
200,sub3,rest02,4,30,0,-1.3502211656965373,0.20583421626834492,0.5,0,-0.6990019679069519,0.33203354477882385,1,5.63671281356018e-06,2.646759032133662,9.854833418173184,0,1,0.20957270889311463,0,1,fold_1
201,sub3,rest02,5,31,0,-1.5059292523171746,0.1815428614805264,0.5,0,-0.6501139998435974,0.3429638743400574,1,5.63671281356018e-06,2.646759032133662,9.854833418173184,0,1,0.2622072515961372,0,1,fold_1
202,sub3,rest02,6,32,0,-1.14534126266996,0.24134104893047256,0.5,0,-0.620038628578186,0.34977269172668457,1,5.63671281356018e-06,2.646759032133662,9.854833418173184,0,1,0.3169804673537426,0,1,fold_1
203,sub3,rest02,7,33,0,-0.5591772723783108,0.36373784437741274,0.5,0,-0.4143587350845337,0.39786744117736816,1,5.63671281356018e-06,2.646759032133662,9.854833418173184,0,1,0.3299772572030896,0,1,fold_1
204,sub3,rest02,8,34,0,-0.6372762380870245,0.3458625087533423,0.5,0,-0.43322283029556274,0.3933570384979248,1,5.63671281356018e-06,2.646759032133662,9.854833418173184,0,1,0.2757277118952905,0,1,fold_1
205,sub3,rest02,9,35,0,-0.942818261949565,0.2803314184785137,0.5,0,-0.7264043092727661,0.32598426938056946,1,5.63671281356018e-06,2.646759032133662,9.854833418173184,0,1,0.3226602922573664,0,1,fold_1
206,sub3,rest02,10,36,0,-1.3801232346561902,0.20098920845401555,0.5,0,-0.7505019307136536,0.32071197032928467,1,5.63671281356018e-06,2.646759032133662,9.854833418173184,0,1,0.40829712947006236,0,1,fold_1
207,sub3,rest02,11,37,0,-0.05337166628777498,0.4866602498395699,0.5,0,-0.4190152883529663,0.39675241708755493,1,5.63671281356018e-06,2.646759032133662,9.854833418173184,0,1,0.5645125933498384,1,0,fold_1
208,sub3,rest02,12,38,0,0.14924412441525375,0.5372419301166017,0.5,1,-0.2835195064544678,0.42959117889404297,1,5.63671281356018e-06,2.646759032133662,9.854833418173184,0,0,0.6111221803374102,1,0,fold_1
209,sub3,rest02,13,39,0,0.7065373965956874,0.6696356000933438,0.5,1,0.18286728858947754,0.5455898642539978,1,5.63671281356018e-06,2.646759032133662,9.854833418173184,0,0,0.6051913772745087,1,0,fold_1
210,sub3,rest02,14,40,0,0.5171838072072739,0.6264890108022849,0.5,1,0.2407323122024536,0.5598941445350647,1,5.63671281356018e-06,2.646759032133662,9.854833418173184,0,0,0.5133157149975106,1,0,fold_1
211,sub3,rest02,15,41,0,0.07783735905476831,0.5194495209278976,0.5,1,-0.23533117771148682,0.4414372444152832,1,5.63671281356018e-06,2.646759032133662,9.854833418173184,0,0,0.420175745176046,0,1,fold_1
212,sub3,rest02,16,42,0,-0.43049300253316153,0.3940086132623492,0.5,0,-0.42487043142318726,0.3953518867492676,1,5.63671281356018e-06,2.646759032133662,9.854833418173184,0,1,0.4465215019942068,0,1,fold_1
213,sub3,rest02,17,43,0,-0.6319474029090202,0.3470691013378912,0.5,0,-0.5433086156845093,0.36741822957992554,1,5.63671281356018e-06,2.646759032133662,9.854833418173184,0,1,0.5424692771733408,1,0,fold_1
214,sub3,rest02,18,44,0,0.39916402419637764,0.5984867913823801,0.5,1,-0.14666354656219482,0.4633997082710266,1,5.63671281356018e-06,2.646759032133662,9.854833418173184,0,0,0.6760291150306671,1,0,fold_1
215,sub3,rest02,19,45,0,0.7622956600598859,0.681851938799751,0.5,1,0.1844552755355835,0.5459834933280945,1,5.63671281356018e-06,2.646759032133662,9.854833418173184,0,0,0.6815930678461903,1,0,fold_1
216,sub3,rest02,20,46,0,1.0866406950037872,0.7477486149098703,0.5,1,0.17551445960998535,0.5437663197517395,1,5.63671281356018e-06,2.646759032133662,9.854833418173184,0,0,0.606718583448215,1,0,fold_1
217,sub3,rest02,21,47,0,0.46913351208505033,0.6151786498289497,0.5,1,-0.24637329578399658,0.4387163817882538,1,5.63671281356018e-06,2.646759032133662,9.854833418173184,0,0,0.4597598076271203,0,1,fold_1
218,sub3,rest02,22,48,0,-0.17150521312062553,0.4572284856058253,0.5,0,-0.4634655714035034,0.38616397976875305,1,5.63671281356018e-06,2.646759032133662,9.854833418173184,0,1,0.3550054122344522,0,1,fold_1
219,sub3,rest02,23,49,0,-0.8147826123777736,0.30687228744658585,0.5,0,-0.5376178622245789,0.368741899728775,1,5.63671281356018e-06,2.646759032133662,9.854833418173184,0,1,0.3029010715828256,0,1,fold_1
220,sub3,rest02,24,50,0,-0.8429423002595171,0.3009154636509455,0.5,0,-0.5069403052330017,0.37591105699539185,1,5.63671281356018e-06,2.646759032133662,9.854833418173184,0,1,0.3009154636509455,0,1,fold_1
221,sub3,task02,0,51,0,-1.1283456046848777,0.2444665429115731,0.5,0,-0.7538833618164062,0.31997570395469666,1,5.63671281356018e-06,2.646759032133662,9.854833418173184,1,0,0.2199553922317681,0,0,fold_1
222,sub3,task02,1,52,0,-1.5354718105683087,0.17719450471879017,0.5,0,-0.64049232006073,0.34513527154922485,1,5.63671281356018e-06,2.646759032133662,9.854833418173184,1,0,0.2803168425957509,0,0,fold_1
223,sub3,task02,2,53,0,-1.162545131910554,0.23820512906494107,0.5,0,-0.6515148878097534,0.3426482379436493,1,5.63671281356018e-06,2.646759032133662,9.854833418173184,1,0,0.43107153575177065,0,0,fold_1
224,sub3,task02,3,54,0,-0.3000269542810633,0.42555089400352136,0.5,0,-0.4704660177230835,0.384505957365036,1,5.63671281356018e-06,2.646759032133662,9.854833418173184,1,0,0.5923964460500004,1,1,fold_1
225,sub3,task02,4,55,0,0.5298948376584487,0.6294585841868494,0.5,1,-0.08070504665374756,0.4798346757888794,1,5.63671281356018e-06,2.646759032133662,9.854833418173184,1,1,0.7103231219070395,1,1,fold_1
226,sub3,task02,5,56,0,0.9553002953488726,0.7221798599596306,0.5,1,0.1731884479522705,0.5431892275810242,1,5.63671281356018e-06,2.646759032133662,9.854833418173184,1,1,0.770327037065783,1,1,fold_1
227,sub3,task02,6,57,0,1.261771562086556,0.7793309215746388,0.5,1,0.2655982971191406,0.5660120248794556,1,5.63671281356018e-06,2.646759032133662,9.854833418173184,1,1,0.7859523839809092,1,1,fold_1
228,sub3,task02,7,58,0,1.446572187536156,0.8094703296630795,0.5,1,0.4125624895095825,0.6017021536827087,1,5.63671281356018e-06,2.646759032133662,9.854833418173184,1,1,0.7881228533887262,1,1,fold_1
229,sub3,task02,8,59,0,1.2029879727455381,0.7690559007050092,0.5,1,0.10901331901550293,0.5272263884544373,1,5.63671281356018e-06,2.646759032133662,9.854833418173184,1,1,0.7850255365077731,1,1,fold_1
230,sub3,task02,9,60,0,1.30004365370581,0.78584232979809,0.5,1,0.20393860340118408,0.5508086681365967,1,5.63671281356018e-06,2.646759032133662,9.854833418173184,1,1,0.8017804645852024,1,1,fold_1
231,sub3,task02,10,61,0,1.3874096031163963,0.80017837902022,0.5,1,0.280348539352417,0.5696316957473755,1,5.63671281356018e-06,2.646759032133662,9.854833418173184,1,1,0.8102037549166514,1,1,fold_1
232,sub3,task02,11,62,0,1.5117518440216087,0.819320684937297,0.5,1,0.4787592887878418,0.6174548268318176,1,5.63671281356018e-06,2.646759032133662,9.854833418173184,1,1,0.7934262768815468,1,1,fold_1
233,sub3,task02,12,63,0,1.4572532094517823,0.8111122007924373,0.5,1,0.30885958671569824,0.5766068696975708,1,5.63671281356018e-06,2.646759032133662,9.854833418173184,1,1,0.7637371743092579,1,1,fold_1
234,sub3,task02,13,64,0,1.0977908302345376,0.749845944914906,0.5,1,0.0734175443649292,0.5183461308479309,1,5.63671281356018e-06,2.646759032133662,9.854833418173184,1,1,0.6843007300095336,1,1,fold_1
235,sub3,task02,14,65,0,0.995908481759063,0.73025337722043,0.5,1,-0.025610923767089844,0.4935975968837738,1,5.63671281356018e-06,2.646759032133662,9.854833418173184,1,1,0.6496068130888621,1,1,fold_1
236,sub3,task02,15,66,0,0.2932960480406493,0.5728028678932647,0.5,1,-0.2137986421585083,0.44675299525260925,1,5.63671281356018e-06,2.646759032133662,9.854833418173184,1,1,0.6394265800169706,1,1,fold_1
237,sub3,task02,16,67,0,0.6004716030261216,0.6457641941528915,0.5,1,-0.18214285373687744,0.45458972454071045,1,5.63671281356018e-06,2.646759032133662,9.854833418173184,1,1,0.7096430619913473,1,1,fold_1
238,sub3,task02,17,68,0,0.8459300344884019,0.6997126780047553,0.5,1,-0.12892043590545654,0.46781447529792786,1,5.63671281356018e-06,2.646759032133662,9.854833418173184,1,1,0.7237737920280143,1,1,fold_1
239,sub3,task02,18,69,0,1.2858994142168076,0.7834523138163948,0.5,1,0.19326519966125488,0.5481664538383484,1,5.63671281356018e-06,2.646759032133662,9.854833418173184,1,1,0.7239226638611033,1,1,fold_1
240,sub3,task02,19,70,0,0.7915142842725984,0.6881563842628926,0.5,1,-0.19681906700134277,0.45095348358154297,1,5.63671281356018e-06,2.646759032133662,9.854833418173184,1,1,0.6928420838118333,1,1,fold_1
241,sub3,task02,20,71,0,0.8480565160131313,0.700159293504022,0.5,1,-0.16578829288482666,0.45864760875701904,1,5.63671281356018e-06,2.646759032133662,9.854833418173184,1,1,0.7353814362588321,1,1,fold_1
242,sub3,task02,21,72,0,0.801103933491226,0.6902105736685856,0.5,1,-0.14893567562103271,0.46283477544784546,1,5.63671281356018e-06,2.646759032133662,9.854833418173184,1,1,0.769991330969324,1,1,fold_1
243,sub3,task02,22,73,0,1.487977029446599,0.8157744416038887,0.5,1,0.3628256320953369,0.5897243022918701,1,5.63671281356018e-06,2.646759032133662,9.854833418173184,1,1,0.8101469976255871,1,1,fold_1
244,sub3,task02,23,74,0,1.4114146654735207,0.8039889776354976,0.5,1,0.2314971685409546,0.5576171875,1,5.63671281356018e-06,2.646759032133662,9.854833418173184,1,1,0.8024876426097185,1,1,fold_1
245,sub3,task02,24,75,0,1.4544188874958361,0.8106775736373752,0.5,1,0.3564850091934204,0.5881893038749695,1,5.63671281356018e-06,2.646759032133662,9.854833418173184,1,1,0.8025444845097195,1,1,fold_1
246,sub3,task02,25,76,0,1.341864414671591,0.7927963765562828,0.5,1,0.21168196201324463,0.55272376537323,1,5.63671281356018e-06,2.646759032133662,9.854833418173184,1,1,0.8045168837568214,1,1,fold_1
247,sub3,task02,26,77,0,1.4124971013424719,0.8041595033355001,0.5,1,0.3152564764022827,0.5781677961349487,1,5.63671281356018e-06,2.646759032133662,9.854833418173184,1,1,0.8115679552079955,1,1,fold_1
248,sub3,task02,27,78,0,1.4934449071472584,0.816594771378681,0.5,1,0.29816412925720215,0.5739936828613281,1,5.63671281356018e-06,2.646759032133662,9.854833418173184,1,1,0.8147466473221486,1,1,fold_1
249,sub3,task02,28,79,0,1.475880782846935,0.8139495909098058,0.5,1,0.5183883905410767,0.6267708539962769,1,5.63671281356018e-06,2.646759032133662,9.854833418173184,1,1,0.8059998018180189,1,1,fold_1
250,sub3,task02,29,80,0,1.4742043110855667,0.8136955796779591,0.5,1,0.48756682872772217,0.6195330619812012,1,5.63671281356018e-06,2.646759032133662,9.854833418173184,1,1,0.7993072552094628,1,1,fold_1
251,sub3,task02,30,81,0,1.3270619698087638,0.7903542348662916,0.5,1,0.29252660274505615,0.5726146101951599,1,5.63671281356018e-06,2.646759032133662,9.854833418173184,1,1,0.775664274478823,1,1,fold_1
252,sub3,task02,31,82,0,1.3484246052094035,0.7938719510841378,0.5,1,0.19835996627807617,0.5494280457496643,1,5.63671281356018e-06,2.646759032133662,9.854833418173184,1,1,0.7635427517130355,1,1,fold_1
253,sub3,task02,32,83,0,1.0603982157026712,0.7427666374860397,0.5,1,0.13077759742736816,0.5326478481292725,1,5.63671281356018e-06,2.646759032133662,9.854833418173184,1,1,0.7383796674519068,1,1,fold_1
254,sub3,task02,33,84,0,1.1200051222307956,0.7539896665689291,0.5,1,0.15247392654418945,0.538044810295105,1,5.63671281356018e-06,2.646759032133662,9.854833418173184,1,1,0.719030525328756,1,1,fold_1
255,sub3,task02,34,85,0,0.9364533699510521,0.7183826983007516,0.5,1,0.17734527587890625,0.544220507144928,1,5.63671281356018e-06,2.646759032133662,9.854833418173184,1,1,0.6959403735113087,1,1,fold_1
256,sub3,task02,35,86,0,0.7755452083958762,0.6847192111165872,0.5,1,0.30479538440704346,0.5756143927574158,1,5.63671281356018e-06,2.646759032133662,9.854833418173184,1,1,0.6847192111165872,1,1,fold_1
257,sub3,rest04,0,87,0,-1.4558590306094428,0.18910149288476272,0.5,0,-0.5646233558654785,0.3624783754348755,1,5.63671281356018e-06,2.646759032133662,9.854833418173184,1,0,0.2101497937511075,0,0,fold_1
258,sub3,rest04,1,88,0,-1.485612570285284,0.1845811700393555,0.5,0,-0.6017574667930603,0.3539417088031769,1,5.63671281356018e-06,2.646759032133662,9.854833418173184,1,0,0.29203669333438087,0,0,fold_1
259,sub3,rest04,2,89,0,-1.062842006182677,0.2567667183292042,0.5,0,-0.6005556583404541,0.3542165756225586,1,5.63671281356018e-06,2.646759032133662,9.854833418173184,1,0,0.42628524081057,0,0,fold_1
260,sub3,rest04,3,90,0,-0.26244734665082964,0.43476219163458285,0.5,0,-0.40962040424346924,0.39900311827659607,1,5.63671281356018e-06,2.646759032133662,9.854833418173184,1,0,0.5422720079053196,1,1,fold_1
261,sub3,rest04,4,91,0,0.3529254490457582,0.587326812467923,0.5,1,-0.16428089141845703,0.4590219259262085,1,5.63671281356018e-06,2.646759032133662,9.854833418173184,1,1,0.5873314388280388,1,1,fold_1
262,sub3,rest04,5,92,0,0.4252005331608541,0.604727019613453,0.5,1,-0.009618043899536133,0.49759548902511597,1,5.63671281356018e-06,2.646759032133662,9.854833418173184,1,1,0.57844724227872,1,1,fold_1
263,sub3,rest04,6,93,0,0.2816083345728464,0.5699404844027407,0.5,1,-0.09622323513031006,0.47596272826194763,1,5.63671281356018e-06,2.646759032133662,9.854833418173184,1,1,0.5724943190355393,1,1,fold_1
264,sub3,rest04,7,94,0,0.24389880174925196,0.5606742228199667,0.5,1,-0.13393747806549072,0.4665656089782715,1,5.63671281356018e-06,2.646759032133662,9.854833418173184,1,1,0.5974299576498218,1,1,fold_1
265,sub3,rest04,8,95,0,0.35103379846717203,0.5868682498839105,0.5,1,-0.11371958255767822,0.4716007113456726,1,5.63671281356018e-06,2.646759032133662,9.854833418173184,1,1,0.6247045520982089,1,1,fold_1
266,sub3,rest04,9,96,0,0.5960295275147584,0.6447474002455881,0.5,1,-0.06929528713226318,0.48268312215805054,1,5.63671281356018e-06,2.646759032133662,9.854833418173184,1,1,0.6147731982978656,1,1,fold_1
267,sub3,rest04,10,97,0,0.5862227742406317,0.642498006165128,0.5,1,-0.045992374420166016,0.48850393295288086,1,5.63671281356018e-06,2.646759032133662,9.854833418173184,1,1,0.621532026244188,1,1,fold_1
268,sub3,rest04,11,98,0,0.2292961363632601,0.5570741884828805,0.5,1,-0.2383948564529419,0.44068193435668945,1,5.63671281356018e-06,2.646759032133662,9.854833418173184,1,1,0.6394710601471788,1,1,fold_1
269,sub3,rest04,12,99,0,0.68576372241891,0.6650238840845558,0.5,1,-0.13520276546478271,0.4662507474422455,1,5.63671281356018e-06,2.646759032133662,9.854833418173184,1,1,0.64316164336239,1,1,fold_1
270,sub3,rest04,13,100,0,0.8298116743079064,0.6963151078740999,0.5,1,0.11093699932098389,0.5277058482170105,1,5.63671281356018e-06,2.646759032133662,9.854833418173184,1,1,0.523131836095669,1,1,fold_1
271,sub3,rest04,14,101,0,0.27429060761605145,0.5681459381285144,0.5,1,-0.3266263008117676,0.41906172037124634,1,5.63671281356018e-06,2.646759032133662,9.854833418173184,1,1,0.3858231748236296,0,0,fold_1
272,sub3,rest04,15,102,0,-0.8239092642285204,0.30493446228439286,0.5,0,-0.6369688510894775,0.3459320366382599,1,5.63671281356018e-06,2.646759032133662,9.854833418173184,1,0,0.3330699886279091,0,0,fold_1
273,sub3,rest04,16,103,0,-0.9227930943839983,0.28438912405798145,0.5,0,-0.4897499084472656,0.37995249032974243,1,5.63671281356018e-06,2.646759032133662,9.854833418173184,1,0,0.38090503674523,0,0,fold_1
274,sub3,rest04,17,104,0,-0.3644350971849502,0.4098863795413531,0.5,0,-0.25363123416900635,0.4369299113750458,1,5.63671281356018e-06,2.646759032133662,9.854833418173184,1,0,0.4028838769127141,0,0,fold_1
275,sub3,rest04,18,105,0,-0.2069773240543867,0.44843960663635546,0.5,0,-0.30171167850494385,0.42513906955718994,1,5.63671281356018e-06,2.646759032133662,9.854833418173184,1,0,0.4069908044985595,0,0,fold_1
276,sub3,rest04,19,106,0,-0.6176081107726522,0.35032564456043364,0.5,0,-0.46673011779785156,0.3853904902935028,1,5.63671281356018e-06,2.646759032133662,9.854833418173184,1,0,0.4691155168725591,0,0,fold_1
277,sub3,rest04,20,107,0,-0.31371929264286974,0.4222071622988895,0.5,0,-0.45814067125320435,0.3874270021915436,1,5.63671281356018e-06,2.646759032133662,9.854833418173184,1,0,0.5561590011280061,1,1,fold_1
278,sub3,rest04,21,108,0,0.5529241244496125,0.634813743758354,0.5,1,-0.13181793689727783,0.4670931398868561,1,5.63671281356018e-06,2.646759032133662,9.854833418173184,1,1,0.5695881796203542,1,1,fold_1
279,sub3,rest04,22,109,0,0.45343698848265396,0.6114560973267745,0.5,1,-0.12868046760559082,0.4678741991519928,1,5.63671281356018e-06,2.646759032133662,9.854833418173184,1,1,0.4551010520782137,0,0,fold_1
280,sub3,rest04,23,110,0,-0.15030353193756116,0.4624946977759344,0.5,0,-0.2584909200668335,0.43573471903800964,1,5.63671281356018e-06,2.646759032133662,9.854833418173184,1,0,0.34839980667993303,0,0,fold_1
281,sub3,rest04,24,111,0,-0.8888250220697057,0.2913523611319323,0.5,0,-0.157021164894104,0.4608251750469208,1,5.63671281356018e-06,2.646759032133662,9.854833418173184,1,0,0.2913523611319323,0,0,fold_1
501,sub6,rest01,0,0,0,-1.6491200384784919,0.16122791435827696,0.5,0,-0.047255635261535645,0.4881882965564728,1,5.6022756354329824e-06,4.159392859168511,4.59121111180443,0,1,0.26287472344856716,0,1,fold_1
502,sub6,rest01,1,1,0,-1.3458555965825876,0.20654875701475842,0.5,0,-0.5115372538566589,0.37483322620391846,1,5.6022756354329824e-06,4.159392859168511,4.59121111180443,0,1,0.33704659024082145,0,1,fold_1
503,sub6,rest01,2,2,0,-0.3192952969738429,0.42084749897266605,0.5,0,-0.8442677855491638,0.3006367087364197,1,5.6022756354329824e-06,4.159392859168511,4.59121111180443,0,1,0.3748802914436175,0,1,fold_1
504,sub6,rest01,3,3,0,-0.4736888500126988,0.3837435147350399,0.5,0,-0.7637786865234375,0.31782644987106323,1,5.6022756354329824e-06,4.159392859168511,4.59121111180443,0,1,0.3332864049453756,0,1,fold_1
505,sub6,rest01,4,4,0,-0.7535426729326855,0.32004986062314644,0.5,0,-0.6582003831863403,0.34114399552345276,1,5.6022756354329824e-06,4.159392859168511,4.59121111180443,0,1,0.32272451307384675,0,1,fold_1
506,sub6,rest01,5,5,0,-0.8661029695401334,0.2960658394779404,0.5,0,-0.7394464612007141,0.3231251835823059,1,5.6022756354329824e-06,4.159392859168511,4.59121111180443,0,1,0.40832511488316875,0,1,fold_1
507,sub6,rest01,6,6,0,-0.6100059566837571,0.35205783912045335,0.5,0,-0.763504147529602,0.31788596510887146,1,5.6022756354329824e-06,4.159392859168511,4.59121111180443,0,1,0.5400832581462046,1,0,fold_1
508,sub6,rest01,7,7,1,-0.15024896752888559,0.46250826215295915,0.5,0,-0.944434642791748,0.28000542521476746,1,5.6022756354329824e-06,4.159392859168511,4.59121111180443,0,1,,,,fold_1
509,sub6,rest01,8,8,0,0.30986236670745054,0.5768516660511125,0.5,1,-0.8802595138549805,0.2931239902973175,1,5.6022756354329824e-06,4.159392859168511,4.59121111180443,0,0,0.4949217174630421,0,1,fold_1
510,sub6,rest01,9,9,0,0.8063926576640253,0.6913402692670482,0.5,1,-0.7918122410774231,0.3117796778678894,1,5.6022756354329824e-06,4.159392859168511,4.59121111180443,0,0,0.3730078824219247,0,1,fold_1
511,sub6,rest01,10,10,1,-0.38033990172981136,0.406044919518145,0.5,0,-0.8523640036582947,0.29893720149993896,1,5.6022756354329824e-06,4.159392859168511,4.59121111180443,0,1,,,,fold_1
512,sub6,rest01,11,11,0,-1.2857489333547947,0.2165732170709658,0.5,0,-0.5892433524131775,0.35680851340293884,1,5.6022756354329824e-06,4.159392859168511,4.59121111180443,0,1,0.3258721540840553,0,1,fold_1
513,sub6,rest01,12,12,0,-1.3182466032105529,0.21111016092776,0.5,0,-0.6168510317802429,0.3504979610443115,1,5.6022756354329824e-06,4.159392859168511,4.59121111180443,0,1,0.4519576434365404,0,1,fold_1
514,sub6,rest01,13,13,1,-0.7041325036668222,0.33089663624262755,0.5,0,-0.8623629808425903,0.2968458831310272,1,5.6022756354329824e-06,4.159392859168511,4.59121111180443,0,1,,,,fold_1
515,sub6,rest01,14,14,0,0.20040033246259342,0.54993308425344,0.5,1,-0.8413439989089966,0.3012517988681793,1,5.6022756354329824e-06,4.159392859168511,4.59121111180443,0,0,0.5239984007765704,1,0,fold_1
516,sub6,rest01,15,15,0,0.38396761183304107,0.5948296851284212,0.5,1,-0.8728499412536621,0.29466164112091064,1,5.6022756354329824e-06,4.159392859168511,4.59121111180443,0,0,0.4137494907688219,0,1,fold_1
517,sub6,rest01,16,16,1,0.7083182506332195,0.670029448241068,0.5,0,-0.7926614880561829,0.31159746646881104,1,5.6022756354329824e-06,4.159392859168511,4.59121111180443,0,1,,,,fold_1
518,sub6,rest01,17,17,0,-0.293151787690896,0.4272324329478504,0.5,0,-0.8069573640823364,0.3085392415523529,1,5.6022756354329824e-06,4.159392859168511,4.59121111180443,0,1,0.28502860008445413,0,1,fold_1
519,sub6,rest01,18,18,0,-1.2704142110614633,0.21918635423019409,0.5,0,-0.632051408290863,0.34704551100730896,1,5.6022756354329824e-06,4.159392859168511,4.59121111180443,0,1,0.24912749010157056,0,1,fold_1
520,sub6,rest01,19,19,0,-1.3329791062122995,0.208667013075318,0.5,0,-0.4858051538467407,0.38088226318359375,1,5.6022756354329824e-06,4.159392859168511,4.59121111180443,0,1,0.30145554505496985,0,1,fold_1
521,sub6,rest01,20,20,0,-0.7559366952265387,0.3195291029991997,0.5,0,-0.6916480660438538,0.3336665630340576,1,5.6022756354329824e-06,4.159392859168511,4.59121111180443,0,1,0.32453111044878374,0,1,fold_1
522,sub6,rest01,21,21,0,-0.5058345144466726,0.37617051909039184,0.5,0,-0.7630788087844849,0.3179782032966614,1,5.6022756354329824e-06,4.159392859168511,4.59121111180443,0,1,0.2977452137055369,0,1,fold_1
523,sub6,rest01,22,22,0,-0.9549336453766203,0.27789370925675966,0.5,0,-0.37439000606536865,0.4074806571006775,1,5.6022756354329824e-06,4.159392859168511,4.59121111180443,0,1,0.25207884493189264,0,1,fold_1
524,sub6,rest01,23,23,0,-1.1572275826484058,0.23917141276945914,0.5,0,0.06326019763946533,0.5158097743988037,1,5.6022756354329824e-06,4.159392859168511,4.59121111180443,0,1,0.23917141276945916,0,1,fold_1
525,sub6,rest02,0,24,0,0.48342907649851163,0.6185572736488745,0.5,1,-0.7332577109336853,0.32448023557662964,1,5.6022756354329824e-06,4.159392859168511,4.59121111180443,0,0,0.6055766713541827,1,0,fold_1
526,sub6,rest02,1,25,0,-0.23909942598573497,0.4405082949620783,0.5,0,-0.3583669662475586,0.4113549292087555,1,5.6022756354329824e-06,4.159392859168511,4.59121111180443,0,1,0.6555610864922063,1,0,fold_1
527,sub6,rest02,2,26,0,1.1399172487552396,0.7576644454515956,0.5,1,-0.564176619052887,0.3625815808773041,1,5.6022756354329824e-06,4.159392859168511,4.59121111180443,0,0,0.7759616814725488,1,0,fold_1
528,sub6,rest02,3,27,0,1.1999198168931053,0.7685105190629452,0.5,1,-0.4364756941795349,0.3925810754299164,1,5.6022756354329824e-06,4.159392859168511,4.59121111180443,0,0,0.7623029774732788,1,0,fold_1
529,sub6,rest02,4,28,0,1.3970168434809902,0.8017100799031056,0.5,1,-0.47722625732421875,0.38290733098983765,1,5.6022756354329824e-06,4.159392859168511,4.59121111180443,0,0,0.7462899631240352,1,0,fold_1
530,sub6,rest02,5,29,0,0.9280934778439764,0.7166883334537855,0.5,1,-0.5071815252304077,0.3758544325828552,1,5.6022756354329824e-06,4.159392859168511,4.59121111180443,0,0,0.7125119833894695,1,0,fold_1
531,sub6,rest02,6,30,0,0.9468014845019709,0.7204714760152146,0.5,1,-0.4976429343223572,0.37809473276138306,1,5.6022756354329824e-06,4.159392859168511,4.59121111180443,0,0,0.7395669188700001,1,0,fold_1
532,sub6,rest02,7,31,0,0.8490896489251123,0.7003761406994086,0.5,1,-0.4034597873687744,0.40048137307167053,1,5.6022756354329824e-06,4.159392859168511,4.59121111180443,0,0,0.7522685392768191,1,0,fold_1
533,sub6,rest02,8,32,0,1.3729300818307613,0.7978531398953775,0.5,1,-0.51954185962677,0.3729593753814697,1,5.6022756354329824e-06,4.159392859168511,4.59121111180443,0,0,0.7612127235097024,1,0,fold_1
534,sub6,rest02,9,33,0,1.144890109182152,0.7585763372356712,0.5,1,-0.6440701484680176,0.34432709217071533,1,5.6022756354329824e-06,4.159392859168511,4.59121111180443,0,0,0.7316388243061857,1,0,fold_1
535,sub6,rest02,10,34,0,0.9805064392430075,0.7272086933980586,0.5,1,-0.5745531916618347,0.3601868748664856,1,5.6022756354329824e-06,4.159392859168511,4.59121111180443,0,0,0.7229995474810078,1,0,fold_1
536,sub6,rest02,11,35,0,0.8911694270145386,0.7091314422848274,0.5,1,-0.4058612585067749,0.39990493655204773,1,5.6022756354329824e-06,4.159392859168511,4.59121111180443,0,0,0.7568851553734962,1,0,fold_1
537,sub6,rest02,12,36,0,1.0081528668896693,0.7326585067601372,0.5,1,-0.2311309576034546,0.4424731731414795,1,5.6022756354329824e-06,4.159392859168511,4.59121111180443,0,0,0.7529715707631395,1,0,fold_1
538,sub6,rest02,13,37,0,1.5776082216426182,0.8288655170755238,0.5,1,-0.3954659700393677,0.40240219235420227,1,5.6022756354329824e-06,4.159392859168511,4.59121111180443,0,0,0.6537261173359376,1,0,fold_1
539,sub6,rest02,14,38,0,0.8349032096717244,0.6973906884537575,0.5,1,-0.3097492456436157,0.4231759309768677,1,5.6022756354329824e-06,4.159392859168511,4.59121111180443,0,0,0.48201941455252206,0,1,fold_1
540,sub6,rest02,15,39,0,-0.26179647403862394,0.4349221464785314,0.5,0,-0.2511187791824341,0.43754813075065613,1,5.6022756354329824e-06,4.159392859168511,4.59121111180443,0,1,0.3265553029024654,0,1,fold_1
541,sub6,rest02,16,40,0,-0.7826668263894797,0.31374540872527734,0.5,0,-0.155420184135437,0.4612230062484741,1,5.6022756354329824e-06,4.159392859168511,4.59121111180443,0,1,0.25740101890226064,0,1,fold_1
542,sub6,rest02,17,41,0,-1.2026825277847202,0.23099835350358752,0.5,0,-0.2618443965911865,0.4349103271961212,1,5.6022756354329824e-06,4.159392859168511,4.59121111180443,0,1,0.23298790874084452,0,1,fold_1
543,sub6,rest02,18,42,0,-1.2227134036059732,0.22745929447791696,0.5,0,-0.2972341775894165,0.42623376846313477,1,5.6022756354329824e-06,4.159392859168511,4.59121111180443,0,1,0.23658691515981298,0,1,fold_1
544,sub6,rest02,19,43,0,-1.1499069564752176,0.2405060782410291,0.5,0,-0.37331604957580566,0.4077399969100952,1,5.6022756354329824e-06,4.159392859168511,4.59121111180443,0,1,0.26909068736019814,0,1,fold_1
545,sub6,rest02,20,44,0,-1.142861504633179,0.24179537276049284,0.5,0,-0.34007811546325684,0.41579049825668335,1,5.6022756354329824e-06,4.159392859168511,4.59121111180443,0,1,0.29948123653244346,0,1,fold_1
546,sub6,rest02,21,45,0,-0.7310214782749221,0.3249706110790725,0.5,0,-0.6750634908676147,0.33736398816108704,1,5.6022756354329824e-06,4.159392859168511,4.59121111180443,0,1,0.37606259476249077,0,1,fold_1
547,sub6,rest02,22,46,0,-0.70060671173933,0.33167772575776505,0.5,0,-0.5572563409805298,0.3641825318336487,1,5.6022756354329824e-06,4.159392859168511,4.59121111180443,0,1,0.4249188735530116,0,1,fold_1
548,sub6,rest02,23,47,0,-0.11396539981799537,0.47153944745063486,0.5,0,-0.35036206245422363,0.41329461336135864,1,5.6022756354329824e-06,4.159392859168511,4.59121111180443,0,1,0.47153944745063486,0,1,fold_1
549,sub6,task02,0,48,0,0.4885261088093093,0.6197591598313482,0.5,1,-0.6651896238327026,0.33957481384277344,1,5.6022756354329824e-06,4.159392859168511,4.59121111180443,1,1,0.6203728063476367,1,1,fold_1
550,sub6,task02,1,49,0,0.259219956296946,0.5644445301242864,0.5,1,-0.7862091660499573,0.3129832148551941,1,5.6022756354329824e-06,4.159392859168511,4.59121111180443,1,1,0.5379626431454938,1,1,fold_1
551,sub6,task02,2,50,0,0.7396290258830615,0.6769147290872757,0.5,1,-0.6594293117523193,0.3408677875995636,1,5.6022756354329824e-06,4.159392859168511,4.59121111180443,1,1,0.4446927683832714,0,0,fold_1
552,sub6,task02,3,51,0,-0.521383978456106,0.3725286702249193,0.5,0,-0.6892677545547485,0.33419597148895264,1,5.6022756354329824e-06,4.159392859168511,4.59121111180443,1,0,0.2774272454854478,0,0,fold_1
553,sub6,task02,4,52,0,-0.921585706680642,0.2846349058376193,0.5,0,-0.4587920904159546,0.3872723877429962,1,5.6022756354329824e-06,4.159392859168511,4.59121111180443,1,0,0.20975665906704175,0,0,fold_1
554,sub6,task02,5,53,0,-1.5497792030299349,0.17511816039380473,0.5,0,-0.1975194215774536,0.45078009366989136,1,5.6022756354329824e-06,4.159392859168511,4.59121111180443,1,0,0.17303435598120062,0,0,fold_1
555,sub6,task02,6,54,0,-1.5890548748736597,0.16951691096970117,0.5,0,-0.25471580028533936,0.4366631507873535,1,5.6022756354329824e-06,4.159392859168511,4.59121111180443,1,0,0.16654845854225128,0,0,fold_1
556,sub6,task02,7,55,0,-1.5542867070013613,0.17446799658009596,0.5,0,-0.27289533615112305,0.4321964383125305,1,5.6022756354329824e-06,4.159392859168511,4.59121111180443,1,0,0.18239969038679252,0,0,fold_1
557,sub6,task02,8,56,0,-1.6908775541339203,0.15566046807695672,0.5,0,-0.2955523729324341,0.42664510011672974,1,5.6022756354329824e-06,4.159392859168511,4.59121111180443,1,0,0.20280987546805931,0,0,fold_1
558,sub6,task02,9,57,0,-1.2828198413824448,0.2170706065033249,0.5,0,-0.6838071346282959,0.3354121148586273,1,5.6022756354329824e-06,4.159392859168511,4.59121111180443,1,0,0.2838672341069722,0,0,fold_1
559,sub6,task02,10,58,0,-1.1764086112480545,0.2356985518238963,0.5,0,-0.5412813425064087,0.3678895831108093,1,5.6022756354329824e-06,4.159392859168511,4.59121111180443,1,0,0.34886509963898393,0,0,fold_1
560,sub6,task02,11,59,0,-0.41033188513077723,0.3988325439936954,0.5,0,-0.6354336738586426,0.34627947211265564,1,5.6022756354329824e-06,4.159392859168511,4.59121111180443,1,0,0.41794540846266476,0,0,fold_1
561,sub6,task02,12,60,0,-0.355438583018291,0.41206420309936004,0.5,0,-0.7537130117416382,0.32001277804374695,1,5.6022756354329824e-06,4.159392859168511,4.59121111180443,1,0,0.48736171571021253,0,0,fold_1
562,sub6,task02,13,61,0,-0.22924074771894978,0.44293947829493885,0.5,0,-0.7389487028121948,0.32323408126831055,1,5.6022756354329824e-06,4.159392859168511,4.59121111180443,1,0,0.5341516770159508,1,1,fold_1
563,sub6,task02,14,62,0,0.43506069406151654,0.6070814657363385,0.5,1,-0.7708224654197693,0.31630122661590576,1,5.6022756354329824e-06,4.159392859168511,4.59121111180443,1,1,0.6309522322749137,1,1,fold_1
564,sub6,task02,15,63,0,0.210510308306001,0.552434087016575,0.5,1,-0.67057204246521,0.3383687436580658,1,5.6022756354329824e-06,4.159392859168511,4.59121111180443,1,1,0.6657244461849708,1,1,fold_1
565,sub6,task02,16,64,0,1.0116408533271184,0.7333411440718277,0.5,1,-0.5255483984947205,0.37155574560165405,1,5.6022756354329824e-06,4.159392859168511,4.59121111180443,1,1,0.7332323656517237,1,1,fold_1
566,sub6,task02,17,65,0,0.9021839952629701,0.7113981074665099,0.5,1,-0.5089590549468994,0.37543758749961853,1,5.6022756354329824e-06,4.159392859168511,4.59121111180443,1,1,0.7403403728064754,1,1,fold_1
567,sub6,task02,18,66,0,1.1252316585379531,0.7549578454168335,0.5,1,-0.47575926780700684,0.3832540214061737,1,5.6022756354329824e-06,4.159392859168511,4.59121111180443,1,1,0.73469896694855,1,1,fold_1
568,sub6,task02,19,67,0,1.1236502127415118,0.7546651655360826,0.5,1,-0.609521746635437,0.3521682918071747,1,5.6022756354329824e-06,4.159392859168511,4.59121111180443,1,1,0.7030248226298319,1,1,fold_1
569,sub6,task02,20,68,0,0.8211193241817147,0.6944738898927337,0.5,1,-0.6702753305435181,0.33843520283699036,1,5.6022756354329824e-06,4.159392859168511,4.59121111180443,1,1,0.6872558679208289,1,1,fold_1
570,sub6,task02,21,69,0,0.6630064074034197,0.6599354124606795,0.5,1,-0.6947157979011536,0.3329848349094391,1,5.6022756354329824e-06,4.159392859168511,4.59121111180443,1,1,0.7002013235296838,1,1,fold_1
571,sub6,task02,22,70,0,0.8825883397686287,0.7073583014090732,0.5,1,-0.5685986280441284,0.36156022548675537,1,5.6022756354329824e-06,4.159392859168511,4.59121111180443,1,1,0.6770962109842132,1,1,fold_1
572,sub6,task02,23,71,0,1.0114829095148072,0.7333102567192986,0.5,1,-0.28045129776000977,0.4303431212902069,1,5.6022756354329824e-06,4.159392859168511,4.59121111180443,1,1,0.5741298230023116,1,1,fold_1
573,sub6,task02,24,72,0,0.36652932201059873,0.590620074824268,0.5,1,-0.17968881130218506,0.4551982879638672,1,5.6022756354329824e-06,4.159392859168511,4.59121111180443,1,1,0.40037841143634406,0,0,fold_1
574,sub6,task02,25,73,0,-0.4118895153962844,0.3984591374633681,0.5,0,-0.4171772003173828,0.3971923887729645,1,5.6022756354329824e-06,4.159392859168511,4.59121111180443,1,0,0.2789420406574669,0,0,fold_1
575,sub6,task02,26,74,0,-1.3125764988140396,0.21205602202139612,0.5,0,-0.36454451084136963,0.40985992550849915,1,5.6022756354329824e-06,4.159392859168511,4.59121111180443,1,0,0.23856208850339936,0,0,fold_1
576,sub6,task02,27,75,0,-1.2292600387977282,0.2263109624876365,0.5,0,-0.32227134704589844,0.42012229561805725,1,5.6022756354329824e-06,4.159392859168511,4.59121111180443,1,0,0.3016731654018401,0,0,fold_1
577,sub6,task02,28,76,0,-0.9577980374090547,0.27731928100116554,0.5,0,-0.5823336839675903,0.3583958148956299,1,5.6022756354329824e-06,4.159392859168511,4.59121111180443,1,0,0.3858573284034179,0,0,fold_1
578,sub6,task02,29,77,0,-0.3996798877826391,0.4013892527167182,0.5,0,-0.5046629905700684,0.3764454424381256,1,5.6022756354329824e-06,4.159392859168511,4.59121111180443,1,0,0.4149718279948689,0,0,fold_1
579,sub6,task02,30,78,0,-0.08459660986260595,0.4788634514923699,0.5,0,-0.5040908455848694,0.37657979130744934,1,5.6022756354329824e-06,4.159392859168511,4.59121111180443,1,0,0.34584860369678205,0,0,fold_1
580,sub6,task02,31,79,0,-0.5551828778981123,0.3646627797755187,0.5,0,-0.46679121255874634,0.3853760063648224,1,5.6022756354329824e-06,4.159392859168511,4.59121111180443,1,0,0.24724529130212614,0,0,fold_1
581,sub6,task02,32,80,0,-1.4241003687374316,0.19401957982245743,0.5,0,-0.46055418252944946,0.386854350566864,1,5.6022756354329824e-06,4.159392859168511,4.59121111180443,1,0,0.1944273634933467,0,0,fold_1
582,sub6,task02,33,81,0,-1.4957950537177647,0.18305351430840222,0.5,0,-0.2543044090270996,0.43676435947418213,1,5.6022756354329824e-06,4.159392859168511,4.59121111180443,1,0,0.24396773752213577,0,0,fold_1
583,sub6,task02,34,82,0,-1.3479300071448197,0.20620899634918047,0.5,0,-0.2908133268356323,0.42780476808547974,1,5.6022756354329824e-06,4.159392859168511,4.59121111180443,1,0,0.330853448664505,0,0,fold_1
584,sub6,task02,35,83,0,-0.6515483640165735,0.3426407019088247,0.5,0,-0.30408775806427,0.42455852031707764,1,5.6022756354329824e-06,4.159392859168511,4.59121111180443,1,0,0.4100206657932815,0,0,fold_1
585,sub6,task02,36,84,0,-0.22611592092431676,0.44371064773551,0.5,0,-0.06805181503295898,0.48299360275268555,1,5.6022756354329824e-06,4.159392859168511,4.59121111180443,1,0,0.44371064773551,0,0,fold_1
586,sub6,rest04,0,85,0,1.8382589753298368,0.8627426693644004,0.5,1,-0.34605658054351807,0.41433900594711304,1,5.6022756354329824e-06,4.159392859168511,4.59121111180443,1,1,0.8531222565403199,1,1,fold_1
587,sub6,rest04,1,86,0,1.6836956691504739,0.8433932786967234,0.5,1,-0.4217262864112854,0.39610373973846436,1,5.6022756354329824e-06,4.159392859168511,4.59121111180443,1,1,0.828648791497336,1,1,fold_1
588,sub6,rest04,2,87,0,1.7601689725977558,0.8532308215598358,0.5,1,-0.48491281270980835,0.38109269738197327,1,5.6022756354329824e-06,4.159392859168511,4.59121111180443,1,1,0.8349562079833839,1,1,fold_1
589,sub6,rest04,3,88,0,1.320845096737492,0.7893222742354487,0.5,1,-0.5470656156539917,0.3665454685688019,1,5.6022756354329824e-06,4.159392859168511,4.59121111180443,1,1,0.8307819934327775,1,1,fold_1
590,sub6,rest04,4,89,0,1.8346566142630683,0.8623155281548671,0.5,1,-0.40135931968688965,0.4009857773780823,1,5.6022756354329824e-06,4.159392859168511,4.59121111180443,1,1,0.8449963048702386,1,1,fold_1
591,sub6,rest04,5,90,0,1.6635067265166252,0.8407081779080169,0.5,1,-0.2707160711288452,0.43273136019706726,1,5.6022756354329824e-06,4.159392859168511,4.59121111180443,1,1,0.8372361669913965,1,1,fold_1
592,sub6,rest04,6,91,0,1.59961957335776,0.8319652085478318,0.5,1,-0.2160261869430542,0.44620251655578613,1,5.6022756354329824e-06,4.159392859168511,4.59121111180443,1,1,0.825606057325773,1,1,fold_1
593,sub6,rest04,7,92,0,1.6510663198159712,0.8390351145183407,0.5,1,-0.5377212166786194,0.36871781945228577,1,5.6022756354329824e-06,4.159392859168511,4.59121111180443,1,1,0.7666884700774613,1,1,fold_1
594,sub6,rest04,8,93,0,1.4230610813702553,0.8058178489111464,0.5,1,-0.6870104670524597,0.3346984386444092,1,5.6022756354329824e-06,4.159392859168511,4.59121111180443,1,1,0.6902207220714152,1,1,fold_1
595,sub6,rest04,9,94,0,0.6420310897886614,0.6552124468028969,0.5,1,-0.7668482065200806,0.31716129183769226,1,5.6022756354329824e-06,4.159392859168511,4.59121111180443,1,1,0.6130482304006971,1,1,fold_1
596,sub6,rest04,10,95,0,0.44576506830609014,0.6096318705002023,0.5,1,-0.5507271885871887,0.3656957149505615,1,5.6022756354329824e-06,4.159392859168511,4.59121111180443,1,1,0.6197866446868443,1,1,fold_1
597,sub6,rest04,11,96,0,0.2994185644037155,0.5743003738989919,0.5,1,-0.550800085067749,0.3656787872314453,1,5.6022756354329824e-06,4.159392859168511,4.59121111180443,1,1,0.6484004576399355,1,1,fold_1
598,sub6,rest04,12,97,0,0.7328377570423636,0.6754276896613387,0.5,1,-0.3825939893722534,0.40550142526626587,1,5.6022756354329824e-06,4.159392859168511,4.59121111180443,1,1,0.680559346756791,1,1,fold_1
599,sub6,rest04,13,98,0,0.8258338971361333,0.6954733093594758,0.5,1,-0.5047354698181152,0.3764284551143646,1,5.6022756354329824e-06,4.159392859168511,4.59121111180443,1,1,0.6717349541866175,1,1,fold_1
600,sub6,rest04,14,99,0,0.7117015960270608,0.6707770412495584,0.5,1,-0.27940094470977783,0.4306006133556366,1,5.6022756354329824e-06,4.159392859168511,4.59121111180443,1,1,0.6479482727384608,1,1,fold_1
601,sub6,rest04,15,100,0,0.614446814152872,0.6489545119508182,0.5,1,-0.6381543278694153,0.3456638753414154,1,5.6022756354329824e-06,4.159392859168511,4.59121111180443,1,1,0.6090158054577924,1,1,fold_1
602,sub6,rest04,16,101,0,0.5070440050778428,0.624113265015006,0.5,1,-0.2690509557723999,0.4331400990486145,1,5.6022756354329824e-06,4.159392859168511,4.59121111180443,1,1,0.6146366554439141,1,1,fold_1
603,sub6,rest04,17,102,0,0.21676333156935224,0.553979639407553,0.5,1,-0.21608316898345947,0.44618842005729675,1,5.6022756354329824e-06,4.159392859168511,4.59121111180443,1,1,0.6250984061771615,1,1,fold_1
604,sub6,rest04,18,103,0,0.6893263891221166,0.6658170619091832,0.5,1,-0.046814680099487305,0.4882984459400177,1,5.6022756354329824e-06,4.159392859168511,4.59121111180443,1,1,0.675491256062196,1,1,fold_1
605,sub6,rest04,19,104,0,0.6432976465230491,0.6554985172147482,0.5,1,-0.36833655834198,0.4089430272579193,1,5.6022756354329824e-06,4.159392859168511,4.59121111180443,1,1,0.7017760619132453,1,1,fold_1
606,sub6,rest04,20,105,0,0.871983180887439,0.7051581890626566,0.5,1,-0.4571899175643921,0.3876526653766632,1,5.6022756354329824e-06,4.159392859168511,4.59121111180443,1,1,0.7309678825503164,1,1,fold_1
607,sub6,rest04,21,106,0,1.0703921221346369,0.7446714794623309,0.5,1,-0.4641154408454895,0.38600996136665344,1,5.6022756354329824e-06,4.159392859168511,4.59121111180443,1,1,0.7484927348548222,1,1,fold_1
608,sub6,rest04,22,107,0,1.0620074209630825,0.7430739791259615,0.5,1,-0.1816169023513794,0.454720139503479,1,5.6022756354329824e-06,4.159392859168511,4.59121111180443,1,1,0.7343883162527604,1,1,fold_1
609,sub6,rest04,23,108,0,1.1402892733292125,0.7577327459761741,0.5,1,0.0896681547164917,0.5224019885063171,1,5.6022756354329824e-06,4.159392859168511,4.59121111180443,1,1,0.7208163977628219,1,1,fold_1
610,sub6,rest04,24,109,0,0.8585528933741102,0.7023582236561456,0.5,1,0.3657342195510864,0.590427815914154,1,5.6022756354329824e-06,4.159392859168511,4.59121111180443,1,1,0.7023582236561458,1,1,fold_1
828,sub9,rest01,0,0,0,-0.7775552093473631,0.31484703345704845,0.5,0,-0.007192730903625488,0.49820178747177124,1,2.3511714289993254e-06,7.575769405897754,14.381322156966835,0,1,0.31521548939394917,0,1,fold_1
829,sub9,rest01,1,1,0,-0.7825123862815098,0.31377866206204963,0.5,0,-0.07376980781555176,0.4815658926963806,1,2.3511714289993254e-06,7.575769405897754,14.381322156966835,0,1,0.3159239992017264,0,1,fold_1
830,sub9,rest01,2,2,0,-0.767497144618667,0.3170207726627494,0.5,0,-0.12911605834960938,0.467765748500824,1,2.3511714289993254e-06,7.575769405897754,14.381322156966835,0,1,0.315016910856975,0,1,fold_1
831,sub9,rest01,3,3,0,-0.7677198125385709,0.3169725628803802,0.5,0,-0.13407456874847412,0.46653151512145996,1,2.3511714289993254e-06,7.575769405897754,14.381322156966835,0,1,0.30979105088134157,0,1,fold_1
832,sub9,rest01,4,4,0,-0.7951805112034518,0.3110573970277954,0.5,0,-0.457641065120697,0.38754555583000183,1,2.3511714289993254e-06,7.575769405897754,14.381322156966835,0,1,0.30382883335310273,0,1,fold_1
833,sub9,rest01,5,5,0,-0.840909854488069,0.3013431927358492,0.5,0,-0.5765122175216675,0.35973551869392395,1,2.3511714289993254e-06,7.575769405897754,14.381322156966835,0,1,0.3038383226797996,0,1,fold_1
834,sub9,rest01,6,6,0,-0.8516544680832588,0.2990859102956636,0.5,0,-0.7626093626022339,0.31808000802993774,1,2.3511714289993254e-06,7.575769405897754,14.381322156966835,0,1,0.30808499293277164,0,1,fold_1
835,sub9,rest01,7,7,1,-0.7944948276485954,0.3112043585224447,0.5,0,-0.533132016658783,0.36978667974472046,1,2.3511714289993254e-06,7.575769405897754,14.381322156966835,0,1,,,,fold_1
836,sub9,rest01,8,8,0,-0.7950476732492099,0.311085865007886,0.5,0,-0.629181981086731,0.3476960361003876,1,2.3511714289993254e-06,7.575769405897754,14.381322156966835,0,1,0.30849492011236124,0,1,fold_1
837,sub9,rest01,9,9,0,-0.7810984023865343,0.3140832034947653,0.5,0,-0.5002509951591492,0.37748169898986816,1,2.3511714289993254e-06,7.575769405897754,14.381322156966835,0,1,0.3034533999964074,0,1,fold_1
838,sub9,rest01,10,10,1,-0.8567107302915589,0.2980270261567582,0.5,0,-0.7814310789108276,0.3140115439891815,1,2.3511714289993254e-06,7.575769405897754,14.381322156966835,0,1,,,,fold_1
839,sub9,rest01,11,11,0,-0.8457950174976636,0.30031569183443235,0.5,0,-0.810492992401123,0.3077854514122009,1,2.3511714289993254e-06,7.575769405897754,14.381322156966835,0,1,0.298455514556291,0,1,fold_1
840,sub9,rest01,12,12,0,-0.8666046013405206,0.29596130466002457,0.5,0,-0.6913244724273682,0.3337385058403015,1,2.3511714289993254e-06,7.575769405897754,14.381322156966835,0,1,0.2998281626867472,0,1,fold_1
841,sub9,rest01,13,13,0,-0.8516371193981473,0.29908954717441605,0.5,0,-0.6243507862091064,0.34879258275032043,1,2.3511714289993254e-06,7.575769405897754,14.381322156966835,0,1,0.30212627467159875,0,1,fold_1
842,sub9,rest01,14,14,1,-0.8620785380411604,0.29690526249782334,0.5,0,-0.7892279624938965,0.31233447790145874,1,2.3511714289993254e-06,7.575769405897754,14.381322156966835,0,1,,,,fold_1
843,sub9,rest01,15,15,0,-0.8262733056420802,0.30443363622580105,0.5,0,-0.7973138093948364,0.3106004297733307,1,2.3511714289993254e-06,7.575769405897754,14.381322156966835,0,1,0.29976002797647455,0,1,fold_1
844,sub9,rest01,16,16,0,-0.833736246282131,0.30285564061457926,0.5,0,-0.7460427284240723,0.32168418169021606,1,2.3511714289993254e-06,7.575769405897754,14.381322156966835,0,1,0.29447871960685584,0,1,fold_1
845,sub9,rest01,17,17,1,-0.859267788304401,0.29749234836037863,0.5,0,-0.5977283716201782,0.35486358404159546,1,2.3511714289993254e-06,7.575769405897754,14.381322156966835,0,1,,,,fold_1
846,sub9,rest01,18,18,0,-0.8857347587460082,0.29199080708904324,0.5,0,-0.43737101554870605,0.39236754179000854,1,2.3511714289993254e-06,7.575769405897754,14.381322156966835,0,1,0.2905564161864395,0,1,fold_1
847,sub9,rest01,19,19,0,-0.9022433275872035,0.2885897111169451,0.5,0,0.056968092918395996,0.514238178730011,1,2.3511714289993254e-06,7.575769405897754,14.381322156966835,0,1,0.29483747930319976,0,1,fold_1
848,sub9,rest01,20,20,0,-0.8901022341083201,0.29108873035333016,0.5,0,-0.007990837097167969,0.4980023205280304,1,2.3511714289993254e-06,7.575769405897754,14.381322156966835,0,1,0.3016141299354694,0,1,fold_1
849,sub9,rest01,21,21,0,-0.8243833166207059,0.3048339964393239,0.5,0,0.13630402088165283,0.5340232849121094,1,2.3511714289993254e-06,7.575769405897754,14.381322156966835,0,1,0.3079928298599976,0,1,fold_1
850,sub9,rest01,22,22,0,-0.8051748260814188,0.3089196630137541,0.5,0,-0.39056825637817383,0.40358051657676697,1,2.3511714289993254e-06,7.575769405897754,14.381322156966835,0,1,0.30842241271959464,0,1,fold_1
851,sub9,rest01,23,23,0,-0.7990684106497478,0.31022483012691476,0.5,0,-0.26486730575561523,0.43416762351989746,1,2.3511714289993254e-06,7.575769405897754,14.381322156966835,0,1,0.3074901067210483,0,1,fold_1
852,sub9,rest01,24,24,0,-0.8183089298113978,0.3061227450181151,0.5,0,-0.12017309665679932,0.4699927866458893,1,2.3511714289993254e-06,7.575769405897754,14.381322156966835,0,1,0.3061227450181151,0,1,fold_1
853,sub9,rest02,0,25,0,1.4350197570623942,0.8076822473382306,0.5,1,3.048048496246338,0.9546981453895569,1,2.3511714289993254e-06,7.575769405897754,14.381322156966835,0,0,0.8093952207625804,1,0,fold_1
854,sub9,rest02,1,26,0,1.4486684269996426,0.8097934190101462,0.5,1,3.054631233215332,0.9549820423126221,1,2.3511714289993254e-06,7.575769405897754,14.381322156966835,0,0,0.810668577020171,1,0,fold_1
855,sub9,rest02,2,27,0,1.4546301498579097,0.8107099959393647,0.5,1,3.0562705993652344,0.9550524950027466,1,2.3511714289993254e-06,7.575769405897754,14.381322156966835,0,0,0.8126545075526033,1,0,fold_1
856,sub9,rest02,3,28,0,1.459801521309923,0.8115023161110023,0.5,1,3.0567526817321777,0.9550731182098389,1,2.3511714289993254e-06,7.575769405897754,14.381322156966835,0,0,0.8065214249766154,1,0,fold_1
857,sub9,rest02,4,29,0,1.4878224589277098,0.8157512106074428,0.5,1,3.0579257011413574,0.9551234841346741,1,2.3511714289993254e-06,7.575769405897754,14.381322156966835,0,0,0.8001838263690383,1,0,fold_1
858,sub9,rest02,5,30,0,1.3389106929024095,0.7923107482114009,0.5,1,2.957716464996338,0.9506269693374634,1,2.3511714289993254e-06,7.575769405897754,14.381322156966835,0,0,0.7939749075726246,1,0,fold_1
859,sub9,rest02,6,31,0,1.3399974390227165,0.7924895202882716,0.5,1,2.96364164352417,0.9509043097496033,1,2.3511714289993254e-06,7.575769405897754,14.381322156966835,0,0,0.7997786334185104,1,0,fold_1
860,sub9,rest02,7,32,0,1.3684181038793797,0.7971244542182011,0.5,1,2.9521126747131348,0.9503632187843323,1,2.3511714289993254e-06,7.575769405897754,14.381322156966835,0,0,0.8050668232273344,1,0,fold_1
861,sub9,rest02,8,33,0,1.4482043362745634,0.8097219257490587,0.5,1,3.063201427459717,0.9553490877151489,1,2.3511714289993254e-06,7.575769405897754,14.381322156966835,0,0,0.8092464525004487,1,0,fold_1
862,sub9,rest02,9,34,0,1.439350740270294,0.8083540897147433,0.5,1,3.055412769317627,0.9550155997276306,1,2.3511714289993254e-06,7.575769405897754,14.381322156966835,0,0,0.8099515883994736,1,0,fold_1
863,sub9,rest02,10,35,0,1.4478241459166576,0.809663342037544,0.5,1,3.049365520477295,0.9547550678253174,1,2.3511714289993254e-06,7.575769405897754,14.381322156966835,0,0,0.8108467523034038,1,0,fold_1
864,sub9,rest02,11,36,0,1.4619931554790275,0.8118373334461335,0.5,1,3.0277953147888184,0.9538140892982483,1,2.3511714289993254e-06,7.575769405897754,14.381322156966835,0,0,0.810855295988724,1,0,fold_1
865,sub9,rest02,12,37,0,1.456779291039344,0.8110395814265338,0.5,1,3.026397228240967,0.9537525177001953,1,2.3511714289993254e-06,7.575769405897754,14.381322156966835,0,0,0.8095303263736344,1,0,fold_1
866,sub9,rest02,13,38,0,1.447990472609178,0.8096889730935051,0.5,1,3.0226759910583496,0.9535881280899048,1,2.3511714289993254e-06,7.575769405897754,14.381322156966835,0,0,0.8101581362727797,1,0,fold_1
867,sub9,rest02,14,39,0,1.4361801234672353,0.8078624246008645,0.5,1,3.050459861755371,0.9548023343086243,1,2.3511714289993254e-06,7.575769405897754,14.381322156966835,0,0,0.8106508017313733,1,0,fold_1
868,sub9,rest02,15,40,0,1.4691161704525888,0.8129230111239694,0.5,1,3.0295910835266113,0.9538931846618652,1,2.3511714289993254e-06,7.575769405897754,14.381322156966835,0,0,0.8073989289475182,1,0,fold_1
869,sub9,rest02,16,41,0,1.4576107256437152,0.8111669694692859,0.5,1,3.035083293914795,0.9541341066360474,1,2.3511714289993254e-06,7.575769405897754,14.381322156966835,0,0,0.8043564059658159,1,0,fold_1
870,sub9,rest02,17,42,0,1.3745036171528884,0.7981068062492994,0.5,1,3.0041041374206543,0.9527591466903687,1,2.3511714289993254e-06,7.575769405897754,14.381322156966835,0,0,0.8027026933854531,1,0,fold_1
871,sub9,rest02,18,43,0,1.410187034310388,0.8037954421788623,0.5,1,3.0177969932556152,0.9533717036247253,1,2.3511714289993254e-06,7.575769405897754,14.381322156966835,0,0,0.8079405392772405,1,0,fold_1
872,sub9,rest02,19,44,0,1.4255424767296097,0.8062058317281975,0.5,1,3.026676654815674,0.9537648558616638,1,2.3511714289993254e-06,7.575769405897754,14.381322156966835,0,0,0.8021151511934375,1,0,fold_1
873,sub9,rest02,20,45,0,1.4750275335167526,0.8138203439246618,0.5,1,3.0205135345458984,0.9534923434257507,1,2.3511714289993254e-06,7.575769405897754,14.381322156966835,0,0,0.7952733270467002,1,0,fold_1
874,sub9,rest02,21,46,0,1.302879967944629,0.786319277927453,0.5,1,2.983942985534668,0.9518435001373291,1,2.3511714289993254e-06,7.575769405897754,14.381322156966835,0,0,0.7887440314177857,1,0,fold_1
875,sub9,rest02,22,47,0,1.2990814933190789,0.7856803592879854,0.5,1,2.9799160957336426,0.9516584873199463,1,2.3511714289993254e-06,7.575769405897754,14.381322156966835,0,0,0.7974605989344412,1,0,fold_1
876,sub9,rest02,23,48,0,1.3506290860418404,0.7942324570379188,0.5,1,3.008814811706543,0.9529707431793213,1,2.3511714289993254e-06,7.575769405897754,14.381322156966835,0,0,0.8063901393309193,1,0,fold_1
877,sub9,rest02,24,49,0,1.4661334664201924,0.8124689804774196,0.5,1,3.057551860809326,0.9551073908805847,1,2.3511714289993254e-06,7.575769405897754,14.381322156966835,0,0,0.8124689804774196,1,0,fold_1
878,sub9,task01,0,50,0,-0.9700179892238684,0.27487691659079855,0.5,0,2.8615574836730957,0.9459130167961121,1,2.3511714289993254e-06,7.575769405897754,14.381322156966835,1,0,0.2744522315866205,0,0,fold_1
879,sub9,task01,1,51,0,-0.9695620701037426,0.2749677995326925,0.5,0,2.8619489669799805,0.9459330439567566,1,2.3511714289993254e-06,7.575769405897754,14.381322156966835,1,0,0.2729547040469511,0,0,fold_1
880,sub9,task01,2,52,0,-0.9768765762542272,0.2735119786363706,0.5,0,2.8480358123779297,0.9452170729637146,1,2.3511714289993254e-06,7.575769405897754,14.381322156966835,1,0,0.27148678028315926,0,0,fold_1
881,sub9,task01,3,53,0,-0.9926735046121715,0.2703843339717902,0.5,0,2.8290247917175293,0.9442242383956909,1,2.3511714289993254e-06,7.575769405897754,14.381322156966835,1,0,0.27237894083248115,0,0,fold_1
882,sub9,task01,4,54,0,-0.9917628205029471,0.2705640282413169,0.5,0,2.832491397857666,0.9444065690040588,1,2.3511714289993254e-06,7.575769405897754,14.381322156966835,1,0,0.27450969723275714,0,0,fold_1
883,sub9,task01,5,55,0,-0.9634475944266049,0.2761884602843364,0.5,0,2.8474674224853516,0.9451876282691956,1,2.3511714289993254e-06,7.575769405897754,14.381322156966835,1,0,0.27753527130884964,0,0,fold_1
884,sub9,task01,6,56,0,-0.9605074663019351,0.27677660317261793,0.5,0,2.847355842590332,0.9451818466186523,1,2.3511714289993254e-06,7.575769405897754,14.381322156966835,1,0,0.2762914049005621,0,0,fold_1
885,sub9,task01,7,57,0,-0.9462442999140214,0.2796407504695946,0.5,0,2.859175205230713,0.9457910060882568,1,2.3511714289993254e-06,7.575769405897754,14.381322156966835,1,0,0.2757870743784378,0,0,fold_1
886,sub9,task01,8,58,0,-0.98219300126774,0.2724568610594738,0.5,0,2.8234152793884277,0.9439281225204468,1,2.3511714289993254e-06,7.575769405897754,14.381322156966835,1,0,0.27324742695967724,0,0,fold_1
887,sub9,task01,9,59,0,-0.9680787603459559,0.27526361160624496,0.5,0,2.8394269943237305,0.944769561290741,1,2.3511714289993254e-06,7.575769405897754,14.381322156966835,1,0,0.27333842776978684,0,0,fold_1
888,sub9,task01,10,60,0,-0.9843888510742179,0.2720218082133129,0.5,0,2.817810535430908,0.9436306953430176,1,2.3511714289993254e-06,7.575769405897754,14.381322156966835,1,0,0.26996312211042167,0,0,fold_1
889,sub9,task01,11,61,0,-0.9808161912894124,0.27272986348980266,0.5,0,2.8167357444763184,0.9435734748840332,1,2.3511714289993254e-06,7.575769405897754,14.381322156966835,1,0,0.26740510157075686,0,0,fold_1
890,sub9,task01,12,62,0,-1.019433848622411,0.2651376946281495,0.5,0,2.739144802093506,0.9392973184585571,1,2.3511714289993254e-06,7.575769405897754,14.381322156966835,1,0,0.26479940090589077,0,0,fold_1
891,sub9,task01,13,63,0,-1.023492066969692,0.26434774659431837,0.5,0,2.7078213691711426,0.9374866485595703,1,2.3511714289993254e-06,7.575769405897754,14.381322156966835,1,0,0.26602249842182096,0,0,fold_1
892,sub9,task01,14,64,0,-1.020588614130285,0.26491276149520454,0.5,0,2.6909704208374023,0.9364917278289795,1,2.3511714289993254e-06,7.575769405897754,14.381322156966835,1,0,0.2674958324712811,0,0,fold_1
893,sub9,task01,15,65,0,-1.0006838620592344,0.26880698717593987,0.5,0,2.736818790435791,0.9391646385192871,1,2.3511714289993254e-06,7.575769405897754,14.381322156966835,1,0,0.270915953667774,0,0,fold_1
894,sub9,task01,16,66,0,-1.0008835073721096,0.2687677487426988,0.5,0,2.764044761657715,0.9407016038894653,1,2.3511714289993254e-06,7.575769405897754,14.381322156966835,1,0,0.2730972968722966,0,0,fold_1
895,sub9,task01,17,67,0,-0.9685323877705293,0.2751731250846833,0.5,0,2.82230806350708,0.9438694715499878,1,2.3511714289993254e-06,7.575769405897754,14.381322156966835,1,0,0.2763379237837629,0,0,fold_1
896,sub9,task01,18,68,0,-0.9676406681036308,0.2753510167895077,0.5,0,2.8071742057800293,0.9430623054504395,1,2.3511714289993254e-06,7.575769405897754,14.381322156966835,1,0,0.27797239623982367,0,0,fold_1
897,sub9,task01,19,69,0,-0.9519659300617979,0.27848962947709766,0.5,0,2.8341641426086426,0.9444942474365234,1,2.3511714289993254e-06,7.575769405897754,14.381322156966835,1,0,0.27781584989878105,0,0,fold_1
898,sub9,task01,20,70,0,-0.9440819656818983,0.28007654245286573,0.5,0,2.812391757965088,0.9433417320251465,1,2.3511714289993254e-06,7.575769405897754,14.381322156966835,1,0,0.2756024251693776,0,0,fold_1
899,sub9,task01,21,71,0,-0.969995607314799,0.2748813777663797,0.5,0,2.793931484222412,0.94234699010849,1,2.3511714289993254e-06,7.575769405897754,14.381322156966835,1,0,0.27262545994011034,0,0,fold_1
900,sub9,task01,22,72,0,-0.9852598843181284,0.2718493552888874,0.5,0,2.7515697479248047,0.940001904964447,1,2.3511714289993254e-06,7.575769405897754,14.381322156966835,1,0,0.27268891865467587,0,0,fold_1
901,sub9,task01,23,73,0,-0.9888178037998197,0.27114564676506386,0.5,0,2.791865825653076,0.9422346949577332,1,2.3511714289993254e-06,7.575769405897754,14.381322156966835,1,0,0.27475107067007826,0,0,fold_1
902,sub9,task01,24,74,0,-0.9690406921049075,0.2750717539100764,0.5,0,2.8162665367126465,0.9435485601425171,1,2.3511714289993254e-06,7.575769405897754,14.381322156966835,1,0,0.2771296165521292,0,0,fold_1
903,sub9,task01,25,75,0,-0.9542256143291035,0.2780358113350945,0.5,0,2.8273062705993652,0.9441336989402771,1,2.3511714289993254e-06,7.575769405897754,14.381322156966835,1,0,0.2775175458180416,0,0,fold_1
904,sub9,task01,26,76,0,-0.9530030558051591,0.2782812844112167,0.5,0,2.8373565673828125,0.9446614384651184,1,2.3511714289993254e-06,7.575769405897754,14.381322156966835,1,0,0.2752783936724558,0,0,fold_1
905,sub9,task01,27,77,0,-0.9632120918495823,0.27623554170781356,0.5,0,2.8138427734375,0.9434192776679993,1,2.3511714289993254e-06,7.575769405897754,14.381322156966835,1,0,0.2729782835581204,0,0,fold_1
906,sub9,task01,28,78,0,-0.987944063073017,0.2713183548983372,0.5,0,2.795854091644287,0.9424513578414917,1,2.3511714289993254e-06,7.575769405897754,14.381322156966835,1,0,0.27091718995177566,0,0,fold_1
907,sub9,task01,29,79,0,-0.9876274563538165,0.2713809540682104,0.5,0,2.791530132293701,0.9422163963317871,1,2.3511714289993254e-06,7.575769405897754,14.381322156966835,1,0,0.27089960948828873,0,0,fold_1
908,sub9,task01,30,80,0,-0.9943574422055214,0.2700522608887793,0.5,0,2.7727842330932617,0.9411872625350952,1,2.3511714289993254e-06,7.575769405897754,14.381322156966835,1,0,0.2710876571844321,0,0,fold_1
909,sub9,task01,31,81,0,-0.9882108478640523,0.2712656135078764,0.5,0,2.75362491607666,0.9401177763938904,1,2.3511714289993254e-06,7.575769405897754,14.381322156966835,1,0,0.27114253492202817,0,0,fold_1
910,sub9,task01,32,82,0,-0.9847762641136811,0.27194509715664056,0.5,0,2.7511134147644043,0.9399762153625488,1,2.3511714289993254e-06,7.575769405897754,14.381322156966835,1,0,0.2707668198800942,0,0,fold_1
911,sub9,task01,33,83,0,-0.9935224267836622,0.2702168941015675,0.5,0,2.752056121826172,0.9400293827056885,1,2.3511714289993254e-06,7.575769405897754,14.381322156966835,1,0,0.2712640418703857,0,0,fold_1
912,sub9,task01,34,84,0,-0.9939201600378085,0.27013846838207456,0.5,0,2.7579898834228516,0.9403630495071411,1,2.3511714289993254e-06,7.575769405897754,14.381322156966835,1,0,0.27016236637254326,0,0,fold_1
913,sub9,task01,35,85,0,-0.9772551407049906,0.2734367631275151,0.5,0,2.7008156776428223,0.9370747804641724,1,2.3511714289993254e-06,7.575769405897754,14.381322156966835,1,0,0.27336804295963374,0,0,fold_1
914,sub9,task01,36,86,0,-1.0103474098002683,0.2669118676080401,0.5,0,1.8909744024276733,0.8688665628433228,1,2.3511714289993254e-06,7.575769405897754,14.381322156966835,1,0,0.28190919902941775,0,0,fold_1
915,sub9,task01,37,87,0,-0.945674739502724,0.27975549814334616,0.5,0,1.4187771081924438,0.8051466345787048,1,2.3511714289993254e-06,7.575769405897754,14.381322156966835,1,0,0.28912778788749355,0,0,fold_1
916,sub9,task01,38,88,0,-0.8517769656198064,0.2990602313368668,0.5,0,0.7965227365493774,0.6892301440238953,1,2.3511714289993254e-06,7.575769405897754,14.381322156966835,1,0,0.2960874128060312,0,0,fold_1
917,sub9,task01,39,89,0,-0.9023508620477423,0.2885676341822677,0.5,0,0.9914776086807251,0.7293796539306641,1,2.3511714289993254e-06,7.575769405897754,14.381322156966835,1,0,0.29743063096915484,0,0,fold_1
918,sub9,task01,40,90,0,-0.8442788587385408,0.300634372898959,0.5,0,0.9835673570632935,0.7278155088424683,1,2.3511714289993254e-06,7.575769405897754,14.381322156966835,1,0,0.30409028506459307,0,0,fold_1
919,sub9,task01,41,91,0,-0.8326270270226092,0.3030898858262379,0.5,0,1.1601980924606323,0.7613686919212341,1,2.3511714289993254e-06,7.575769405897754,14.381322156966835,1,0,0.3137863688490035,0,0,fold_1
920,sub9,task01,42,92,0,-0.8069228902315096,0.30854659646858235,0.5,0,1.2087923288345337,0.7700851559638977,1,2.3511714289993254e-06,7.575769405897754,14.381322156966835,1,0,0.32510434704905106,0,0,fold_1
921,sub9,task01,43,93,0,-0.7094398519208943,0.32972262425219023,0.5,0,1.772518277168274,0.8547705411911011,1,2.3511714289993254e-06,7.575769405897754,14.381322156966835,1,0,0.3299170486292679,0,0,fold_1
922,sub9,task01,44,94,0,-0.6764959410062238,0.3370438204263806,0.5,0,1.5900198221206665,0.8306189179420471,1,2.3511714289993254e-06,7.575769405897754,14.381322156966835,1,0,0.3347075347731645,0,0,fold_1
923,sub9,task01,45,95,0,-0.7400889131517443,0.3229847012092328,0.5,0,1.2881869077682495,0.7838401794433594,1,2.3511714289993254e-06,7.575769405897754,14.381322156966835,1,0,0.34215733579381463,0,0,fold_1
924,sub9,task01,46,96,0,-0.6451022437790054,0.34409408268388014,0.5,0,1.7273756265640259,0.8490763902664185,1,2.3511714289993254e-06,7.575769405897754,14.381322156966835,1,0,0.35525548671870544,0,0,fold_1
925,sub9,task01,47,97,0,-0.5779986963982967,0.3593932234883309,0.5,0,2.6015138626098633,0.9309589862823486,1,2.3511714289993254e-06,7.575769405897754,14.381322156966835,1,0,0.36131719488060327,0,0,fold_1
926,sub9,task01,48,98,0,-0.5654855839152787,0.36227915398390526,0.5,0,2.6785387992858887,0.9357483983039856,1,2.3511714289993254e-06,7.575769405897754,14.381322156966835,1,0,0.36227890885505887,0,0,fold_1
927,sub9,task01,49,99,0,-0.565485353707153,0.3622792071695735,0.5,0,2.6783556938171387,0.9357373118400574,1,2.3511714289993254e-06,7.575769405897754,14.381322156966835,1,0,0.3622786459976564,0,0,fold_1
928,sub9,task01,50,100,0,-0.5654889971622403,0.3622783654116979,0.5,0,2.678593158721924,0.9357516169548035,1,2.3511714289993254e-06,7.575769405897754,14.381322156966835,1,0,0.3622783654116979,0,0,fold_1
1038,sub11,rest01,0,0,0,-1.3080495565134147,0.21281340692078662,0.5,0,-0.4083644151687622,0.3993043303489685,1,2.6326173130017042e-06,3.129603468883413,10.628912748800367,0,1,0.20612278626615751,0,1,fold_1
1039,sub11,rest01,1,1,0,-1.3467792562649017,0.20639742281392018,0.5,0,-0.5089007616043091,0.3754512369632721,1,2.6326173130017042e-06,3.129603468883413,10.628912748800367,0,1,0.19933378045337555,0,1,fold_1
1040,sub11,rest01,2,2,0,-1.3915681473220003,0.19915752906376574,0.5,0,-0.5773204565048218,0.3595494031906128,1,2.6326173130017042e-06,3.129603468883413,10.628912748800367,0,1,0.19327985006821444,0,1,fold_1
1041,sub11,rest01,3,3,0,-1.4341918248814054,0.19244638948244067,0.5,0,-0.64691162109375,0.3436858355998993,1,2.6326173130017042e-06,3.129603468883413,10.628912748800367,0,1,0.19224594197567135,0,1,fold_1
1042,sub11,rest01,4,4,0,-1.4615155733624359,0.18823563165843685,0.5,0,-0.7371146082878113,0.32363542914390564,1,2.6326173130017042e-06,3.129603468883413,10.628912748800367,0,1,0.20101899599931508,0,1,fold_1
1043,sub11,rest01,5,5,0,-1.411130520829504,0.19605580478613654,0.5,0,-0.794873833656311,0.3111231327056885,1,2.6326173130017042e-06,3.129603468883413,10.628912748800367,0,1,0.20471114065520132,0,1,fold_1
1044,sub11,rest01,6,6,0,-1.2728746793380055,0.2187655515533718,0.5,0,-0.4615296721458435,0.38662299513816833,1,2.6326173130017042e-06,3.129603468883413,10.628912748800367,0,1,0.20659324662076908,0,1,fold_1
1045,sub11,rest01,7,7,1,-1.3321908419988853,0.20879720516660655,0.5,0,-0.6333019137382507,0.34676221013069153,1,2.6326173130017042e-06,3.129603468883413,10.628912748800367,0,1,,,,fold_1
1046,sub11,rest01,8,8,0,-1.3905995107108478,0.19931206562609563,0.5,0,-0.845300555229187,0.3004195988178253,1,2.6326173130017042e-06,3.129603468883413,10.628912748800367,0,1,0.20258103499707203,0,1,fold_1
1047,sub11,rest01,9,9,0,-1.3756898387789607,0.20170212268283982,0.5,0,-0.8299490809440613,0.30365583300590515,1,2.6326173130017042e-06,3.129603468883413,10.628912748800367,0,1,0.20093411568079786,0,1,fold_1
1048,sub11,rest01,10,10,1,-1.3553842431868335,0.2049915078828742,0.5,0,-0.7418355345726013,0.32260289788246155,1,2.6326173130017042e-06,3.129603468883413,10.628912748800367,0,1,,,,fold_1
1049,sub11,rest01,11,11,0,-1.3447566547430772,0.20672891668228063,0.5,0,-0.6734490990638733,0.3377249836921692,1,2.6326173130017042e-06,3.129603468883413,10.628912748800367,0,1,0.19754940337724258,0,1,fold_1
1050,sub11,rest01,12,12,0,-1.4218526699803633,0.19437130767727306,0.5,0,-0.7203525304794312,0.3273153603076935,1,2.6326173130017042e-06,3.129603468883413,10.628912748800367,0,1,0.1931153826951322,0,1,fold_1
1051,sub11,rest01,13,13,0,-1.4399829699754259,0.19154798577217405,0.5,0,-0.7720606327056885,0.3160335123538971,1,2.6326173130017042e-06,3.129603468883413,10.628912748800367,0,1,0.19576387276997465,0,1,fold_1
1052,sub11,rest01,14,14,1,-1.4575375928583876,0.1888442329085932,0.5,0,-0.8897894620895386,0.29115328192710876,1,2.6326173130017042e-06,3.129603468883413,10.628912748800367,0,1,,,,fold_1
1053,sub11,rest01,15,15,0,-1.427895159474579,0.19342685463594952,0.5,0,-0.6965202689170837,0.3325842022895813,1,2.6326173130017042e-06,3.129603468883413,10.628912748800367,0,1,0.19624699001906176,0,1,fold_1
1054,sub11,rest01,16,16,0,-1.3718768773665844,0.2023167779018003,0.5,0,-0.5711157321929932,0.3609794080257416,1,2.6326173130017042e-06,3.129603468883413,10.628912748800367,0,1,0.20077657152550146,0,1,fold_1
1055,sub11,rest01,17,17,1,-1.3411092385574181,0.20732770386673477,0.5,0,-0.5408332943916321,0.3679937720298767,1,2.6326173130017042e-06,3.129603468883413,10.628912748800367,0,1,,,,fold_1
1056,sub11,rest01,18,18,0,-1.4306505739232833,0.1929973375194355,0.5,0,-0.8331551551818848,0.3029783070087433,1,2.6326173130017042e-06,3.129603468883413,10.628912748800367,0,1,0.20856410899262703,0,1,fold_1
1057,sub11,rest01,19,19,0,-1.3430094017113654,0.2070155991552686,0.5,0,-0.6871888637542725,0.33465874195098877,1,2.6326173130017042e-06,3.129603468883413,10.628912748800367,0,1,0.25819984968115195,0,1,fold_1
1058,sub11,rest01,20,20,0,-1.2328706471457125,0.22567939030317696,0.5,0,-0.5116523504257202,0.3748062551021576,1,2.6326173130017042e-06,3.129603468883413,10.628912748800367,0,1,0.3355054550932098,0,1,fold_1
1059,sub11,rest01,21,21,0,-0.6548183344548537,0.3419045595850103,0.5,0,0.2596057653427124,0.56453937292099,1,2.6326173130017042e-06,3.129603468883413,10.628912748800367,0,1,0.4405734971581354,0,1,fold_1
1060,sub11,rest01,22,22,0,-0.24549591998845904,0.4389324153914421,0.5,0,0.6139160394668579,0.6488335728645325,1,2.6326173130017042e-06,3.129603468883413,10.628912748800367,0,1,0.5099001116688417,1,0,fold_1
1061,sub11,rest01,23,23,0,0.16389998964200117,0.5408835164979537,0.5,1,1.4500857591629028,0.8100115656852722,1,2.6326173130017042e-06,3.129603468883413,10.628912748800367,0,0,0.5468841075774042,1,0,fold_1
1062,sub11,rest01,24,24,0,0.2002036482479627,0.5498844031171295,0.5,1,2.3969292640686035,0.9165928363800049,1,2.6326173130017042e-06,3.129603468883413,10.628912748800367,0,0,0.5498844031171295,1,0,fold_1
1063,sub11,rest02,0,25,0,0.08964751727586877,0.5223968816184384,0.5,1,1.7904654741287231,0.8569843173027039,1,2.6326173130017042e-06,3.129603468883413,10.628912748800367,0,0,0.5591598277660154,1,0,fold_1
1064,sub11,rest02,1,26,0,0.4364378972395353,0.6074099264218387,0.5,1,2.0597763061523438,0.8869317173957825,1,2.6326173130017042e-06,3.129603468883413,10.628912748800367,0,0,0.5613824105376571,1,0,fold_1
1065,sub11,rest02,2,27,0,0.19127171303327822,0.5476726752577686,0.5,1,1.6431289911270142,0.8379602432250977,1,2.6326173130017042e-06,3.129603468883413,10.628912748800367,0,0,0.4880109032714313,0,1,fold_1
1066,sub11,rest02,3,28,0,0.11638973212384923,0.529064629933364,0.5,1,1.4740339517593384,0.813669741153717,1,2.6326173130017042e-06,3.129603468883413,10.628912748800367,0,0,0.4345496527143482,0,1,fold_1
1067,sub11,rest02,4,29,0,-0.45869519862114044,0.3872954046231613,0.5,0,1.0548053979873657,0.7416965961456299,1,2.6326173130017042e-06,3.129603468883413,10.628912748800367,0,1,0.38612476922798505,0,1,fold_1
1068,sub11,rest02,5,30,0,-0.4587225105474569,0.3872889235865193,0.5,0,1.1711512804031372,0.7633530497550964,1,2.6326173130017042e-06,3.129603468883413,10.628912748800367,0,1,0.3689593033451815,0,1,fold_1
1069,sub11,rest02,6,31,0,-0.4734923733223603,0.3837899794742747,0.5,0,1.1223045587539673,0.7544159293174744,1,2.6326173130017042e-06,3.129603468883413,10.628912748800367,0,1,0.32378655049211164,0,1,fold_1
1070,sub11,rest02,7,32,0,-0.6820720165646158,0.3357990069747506,0.5,0,0.591471791267395,0.6437027454376221,1,2.6326173130017042e-06,3.129603468883413,10.628912748800367,0,1,0.2705367899268228,0,1,fold_1
1071,sub11,rest02,8,33,0,-1.0891909147996186,0.25177066502730977,0.5,0,0.09650123119354248,0.5241066217422485,1,2.6326173130017042e-06,3.129603468883413,10.628912748800367,0,1,0.24368939050868274,0,1,fold_1
1072,sub11,rest02,9,34,0,-1.2422723513543747,0.22404069777840785,0.5,0,-0.046950459480285645,0.4882645606994629,1,2.6326173130017042e-06,3.129603468883413,10.628912748800367,0,1,0.23772609031980171,0,1,fold_1
1073,sub11,rest02,10,35,0,-1.070769317860424,0.2552568087203306,0.5,0,0.36380791664123535,0.5899618864059448,1,2.6326173130017042e-06,3.129603468883413,10.628912748800367,0,1,0.25537849121076533,0,1,fold_1
1074,sub11,rest02,11,36,0,-1.1865263856955945,0.23388076446066672,0.5,0,0.0869213342666626,0.5217166543006897,1,2.6326173130017042e-06,3.129603468883413,10.628912748800367,0,1,0.2460525307772865,0,1,fold_1
1075,sub11,rest02,12,37,0,-0.9594021995342463,0.27699790045129885,0.5,0,0.36470162868499756,0.5901780724525452,1,2.6326173130017042e-06,3.129603468883413,10.628912748800367,0,1,0.2567257244352468,0,1,fold_1
1076,sub11,rest02,13,38,0,-1.2237401275946393,0.22727892741989397,0.5,0,0.007146358489990234,0.5017865896224976,1,2.6326173130017042e-06,3.129603468883413,10.628912748800367,0,1,0.23761858787432755,0,1,fold_1
1077,sub11,rest02,14,39,0,-1.0155231911988203,0.26590034543454766,0.5,0,0.49230754375457764,0.6206498742103577,1,2.6326173130017042e-06,3.129603468883413,10.628912748800367,0,1,0.24140345084512382,0,1,fold_1
1078,sub11,rest02,15,40,0,-1.2675526215166713,0.219676490768541,0.5,0,0.14896154403686523,0.5371716618537903,1,2.6326173130017042e-06,3.129603468883413,10.628912748800367,0,1,0.22276718084035874,0,1,fold_1
1079,sub11,rest02,16,41,0,-1.1601858530343627,0.23863351633228283,0.5,0,0.41381680965423584,0.602002739906311,1,2.6326173130017042e-06,3.129603468883413,10.628912748800367,0,1,0.21380049872856044,0,1,fold_1
1080,sub11,rest02,17,42,0,-1.3249764376790831,0.20999153542025237,0.5,0,-0.02095639705657959,0.49476107954978943,1,2.6326173130017042e-06,3.129603468883413,10.628912748800367,0,1,0.20264076726126143,0,1,fold_1
1081,sub11,rest02,18,43,0,-1.4320694519000856,0.19277644443314612,0.5,0,-0.2875009775161743,0.4286158084869385,1,2.6326173130017042e-06,3.129603468883413,10.628912748800367,0,1,0.20932130162194199,0,1,fold_1
1082,sub11,rest02,19,44,0,-1.354385494337219,0.20515432193038577,0.5,0,-0.5886799097061157,0.35693779587745667,1,2.6326173130017042e-06,3.129603468883413,10.628912748800367,0,1,0.24113380680801433,0,1,fold_1
1083,sub11,rest02,20,45,0,-1.208124097916282,0.23003313850229415,0.5,0,-0.2385849952697754,0.440635085105896,1,2.6326173130017042e-06,3.129603468883413,10.628912748800367,0,1,0.3065552828478844,0,1,fold_1
1084,sub11,rest02,21,46,0,-0.9040742396986109,0.28821395999136307,0.5,0,0.17958056926727295,0.5447748899459839,1,2.6326173130017042e-06,3.129603468883413,10.628912748800367,0,1,0.3808329097503796,0,1,fold_1
1085,sub11,rest02,22,47,0,-0.3995571248517394,0.40141875004999605,0.5,0,1.0864068269729614,0.7477045059204102,1,2.6326173130017042e-06,3.129603468883413,10.628912748800367,0,1,0.4357169294898519,0,1,fold_1
1086,sub11,rest02,23,48,0,-0.1890973914863545,0.4528660192097798,0.5,0,1.9913557767868042,0.8798864483833313,1,2.6326173130017042e-06,3.129603468883413,10.628912748800367,0,1,0.4528660192097798,0,1,fold_1
1087,sub11,task02,0,49,0,-0.877164370518391,0.2937657354288012,0.5,0,0.567858099937439,0.6382688283920288,1,2.6326173130017042e-06,3.129603468883413,10.628912748800367,1,0,0.27269444266177917,0,0,fold_1
1088,sub11,task02,1,50,0,-1.1202621882420474,0.24596265356301122,0.5,0,0.32940590381622314,0.5816147923469543,1,2.6326173130017042e-06,3.129603468883413,10.628912748800367,1,0,0.30064981909319605,0,0,fold_1
1089,sub11,task02,2,51,0,-0.9526363544646466,0.27835493899352515,0.5,0,0.5097144842147827,0.6247395873069763,1,2.6326173130017042e-06,3.129603468883413,10.628912748800367,1,0,0.3400891102554382,0,0,fold_1
1090,sub11,task02,3,52,0,-0.49961195680012693,0.3776318647230516,0.5,0,1.026706337928772,0.7362768054008484,1,2.6326173130017042e-06,3.129603468883413,10.628912748800367,1,0,0.3722429790223644,0,0,fold_1
1091,sub11,task02,4,53,0,-0.5568331362442558,0.3642805270497378,0.5,0,0.8379937410354614,0.6980425119400024,1,2.6326173130017042e-06,3.129603468883413,10.628912748800367,1,0,0.3295362890333747,0,0,fold_1
1092,sub11,task02,5,54,0,-0.5116084404763513,0.3748165452943038,0.5,0,0.8340660333633423,0.6972139477729797,1,2.6326173130017042e-06,3.129603468883413,10.628912748800367,1,0,0.34252883311109467,0,0,fold_1
1093,sub11,task02,6,55,0,-1.1012177474401343,0.24951179475608254,0.5,0,0.23615694046020508,0.5587663650512695,1,2.6326173130017042e-06,3.129603468883413,10.628912748800367,1,0,0.3715730652268916,0,0,fold_1
1094,sub11,task02,7,56,0,-0.39190764165110153,0.4032581592828977,0.5,0,1.1666985750198364,0.7625477910041809,1,2.6326173130017042e-06,3.129603468883413,10.628912748800367,1,0,0.491058188163116,0,0,fold_1
1095,sub11,task02,8,57,0,-0.1524978836328004,0.46194924164169454,0.5,0,1.4960001707077026,0.8169771432876587,1,2.6326173130017042e-06,3.129603468883413,10.628912748800367,1,0,0.5971270245825213,1,1,fold_1
1096,sub11,task02,9,58,0,0.4387752705142199,0.6079671635647559,0.5,1,2.5051794052124023,0.9245041012763977,1,2.6326173130017042e-06,3.129603468883413,10.628912748800367,1,1,0.7067646865992591,1,1,fold_1
1097,sub11,task02,10,59,0,0.9517384928359067,0.7214646685411136,0.5,1,2.1999826431274414,0.9002479910850525,1,2.6326173130017042e-06,3.129603468883413,10.628912748800367,1,1,0.7718311955792697,1,1,fold_1
1098,sub11,task02,11,60,0,1.3301305453093966,0.7908622276919077,0.5,1,2.8904871940612793,0.947374165058136,1,2.6326173130017042e-06,3.129603468883413,10.628912748800367,1,1,0.764760834783905,1,1,fold_1
1099,sub11,task02,12,61,0,1.4062050512312954,0.8031666905047877,0.5,1,2.594362258911133,0.9304978847503662,1,2.6326173130017042e-06,3.129603468883413,10.628912748800367,1,1,0.7320240145950391,1,1,fold_1
1100,sub11,task02,13,62,0,0.848505705360545,0.7002535861550198,0.5,1,2.3261990547180176,0.911023736000061,1,2.6326173130017042e-06,3.129603468883413,10.628912748800367,1,1,0.6984027201713899,1,1,fold_1
1101,sub11,task02,14,63,0,0.8125459585706626,0.6926517671253097,0.5,1,2.210582733154297,0.901195764541626,1,2.6326173130017042e-06,3.129603468883413,10.628912748800367,1,1,0.7176086349933222,1,1,fold_1
1102,sub11,task02,15,64,0,0.8582878221209285,0.7023028072338403,0.5,1,2.4362869262695312,0.9195528626441956,1,2.6326173130017042e-06,3.129603468883413,10.628912748800367,1,1,0.7126759564493467,1,1,fold_1
1103,sub11,task02,16,65,0,1.1410443462038284,0.7578713306208166,0.5,1,3.032496929168701,0.9540208578109741,1,2.6326173130017042e-06,3.129603468883413,10.628912748800367,1,1,0.7056773718474728,1,1,fold_1
1104,sub11,task02,17,66,0,0.7439258369810501,0.6778537314933831,0.5,1,2.6009726524353027,0.9309241771697998,1,2.6326173130017042e-06,3.129603468883413,10.628912748800367,1,1,0.6871504713738877,1,1,fold_1
1105,sub11,task02,18,67,0,0.7597850013178297,0.6813070534282184,0.5,1,2.723851203918457,0.93841952085495,1,2.6326173130017042e-06,3.129603468883413,10.628912748800367,1,1,0.7146856172051413,1,1,fold_1
1106,sub11,task02,19,68,0,0.8582295752079482,0.7022906292000617,0.5,1,2.64548921585083,0.9337323904037476,1,2.6326173130017042e-06,3.129603468883413,10.628912748800367,1,1,0.7342537863349926,1,1,fold_1
1107,sub11,task02,20,69,0,1.1551985338470399,0.7604591689871438,0.5,1,2.604489326477051,0.931149959564209,1,2.6326173130017042e-06,3.129603468883413,10.628912748800367,1,1,0.730748154850239,1,1,fold_1
1108,sub11,task02,21,70,0,1.0460286434596977,0.7400115608177725,0.5,1,2.6566872596740723,0.9344220161437988,1,2.6326173130017042e-06,3.129603468883413,10.628912748800367,1,1,0.7078530101031246,1,1,fold_1
1109,sub11,task02,22,71,0,0.8084247885240686,0.6917737347458006,0.5,1,2.8137478828430176,0.9434142112731934,1,2.6326173130017042e-06,3.129603468883413,10.628912748800367,1,1,0.6917737347458006,1,1,fold_1
1110,sub11,rest04,0,72,0,1.3514636061754532,0.7943688068901401,0.5,1,2.958613395690918,0.95066899061203,1,2.6326173130017042e-06,3.129603468883413,10.628912748800367,1,1,0.8073364061363707,1,1,fold_1
1111,sub11,rest04,1,73,0,1.4413127908362864,0.8086578623025366,0.5,1,2.9194650650024414,0.948800265789032,1,2.6326173130017042e-06,3.129603468883413,10.628912748800367,1,1,0.8092885844988856,1,1,fold_1
1112,sub11,rest04,2,74,0,1.5094693364107832,0.8189825492164353,0.5,1,2.7685961723327637,0.9409551024436951,1,2.6326173130017042e-06,3.129603468883413,10.628912748800367,1,1,0.8009860177503985,1,1,fold_1
1113,sub11,rest04,3,75,0,1.3877033440315374,0.800225341977685,0.5,1,3.2341341972351074,0.9620988368988037,1,2.6326173130017042e-06,3.129603468883413,10.628912748800367,1,1,0.7918404759971428,1,1,fold_1
1114,sub11,rest04,4,76,0,1.2876559023036687,0.7837501620570753,0.5,1,2.7244696617126465,0.9384552240371704,1,2.6326173130017042e-06,3.129603468883413,10.628912748800367,1,1,0.7864852012086958,1,1,fold_1
1115,sub11,rest04,5,77,0,1.3342691408679996,0.7915459239566681,0.5,1,2.881770133972168,0.9469378590583801,1,2.6326173130017042e-06,3.129603468883413,10.628912748800367,1,1,0.7898936126637689,1,1,fold_1
1116,sub11,rest04,6,78,0,1.2900728386075757,0.7841595176123438,0.5,1,2.623058319091797,0.9323309063911438,1,2.6326173130017042e-06,3.129603468883413,10.628912748800367,1,1,0.7831582273163198,1,1,fold_1
1117,sub11,rest04,7,79,0,1.3490568773923126,0.793975396422295,0.5,1,3.0121350288391113,0.9531193375587463,1,2.6326173130017042e-06,3.129603468883413,10.628912748800367,1,1,0.7744649654357488,1,1,fold_1
1118,sub11,rest04,8,80,0,1.2158917621092622,0.7713397679143204,0.5,1,2.9649100303649902,0.9509634971618652,1,2.6326173130017042e-06,3.129603468883413,10.628912748800367,1,1,0.7185048781431002,1,1,fold_1
1119,sub11,rest04,9,81,0,1.1421803664907368,0.758079731970631,0.5,1,2.724804401397705,0.9384745359420776,1,2.6326173130017042e-06,3.129603468883413,10.628912748800367,1,1,0.6579741702720193,1,1,fold_1
1120,sub11,rest04,10,82,0,0.5155009370516316,0.6260951345443491,0.5,1,1.30128014087677,0.7860503196716309,1,2.6326173130017042e-06,3.129603468883413,10.628912748800367,1,1,0.5915430041155297,1,1,fold_1
1121,sub11,rest04,11,83,0,0.3629222518176684,0.589747644301078,0.5,1,1.2335902452468872,0.7744463086128235,1,2.6326173130017042e-06,3.129603468883413,10.628912748800367,1,1,0.5896152797982925,1,1,fold_1
1122,sub11,rest04,12,84,0,0.23623750196218107,0.5587862335011622,0.5,1,0.7639356851577759,0.6822075843811035,1,2.6326173130017042e-06,3.129603468883413,10.628912748800367,1,1,0.567372972011496,1,1,fold_1
1123,sub11,rest04,13,85,0,0.4908725513581576,0.6203119615926374,0.5,1,1.1242481470108032,0.754775881767273,1,2.6326173130017042e-06,3.129603468883413,10.628912748800367,1,1,0.5759289658876109,1,1,fold_1
1124,sub11,rest04,14,86,0,0.09214803285199398,0.5230207209406882,0.5,1,1.0035113096237183,0.7317483425140381,1,2.6326173130017042e-06,3.129603468883413,10.628912748800367,1,1,0.5989676486934941,1,1,fold_1
1125,sub11,rest04,15,87,0,0.34108564570578703,0.5844542151295071,0.5,1,0.9737402200698853,0.7258643507957458,1,2.6326173130017042e-06,3.129603468883413,10.628912748800367,1,1,0.6422964816046166,1,1,fold_1
1126,sub11,rest04,16,88,0,0.7974465564864792,0.6894280100102866,0.5,1,1.6054669618606567,0.8327810764312744,1,2.6326173130017042e-06,3.129603468883413,10.628912748800367,1,1,0.6454501281057632,1,1,fold_1
1127,sub11,rest04,17,89,0,0.6322842116244197,0.6530072196740558,0.5,1,1.968551754951477,0.8774555325508118,1,2.6326173130017042e-06,3.129603468883413,10.628912748800367,1,1,0.61590109498663,1,1,fold_1
1128,sub11,rest04,18,90,0,0.38017435533685046,0.593915154632947,0.5,1,1.246390461921692,0.7766744494438171,1,2.6326173130017042e-06,3.129603468883413,10.628912748800367,1,1,0.5750903163431118,1,1,fold_1
1129,sub11,rest04,19,91,0,0.4087199644311007,0.6007809106528874,0.5,1,1.1932841539382935,0.7673279047012329,1,2.6326173130017042e-06,3.129603468883413,10.628912748800367,1,1,0.5898968593404168,1,1,fold_1
1130,sub11,rest04,20,92,0,0.1224523158714315,0.5305748837435009,0.5,1,1.1971217393875122,0.7680123448371887,1,2.6326173130017042e-06,3.129603468883413,10.628912748800367,1,1,0.59280186564594,1,1,fold_1
1131,sub11,rest04,21,93,0,0.5681439176654787,0.6383347836248621,0.5,1,1.569602608680725,0.8277269601821899,1,2.6326173130017042e-06,3.129603468883413,10.628912748800367,1,1,0.6312275561694326,1,1,fold_1
1132,sub11,rest04,22,94,0,0.44519387772487584,0.609495929569457,0.5,1,1.5971077680587769,0.8316137790679932,1,2.6326173130017042e-06,3.129603468883413,10.628912748800367,1,1,0.6337332800658046,1,1,fold_1
1133,sub11,rest04,23,95,0,0.6008552751402028,0.6458519553139784,0.5,1,2.220106601715088,0.9020406007766724,1,2.6326173130017042e-06,3.129603468883413,10.628912748800367,1,1,0.6458519553139784,1,1,fold_1
1360,sub14,rest01,0,0,0,-1.0164776076582123,0.26571408749870634,0.5,0,-0.2965819835662842,0.4263932406902313,1,2.4613804671347835e-06,1.1864213436145654,11.847477728409327,0,1,0.24883670036060831,0,1,fold_1
1361,sub14,rest01,1,1,0,-1.1860650019760801,0.23396344560081125,0.5,0,-0.7549648284912109,0.3197404444217682,1,2.4613804671347835e-06,1.1864213436145654,11.847477728409327,0,1,0.2522631576893795,0,1,fold_1
1362,sub14,rest01,2,2,0,-1.1155773120046553,0.24683256798230735,0.5,0,-0.6483482718467712,0.34336185455322266,1,2.4613804671347835e-06,1.1864213436145654,11.847477728409327,0,1,0.2665216997049411,0,1,fold_1
1363,sub14,rest01,3,3,0,-0.9644232582870654,0.2759934594850199,0.5,0,-0.18019354343414307,0.4550730884075165,1,2.4613804671347835e-06,1.1864213436145654,11.847477728409327,0,1,0.27677398336935083,0,1,fold_1
1364,sub14,rest01,4,4,0,-0.9606949711705084,0.276739071647496,0.5,0,-0.21858179569244385,0.44557106494903564,1,2.4613804671347835e-06,1.1864213436145654,11.847477728409327,0,1,0.2697576019617887,0,1,fold_1
1365,sub14,rest01,5,5,0,-0.9564505372154875,0.2775894189755366,0.5,0,-0.38404834270477295,0.4051508605480194,1,2.4613804671347835e-06,1.1864213436145654,11.847477728409327,0,1,0.261602250984924,0,1,fold_1
1366,sub14,rest01,6,6,0,-1.0724138104090035,0.25494431526233363,0.5,0,-0.6846158504486084,0.33523187041282654,1,2.4613804671347835e-06,1.1864213436145654,11.847477728409327,0,1,0.25317508338563577,0,1,fold_1
1367,sub14,rest01,7,7,1,-1.1139008931331629,0.24714435698522838,0.5,0,-0.8042700886726379,0.3091128468513489,1,2.4613804671347835e-06,1.1864213436145654,11.847477728409327,0,1,,,,fold_1
1368,sub14,rest01,8,8,0,-1.0865260044060598,0.2522730187169018,0.5,0,-0.5356277227401733,0.3692052662372589,1,2.4613804671347835e-06,1.1864213436145654,11.847477728409327,0,1,0.2479501716292883,0,1,fold_1
1369,sub14,rest01,9,9,0,-1.086341009372509,0.2523079161776719,0.5,0,-0.6080455780029297,0.3525051474571228,1,2.4613804671347835e-06,1.1864213436145654,11.847477728409327,0,1,0.24155021114667563,0,1,fold_1
1370,sub14,rest01,10,10,1,-1.0824328840484012,0.2530458921022795,0.5,0,-0.36720240116119385,0.40921714901924133,1,2.4613804671347835e-06,1.1864213436145654,11.847477728409327,0,1,,,,fold_1
1371,sub14,rest01,11,11,0,-1.1566881846590367,0.23926957999329124,0.5,0,-0.6046693325042725,0.35327616333961487,1,2.4613804671347835e-06,1.1864213436145654,11.847477728409327,0,1,0.23711886231211735,0,1,fold_1
1372,sub14,rest01,12,12,0,-1.1910391436714851,0.2330731372690638,0.5,0,-0.7015030384063721,0.3314790725708008,1,2.4613804671347835e-06,1.1864213436145654,11.847477728409327,0,1,0.24000311589962017,0,1,fold_1
1373,sub14,rest01,13,13,1,-1.068300489084407,0.25572641848577266,0.5,0,-0.6078550815582275,0.35254862904548645,1,2.4613804671347835e-06,1.1864213436145654,11.847477728409327,0,1,,,,fold_1
1374,sub14,rest01,14,14,0,-1.1580935497491012,0.23901386967399707,0.5,0,-0.856264054775238,0.2981204688549042,1,2.4613804671347835e-06,1.1864213436145654,11.847477728409327,0,1,0.2448667554095124,0,1,fold_1
1375,sub14,rest01,15,15,0,-1.109724033877334,0.24792234075579958,0.5,0,-0.8180447816848755,0.30617886781692505,1,2.4613804671347835e-06,1.1864213436145654,11.847477728409327,0,1,0.25020939285330357,0,1,fold_1
1376,sub14,rest01,16,16,1,-1.189741203852337,0.2333052244517558,0.5,0,-0.8703488707542419,0.2951817214488983,1,2.4613804671347835e-06,1.1864213436145654,11.847477728409327,0,1,,,,fold_1
1377,sub14,rest01,17,17,0,-1.1111097443722986,0.2476640557987405,0.5,0,-0.7276767492294312,0.32570478320121765,1,2.4613804671347835e-06,1.1864213436145654,11.847477728409327,0,1,0.2515595572399702,0,1,fold_1
1378,sub14,rest01,18,18,0,-1.0719007508403804,0.2550417820053707,0.5,0,-0.44914430379867554,0.3895642161369324,1,2.4613804671347835e-06,1.1864213436145654,11.847477728409327,0,1,0.24871860045471025,0,1,fold_1
1379,sub14,rest01,19,19,0,-1.0881180158304227,0.25197283391579933,0.5,0,-0.49736839532852173,0.3781593143939972,1,2.4613804671347835e-06,1.1864213436145654,11.847477728409327,0,1,0.24229690856214223,0,1,fold_1
1380,sub14,rest01,20,20,0,-1.1573937028555246,0.23914118544296073,0.5,0,-0.5776169896125793,0.3594810962677002,1,2.4613804671347835e-06,1.1864213436145654,11.847477728409327,0,1,0.238532908673332,0,1,fold_1
1381,sub14,rest01,21,21,0,-1.1759748181633045,0.23577670632766656,0.5,0,-0.6115039587020874,0.35171619057655334,1,2.4613804671347835e-06,1.1864213436145654,11.847477728409327,0,1,0.24432698026900504,0,1,fold_1
1382,sub14,rest01,22,22,0,-1.1489504806779423,0.2406808342493687,0.5,0,-0.4996403455734253,0.37762516736984253,1,2.4613804671347835e-06,1.1864213436145654,11.847477728409327,0,1,0.2512425449031095,0,1,fold_1
1383,sub14,rest01,23,23,0,-1.064117402915149,0.2565234002299799,0.5,0,-0.1897512674331665,0.4527040123939514,1,2.4613804671347835e-06,1.1864213436145654,11.847477728409327,0,1,0.2565234002299799,0,1,fold_1
1384,sub14,rest02,0,24,0,-1.1072866815911577,0.24837708096265992,0.5,0,-0.2476038932800293,0.4384133517742157,1,2.4613804671347835e-06,1.1864213436145654,11.847477728409327,0,1,0.23217363475396638,0,1,fold_1
1385,sub14,rest02,1,25,0,-1.2390546159574622,0.22460058637554026,0.5,0,-0.4626157283782959,0.38636547327041626,1,2.4613804671347835e-06,1.1864213436145654,11.847477728409327,0,1,0.23062283088678812,0,1,fold_1
1386,sub14,rest02,2,26,0,-1.2451361100895655,0.22354323692369893,0.5,0,-0.4582357406616211,0.3874044418334961,1,2.4613804671347835e-06,1.1864213436145654,11.847477728409327,0,1,0.2527775187151777,0,1,fold_1
1387,sub14,rest02,3,27,0,-1.1323663199356764,0.24372466936112513,0.5,0,-0.21127986907958984,0.447375625371933,1,2.4613804671347835e-06,1.1864213436145654,11.847477728409327,0,1,0.27307258885206753,0,1,fold_1
1388,sub14,rest02,4,28,0,-0.8902189308373343,0.29106464986070885,0.5,0,0.4299200773239136,0.6058545708656311,1,2.4613804671347835e-06,1.1864213436145654,11.847477728409327,0,1,0.2779145096500904,0,1,fold_1
1389,sub14,rest02,5,29,0,-0.9225998790062581,0.2844284473343685,0.5,0,0.2726811170578003,0.5677509903907776,1,2.4613804671347835e-06,1.1864213436145654,11.847477728409327,0,1,0.2595773236358943,0,1,fold_1
1390,sub14,rest02,6,30,0,-1.055081897246245,0.2582504317551938,0.5,0,-0.10502469539642334,0.4737679362297058,1,2.4613804671347835e-06,1.1864213436145654,11.847477728409327,0,1,0.2399684659379344,0,1,fold_1
1391,sub14,rest02,7,31,0,-1.1744415497875862,0.23605309181812073,0.5,0,-0.41798263788223267,0.3969995975494385,1,2.4613804671347835e-06,1.1864213436145654,11.847477728409327,0,1,0.23498552738402548,0,1,fold_1
1392,sub14,rest02,8,32,0,-1.2333142883178951,0.2256018742404886,0.5,0,-0.5461326241493225,0.36676210165023804,1,2.4613804671347835e-06,1.1864213436145654,11.847477728409327,0,1,0.23729756934330495,0,1,fold_1
1393,sub14,rest02,9,33,0,-1.1346628458286008,0.2433016160934671,0.5,0,-0.4715426564216614,0.3842511773109436,1,2.4613804671347835e-06,1.1864213436145654,11.847477728409327,0,1,0.24349219594572044,0,1,fold_1
1394,sub14,rest02,10,34,0,-1.1363604260678482,0.24298921769595921,0.5,0,-0.35809528827667236,0.41142070293426514,1,2.4613804671347835e-06,1.1864213436145654,11.847477728409327,0,1,0.23852348338110319,0,1,fold_1
1395,sub14,rest02,11,35,0,-1.1298664168343595,0.24418575404773502,0.5,0,-0.3237377405166626,0.4197651147842407,1,2.4613804671347835e-06,1.1864213436145654,11.847477728409327,0,1,0.2417709759853118,0,1,fold_1
1396,sub14,rest02,12,36,0,-1.217393460309432,0.22839547839961527,0.5,0,-0.40673136711120605,0.39969611167907715,1,2.4613804671347835e-06,1.1864213436145654,11.847477728409327,0,1,0.2516560599512003,0,1,fold_1
1397,sub14,rest02,13,37,0,-1.0840958627235289,0.25273169550858515,0.5,0,-0.10792040824890137,0.47304606437683105,1,2.4613804671347835e-06,1.1864213436145654,11.847477728409327,0,1,0.265955068551556,0,1,fold_1
1398,sub14,rest02,14,38,0,-0.9752213232291287,0.27384100594540034,0.5,0,0.18271863460540771,0.5455529689788818,1,2.4613804671347835e-06,1.1864213436145654,11.847477728409327,0,1,0.263646480260802,0,1,fold_1
1399,sub14,rest02,15,39,0,-0.9880748210671301,0.27129250420068257,0.5,0,0.08693373203277588,0.521719753742218,1,2.4613804671347835e-06,1.1864213436145654,11.847477728409327,0,1,0.24932773028170208,0,1,fold_1
1400,sub14,rest02,16,40,0,-1.1211073965789566,0.245805930636323,0.5,0,-0.40069472789764404,0.40114542841911316,1,2.4613804671347835e-06,1.1864213436145654,11.847477728409327,0,1,0.23679280831201147,0,1,fold_1
1401,sub14,rest02,17,41,0,-1.2033221261314682,0.2308847560081006,0.5,0,-0.6064960956573486,0.35285890102386475,1,2.4613804671347835e-06,1.1864213436145654,11.847477728409327,0,1,0.23271767702844923,0,1,fold_1
1402,sub14,rest02,18,42,0,-1.187603966594952,0.23368773829161085,0.5,0,-0.5188186764717102,0.3731285035610199,1,2.4613804671347835e-06,1.1864213436145654,11.847477728409327,0,1,0.23177844948410167,0,1,fold_1
1403,sub14,rest02,19,43,0,-1.1882026930405465,0.23358053678563623,0.5,0,-0.3816467523574829,0.4057298004627228,1,2.4613804671347835e-06,1.1864213436145654,11.847477728409327,0,1,0.22808758423158845,0,1,fold_1
1404,sub14,rest02,20,44,0,-1.2192578964789755,0.22806707337505797,0.5,0,-0.5026888847351074,0.37690895795822144,1,2.4613804671347835e-06,1.1864213436145654,11.847477728409327,0,1,0.22529273666330688,0,1,fold_1
1405,sub14,rest02,21,45,0,-1.2504910775077591,0.22261514253407108,0.5,0,-0.5177086591720581,0.3733882009983063,1,2.4613804671347835e-06,1.1864213436145654,11.847477728409327,0,1,0.22679597435040086,0,1,fold_1
1406,sub14,rest02,22,46,0,-1.235638993947997,0.2251959940807916,0.5,0,-0.4434647560119629,0.3909156918525696,1,2.4613804671347835e-06,1.1864213436145654,11.847477728409327,0,1,0.23011652231782376,0,1,fold_1
1407,sub14,rest02,23,47,0,-1.1938179922377083,0.23257678643633986,0.5,0,-0.23799753189086914,0.4407798945903778,1,2.4613804671347835e-06,1.1864213436145654,11.847477728409327,0,1,0.23257678643633986,0,1,fold_1
1408,sub14,task02,0,48,0,0.4102383275202787,0.6011450239398757,0.5,1,1.9654027223587036,0.8771165013313293,1,2.4613804671347835e-06,1.1864213436145654,11.847477728409327,1,1,0.6504305851192839,1,1,fold_1
1409,sub14,task02,1,49,0,0.536348236081096,0.630962516224002,0.5,1,2.2508349418640137,0.9047225117683411,1,2.4613804671347835e-06,1.1864213436145654,11.847477728409327,1,1,0.685922558715363,1,1,fold_1
1410,sub14,task02,2,50,0,0.9404186509200884,0.7191842151939739,0.5,1,3.4733004570007324,0.9699184894561768,1,2.4613804671347835e-06,1.1864213436145654,11.847477728409327,1,1,0.7182740749335306,1,1,fold_1
1411,sub14,task02,3,51,0,0.8838574666069184,0.7076209447281129,0.5,1,3.115725040435791,0.9575367569923401,1,2.4613804671347835e-06,1.1864213436145654,11.847477728409327,1,1,0.7038272572618213,1,1,fold_1
1412,sub14,task02,4,52,0,0.9845851628851933,0.7280170648785048,0.5,1,3.600724697113037,0.9734217524528503,1,2.4613804671347835e-06,1.1864213436145654,11.847477728409327,1,1,0.68562075098707,1,1,fold_1
1413,sub14,task02,5,53,0,0.734736313231984,0.6758437621788463,0.5,1,2.755074977874756,0.9401993155479431,1,2.4613804671347835e-06,1.1864213436145654,11.847477728409327,1,1,0.6619273546510255,1,1,fold_1
1414,sub14,task02,6,54,0,0.6322586421886507,0.6530014259038587,0.5,1,2.594015121459961,0.9304754137992859,1,2.4613804671347835e-06,1.1864213436145654,11.847477728409327,1,1,0.6724987921610288,1,1,fold_1
1415,sub14,task02,7,55,0,0.6496734689268914,0.6569368758703713,0.5,1,2.867495059967041,0.9462159872055054,1,2.4613804671347835e-06,1.1864213436145654,11.847477728409327,1,1,0.6903578733435047,1,1,fold_1
1416,sub14,task02,8,56,0,0.883553609596939,0.7075580747088565,0.5,1,3.1878437995910645,0.9603742957115173,1,2.4613804671347835e-06,1.1864213436145654,11.847477728409327,1,1,0.713792500696245,1,1,fold_1
1417,sub14,task02,9,57,0,0.8788249825597929,0.7065786694512863,0.5,1,3.207797050476074,0.9611266851425171,1,2.4613804671347835e-06,1.1864213436145654,11.847477728409327,1,1,0.7113491588509394,1,1,fold_1
1418,sub14,task02,10,58,0,0.9806680801387062,0.727240757928592,0.5,1,3.4359307289123535,0.9688087701797485,1,2.4613804671347835e-06,1.1864213436145654,11.847477728409327,1,1,0.7236741174374898,1,1,fold_1
1419,sub14,task02,11,59,0,0.8483840448446054,0.70022804917294,0.5,1,3.038893222808838,0.9543005228042603,1,2.4613804671347835e-06,1.1864213436145654,11.847477728409327,1,1,0.7347617694874562,1,1,fold_1
1420,sub14,task02,12,60,0,1.0645208915158164,0.7435535452109372,0.5,1,3.7191624641418457,0.9763200283050537,1,2.4613804671347835e-06,1.1864213436145654,11.847477728409327,1,1,0.7532866168666484,1,1,fold_1
1421,sub14,task02,13,61,0,1.1554430863237184,0.7605037140784915,0.5,1,3.9081830978393555,0.9803181886672974,1,2.4613804671347835e-06,1.1864213436145654,11.847477728409327,1,1,0.750277894108143,1,1,fold_1
1422,sub14,task02,14,62,0,1.1298032692828264,0.7558025913105165,0.5,1,3.999141216278076,0.9819985628128052,1,2.4613804671347835e-06,1.1864213436145654,11.847477728409327,1,1,0.7345872759429644,1,1,fold_1
1423,sub14,task02,15,63,0,1.017715547075245,0.7345273769354209,0.5,1,3.205500602722168,0.9610407948493958,1,2.4613804671347835e-06,1.1864213436145654,11.847477728409327,1,1,0.7314328157296655,1,1,fold_1
1424,sub14,task02,16,64,0,0.9121105854379092,0.7134318595829556,0.5,1,2.9843993186950684,0.9518643021583557,1,2.4613804671347835e-06,1.1864213436145654,11.847477728409327,1,1,0.74471654247019,1,1,fold_1
1425,sub14,task02,17,65,0,1.079182303453331,0.74633921067062,0.5,1,3.3918447494506836,0.9674486517906189,1,2.4613804671347835e-06,1.1864213436145654,11.847477728409327,1,1,0.7565085270255288,1,1,fold_1
1426,sub14,task02,18,66,0,1.2332022827872613,0.7743785571569943,0.5,1,4.271119594573975,0.9862262606620789,1,2.4613804671347835e-06,1.1864213436145654,11.847477728409327,1,1,0.7447095724346452,1,1,fold_1
1427,sub14,task02,19,67,0,1.0922640290570436,0.7488078132489726,0.5,1,3.660810947418213,0.974932849407196,1,2.4613804671347835e-06,1.1864213436145654,11.847477728409327,1,1,0.715515783351227,1,1,fold_1
1428,sub14,task02,20,68,0,0.8999651792517152,0.7109423468979684,0.5,1,3.092406749725342,0.9565784931182861,1,2.4613804671347835e-06,1.1864213436145654,11.847477728409327,1,1,0.7134090381109668,1,1,fold_1
1429,sub14,task02,21,69,0,0.7851881011635049,0.6867971899067401,0.5,1,2.7475013732910156,0.9397721290588379,1,2.4613804671347835e-06,1.1864213436145654,11.847477728409327,1,1,0.7221912902828111,1,1,fold_1
1430,sub14,task02,22,70,0,1.0589381783860177,0.7424875775281918,0.5,1,3.5933752059936523,0.9732308983802795,1,2.4613804671347835e-06,1.1864213436145654,11.847477728409327,1,1,0.7407764563351296,1,1,fold_1
1431,sub14,task02,23,71,0,1.0319259108122139,0.7372891034135013,0.5,1,3.700957775115967,0.9758955836296082,1,2.4613804671347835e-06,1.1864213436145654,11.847477728409327,1,1,0.7423463455686719,1,1,fold_1
1432,sub14,task02,24,72,0,1.0592787431865056,0.7425526880636958,0.5,1,3.572840690612793,0.9726908206939697,1,2.4613804671347835e-06,1.1864213436145654,11.847477728409327,1,1,0.7328815163205707,1,1,fold_1
1433,sub14,task02,25,73,0,1.0837196408643386,0.7471972452288185,0.5,1,3.8361330032348633,0.9788788557052612,1,2.4613804671347835e-06,1.1864213436145654,11.847477728409327,1,1,0.6775477139361539,1,1,fold_1
1434,sub14,task02,26,74,0,0.8900215304208782,0.7088946156691981,0.5,1,2.720496654510498,0.9382253289222717,1,2.4613804671347835e-06,1.1864213436145654,11.847477728409327,1,1,0.5982379039483382,1,1,fold_1
1435,sub14,task02,27,75,0,0.30863186947214366,0.576551280910445,0.5,1,1.5516356229782104,0.8251498341560364,1,2.4613804671347835e-06,1.1864213436145654,11.847477728409327,1,1,0.5948800619376203,1,1,fold_1
1436,sub14,task02,28,76,0,0.03707550745631383,0.5092678152653713,0.5,1,1.3950527906417847,0.8013976812362671,1,2.4613804671347835e-06,1.1864213436145654,11.847477728409327,1,1,0.6539999721129656,1,1,fold_1
1437,sub14,task02,29,77,0,0.8416902828351771,0.6988210896370445,0.5,1,3.1656346321105957,0.9595203995704651,1,2.4613804671347835e-06,1.1864213436145654,11.847477728409327,1,1,0.7372980412624642,1,1,fold_1
1438,sub14,task02,30,78,0,1.1195811264277036,0.7539110114364809,0.5,1,4.111748218536377,0.9838848114013672,1,2.4613804671347835e-06,1.1864213436145654,11.847477728409327,1,1,0.7585755956366927,1,1,fold_1
1439,sub14,task02,31,79,0,1.1480908092941022,0.7591620227138678,0.5,1,4.046449184417725,0.9828161597251892,1,2.4613804671347835e-06,1.1864213436145654,11.847477728409327,1,1,0.7572769731319111,1,1,fold_1
1440,sub14,task02,32,80,0,1.167284097325149,0.7626537527597296,0.5,1,4.182689666748047,0.9849719405174255,1,2.4613804671347835e-06,1.1864213436145654,11.847477728409327,1,1,0.7458273220021497,1,1,fold_1
1441,sub14,task02,33,81,0,1.0986930578837628,0.750015143922136,0.5,1,3.975191593170166,0.981570303440094,1,2.4613804671347835e-06,1.1864213436145654,11.847477728409327,1,1,0.712282215324825,1,1,fold_1
1442,sub14,task02,34,82,0,0.9684631715418377,0.7248130693245839,0.5,1,4.158292293548584,0.9846065044403076,1,2.4613804671347835e-06,1.1864213436145654,11.847477728409327,1,1,0.6829499782600313,1,1,fold_1
1443,sub14,task02,35,83,0,0.6723020402505535,0.6620184327277551,0.5,1,3.884035110473633,0.9798468351364136,1,2.4613804671347835e-06,1.1864213436145654,11.847477728409327,1,1,0.6620184327277551,1,1,fold_1
1444,sub14,rest04,0,84,0,1.0087573831563608,0.7327768967182583,0.5,1,3.9829487800598145,0.9817101359367371,1,2.4613804671347835e-06,1.1864213436145654,11.847477728409327,1,1,0.7452333903845555,1,1,fold_1
1445,sub14,rest04,1,85,0,1.0600101087467035,0.7426924770925749,0.5,1,3.7569212913513184,0.9771775603294373,1,2.4613804671347835e-06,1.1864213436145654,11.847477728409327,1,1,0.754488492996054,1,1,fold_1
1446,sub14,rest04,2,86,0,1.1539452628335192,0.7602307973428332,0.5,1,4.0780229568481445,0.9833412766456604,1,2.4613804671347835e-06,1.1864213436145654,11.847477728409327,1,1,0.7598063637756388,1,1,fold_1
1447,sub14,rest04,3,87,0,1.1556544240598212,0.7605422045527539,0.5,1,3.9695606231689453,0.9814682602882385,1,2.4613804671347835e-06,1.1864213436145654,11.847477728409327,1,1,0.756926301804922,1,1,fold_1
1448,sub14,rest04,4,88,0,1.145271018446523,0.7586460894313297,0.5,1,4.164985179901123,0.9847074747085571,1,2.4613804671347835e-06,1.1864213436145654,11.847477728409327,1,1,0.7387478954632462,1,1,fold_1
1449,sub14,rest04,5,89,0,1.1071136304994416,0.7515906114306828,0.5,1,4.380721569061279,0.9876383543014526,1,2.4613804671347835e-06,1.1864213436145654,11.847477728409327,1,1,0.7050473814563348,1,1,fold_1
1450,sub14,rest04,6,90,0,0.8760691252014692,0.7060069855277257,0.5,1,3.1425604820251465,0.9586145877838135,1,2.4613804671347835e-06,1.1864213436145654,11.847477728409327,1,1,0.6541553059111817,1,1,fold_1
1451,sub14,rest04,7,91,0,0.6523709306619004,0.6575445474105956,0.5,1,2.4698586463928223,0.9220015406608582,1,2.4613804671347835e-06,1.1864213436145654,11.847477728409327,1,1,0.6489302185012606,1,1,fold_1
1452,sub14,rest04,8,92,0,0.40094374890585677,0.5989143847952237,0.5,1,2.1735620498657227,0.8978500962257385,1,2.4613804671347835e-06,1.1864213436145654,11.847477728409327,1,1,0.6583747898510355,1,1,fold_1
1453,sub14,rest04,9,93,0,0.8016705910815598,0.6903317232979624,0.5,1,3.769636631011963,0.9774593710899353,1,2.4613804671347835e-06,1.1864213436145654,11.847477728409327,1,1,0.6863029454575346,1,1,fold_1
1454,sub14,rest04,10,94,0,0.7809195374209975,0.68587826145992,0.5,1,3.036005973815918,0.9541745185852051,1,2.4613804671347835e-06,1.1864213436145654,11.847477728409327,1,1,0.6749045086384816,1,1,fold_1
1455,sub14,rest04,11,95,0,0.7662025244760109,0.6826988516147212,0.5,1,3.039289951324463,0.9543179273605347,1,2.4613804671347835e-06,1.1864213436145654,11.847477728409327,1,1,0.6734036479238287,1,1,fold_1
1456,sub14,rest04,12,96,0,0.6461236839586507,0.6561364128408034,0.5,1,2.914261817932129,0.9485470056533813,1,2.4613804671347835e-06,1.1864213436145654,11.847477728409327,1,1,0.66345974609004,1,1,fold_1
1457,sub14,rest04,13,97,0,0.7601010816914711,0.6813756793159613,0.5,1,3.030945301055908,0.9539527297019958,1,2.4613804671347835e-06,1.1864213436145654,11.847477728409327,1,1,0.6421662083887886,1,1,fold_1
1458,sub14,rest04,14,98,0,0.6316660860901433,0.6528671461133554,0.5,1,2.4160633087158203,0.9180440306663513,1,2.4613804671347835e-06,1.1864213436145654,11.847477728409327,1,1,0.6493681940071118,1,1,fold_1
1459,sub14,rest04,15,99,0,0.3732986180659918,0.5922557997370491,0.5,1,2.0448741912841797,0.8854286670684814,1,2.4613804671347835e-06,1.1864213436145654,11.847477728409327,1,1,0.6767778072035441,1,1,fold_1
1460,sub14,rest04,16,100,0,0.8615368014142191,0.702981636170931,0.5,1,3.069802761077881,0.9556297659873962,1,2.4613804671347835e-06,1.1864213436145654,11.847477728409327,1,1,0.7177425873551958,1,1,fold_1
1461,sub14,rest04,17,101,0,1.0206335333054894,0.7350959857026524,0.5,1,4.020132064819336,0.9823660254478455,1,2.4613804671347835e-06,1.1864213436145654,11.847477728409327,1,1,0.6907704998322752,1,1,fold_1
1462,sub14,rest04,18,102,0,0.9205302731670121,0.7151501401920036,0.5,1,3.4182615280151367,0.9682704210281372,1,2.4613804671347835e-06,1.1864213436145654,11.847477728409327,1,1,0.6195514808315395,1,1,fold_1
1463,sub14,rest04,19,103,0,0.49832395484540604,0.6220653736021698,0.5,1,2.193854331970215,0.8996962904930115,1,2.4613804671347835e-06,1.1864213436145654,11.847477728409327,1,1,0.5944374411030869,1,1,fold_1
1464,sub14,rest04,20,104,0,0.08580832711610485,0.5214389287004451,0.5,1,1.5254877805709839,0.8213451504707336,1,2.4613804671347835e-06,1.1864213436145654,11.847477728409327,1,1,0.6187934047850241,1,1,fold_1
1465,sub14,rest04,21,105,0,0.5745309998863256,0.6398080210066458,0.5,1,2.4455642700195312,0.9202364683151245,1,2.4613804671347835e-06,1.1864213436145654,11.847477728409327,1,1,0.6752917687853778,1,1,fold_1
1466,sub14,rest04,22,106,0,0.8242288270263042,0.6951332646479813,0.5,1,3.61329984664917,0.9737451672554016,1,2.4613804671347835e-06,1.1864213436145654,11.847477728409327,1,1,0.6923337686836645,1,1,fold_1
1467,sub14,rest04,23,107,0,0.8044895560770544,0.690934020701506,0.5,1,4.977315902709961,0.9931546449661255,1,2.4613804671347835e-06,1.1864213436145654,11.847477728409327,1,1,0.6909340207015061,1,1,fold_1
392,sub5,rest01,0,0,0,-1.1758451776155296,0.23580006654617955,0.5,0,-0.5989257097244263,0.3545895218849182,1,2.6299750685555672e-06,2.160233417530056,10.760673867173534,0,1,0.22576704184290164,0,1,fold_2
393,sub5,rest01,1,1,0,-1.2482225786320233,0.22300797061529787,0.5,0,-0.5691392421722412,0.3614354729652405,1,2.6299750685555672e-06,2.160233417530056,10.760673867173534,0,1,0.2272199610467979,0,1,fold_2
394,sub5,rest01,2,2,0,-1.2744696120335377,0.2184930883672275,0.5,0,-0.6784122586250305,0.33661574125289917,1,2.6299750685555672e-06,2.160233417530056,10.760673867173534,0,1,0.24111599041312515,0,1,fold_2
395,sub5,rest01,3,3,0,-1.151808960491097,0.24015882415786843,0.5,0,-0.7170045971870422,0.32805293798446655,1,2.6299750685555672e-06,2.160233417530056,10.760673867173534,0,1,0.27006341410942397,0,1,fold_2
396,sub5,rest01,4,4,0,-1.021701719803798,0.2646960587142795,0.5,0,-0.6986629962921143,0.332108736038208,1,2.6299750685555672e-06,2.160233417530056,10.760673867173534,0,1,0.29172587467621675,0,1,fold_2
397,sub5,rest01,5,5,0,-0.8220184857600793,0.3053353594561239,0.5,0,-0.37898075580596924,0.4063727557659149,1,2.6299750685555672e-06,2.160233417530056,10.760673867173534,0,1,0.2828554245323194,0,1,fold_2
398,sub5,rest01,6,6,0,-0.822910430073839,0.3051462058582468,0.5,0,-0.2862224578857422,0.428928941488266,1,2.6299750685555672e-06,2.160233417530056,10.760673867173534,0,1,0.2595632545198835,0,1,fold_2
399,sub5,rest01,7,7,1,-1.0437113326441458,0.2604345248285383,0.5,0,-0.6740679740905762,0.33758655190467834,1,2.6299750685555672e-06,2.160233417530056,10.760673867173534,0,1,,,,fold_2
400,sub5,rest01,8,8,0,-1.1632088562803806,0.23808470828258743,0.5,0,-0.8679707050323486,0.29567670822143555,1,2.6299750685555672e-06,2.160233417530056,10.760673867173534,0,1,0.23180752923437473,0,1,fold_2
401,sub5,rest01,9,9,0,-1.1777396895977261,0.2354588494188162,0.5,0,-0.8231980800628662,0.3050852119922638,1,2.6299750685555672e-06,2.160233417530056,10.760673867173534,0,1,0.24943253982124722,0,1,fold_2
402,sub5,rest01,10,10,1,-1.1840280815436108,0.2343287095607462,0.5,0,-0.7452259063720703,0.32186242938041687,1,2.6299750685555672e-06,2.160233417530056,10.760673867173534,0,1,,,,fold_2
403,sub5,rest01,11,11,0,-1.2547496770682203,0.22187903000172043,0.5,0,-0.8327975869178772,0.3030538558959961,1,2.6299750685555672e-06,2.160233417530056,10.760673867173534,0,1,0.28109684070987684,0,1,fold_2
404,sub5,rest01,12,12,0,-0.8907274018289294,0.290959740043205,0.5,0,-0.6618702411651611,0.3403196334838867,1,2.6299750685555672e-06,2.160233417530056,10.760673867173534,0,1,0.289271630107031,0,1,fold_2
405,sub5,rest01,13,13,1,-0.7876236965879769,0.3126791354425749,0.5,0,-0.5895291566848755,0.35674288868904114,1,2.6299750685555672e-06,2.160233417530056,10.760673867173534,0,1,,,,fold_2
406,sub5,rest01,14,14,0,-0.7061425641089575,0.33045175208470506,0.5,0,-0.503309428691864,0.376763254404068,1,2.6299750685555672e-06,2.160233417530056,10.760673867173534,0,1,0.2709053787560819,0,1,fold_2
407,sub5,rest01,15,15,0,-1.117887191039584,0.24640339819318277,0.5,0,-0.7909450531005859,0.31196579337120056,1,2.6299750685555672e-06,2.160233417530056,10.760673867173534,0,1,0.2358683228591527,0,1,fold_2
408,sub5,rest01,16,16,1,-1.1538299448789797,0.2397902234368871,0.5,0,-0.702568531036377,0.33124297857284546,1,2.6299750685555672e-06,2.160233417530056,10.760673867173534,0,1,,,,fold_2
409,sub5,rest01,17,17,0,-1.1755071390663947,0.23586098599035787,0.5,0,-0.587145984172821,0.35728996992111206,1,2.6299750685555672e-06,2.160233417530056,10.760673867173534,0,1,0.22683832001224205,0,1,fold_2
410,sub5,rest01,18,18,0,-1.234810502906713,0.2253405843939174,0.5,0,-0.6577250957489014,0.34125083684921265,1,2.6299750685555672e-06,2.160233417530056,10.760673867173534,0,1,0.21877368197420735,0,1,fold_2
411,sub5,rest01,19,19,0,-1.2696720922631406,0.21931338965245092,0.5,0,-0.6935282945632935,0.33324864506721497,1,2.6299750685555672e-06,2.160233417530056,10.760673867173534,0,1,0.21708778501129344,0,1,fold_2
412,sub5,rest01,20,20,0,-1.3149058736511068,0.21166707187625383,0.5,0,-0.6500529050827026,0.3429776132106781,1,2.6299750685555672e-06,2.160233417530056,10.760673867173534,0,1,0.22435887493942416,0,1,fold_2
413,sub5,rest01,21,21,0,-1.2640185700306474,0.2202828935051756,0.5,0,-0.7501751780509949,0.3207831382751465,1,2.6299750685555672e-06,2.160233417530056,10.760673867173534,0,1,0.24432157875259664,0,1,fold_2
414,sub5,rest01,22,22,0,-1.1465125334790431,0.24112665943684308,0.5,0,-0.6185710430145264,0.35010650753974915,1,2.6299750685555672e-06,2.160233417530056,10.760673867173534,0,1,0.2614123420227952,0,1,fold_2
415,sub5,rest01,23,23,0,-0.9867465013478954,0.2715551833157712,0.5,0,-0.4116102457046509,0.39852604269981384,1,2.6299750685555672e-06,2.160233417530056,10.760673867173534,0,1,0.2715551833157712,0,1,fold_2
416,sub5,rest02,0,24,0,-0.8615690128979232,0.2970116381650014,0.5,0,-0.37158405780792236,0.4081583023071289,1,2.6299750685555672e-06,2.160233417530056,10.760673867173534,0,1,0.28414499902251916,0,1,fold_2
417,sub5,rest02,1,25,0,-0.9405192745042258,0.28079546348827134,0.5,0,-0.37244129180908203,0.4079512357711792,1,2.6299750685555672e-06,2.160233417530056,10.760673867173534,0,1,0.26329013867803447,0,1,fold_2
418,sub5,rest02,2,26,0,-0.9712676970871127,0.2746278954142847,0.5,0,-0.3685795068740845,0.40888428688049316,1,2.6299750685555672e-06,2.160233417530056,10.760673867173534,0,1,0.24924307152563221,0,1,fold_2
419,sub5,rest02,3,27,0,-1.183368580632038,0.23444705713154732,0.5,0,-0.4245314598083496,0.3954329192638397,1,2.6299750685555672e-06,2.160233417530056,10.760673867173534,0,1,0.23436070982352053,0,1,fold_2
420,sub5,rest02,4,28,0,-1.1600716730676357,0.23865426203106463,0.5,0,-0.11915624141693115,0.4702461361885071,1,2.6299750685555672e-06,2.160233417530056,10.760673867173534,0,1,0.23257910556467032,0,1,fold_2
421,sub5,rest02,5,29,0,-1.2084195642164424,0.22998081030794965,0.5,0,0.14106059074401855,0.5352067947387695,1,2.6299750685555672e-06,2.160233417530056,10.760673867173534,0,1,0.2269364284775439,0,1,fold_2
422,sub5,rest02,6,30,0,-1.2133873663066954,0.22910224435499674,0.5,0,0.1072835922241211,0.5267952084541321,1,2.6299750685555672e-06,2.160233417530056,10.760673867173534,0,1,0.22291566234974355,0,1,fold_2
423,sub5,rest02,7,31,0,-1.2556349246202099,0.22172623076968526,0.5,0,0.03924393653869629,0.5098097324371338,1,2.6299750685555672e-06,2.160233417530056,10.760673867173534,0,1,0.21934369146318858,0,1,fold_2
424,sub5,rest02,8,32,0,-1.2778377454186778,0.21791851192454867,0.5,0,-0.011950254440307617,0.4970124661922455,1,2.6299750685555672e-06,2.160233417530056,10.760673867173534,0,1,0.21747484583915297,0,1,fold_2
425,sub5,rest02,9,33,0,-1.275094930071481,0.21838633169533186,0.5,0,-0.007223367691040039,0.49819415807724,1,2.6299750685555672e-06,2.160233417530056,10.760673867173534,0,1,0.21769020823882199,0,1,fold_2
426,sub5,rest02,10,34,0,-1.2884239452864252,0.21611969389757835,0.5,0,-0.08683383464813232,0.4783051609992981,1,2.6299750685555672e-06,2.160233417530056,10.760673867173534,0,1,0.21847357162655948,0,1,fold_2
427,sub5,rest02,11,35,0,-1.2740508670150896,0.21856459912355575,0.5,0,-0.032408714294433594,0.4918985664844513,1,2.6299750685555672e-06,2.160233417530056,10.760673867173534,0,1,0.22005441351547264,0,1,fold_2
428,sub5,rest02,12,36,0,-1.2613800146660124,0.22073642185854436,0.5,0,-0.019061684608459473,0.4952346980571747,1,2.6299750685555672e-06,2.160233417530056,10.760673867173534,0,1,0.2207573088083227,0,1,fold_2
429,sub5,rest02,13,37,0,-1.260648832357642,0.22086221956431784,0.5,0,-0.01606762409210205,0.4959832429885864,1,2.6299750685555672e-06,2.160233417530056,10.760673867173534,0,1,0.22069202459252502,0,1,fold_2
430,sub5,rest02,14,38,0,-1.2617471017482227,0.22067328500210592,0.5,0,-0.04033827781677246,0.48991677165031433,1,2.6299750685555672e-06,2.160233417530056,10.760673867173534,0,1,0.21781234121879767,0,1,fold_2
431,sub5,rest02,15,39,0,-1.262518976656513,0.22054056921115128,0.5,0,-0.08254849910736084,0.47937455773353577,1,2.6299750685555672e-06,2.160233417530056,10.760673867173534,0,1,0.21696525231820366,0,1,fold_2
432,sub5,rest02,16,40,0,-1.3115764327540345,0.2122231694431358,0.5,0,-0.3149595260620117,0.42190462350845337,1,2.6299750685555672e-06,2.160233417530056,10.760673867173534,0,1,0.21608503193256076,0,1,fold_2
433,sub5,rest02,17,41,0,-1.276585436909523,0.21813201830032392,0.5,0,-0.47699958086013794,0.38296088576316833,1,2.6299750685555672e-06,2.160233417530056,10.760673867173534,0,1,0.21790743331607706,0,1,fold_2
434,sub5,rest02,18,42,0,-1.2779469071829432,0.21789990805422252,0.5,0,-0.429018497467041,0.3943607211112976,1,2.6299750685555672e-06,2.160233417530056,10.760673867173534,0,1,0.22144877781312453,0,1,fold_2
435,sub5,rest02,19,43,0,-1.279176855292837,0.21769037359368473,0.5,0,-0.21378731727600098,0.4467558264732361,1,2.6299750685555672e-06,2.160233417530056,10.760673867173534,0,1,0.2322610021202526,0,1,fold_2
436,sub5,rest02,20,44,0,-1.2153485687329182,0.22875605179146624,0.5,0,0.060659170150756836,0.5151601433753967,1,2.6299750685555672e-06,2.160233417530056,10.760673867173534,0,1,0.2512291732111804,0,1,fold_2
437,sub5,rest02,21,45,0,-1.0968179948834682,0.25033658097560685,0.5,0,0.3155146837234497,0.5782307386398315,1,2.6299750685555672e-06,2.160233417530056,10.760673867173534,0,1,0.26868779821683747,0,1,fold_2
438,sub5,rest02,22,46,0,-0.9714334026693932,0.27459488686646805,0.5,0,0.642531156539917,0.6553254127502441,1,2.6299750685555672e-06,2.160233417530056,10.760673867173534,0,1,0.27895291349444773,0,1,fold_2
439,sub5,rest02,23,47,0,-0.9388538047854731,0.28113192680843757,0.5,0,0.7532775402069092,0.6798924207687378,1,2.6299750685555672e-06,2.160233417530056,10.760673867173534,0,1,0.28113192680843757,0,1,fold_2
440,sub5,task01,0,48,0,0.12494625425369392,0.5311959892644327,0.5,1,0.8948085308074951,0.7098814845085144,1,2.6299750685555672e-06,2.160233417530056,10.760673867173534,1,1,0.5912694073738979,1,1,fold_2
441,sub5,task01,1,49,0,0.22851156005260304,0.5568805914743513,0.5,1,1.0152478218078613,0.7340458631515503,1,2.6299750685555672e-06,2.160233417530056,10.760673867173534,1,1,0.6573413208506249,1,1,fold_2
442,sub5,task01,2,50,0,0.7802390916861575,0.6857316413829095,0.5,1,1.9185702800750732,0.8719788789749146,1,2.6299750685555672e-06,2.160233417530056,10.760673867173534,1,1,0.7239509289687173,1,1,fold_2
443,sub5,task01,3,51,0,0.991639991727159,0.7294117296946139,0.5,1,2.64801287651062,0.9338884353637695,1,2.6299750685555672e-06,2.160233417530056,10.760673867173534,1,1,0.7479553241685363,1,1,fold_2
444,sub5,task01,4,52,0,1.1347227683482641,0.7567094158286282,0.5,1,2.75578236579895,0.9402390718460083,1,2.6299750685555672e-06,2.160233417530056,10.760673867173534,1,1,0.7391724837878225,1,1,fold_2
445,sub5,task01,5,53,0,1.1403550845126627,0.7577448269823668,0.5,1,2.8432114124298096,0.9449666738510132,1,2.6299750685555672e-06,2.160233417530056,10.760673867173534,1,1,0.7171440374138628,1,1,fold_2
446,sub5,task01,6,54,0,0.8619275076176066,0.7030632085524726,0.5,1,1.8381860256195068,0.8627340197563171,1,2.6299750685555672e-06,2.160233417530056,10.760673867173534,1,1,0.6623639248113041,1,1,fold_2
447,sub5,task01,7,55,0,0.8030385301092913,0.6906240767067489,0.5,1,1.759385585784912,0.8531326651573181,1,2.6299750685555672e-06,2.160233417530056,10.760673867173534,1,1,0.6362810654045035,1,1,fold_2
448,sub5,task01,8,56,0,0.3780574126336681,0.5934044891746908,0.5,1,1.2005364894866943,0.7686201930046082,1,2.6299750685555672e-06,2.160233417530056,10.760673867173534,1,1,0.6153452981242157,1,1,fold_2
449,sub5,task01,9,57,0,0.510034791326324,0.6248146303320709,0.5,1,1.6488759517669678,0.8387390971183777,1,2.6299750685555672e-06,2.160233417530056,10.760673867173534,1,1,0.6408659587067634,1,1,fold_2
450,sub5,task01,10,58,0,0.5228620904324363,0.6278167748658855,0.5,1,1.8570027351379395,0.8649471998214722,1,2.6299750685555672e-06,2.160233417530056,10.760673867173534,1,1,0.6692410275824202,1,1,fold_2
451,sub5,task01,11,59,0,0.7080334151683795,0.669966470922334,0.5,1,2.4706530570983887,0.9220587015151978,1,2.6299750685555672e-06,2.160233417530056,10.760673867173534,1,1,0.697879232862424,1,1,fold_2
452,sub5,task01,12,60,0,0.8950918695417446,0.709939836959041,0.5,1,3.0729658603668213,0.9557636976242065,1,2.6299750685555672e-06,2.160233417530056,10.760673867173534,1,1,0.7055506212021133,1,1,fold_2
453,sub5,task01,13,61,0,0.9135761246743865,0.7137313907058972,0.5,1,2.2520976066589355,0.9048313498497009,1,2.6299750685555672e-06,2.160233417530056,10.760673867173534,1,1,0.7082167427024887,1,1,fold_2
454,sub5,task01,14,62,0,0.814091235727522,0.6929806359414018,0.5,1,2.6572458744049072,0.9344562292098999,1,2.6299750685555672e-06,2.160233417530056,10.760673867173534,1,1,0.7186223343451119,1,1,fold_2
455,sub5,task01,15,63,0,0.9342573042663167,0.7179382014601673,0.5,1,2.031980514526367,0.8841142058372498,1,2.6299750685555672e-06,2.160233417530056,10.760673867173534,1,1,0.7218128238106898,1,1,fold_2
456,sub5,task01,16,64,0,1.0718478431025886,0.7449481656337668,0.5,1,2.4852888584136963,0.9231039881706238,1,2.6299750685555672e-06,2.160233417530056,10.760673867173534,1,1,0.701873989779291,1,1,fold_2
457,sub5,task01,17,65,0,0.8594804993194157,0.7025521043381353,0.5,1,1.8607416152954102,0.8653833270072937,1,2.6299750685555672e-06,2.160233417530056,10.760673867173534,1,1,0.6610304598165416,1,1,fold_2
458,sub5,task01,18,66,0,0.6549350400322361,0.6581216993659713,0.5,1,1.5988614559173584,0.8318592309951782,1,2.6299750685555672e-06,2.160233417530056,10.760673867173534,1,1,0.6499670664547262,1,1,fold_2
459,sub5,task01,19,67,0,0.49982232387933195,0.6224175757455185,0.5,1,1.6197779178619385,0.8347645401954651,1,2.6299750685555672e-06,2.160233417530056,10.760673867173534,1,1,0.6571514473633596,1,1,fold_2
460,sub5,task01,20,68,0,0.7053005563435577,0.6693619242526891,0.5,1,2.0092151165008545,0.8817611932754517,1,2.6299750685555672e-06,2.160233417530056,10.760673867173534,1,1,0.6816160964678789,1,1,fold_2
461,sub5,task01,21,69,0,0.752277912056733,0.679674842091871,0.5,1,2.2658421993255615,0.9060083627700806,1,2.6299750685555672e-06,2.160233417530056,10.760673867173534,1,1,0.707276994664436,1,1,fold_2
462,sub5,task01,22,70,0,0.8274313242298366,0.6958115230590763,0.5,1,1.9749937057495117,0.8781464099884033,1,2.6299750685555672e-06,2.160233417530056,10.760673867173534,1,1,0.7241733035697567,1,1,fold_2
463,sub5,task01,23,71,0,1.0792108704071253,0.7463446188423613,0.5,1,2.341205358505249,0.9122326970100403,1,2.6299750685555672e-06,2.160233417530056,10.760673867173534,1,1,0.7354783321152288,1,1,fold_2
464,sub5,task01,24,72,0,0.9964689647571324,0.7303637688078328,0.5,1,2.2374117374420166,0.903559148311615,1,2.6299750685555672e-06,2.160233417530056,10.760673867173534,1,1,0.7237085588052811,1,1,fold_2
465,sub5,task01,25,73,0,0.993235948268291,0.7297266086954924,0.5,1,2.468724012374878,0.9219200015068054,1,2.6299750685555672e-06,2.160233417530056,10.760673867173534,1,1,0.733411768793224,1,1,fold_2
466,sub5,task01,26,74,0,0.900417536337188,0.7110352989125179,0.5,1,2.1175572872161865,0.8925979733467102,1,2.6299750685555672e-06,2.160233417530056,10.760673867173534,1,1,0.7402361834971486,1,1,fold_2
467,sub5,task01,27,75,0,1.1497946053164394,0.759473398771662,0.5,1,2.4524853229522705,0.9207430481910706,1,2.6299750685555672e-06,2.160233417530056,10.760673867173534,1,1,0.7563009904970667,1,1,fold_2
468,sub5,task01,28,76,0,1.099678454509477,0.7501998528072661,0.5,1,2.2121379375457764,0.901334285736084,1,2.6299750685555672e-06,2.160233417530056,10.760673867173534,1,1,0.7332266159182487,1,1,fold_2
469,sub5,task01,29,77,0,1.1484611086289278,0.759229719912272,0.5,1,2.4016201496124268,0.9169508218765259,1,2.6299750685555672e-06,2.160233417530056,10.760673867173534,1,1,0.7359515319135691,1,1,fold_2
470,sub5,task01,30,78,0,0.8012896166851287,0.6902502750352084,0.5,1,1.7519559860229492,0.8521993160247803,1,2.6299750685555672e-06,2.160233417530056,10.760673867173534,1,1,0.7377294910064401,1,1,fold_2
471,sub5,task01,31,79,0,1.1437888701626477,0.7583746007932267,0.5,1,2.5103464126586914,0.9248639941215515,1,2.6299750685555672e-06,2.160233417530056,10.760673867173534,1,1,0.7662465275877306,1,1,fold_2
472,sub5,task01,32,80,0,1.1778643846432986,0.7645635971908853,0.5,1,2.5505659580230713,0.9276115298271179,1,2.6299750685555672e-06,2.160233417530056,10.760673867173534,1,1,0.7674212209966588,1,1,fold_2
473,sub5,task01,33,81,0,1.2413642058891552,0.7758013847790796,0.5,1,3.381220579147339,0.9671124815940857,1,2.6299750685555672e-06,2.160233417530056,10.760673867173534,1,1,0.7591704993198881,1,1,fold_2
474,sub5,task01,34,82,0,1.1631172892227768,0.7618986810200113,0.5,1,3.447319269180298,0.9691510200500488,1,2.6299750685555672e-06,2.160233417530056,10.760673867173534,1,1,0.7471738484470526,1,1,fold_2
475,sub5,task01,35,83,0,1.0449887032593013,0.7398114321605732,0.5,1,3.6305253505706787,0.9741820096969604,1,2.6299750685555672e-06,2.160233417530056,10.760673867173534,1,1,0.7398114321605732,1,1,fold_2
476,sub5,rest03,0,84,0,0.6540137917868013,0.6579143906040311,0.5,1,2.489166498184204,0.9233788847923279,1,2.6299750685555672e-06,2.160233417530056,10.760673867173534,1,1,0.6528240711866297,1,1,fold_2
477,sub5,rest03,1,85,0,0.5726686832062802,0.639378731556358,0.5,1,2.5725650787353516,0.9290748834609985,1,2.6299750685555672e-06,2.160233417530056,10.760673867173534,1,1,0.6446446011782672,1,1,fold_2
478,sub5,rest03,2,86,0,0.6685530686735041,0.6611790913994998,0.5,1,2.001779794692993,0.880983829498291,1,2.6299750685555672e-06,2.160233417530056,10.760673867173534,1,1,0.6312514334012584,1,1,fold_2
479,sub5,rest03,3,87,0,0.5467273592916683,0.6333759805789436,0.5,1,1.586974859237671,0.8301900625228882,1,2.6299750685555672e-06,2.160233417530056,10.760673867173534,1,1,0.5876119843653672,1,1,fold_2
480,sub5,rest03,4,88,0,0.4021296688394214,0.5991992282253318,0.5,1,1.3669860363006592,0.7968927621841431,1,2.6299750685555672e-06,2.160233417530056,10.760673867173534,1,1,0.5607203150697019,1,1,fold_2
481,sub5,rest03,5,89,0,0.1211910902598883,0.5302607442918262,0.5,1,1.0718598365783691,0.7449504137039185,1,2.6299750685555672e-06,2.160233417530056,10.760673867173534,1,1,0.5845340094657415,1,1,fold_2
482,sub5,rest03,6,90,0,0.21158978287774932,0.5527009726919474,0.5,1,1.191100835800171,0.7669379115104675,1,2.6299750685555672e-06,2.160233417530056,10.760673867173534,1,1,0.635015693166561,1,1,fold_2
483,sub5,rest03,7,91,0,0.7110825127317667,0.6706403114134506,0.5,1,2.059859037399292,0.886940062046051,1,2.6299750685555672e-06,2.160233417530056,10.760673867173534,1,1,0.6853508317970628,1,1,fold_2
484,sub5,rest03,8,92,0,0.7616220529291045,0.6817057953942852,0.5,1,2.8969690799713135,0.9476964473724365,1,2.6299750685555672e-06,2.160233417530056,10.760673867173534,1,1,0.6776293477275853,1,1,fold_2
485,sub5,rest03,9,93,0,0.8650103143449668,0.7037063885834526,0.5,1,3.24281907081604,0.9624142050743103,1,2.6299750685555672e-06,2.160233417530056,10.760673867173534,1,1,0.6450428386193932,1,1,fold_2
486,sub5,rest03,10,94,0,0.6079624053654722,0.6474758592050182,0.5,1,2.048081636428833,0.8857536911964417,1,2.6299750685555672e-06,2.160233417530056,10.760673867173534,1,1,0.544175704245006,1,1,fold_2
487,sub5,rest03,11,95,0,0.3389945566510251,0.5839462680697088,0.5,1,1.244124412536621,0.7762811183929443,1,2.6299750685555672e-06,2.160233417530056,10.760673867173534,1,1,0.49012396722736096,0,0,fold_2
488,sub5,rest03,12,96,0,-0.4008631127055058,0.4011049854602911,0.5,0,0.5472984313964844,0.6335086226463318,1,2.6299750685555672e-06,2.160233417530056,10.760673867173534,1,0,0.4815530029950077,0,0,fold_2
489,sub5,rest03,13,97,0,-0.05873428628810318,0.4853206481520828,0.5,0,1.0010716915130615,0.7312692403793335,1,2.6299750685555672e-06,2.160233417530056,10.760673867173534,1,0,0.5786912738277664,1,1,fold_2
490,sub5,rest03,14,98,0,0.23399536632339732,0.5582333753726493,0.5,1,1.5175540447235107,0.8201779723167419,1,2.6299750685555672e-06,2.160233417530056,10.760673867173534,1,1,0.6398466630478218,1,1,fold_2
491,sub5,rest03,15,99,0,0.8119261251939153,0.6925197979585674,0.5,1,2.1322598457336426,0.8939993977546692,1,2.6299750685555672e-06,2.160233417530056,10.760673867173534,1,1,0.6952601485627112,1,1,fold_2
492,sub5,rest03,16,100,0,0.7027031193278128,0.6687868158122484,0.5,1,2.0835511684417725,0.8892940878868103,1,2.6299750685555672e-06,2.160233417530056,10.760673867173534,1,1,0.7089196727829137,1,1,fold_2
493,sub5,rest03,17,101,0,0.9667630342433045,0.724473831917318,0.5,1,2.5105245113372803,0.92487633228302,1,2.6299750685555672e-06,2.160233417530056,10.760673867173534,1,1,0.7453692485677005,1,1,fold_2
494,sub5,rest03,18,102,0,1.0124450186159317,0.7334983706191748,0.5,1,2.613140821456909,0.9317025542259216,1,2.6299750685555672e-06,2.160233417530056,10.760673867173534,1,1,0.7657342683135768,1,1,fold_2
495,sub5,rest03,19,103,0,1.254834088409093,0.7781355431666086,0.5,1,3.3077566623687744,0.9646939039230347,1,2.6299750685555672e-06,2.160233417530056,10.760673867173534,1,1,0.7842698919162664,1,1,fold_2
496,sub5,rest03,20,104,0,1.2984196415247258,0.7855688911549471,0.5,1,3.3321592807769775,0.965515673160553,1,2.6299750685555672e-06,2.160233417530056,10.760673867173534,1,1,0.7858491928057362,1,1,fold_2
497,sub5,rest03,21,105,0,1.3195404632801495,0.7891052414272438,0.5,1,3.381748914718628,0.9671292304992676,1,2.6299750685555672e-06,2.160233417530056,10.760673867173534,1,1,0.7775934806927601,1,1,fold_2
498,sub5,rest03,22,106,0,1.2824906731786196,0.782873445835018,0.5,1,3.1656816005706787,0.9595221281051636,1,2.6299750685555672e-06,2.160233417530056,10.760673867173534,1,1,0.7593543036543301,1,1,fold_2
499,sub5,rest03,23,107,0,1.1570801319068305,0.7608017548160185,0.5,1,3.3032443523406982,0.9645399451255798,1,2.6299750685555672e-06,2.160233417530056,10.760673867173534,1,1,0.7431923918133085,1,1,fold_2
500,sub5,rest03,24,108,0,1.0169994168939516,0.7343877103119536,0.5,1,3.5765860080718994,0.9727900624275208,1,2.6299750685555672e-06,2.160233417530056,10.760673867173534,1,1,0.7343877103119536,1,1,fold_2
1242,sub13,rest01,0,0,0,-1.3951226886469612,0.198591207929033,0.5,0,-0.31613051891326904,0.4216190576553345,1,2.534160770558024e-06,4.399607795249814,12.608448643857114,0,1,0.20123513032347032,0,1,fold_2
1243,sub13,rest01,1,1,0,-1.3551361811169047,0.20503193751427537,0.5,0,0.08885324001312256,0.5221986770629883,1,2.534160770558024e-06,4.399607795249814,12.608448643857114,0,1,0.20074909715948389,0,1,fold_2
1244,sub13,rest01,2,2,0,-1.3857804058214176,0.2000822455271026,0.5,0,0.16979646682739258,0.5423474311828613,1,2.534160770558024e-06,4.399607795249814,12.608448643857114,0,1,0.19517363662548573,0,1,fold_2
1245,sub13,rest01,3,3,0,-1.4043097583584288,0.19713310843707374,0.5,0,0.17389631271362305,0.5433648824691772,1,2.534160770558024e-06,4.399607795249814,12.608448643857114,0,1,0.19180580320181503,0,1,fold_2
1246,sub13,rest01,4,4,0,-1.4610580280890875,0.18830555591228088,0.5,0,-0.6789230704307556,0.33650171756744385,1,2.534160770558024e-06,4.399607795249814,12.608448643857114,0,1,0.18929243467241105,0,1,fold_2
1247,sub13,rest01,5,5,0,-1.4501482889170996,0.18997874525609051,0.5,0,-0.7567512392997742,0.31935203075408936,1,2.534160770558024e-06,4.399607795249814,12.608448643857114,0,1,0.18686694725883876,0,1,fold_2
1248,sub13,rest01,6,6,0,-1.452656902757254,0.18959300284886174,0.5,0,-0.7586239576339722,0.3189450800418854,1,2.534160770558024e-06,4.399607795249814,12.608448643857114,0,1,0.18537838835435913,0,1,fold_2
1249,sub13,rest01,7,7,1,-1.4919160548240227,0.18363431223292906,0.5,0,-0.652613639831543,0.34240081906318665,1,2.534160770558024e-06,4.399607795249814,12.608448643857114,0,1,,,,fold_2
1250,sub13,rest01,8,8,0,-1.5093908029478924,0.181029093671564,0.5,0,-0.7270092964172363,0.32585135102272034,1,2.534160770558024e-06,4.399607795249814,12.608448643857114,0,1,0.1856725804353058,0,1,fold_2
1251,sub13,rest01,9,9,0,-1.4794330531175675,0.18551306854265162,0.5,0,-0.8371728658676147,0.3021305501461029,1,2.534160770558024e-06,4.399607795249814,12.608448643857114,0,1,0.18765388125685115,0,1,fold_2
1252,sub13,rest01,10,10,1,-1.4173828292569182,0.19507220129576813,0.5,0,-0.6474648714065552,0.343561053276062,1,2.534160770558024e-06,4.399607795249814,12.608448643857114,0,1,,,,fold_2
1253,sub13,rest01,11,11,0,-1.4469229479494197,0.1904755790917018,0.5,0,-0.7813344597816467,0.31403234601020813,1,2.534160770558024e-06,4.399607795249814,12.608448643857114,0,1,0.19097155781590636,0,1,fold_2
1254,sub13,rest01,12,12,0,-1.469800123342515,0.18697299613620005,0.5,0,-0.7419638633728027,0.3225748538970947,1,2.534160770558024e-06,4.399607795249814,12.608448643857114,0,1,0.19209721969191051,0,1,fold_2
1255,sub13,rest01,13,13,1,-1.439434644024824,0.19163291244022768,0.5,0,-0.6360235214233398,0.34614595770835876,1,2.534160770558024e-06,4.399607795249814,12.608448643857114,0,1,,,,fold_2
1256,sub13,rest01,14,14,0,-1.4148761519835082,0.19546609821981714,0.5,0,-0.5926693081855774,0.3560226261615753,1,2.534160770558024e-06,4.399607795249814,12.608448643857114,0,1,0.19262075981238236,0,1,fold_2
1257,sub13,rest01,15,15,0,-1.4251687534985356,0.19385256471971438,0.5,0,-0.6483359336853027,0.3433646261692047,1,2.534160770558024e-06,4.399607795249814,12.608448643857114,0,1,0.19023061339767833,0,1,fold_2
1258,sub13,rest01,16,16,1,-1.4425396160949335,0.1911523825059123,0.5,0,-0.47910594940185547,0.3824632465839386,1,2.534160770558024e-06,4.399607795249814,12.608448643857114,0,1,,,,fold_2
1259,sub13,rest01,17,17,0,-1.4595012701381553,0.18854361649761556,0.5,0,-0.5757043361663818,0.3599216043949127,1,2.534160770558024e-06,4.399607795249814,12.608448643857114,0,1,0.18996396424272044,0,1,fold_2
1260,sub13,rest01,18,18,0,-1.4611227801872182,0.18829565897570508,0.5,0,-0.6444269418716431,0.344246506690979,1,2.534160770558024e-06,4.399607795249814,12.608448643857114,0,1,0.1918956487553928,0,1,fold_2
1261,sub13,rest01,19,19,0,-1.4302956850730086,0.19305261725484063,0.5,0,-0.4810553193092346,0.38200297951698303,1,2.534160770558024e-06,4.399607795249814,12.608448643857114,0,1,0.19277179599623687,0,1,fold_2
1262,sub13,rest01,20,20,0,-1.4220611091600668,0.19433867003563282,0.5,0,-0.3614053726196289,0.4106194078922272,1,2.534160770558024e-06,4.399607795249814,12.608448643857114,0,1,0.19214565141968334,0,1,fold_2
1263,sub13,rest01,21,21,0,-1.4440167607974002,0.19092410069823723,0.5,0,-0.24945127964019775,0.43795859813690186,1,2.534160770558024e-06,4.399607795249814,12.608448643857114,0,1,0.19598703471983145,0,1,fold_2
1264,sub13,rest01,22,22,0,-1.442398618579149,0.19117418352518,0.5,0,0.04064512252807617,0.5101599097251892,1,2.534160770558024e-06,4.399607795249814,12.608448643857114,0,1,0.20096660779911135,0,1,fold_2
1265,sub13,rest01,23,23,0,-1.3500461928611207,0.20586281993607702,0.5,0,0.645280122756958,0.6559460759162903,1,2.534160770558024e-06,4.399607795249814,12.608448643857114,0,1,0.20586281993607702,0,1,fold_2
1266,sub13,rest02,0,24,0,-0.3568269020780501,0.41172789990618996,0.5,0,3.4469783306121826,0.9691408276557922,1,2.534160770558024e-06,4.399607795249814,12.608448643857114,0,1,0.40204093039226513,0,1,fold_2
1267,sub13,rest02,1,25,0,-0.5572249919961758,0.3641897858336749,0.5,0,2.9011595249176025,0.9479037523269653,1,2.534160770558024e-06,4.399607795249814,12.608448643857114,0,1,0.4009186650754857,0,1,fold_2
1268,sub13,rest02,2,26,0,-0.2810143776203516,0.43020510543693047,0.5,0,3.4019339084625244,0.9677649736404419,1,2.534160770558024e-06,4.399607795249814,12.608448643857114,0,1,0.4059992672275589,0,1,fold_2
1269,sub13,rest02,3,27,0,-0.3707446341904912,0.40836110395585157,0.5,0,3.254615068435669,0.9628385901451111,1,2.534160770558024e-06,4.399607795249814,12.608448643857114,0,1,0.38086475192545227,0,1,fold_2
1270,sub13,rest02,4,28,0,-0.49196152155943224,0.37943159228989476,0.5,0,2.701585531234741,0.9371200799942017,1,2.534160770558024e-06,4.399607795249814,12.608448643857114,0,1,0.4346893946819799,0,1,fold_2
1271,sub13,rest02,5,29,0,-0.5979992831746266,0.3548015595306106,0.5,0,2.767021894454956,0.9408674836158752,1,2.534160770558024e-06,4.399607795249814,12.608448643857114,0,1,0.4876490008333005,0,1,fold_2
1272,sub13,rest02,6,30,0,0.2811781206893447,0.5698350322254344,0.5,1,4.154900550842285,0.9845549464225769,1,2.534160770558024e-06,4.399607795249814,12.608448643857114,0,0,0.5141083632338818,1,0,fold_2
1273,sub13,rest02,7,31,0,0.15354258488141775,0.5383104107438563,0.5,1,4.000957489013672,0.9820306301116943,1,2.534160770558024e-06,4.399607795249814,12.608448643857114,0,0,0.4158082954250238,0,1,fold_2
1274,sub13,rest02,8,32,0,-0.2648182497514642,0.4341796467323543,0.5,0,2.9726674556732178,0.951323926448822,1,2.534160770558024e-06,4.399607795249814,12.608448643857114,0,1,0.32760168961325126,0,1,fold_2
1275,sub13,rest02,9,33,0,-0.9697274587316618,0.27493482879886083,0.5,0,2.2199413776397705,0.9020259976387024,1,2.534160770558024e-06,4.399607795249814,12.608448643857114,0,1,0.31382272889436796,0,1,fold_2
1276,sub13,rest02,10,34,0,-0.9759778572162665,0.2736905933085387,0.5,0,2.2468643188476562,0.904379665851593,1,2.534160770558024e-06,4.399607795249814,12.608448643857114,0,1,0.3532025354981798,0,1,fold_2
1277,sub13,rest02,11,35,0,-0.43537835278435744,0.39284276457570444,0.5,0,3.3814857006073,0.9671208262443542,1,2.534160770558024e-06,4.399607795249814,12.608448643857114,0,1,0.38641070158249063,0,1,fold_2
1278,sub13,rest02,12,36,0,-0.4344079411814513,0.39307424861029633,0.5,0,3.4681131839752197,0.9697666764259338,1,2.534160770558024e-06,4.399607795249814,12.608448643857114,0,1,0.3425428236551706,0,1,fold_2
1279,sub13,rest02,13,37,0,-0.5180210634043059,0.37331509156147114,0.5,0,3.184951066970825,0.9602640271186829,1,2.534160770558024e-06,4.399607795249814,12.608448643857114,0,1,0.27855430454905417,0,1,fold_2
1280,sub13,rest02,14,38,0,-1.039538083785346,0.26123913079374433,0.5,0,2.0734407901763916,0.8882948756217957,1,2.534160770558024e-06,4.399607795249814,12.608448643857114,0,1,0.22462931218921134,0,1,fold_2
1281,sub13,rest02,15,39,0,-1.3793793877538811,0.20110869129194714,0.5,0,1.223522663116455,0.7726828455924988,1,2.534160770558024e-06,4.399607795249814,12.608448643857114,0,1,0.2048070761910915,0,1,fold_2
1282,sub13,rest02,16,40,0,-1.3156668836035084,0.21154011448194257,0.5,0,1.4246439933776855,0.8060653805732727,1,2.534160770558024e-06,4.399607795249814,12.608448643857114,0,1,0.2176452643647988,0,1,fold_2
1283,sub13,rest02,17,41,0,-1.3752532987713528,0.2017724227993848,0.5,0,1.137223720550537,0.7571695446968079,1,2.534160770558024e-06,4.399607795249814,12.608448643857114,0,1,0.23818030839219437,0,1,fold_2
1284,sub13,rest02,18,42,0,-1.1547461039685898,0.2396232558130691,0.5,0,1.7256200313568115,0.8488513827323914,1,2.534160770558024e-06,4.399607795249814,12.608448643857114,0,1,0.3132288072057747,0,1,fold_2
1285,sub13,rest02,19,43,0,-0.9787229762275194,0.27314524656412925,0.5,0,2.1549174785614014,0.8961273431777954,1,2.534160770558024e-06,4.399607795249814,12.608448643857114,0,1,0.3854814794512101,0,1,fold_2
1286,sub13,rest02,20,44,0,-0.2944371857084403,0.4269179192401257,0.5,0,3.7648956775665283,0.9773547053337097,1,2.534160770558024e-06,4.399607795249814,12.608448643857114,0,1,0.4303022884730694,0,1,fold_2
1287,sub13,rest02,21,45,0,-0.17491954830652875,0.45638127254937555,0.5,0,4.068598747253418,0.9831862449645996,1,2.534160770558024e-06,4.399607795249814,12.608448643857114,0,1,0.3735095195801319,0,1,fold_2
1288,sub13,rest02,22,46,0,-0.37386400130520914,0.40760767362970696,0.5,0,3.5177195072174072,0.9711877703666687,1,2.534160770558024e-06,4.399607795249814,12.608448643857114,0,1,0.30678368639414133,0,1,fold_2
1289,sub13,rest02,23,47,0,-1.0640323983616122,0.2565396125613132,0.5,0,2.083789110183716,0.8893175721168518,1,2.534160770558024e-06,4.399607795249814,12.608448643857114,0,1,0.2473172254177335,0,1,fold_2
1290,sub13,rest02,24,48,0,-1.0657939927928994,0.25620377299140384,0.5,0,2.0243232250213623,0.883327305316925,1,2.534160770558024e-06,4.399607795249814,12.608448643857114,0,1,0.23799788408335953,0,1,fold_2
1291,sub13,rest02,25,49,0,-1.2127870239868535,0.22920829070048343,0.5,0,1.514247179031372,0.8196898102760315,1,2.534160770558024e-06,4.399607795249814,12.608448643857114,0,1,0.2218493467220508,0,1,fold_2
1292,sub13,rest02,26,50,0,-1.2163377049303346,0.22858158855819136,0.5,0,1.431485891342163,0.8071327209472656,1,2.534160770558024e-06,4.399607795249814,12.608448643857114,0,1,0.23824138421219088,0,1,fold_2
1293,sub13,rest02,27,51,0,-1.3384919822829324,0.20775816090747762,0.5,0,1.2431998252868652,0.7761204838752747,1,2.534160770558024e-06,4.399607795249814,12.608448643857114,0,1,0.3109653507577889,0,1,fold_2
1294,sub13,rest02,28,52,0,-0.9524896789479452,0.2783844031709036,0.5,0,2.0929579734802246,0.8902168869972229,1,2.534160770558024e-06,4.399607795249814,12.608448643857114,0,1,0.37169888961433134,0,1,fold_2
1295,sub13,rest02,29,53,0,-0.2137967120507963,0.44675348819498545,0.5,0,3.4354407787323,0.9687939882278442,1,2.534160770558024e-06,4.399607795249814,12.608448643857114,0,1,0.38068462154119076,0,1,fold_2
1296,sub13,rest02,30,54,0,-0.4474854980299296,0.38995877747710495,0.5,0,2.954338312149048,0.9504680633544922,1,2.534160770558024e-06,4.399607795249814,12.608448643857114,0,1,0.29986367002590847,0,1,fold_2
1297,sub13,rest02,31,55,0,-0.8219890690103934,0.3053415989514818,0.5,0,2.32552433013916,0.9109690189361572,1,2.534160770558024e-06,4.399607795249814,12.608448643857114,0,1,0.2379742887499197,0,1,fold_2
1298,sub13,rest02,32,56,0,-1.3596903468143517,0.20429063364913866,0.5,0,1.395601511001587,0.801485002040863,1,2.534160770558024e-06,4.399607795249814,12.608448643857114,0,1,0.20429063364913866,0,1,fold_2
1299,sub13,task02,0,57,0,0.40399370216554903,0.5996468106690066,0.5,1,4.348371505737305,0.9872370958328247,1,2.534160770558024e-06,4.399607795249814,12.608448643857114,1,1,0.6381938667004546,1,1,fold_2
1300,sub13,task02,1,58,0,0.6462302753379412,0.6561604617389574,0.5,1,4.81622314453125,0.9919677376747131,1,2.534160770558024e-06,4.399607795249814,12.608448643857114,1,1,0.6742478479413617,1,1,fold_2
1301,sub13,task02,2,59,0,0.6578369752446394,0.6587743276933999,0.5,1,4.645547866821289,0.9904871582984924,1,2.534160770558024e-06,4.399607795249814,12.608448643857114,1,1,0.6628005076533238,1,1,fold_2
1302,sub13,task02,3,60,0,0.8847653976939276,0.7078087543917277,0.5,1,5.159524917602539,0.9942883253097534,1,2.534160770558024e-06,4.399607795249814,12.608448643857114,1,1,0.5771179618238408,1,1,fold_2
1303,sub13,task02,4,61,0,0.497273758978621,0.6218184408748435,0.5,1,4.185152053833008,0.9850082397460938,1,2.534160770558024e-06,4.399607795249814,12.608448643857114,1,1,0.4234523817225598,0,0,fold_2
1304,sub13,task02,5,62,0,-0.39827570704374204,0.4017266902049509,0.5,0,2.586801290512085,0.93000727891922,1,2.534160770558024e-06,4.399607795249814,12.608448643857114,1,0,0.3351587535158724,0,0,fold_2
1305,sub13,task02,6,63,0,-1.1156878756334665,0.24681201408788495,0.5,0,1.5511698722839355,0.8250826597213745,1,2.534160770558024e-06,4.399607795249814,12.608448643857114,1,0,0.3965397038925671,0,0,fold_2
1306,sub13,task02,7,64,0,-0.5886809786274535,0.35693755625478124,0.5,0,2.156510829925537,0.8962755799293518,1,2.534160770558024e-06,4.399607795249814,12.608448643857114,1,0,0.5492472840786967,1,1,fold_2
1307,sub13,task02,8,65,0,0.3469160973496681,0.5858695413350351,0.5,1,3.9749910831451416,0.9815666675567627,1,2.534160770558024e-06,4.399607795249814,12.608448643857114,1,1,0.6821747569776759,1,1,fold_2
1308,sub13,task02,9,66,0,0.8709087493527523,0.7049347546462739,0.5,1,4.699338912963867,0.9909808039665222,1,2.534160770558024e-06,4.399607795249814,12.608448643857114,1,1,0.6914370373653478,1,1,fold_2
1309,sub13,task02,10,67,0,1.1293556931660438,0.755719974951719,0.5,1,5.327811241149902,0.9951687455177307,1,2.534160770558024e-06,4.399607795249814,12.608448643857114,1,1,0.6806465378019341,1,1,fold_2
1310,sub13,task02,11,68,0,0.4627079596128729,0.6136563824980504,0.5,1,3.8202011585235596,0.9785469174385071,1,2.534160770558024e-06,4.399607795249814,12.608448643857114,1,1,0.6521125438290573,1,1,fold_2
1311,sub13,task02,12,69,0,0.7198012794912241,0.672563255956033,0.5,1,4.506115913391113,0.9890792965888977,1,2.534160770558024e-06,4.399607795249814,12.608448643857114,1,1,0.713463048158061,1,1,fold_2
1312,sub13,task02,13,70,0,0.7087187700073512,0.6701179930330884,0.5,1,4.387850761413574,0.9877250790596008,1,2.534160770558024e-06,4.399607795249814,12.608448643857114,1,1,0.7548101002393691,1,1,fold_2
1313,sub13,task02,14,71,0,1.372029769865024,0.7977078954850617,0.5,1,6.710601806640625,0.998783528804779,1,2.534160770558024e-06,4.399607795249814,12.608448643857114,1,1,0.7995334665926564,1,1,fold_2
1314,sub13,task02,15,72,0,1.365205418374673,0.7966044121999573,0.5,1,7.259920120239258,0.9992972612380981,1,2.534160770558024e-06,4.399607795249814,12.608448643857114,1,1,0.7892664465243614,1,1,fold_2
1315,sub13,task02,16,73,0,1.4133138081821137,0.8042880920929505,0.5,1,7.445644378662109,0.9994163513183594,1,2.534160770558024e-06,4.399607795249814,12.608448643857114,1,1,0.7561835708195513,1,1,fold_2
1316,sub13,task02,17,74,0,1.1909271053708252,0.766906835280176,0.5,1,6.630134582519531,0.9986817240715027,1,2.534160770558024e-06,4.399607795249814,12.608448643857114,1,1,0.7279333486772156,1,1,fold_2
1317,sub13,task02,18,75,0,0.8347378252000428,0.6973557850855279,0.5,1,5.92923641204834,0.9973465204238892,1,2.534160770558024e-06,4.399607795249814,12.608448643857114,1,1,0.6886556967389099,1,1,fold_2
1318,sub13,task02,19,76,0,0.9421682499617375,0.7195374256659426,0.5,1,5.704030990600586,0.9966785907745361,1,2.534160770558024e-06,4.399607795249814,12.608448643857114,1,1,0.6470546727733263,1,1,fold_2
1319,sub13,task02,20,77,0,0.614970827568895,0.6490738794652594,0.5,1,4.423503875732422,0.9881500005722046,1,2.534160770558024e-06,4.399607795249814,12.608448643857114,1,1,0.5284979438589428,1,1,fold_2
1320,sub13,task02,21,78,0,0.29227383155932257,0.5725527131887768,0.5,1,3.612963914871216,0.973736584186554,1,2.534160770558024e-06,4.399607795249814,12.608448643857114,1,1,0.49386965922085074,0,0,fold_2
1321,sub13,task02,22,79,0,-0.558618212515114,0.3638672389227922,0.5,0,2.441941738128662,0.9199701547622681,1,2.534160770558024e-06,4.399607795249814,12.608448643857114,1,0,0.5233519262516938,1,1,fold_2
1322,sub13,task02,23,80,0,0.18125067854281712,0.5451890255509834,0.5,1,3.4534051418304443,0.9693325757980347,1,2.534160770558024e-06,4.399607795249814,12.608448643857114,1,1,0.6602820710206679,1,1,fold_2
1323,sub13,task02,24,81,0,0.6677515648494385,0.6609995142813058,0.5,1,4.288973808288574,0.9864667057991028,1,2.534160770558024e-06,4.399607795249814,12.608448643857114,1,1,0.7266493309074953,1,1,fold_2
1324,sub13,task02,25,82,0,1.2348005215273705,0.7746576732297148,0.5,1,5.706454277038574,0.9966866374015808,1,2.534160770558024e-06,4.399607795249814,12.608448643857114,1,1,0.7633195148311028,1,1,fold_2
1325,sub13,task02,26,83,0,1.068390984750991,0.7442908052114652,0.5,1,5.419991493225098,0.9955922961235046,1,2.534160770558024e-06,4.399607795249814,12.608448643857114,1,1,0.7676523499100968,1,1,fold_2
1326,sub13,task02,27,84,0,1.2140233832888314,0.7710100660521286,0.5,1,6.207877159118652,0.9979904890060425,1,2.534160770558024e-06,4.399607795249814,12.608448643857114,1,1,0.7881057129795811,1,1,fold_2
1327,sub13,task02,28,85,0,1.3108549122386057,0.7876561784666964,0.5,1,6.349427223205566,0.9982553124427795,1,2.534160770558024e-06,4.399607795249814,12.608448643857114,1,1,0.7986868254777256,1,1,fold_2
1328,sub13,task02,29,86,0,1.4219944600247167,0.8056508944199182,0.5,1,7.80247688293457,0.9995914101600647,1,2.534160770558024e-06,4.399607795249814,12.608448643857114,1,1,0.8028209806301344,1,1,fold_2
1329,sub13,task02,30,87,0,1.4035928682311174,0.8027534035465622,0.5,1,7.833627700805664,0.9996040463447571,1,2.534160770558024e-06,4.399607795249814,12.608448643857114,1,1,0.8014017436630335,1,1,fold_2
1330,sub13,task02,31,88,0,1.386660925955013,0.8000586439239228,0.5,1,7.712980270385742,0.9995531439781189,1,2.534160770558024e-06,4.399607795249814,12.608448643857114,1,1,0.7970863466535887,1,1,fold_2
1331,sub13,task02,32,89,0,1.3950246187614987,0.8013931835186154,0.5,1,7.681133270263672,0.999538779258728,1,2.534160770558024e-06,4.399607795249814,12.608448643857114,1,1,0.7932363189670869,1,1,fold_2
1332,sub13,task02,33,90,0,1.3237637356847034,0.7898072125182276,0.5,1,7.644128799438477,0.9995213747024536,1,2.534160770558024e-06,4.399607795249814,12.608448643857114,1,1,0.7807609496548679,1,1,fold_2
1333,sub13,task02,34,91,0,1.3159587427294381,0.7885085608644179,0.5,1,7.388016700744629,0.9993817806243896,1,2.534160770558024e-06,4.399607795249814,12.608448643857114,1,1,0.7658766180094312,1,1,fold_2
1334,sub13,task02,35,92,0,1.1745533879089987,0.7639670755819579,0.5,1,7.369635581970215,0.999370276927948,1,2.534160770558024e-06,4.399607795249814,12.608448643857114,1,1,0.7514251702485977,1,1,fold_2
1335,sub13,task02,36,93,0,1.0729326130456478,0.7451542175819177,0.5,1,7.699647903442383,0.9995471835136414,1,2.534160770558024e-06,4.399607795249814,12.608448643857114,1,1,0.7451542175819177,1,1,fold_2
1336,sub13,rest04,0,94,0,-1.0731920795767818,0.2547965130112781,0.5,0,1.5495336055755615,0.8248463273048401,1,2.534160770558024e-06,4.399607795249814,12.608448643857114,1,0,0.35752905227967746,0,0,fold_2
1337,sub13,rest04,1,95,0,-0.47247693919294614,0.38403015312413047,0.5,0,2.457038164138794,0.921074628829956,1,2.534160770558024e-06,4.399607795249814,12.608448643857114,1,0,0.5079558126424158,1,1,fold_2
1338,sub13,rest04,2,96,0,-0.266524632967888,0.433760490703624,0.5,0,2.782386064529419,0.9417166113853455,1,2.534160770558024e-06,4.399607795249814,12.608448643857114,1,0,0.566140890710319,1,1,fold_2
1339,sub13,rest04,3,97,0,0.8764054762910422,0.7060767940994932,0.5,1,4.689384460449219,0.9908913969993591,1,2.534160770558024e-06,4.399607795249814,12.608448643857114,1,1,0.6230736776960647,1,1,fold_2
1340,sub13,rest04,4,98,0,0.2354228951546231,0.5585853873278401,0.5,1,3.1899306774139404,0.9604535698890686,1,2.534160770558024e-06,4.399607795249814,12.608448643857114,1,1,0.5977877875849068,1,1,fold_2
1341,sub13,rest04,5,99,0,0.42449704830061197,0.6045588516608607,0.5,1,3.603658437728882,0.9734975695610046,1,2.534160770558024e-06,4.399607795249814,12.608448643857114,1,1,0.6398804375904548,1,1,fold_2
1342,sub13,rest04,6,100,0,0.5331569706051043,0.6302191237660195,0.5,1,3.7125937938690186,0.9761677980422974,1,2.534160770558024e-06,4.399607795249814,12.608448643857114,1,1,0.6352680149523269,1,1,fold_2
1343,sub13,rest04,7,101,0,0.7762129163915369,0.6848633373444841,0.5,1,4.290657043457031,0.9864891171455383,1,2.534160770558024e-06,4.399607795249814,12.608448643857114,1,1,0.6339639270623604,1,1,fold_2
1344,sub13,rest04,8,102,0,0.3669491641237933,0.590721583746477,0.5,1,3.305351495742798,0.9646119475364685,1,2.534160770558024e-06,4.399607795249814,12.608448643857114,1,1,0.6395833234218145,1,1,fold_2
1345,sub13,rest04,9,103,0,0.5164054637472626,0.6263068600961202,0.5,1,3.5262176990509033,0.9714245796203613,1,2.534160770558024e-06,4.399607795249814,12.608448643857114,1,1,0.6766121197169784,1,1,fold_2
1346,sub13,rest04,10,104,0,0.8555091140712663,0.701721526422846,0.5,1,4.183554649353027,0.9849846363067627,1,2.534160770558024e-06,4.399607795249814,12.608448643857114,1,1,0.5896277098172215,1,1,fold_2
1347,sub13,rest04,11,105,0,0.8559221572285239,0.7018079726319688,0.5,1,4.186188697814941,0.9850236177444458,1,2.534160770558024e-06,4.399607795249814,12.608448643857114,1,1,0.5254999996985282,1,1,fold_2
1348,sub13,rest04,12,106,0,-0.5522022105523109,0.3653536303968497,0.5,0,2.257967710494995,0.9053356051445007,1,2.534160770558024e-06,4.399607795249814,12.608448643857114,1,0,0.5274651194096731,1,1,fold_2
1349,sub13,rest04,13,107,0,0.037357928433990904,0.509338396066766,0.5,1,3.075176477432251,0.9558571577072144,1,2.534160770558024e-06,4.399607795249814,12.608448643857114,1,1,0.6401754811064285,1,1,fold_2
1350,sub13,rest04,14,108,0,0.8842557093413824,0.7077033317654036,0.5,1,4.662478446960449,0.9906452894210815,1,2.534160770558024e-06,4.399607795249814,12.608448643857114,1,1,0.698713090172055,1,1,fold_2
1351,sub13,rest04,15,109,0,0.8639473830323094,0.7034847154871157,0.5,1,4.701318740844727,0.9909985065460205,1,2.534160770558024e-06,4.399607795249814,12.608448643857114,1,1,0.6690600118482993,1,1,fold_2
1352,sub13,rest04,16,110,0,0.7766201551923211,0.6849512232636454,0.5,1,4.667980194091797,0.9906961917877197,1,2.534160770558024e-06,4.399607795249814,12.608448643857114,1,1,0.6920764064559056,1,1,fold_2
1353,sub13,rest04,17,111,0,0.4842209616822563,0.6187440967941372,0.5,1,3.932337522506714,0.9807789325714111,1,2.534160770558024e-06,4.399607795249814,12.608448643857114,1,1,0.7069246831676973,1,1,fold_2
1354,sub13,rest04,18,112,0,1.2226746710784826,0.7725338993099343,0.5,1,5.829389572143555,0.9970688223838806,1,2.534160770558024e-06,4.399607795249814,12.608448643857114,1,1,0.7156273077089099,1,1,fold_2
1355,sub13,rest04,19,113,0,0.9920672697378007,0.7294960533990203,0.5,1,4.817896842956543,0.991981029510498,1,2.534160770558024e-06,4.399607795249814,12.608448643857114,1,1,0.5779170608475319,1,1,fold_2
1356,sub13,rest04,20,114,0,0.5964860999275191,0.6448519704177751,0.5,1,3.907261610031128,0.9803004264831543,1,2.534160770558024e-06,4.399607795249814,12.608448643857114,1,1,0.43908541575945753,0,0,fold_2
1357,sub13,rest04,21,115,0,-0.5779555430792295,0.35940315872580014,0.5,0,2.416379928588867,0.9180678129196167,1,2.534160770558024e-06,4.399607795249814,12.608448643857114,1,0,0.3473760968718917,0,0,fold_2
1358,sub13,rest04,22,116,0,-0.7861259018100372,0.3130011181347974,0.5,0,2.343745470046997,0.91243577003479,1,2.534160770558024e-06,4.399607795249814,12.608448643857114,1,0,0.35081638188165093,0,0,fold_2
1359,sub13,rest04,23,117,0,-0.533400978324228,0.3697240137550776,0.5,0,3.282478094100952,0.9638228416442871,1,2.534160770558024e-06,4.399607795249814,12.608448643857114,1,0,0.3697240137550775,0,0,fold_2
1468,sub15,rest01,0,0,0,-1.1477590509528188,0.24089863955285046,0.5,0,-0.8066134452819824,0.3086126446723938,1,5.1149264278331155e-06,2.703748164144381,9.132570576005808,0,1,0.2527765146191593,0,1,fold_2
1469,sub15,rest01,1,1,0,-1.2741150659584095,0.21855363451994958,0.5,0,-0.880344033241272,0.2931064963340759,1,5.1149264278331155e-06,2.703748164144381,9.132570576005808,0,1,0.26889846010288865,0,1,fold_2
1470,sub15,rest01,2,2,0,-0.8526499302989171,0.2988772697846778,0.5,0,-0.9238910675048828,0.28416571021080017,1,5.1149264278331155e-06,2.703748164144381,9.132570576005808,0,1,0.30501426241650204,0,1,fold_2
1471,sub15,rest01,3,3,0,-0.8989589715924018,0.2892644760040385,0.5,0,-0.9684910774230957,0.275181382894516,1,5.1149264278331155e-06,2.703748164144381,9.132570576005808,0,1,0.28963009726752525,0,1,fold_2
1472,sub15,rest01,4,4,0,-0.7222348601606019,0.32690104146078985,0.5,0,-0.9179270267486572,0.28538045287132263,1,5.1149264278331155e-06,2.703748164144381,9.132570576005808,0,1,0.26806740281348546,0,1,fold_2
1473,sub15,rest01,5,5,0,-1.0841325104664137,0.2527247743377475,0.5,0,-0.8390768766403198,0.3017292320728302,1,5.1149264278331155e-06,2.703748164144381,9.132570576005808,0,1,0.21064037950704004,0,1,fold_2
1474,sub15,rest01,6,6,0,-1.2391935418377038,0.22457639264191906,0.5,0,-0.9073482155799866,0.28754279017448425,1,5.1149264278331155e-06,2.703748164144381,9.132570576005808,0,1,0.18210007191434252,0,1,fold_2
1475,sub15,rest01,7,7,1,-1.4020472898606136,0.19749143843470232,0.5,0,-0.9905893802642822,0.27079567313194275,1,5.1149264278331155e-06,2.703748164144381,9.132570576005808,0,1,,,,fold_2
1476,sub15,rest01,8,8,0,-1.6988159542386418,0.15461997154145352,0.5,0,-0.8900185823440552,0.2911060154438019,1,5.1149264278331155e-06,2.703748164144381,9.132570576005808,0,1,0.16515562734800607,0,1,fold_2
1477,sub15,rest01,9,9,0,-1.6062934778892655,0.16710385155965501,0.5,0,-0.9350789785385132,0.2818954586982727,1,5.1149264278331155e-06,2.703748164144381,9.132570576005808,0,1,0.21515344335920294,0,1,fold_2
1478,sub15,rest01,10,10,1,-1.5072104078405746,0.18135257858197862,0.5,0,-0.9491744041442871,0.27905088663101196,1,5.1149264278331155e-06,2.703748164144381,9.132570576005808,0,1,,,,fold_2
1479,sub15,rest01,11,11,0,-1.559328256687928,0.17374305894290973,0.5,0,-0.9849015474319458,0.2719202935695648,1,5.1149264278331155e-06,2.703748164144381,9.132570576005808,0,1,0.34780540154733286,0,1,fold_2
1480,sub15,rest01,12,12,0,-0.8254244258768654,0.30461341957504406,0.5,0,-1.0043400526046753,0.2680889666080475,1,5.1149264278331155e-06,2.703748164144381,9.132570576005808,0,1,0.4052709618072045,0,1,fold_2
1481,sub15,rest01,13,13,1,0.10225527513819245,0.5255415671424554,0.5,0,-0.7700812816619873,0.3164615035057068,1,5.1149264278331155e-06,2.703748164144381,9.132570576005808,0,1,,,,fold_2
1482,sub15,rest01,14,14,0,0.26172271528620494,0.5650597261240446,0.5,1,-0.7030745148658752,0.3311309218406677,1,5.1149264278331155e-06,2.703748164144381,9.132570576005808,0,0,0.37313063910302313,0,1,fold_2
1483,sub15,rest01,15,15,0,-0.6360510937723783,0.3461397397225248,0.5,0,-0.9268834590911865,0.2835574150085449,1,5.1149264278331155e-06,2.703748164144381,9.132570576005808,0,1,0.23816537090428103,0,1,fold_2
1484,sub15,rest01,16,16,1,-1.3214138595524305,0.21058316026881424,0.5,0,-1.0096476078033447,0.26704880595207214,1,5.1149264278331155e-06,2.703748164144381,9.132570576005808,0,1,,,,fold_2
1485,sub15,rest01,17,17,0,-1.3358554686760618,0.2081924514625,0.5,0,-0.9833166599273682,0.272234171628952,1,5.1149264278331155e-06,2.703748164144381,9.132570576005808,0,1,0.17537415008555923,0,1,fold_2
1486,sub15,rest01,18,18,0,-1.6570089277872289,0.16016392152781828,0.5,0,-0.9298516511917114,0.2829548120498657,1,5.1149264278331155e-06,2.703748164144381,9.132570576005808,0,1,0.15789998310588263,0,1,fold_2
1487,sub15,rest01,19,19,0,-1.6749443812932319,0.15776607726635944,0.5,0,-0.8663679957389832,0.2960106134414673,1,5.1149264278331155e-06,2.703748164144381,9.132570576005808,0,1,0.15520699355065845,0,1,fold_2
1488,sub15,rest01,20,20,0,-1.6900447852122698,0.1557699505234702,0.5,0,-0.8001693487167358,0.3099892735481262,1,5.1149264278331155e-06,2.703748164144381,9.132570576005808,0,1,0.15468642418431952,0,1,fold_2
1489,sub15,rest01,21,21,0,-1.7183411853830952,0.15208495286214566,0.5,0,-0.8648155331611633,0.29633423686027527,1,5.1149264278331155e-06,2.703748164144381,9.132570576005808,0,1,0.1593326943241836,0,1,fold_2
1490,sub15,rest01,22,22,0,-1.6867451130749689,0.15620436916734276,0.5,0,-0.8853287100791931,0.2920747399330139,1,5.1149264278331155e-06,2.703748164144381,9.132570576005808,0,1,0.16520729701782247,0,1,fold_2
1491,sub15,rest01,23,23,0,-1.587692732701429,0.16970876094306234,0.5,0,-0.8704959154129028,0.29515111446380615,1,5.1149264278331155e-06,2.703748164144381,9.132570576005808,0,1,0.16970876094306234,0,1,fold_2
1492,sub15,rest02,0,24,0,-0.9132303538986122,0.28633926201679016,0.5,0,-0.9151654243469238,0.28594398498535156,1,5.1149264278331155e-06,2.703748164144381,9.132570576005808,0,1,0.32492887950099175,0,1,fold_2
1493,sub15,rest02,1,25,0,-0.6543541849523734,0.34200900359207614,0.5,0,-0.8706336617469788,0.2951224744319916,1,5.1149264278331155e-06,2.703748164144381,9.132570576005808,0,1,0.29436521404395805,0,1,fold_2
1494,sub15,rest02,2,26,0,-0.6347318849577382,0.346438372894109,0.5,0,-0.8616988658905029,0.2969845235347748,1,5.1149264278331155e-06,2.703748164144381,9.132570576005808,0,1,0.31772690141016446,0,1,fold_2
1495,sub15,rest02,3,27,0,-1.4200849551758725,0.194648265645689,0.5,0,-0.918030321598053,0.28535938262939453,1,5.1149264278331155e-06,2.703748164144381,9.132570576005808,0,1,0.443829926106716,0,1,fold_2
1496,sub15,rest02,4,28,0,-0.3553153213637931,0.41209406569069545,0.5,0,-0.7835748195648193,0.3135499358177185,1,5.1149264278331155e-06,2.703748164144381,9.132570576005808,0,1,0.6515007176224525,1,0,fold_2
1497,sub15,rest02,5,29,0,0.9681341943560375,0.7247474469837636,0.5,1,-0.31595587730407715,0.4216616749763489,1,5.1149264278331155e-06,2.703748164144381,9.132570576005808,0,0,0.7659314846639376,1,0,fold_2
1498,sub15,rest02,6,30,0,1.5005778200663031,0.8176606401928986,0.5,1,0.007313370704650879,0.5018283128738403,1,5.1149264278331155e-06,2.703748164144381,9.132570576005808,0,0,0.750198734552369,1,0,fold_2
1499,sub15,rest02,7,31,0,1.1275494041277776,0.7553863668151504,0.5,1,-0.37723469734191895,0.4067939817905426,1,5.1149264278331155e-06,2.703748164144381,9.132570576005808,0,0,0.6065028998198693,1,0,fold_2
1500,sub15,rest02,8,32,0,0.7425315882474564,0.677549196649058,0.5,1,-0.3744858503341675,0.40745750069618225,1,5.1149264278331155e-06,2.703748164144381,9.132570576005808,0,0,0.4436324514957566,0,1,fold_2
1501,sub15,rest02,9,33,0,-0.46173996946310886,0.3865731359953995,0.5,0,-0.7417761087417603,0.3226158916950226,1,5.1149264278331155e-06,2.703748164144381,9.132570576005808,0,1,0.33824201073883026,0,1,fold_2
1502,sub15,rest02,10,34,0,-1.0110468943228592,0.26677502184281227,0.5,0,-0.8574587106704712,0.29787054657936096,1,5.1149264278331155e-06,2.703748164144381,9.132570576005808,0,1,0.4046501843601334,0,1,fold_2
1503,sub15,rest02,11,35,0,-0.569388772445791,0.3613778743782791,0.5,0,-0.8445637226104736,0.30057451128959656,1,5.1149264278331155e-06,2.703748164144381,9.132570576005808,0,1,0.5771407375739185,1,0,fold_2
1504,sub15,rest02,12,36,0,0.34661982851413436,0.5857976568593087,0.5,1,-0.6098912954330444,0.3520839810371399,1,5.1149264278331155e-06,2.703748164144381,9.132570576005808,0,0,0.718396383895577,1,0,fold_2
1505,sub15,rest02,13,37,0,1.290587904463442,0.7842466814841679,0.5,1,-0.15916097164154053,0.46029356122016907,1,5.1149264278331155e-06,2.703748164144381,9.132570576005808,0,0,0.7742032509721096,1,0,fold_2
1506,sub15,rest02,14,38,0,1.295903925608461,0.7851448133432545,0.5,1,-0.20743107795715332,0.44832733273506165,1,5.1149264278331155e-06,2.703748164144381,9.132570576005808,0,0,0.7721224716740022,1,0,fold_2
1507,sub15,rest02,15,39,0,1.115850727176702,0.7532182580889064,0.5,1,0.08013570308685303,0.5200232267379761,1,5.1149264278331155e-06,2.703748164144381,9.132570576005808,0,0,0.7709247822225557,1,0,fold_2
1508,sub15,rest02,16,40,0,1.2540742912223306,0.7780043435898455,0.5,1,0.014969468116760254,0.5037422776222229,1,5.1149264278331155e-06,2.703748164144381,9.132570576005808,0,0,0.7492635981374883,1,0,fold_2
1509,sub15,rest02,17,41,0,1.2747321927491106,0.7815517449889151,0.5,1,0.08372938632965088,0.5209200978279114,1,5.1149264278331155e-06,2.703748164144381,9.132570576005808,0,0,0.6073534199006899,1,0,fold_2
1510,sub15,rest02,18,42,0,0.7918792795270122,0.6882347058337042,0.5,1,-0.49204105138778687,0.3794128894805908,1,5.1149264278331155e-06,2.703748164144381,9.132570576005808,0,0,0.4428815743739786,0,1,fold_2
1511,sub15,rest02,19,43,0,-0.6090593231362754,0.3522738088794503,0.5,0,-0.8740551471710205,0.29441121220588684,1,5.1149264278331155e-06,2.703748164144381,9.132570576005808,0,1,0.41628482597429156,0,1,fold_2
1512,sub15,rest02,20,44,0,-0.9044532749699998,0.2881362084087813,0.5,0,-0.9305903911590576,0.282804936170578,1,5.1149264278331155e-06,2.703748164144381,9.132570576005808,0,1,0.49870810168523033,0,1,fold_2
1513,sub15,rest02,21,45,0,0.44077826730984226,0.6084444606346431,0.5,1,-0.43473654985427856,0.39299583435058594,1,5.1149264278331155e-06,2.703748164144381,9.132570576005808,0,0,0.5865385325792766,1,0,fold_2
1514,sub15,rest02,22,46,0,0.4035639524277847,0.5995436360122666,0.5,1,-0.49347418546676636,0.37907546758651733,1,5.1149264278331155e-06,2.703748164144381,9.132570576005808,0,0,0.5540044903360294,1,0,fold_2
1515,sub15,rest02,23,47,0,0.20724864390759093,0.55162750109092,0.5,1,-0.4562731385231018,0.38787031173706055,1,5.1149264278331155e-06,2.703748164144381,9.132570576005808,0,0,0.5648332117407843,1,0,fold_2
1516,sub15,rest02,24,48,0,0.043376135317458396,0.5108423339049017,0.5,1,-0.38118672370910645,0.4058406949043274,1,5.1149264278331155e-06,2.703748164144381,9.132570576005808,0,0,0.5916339781193213,1,0,fold_2
1517,sub15,rest02,25,49,0,0.5409345892788731,0.6320298002265311,0.5,1,0.23855280876159668,0.5593569278717041,1,5.1149264278331155e-06,2.703748164144381,9.132570576005808,0,0,0.6320298002265311,1,0,fold_2
1518,sub15,task02,0,50,0,1.3011074076854439,0.786021298947899,0.5,1,-0.13072776794433594,0.46736451983451843,1,5.1149264278331155e-06,2.703748164144381,9.132570576005808,1,1,0.7746696650951477,1,1,fold_2
1519,sub15,task02,1,51,0,1.1392494841030132,0.7575418167343182,0.5,1,-0.08279657363891602,0.4793126583099365,1,5.1149264278331155e-06,2.703748164144381,9.132570576005808,1,1,0.7794012488265252,1,1,fold_2
1520,sub15,task02,2,52,0,1.268266632580532,0.780445879603226,0.5,1,-0.23959136009216309,0.4403870403766632,1,5.1149264278331155e-06,2.703748164144381,9.132570576005808,1,1,0.7962884122373821,1,1,fold_2
1521,sub15,task02,3,53,0,1.3876452219385613,0.8002160501420313,0.5,1,-0.07187342643737793,0.4820394217967987,1,5.1149264278331155e-06,2.703748164144381,9.132570576005808,1,1,0.807227520380709,1,1,fold_2
1522,sub15,task02,4,54,0,1.4383777238493263,0.808203306966889,0.5,1,-0.01955115795135498,0.4951123893260956,1,5.1149264278331155e-06,2.703748164144381,9.132570576005808,1,1,0.8150849119623581,1,1,fold_2
1523,sub15,task02,5,55,0,1.4713546841667429,0.813263204033207,0.5,1,-0.03772735595703125,0.49056926369667053,1,5.1149264278331155e-06,2.703748164144381,9.132570576005808,1,1,0.8189801138151261,1,1,fold_2
1524,sub15,task02,6,56,0,1.542226948865379,0.8237882248869782,0.5,1,-0.062116146087646484,0.4844759404659271,1,5.1149264278331155e-06,2.703748164144381,9.132570576005808,1,1,0.795929773278619,1,1,fold_2
1525,sub15,task02,7,57,0,1.515595045383162,0.8198889125251934,0.5,1,-0.10846614837646484,0.47290998697280884,1,5.1149264278331155e-06,2.703748164144381,9.132570576005808,1,1,0.7456148024628715,1,1,fold_2
1526,sub15,task02,8,58,0,1.0674526704501943,0.7441121824236855,0.5,1,-0.3311593532562256,0.4179585874080658,1,5.1149264278331155e-06,2.703748164144381,9.132570576005808,1,1,0.6686365186945927,1,1,fold_2
1527,sub15,task02,9,59,0,0.7210732599989829,0.6728433124397358,0.5,1,-0.35653185844421387,0.4117993414402008,1,5.1149264278331155e-06,2.703748164144381,9.132570576005808,1,1,0.595523193627893,1,1,fold_2
1528,sub15,task02,10,60,0,0.3596432046407954,0.5889540612203565,0.5,1,-0.5886886119842529,0.3569357991218567,1,5.1149264278331155e-06,2.703748164144381,9.132570576005808,1,1,0.5931523920753438,1,1,fold_2
1529,sub15,task02,11,61,0,0.09917002461047478,0.5247722072235866,0.5,1,-0.718668520450592,0.32768625020980835,1,5.1149264278331155e-06,2.703748164144381,9.132570576005808,1,1,0.6474182378783205,1,1,fold_2
1530,sub15,task02,12,62,0,0.6889392125983439,0.6657309077820881,0.5,1,-0.5075153112411499,0.37577617168426514,1,5.1149264278331155e-06,2.703748164144381,9.132570576005808,1,1,0.7260889425541922,1,1,fold_2
1531,sub15,task02,13,63,0,1.1079760850999156,0.7517515986292865,0.5,1,-0.30232083797454834,0.4249902069568634,1,5.1149264278331155e-06,2.703748164144381,9.132570576005808,1,1,0.7228754327099081,1,1,fold_2
1532,sub15,task02,14,64,0,1.1569843362420034,0.7607843212512019,0.5,1,-0.31993281841278076,0.4206921458244324,1,5.1149264278331155e-06,2.703748164144381,9.132570576005808,1,1,0.7191160214309852,1,1,fold_2
1533,sub15,task02,15,65,0,0.6459196557900502,0.6560903782492356,0.5,1,-0.47205376625061035,0.3841302990913391,1,5.1149264278331155e-06,2.703748164144381,9.132570576005808,1,1,0.7275485602584301,1,1,fold_2
1534,sub15,task02,16,66,0,1.0484303260108212,0.7404733647925184,0.5,1,-0.4113365411758423,0.39859169721603394,1,5.1149264278331155e-06,2.703748164144381,9.132570576005808,1,1,0.7667503734734321,1,1,fold_2
1535,sub15,task02,17,67,0,1.3014679783794982,0.7860819377335365,0.5,1,-0.3314695358276367,0.41788315773010254,1,5.1149264278331155e-06,2.703748164144381,9.132570576005808,1,1,0.754380578200454,1,1,fold_2
1536,sub15,task02,18,68,0,1.2292987633782804,0.7736958178942415,0.5,1,-0.3782118558883667,0.4065582752227783,1,5.1149264278331155e-06,2.703748164144381,9.132570576005808,1,1,0.7556544097872245,1,1,fold_2
1537,sub15,task02,19,69,0,0.8633686400418118,0.7033639789735839,0.5,1,-0.3136078119277954,0.4222343862056732,1,5.1149264278331155e-06,2.703748164144381,9.132570576005808,1,1,0.7663906389095408,1,1,fold_2
1538,sub15,task02,20,70,0,1.3243434303514905,0.7899034324938483,0.5,1,-0.08930659294128418,0.477688193321228,1,5.1149264278331155e-06,2.703748164144381,9.132570576005808,1,1,0.7862691762370037,1,1,fold_2
1539,sub15,task02,21,71,0,1.423614976788307,0.8059045052611904,0.5,1,-0.10929238796234131,0.47270405292510986,1,5.1149264278331155e-06,2.703748164144381,9.132570576005808,1,1,0.7540918485803135,1,1,fold_2
1540,sub15,task02,22,72,0,1.1691956281268614,0.7629995909559725,0.5,1,-0.21995162963867188,0.44523268938064575,1,5.1149264278331155e-06,2.703748164144381,9.132570576005808,1,1,0.7215272416773342,1,1,fold_2
1541,sub15,task02,23,73,0,0.8159287760661149,0.6933714495237776,0.5,1,-0.2892642021179199,0.42818403244018555,1,5.1149264278331155e-06,2.703748164144381,9.132570576005808,1,1,0.7182780632576202,1,1,fold_2
1542,sub15,task02,24,74,0,0.8867096070711832,0.7082106845522523,0.5,1,-0.13856244087219238,0.4654146730899811,1,5.1149264278331155e-06,2.703748164144381,9.132570576005808,1,1,0.7437622985487192,1,1,fold_2
1543,sub15,task02,25,75,0,1.1160325599223067,0.7532520556968306,0.5,1,-0.07790327072143555,0.48053404688835144,1,5.1149264278331155e-06,2.703748164144381,9.132570576005808,1,1,0.7330608007395778,1,1,fold_2
1544,sub15,task02,26,76,0,1.2073185605913517,0.7698241553970747,0.5,1,-0.24704408645629883,0.4385511875152588,1,5.1149264278331155e-06,2.703748164144381,9.132570576005808,1,1,0.6451562376355865,1,1,fold_2
1545,sub15,task02,27,77,0,0.7359344394836222,0.676106191124828,0.5,1,-0.42111051082611084,0.39625105261802673,1,5.1149264278331155e-06,2.703748164144381,9.132570576005808,1,1,0.5397173183277074,1,1,fold_2
1546,sub15,task02,28,78,0,-0.04185264263377481,0.48953836638485676,0.5,0,-0.6275071501731873,0.3480760157108307,1,5.1149264278331155e-06,2.703748164144381,9.132570576005808,1,0,0.48504528337714287,0,0,fold_2
1547,sub15,task02,29,79,0,-0.1865091900532964,0.45350739747343743,0.5,0,-0.5709652304649353,0.36101412773132324,1,5.1149264278331155e-06,2.703748164144381,9.132570576005808,1,0,0.5365438723619257,1,1,fold_2
1548,sub15,task02,30,80,0,0.04836977352118642,0.5120900862731343,0.5,1,-0.5973744988441467,0.3549445867538452,1,5.1149264278331155e-06,2.703748164144381,9.132570576005808,1,1,0.6099925826824727,1,1,fold_2
1549,sub15,task02,31,81,0,0.5929168806903784,0.6440341333392055,0.5,1,-0.4634753465652466,0.3861617147922516,1,5.1149264278331155e-06,2.703748164144381,9.132570576005808,1,1,0.6786350644687497,1,1,fold_2
1550,sub15,task02,32,82,0,0.7256661906927641,0.6738535284350783,0.5,1,-0.42027342319488525,0.39645132422447205,1,5.1149264278331155e-06,2.703748164144381,9.132570576005808,1,1,0.6853852383218918,1,1,fold_2
1551,sub15,task02,33,83,0,0.9346490859669714,0.718017531631965,0.5,1,-0.30354607105255127,0.4246908724308014,1,5.1149264278331155e-06,2.703748164144381,9.132570576005808,1,1,0.684461103028128,1,1,fold_2
1552,sub15,task02,34,84,0,0.6824471410495561,0.6642846548986321,0.5,1,-0.1651601791381836,0.45880353450775146,1,5.1149264278331155e-06,2.703748164144381,9.132570576005808,1,1,0.6688156333354018,1,1,fold_2
1553,sub15,task02,35,85,0,0.7130788804084188,0.6710811225537868,0.5,1,-0.0840524435043335,0.47899922728538513,1,5.1149264278331155e-06,2.703748164144381,9.132570576005808,1,1,0.6710811225537868,1,1,fold_2
1554,sub15,rest04,0,86,0,-0.5789255352617236,0.35917986544302993,0.5,0,-0.683577299118042,0.33546334505081177,1,5.1149264278331155e-06,2.703748164144381,9.132570576005808,1,0,0.45074395229756137,0,0,fold_2
1555,sub15,rest04,1,87,0,-0.4163137977525962,0.3973991615627928,0.5,0,-0.6282339096069336,0.3479110896587372,1,5.1149264278331155e-06,2.703748164144381,9.132570576005808,1,0,0.528279624783793,1,1,fold_2
1556,sub15,rest04,2,88,0,0.3873841562463313,0.5956528298868612,0.5,1,-0.4496060609817505,0.3894543945789337,1,5.1149264278331155e-06,2.703748164144381,9.132570576005808,1,1,0.5686607360444227,1,1,fold_2
1557,sub15,rest04,3,89,0,0.3713571911136044,0.5917868829017249,0.5,1,-0.4667520523071289,0.38538527488708496,1,5.1149264278331155e-06,2.703748164144381,9.132570576005808,1,1,0.515589037626152,1,1,fold_2
1558,sub15,rest04,4,90,0,0.07420401137005833,0.518542495344682,0.5,1,-0.5114197731018066,0.3748607337474823,1,5.1149264278331155e-06,2.703748164144381,9.132570576005808,1,1,0.4780553411680912,0,0,fold_2
1559,sub15,rest04,5,91,0,-0.25563210670925546,0.43643773463204943,0.5,0,-0.5858465433120728,0.35758841037750244,1,5.1149264278331155e-06,2.703748164144381,9.132570576005808,1,0,0.5281274611183138,1,1,fold_2
1560,sub15,rest04,6,92,0,-0.08330496856145868,0.47918579352754204,0.5,0,-0.5497257709503174,0.3659280240535736,1,5.1149264278331155e-06,2.703748164144381,9.132570576005808,1,0,0.5891658126647544,1,1,fold_2
1561,sub15,rest04,7,93,0,0.7025768952582563,0.6687588551953499,0.5,1,-0.382617712020874,0.40549570322036743,1,5.1149264278331155e-06,2.703748164144381,9.132570576005808,1,1,0.6183636386199028,1,1,fold_2
1562,sub15,rest04,8,94,0,0.4876504790549238,0.6195527892713711,0.5,1,-0.4293268918991089,0.3942870795726776,1,5.1149264278331155e-06,2.703748164144381,9.132570576005808,1,1,0.5579125726178996,1,1,fold_2
1563,sub15,rest04,9,95,0,0.2687225719059781,0.5667792713929873,0.5,1,-0.5453876256942749,0.36693519353866577,1,5.1149264278331155e-06,2.703748164144381,9.132570576005808,1,1,0.5752488966302711,1,1,fold_2
1564,sub15,rest04,10,96,0,-0.05038802960866529,0.48740565718934037,0.5,0,-0.6820788383483887,0.3357974886894226,1,5.1149264278331155e-06,2.703748164144381,9.132570576005808,1,0,0.5969753656730871,1,1,fold_2
1565,sub15,rest04,11,97,0,0.7152571766997182,0.6715617613084858,0.5,1,-0.4585268497467041,0.38733533024787903,1,5.1149264278331155e-06,2.703748164144381,9.132570576005808,1,1,0.6554057709383755,1,1,fold_2
1566,sub15,rest04,12,98,0,0.5406287914312239,0.6319586785214351,0.5,1,-0.5671241283416748,0.3619007170200348,1,5.1149264278331155e-06,2.703748164144381,9.132570576005808,1,1,0.6443918142802617,1,1,fold_2
1567,sub15,rest04,13,99,0,0.6753356677377865,0.6626968729852057,0.5,1,-0.6052155494689941,0.3531513810157776,1,5.1149264278331155e-06,2.703748164144381,9.132570576005808,1,1,0.6962127816127152,1,1,fold_2
1568,sub15,rest04,14,100,0,0.5689458125648605,0.6385198913341441,0.5,1,-0.5469088554382324,0.36658185720443726,1,5.1149264278331155e-06,2.703748164144381,9.132570576005808,1,1,0.7422220295974734,1,1,fold_2
1569,sub15,rest04,15,101,0,1.309452832306427,0.7874215805187957,0.5,1,-0.11191177368164062,0.4720512330532074,1,5.1149264278331155e-06,2.703748164144381,9.132570576005808,1,1,0.7864236682542306,1,1,fold_2
1570,sub15,rest04,16,102,0,1.3908293862961356,0.8007246169394805,0.5,1,0.10142183303833008,0.5253337621688843,1,5.1149264278331155e-06,2.703748164144381,9.132570576005808,1,1,0.7274382279869718,1,1,fold_2
1571,sub15,rest04,17,103,0,1.2146733927215416,0.7711248073044153,0.5,1,-0.03259992599487305,0.49185076355934143,1,5.1149264278331155e-06,2.703748164144381,9.132570576005808,1,1,0.5889433609927589,1,1,fold_2
1572,sub15,rest04,18,104,0,0.44926833396038696,0.6104652597170196,0.5,1,-0.5403931736946106,0.36809611320495605,1,5.1149264278331155e-06,2.703748164144381,9.132570576005808,1,1,0.41603894116005596,0,0,fold_2
1573,sub15,rest04,19,105,0,-0.46736536366971215,0.385240015956842,0.5,0,-0.7683020234107971,0.3168465197086334,1,5.1149264278331155e-06,2.703748164144381,9.132570576005808,1,0,0.3147108372179764,0,0,fold_2
1574,sub15,rest04,20,106,0,-1.085791747331787,0.25241154780630626,0.5,0,-0.817313551902771,0.3063342273235321,1,5.1149264278331155e-06,2.703748164144381,9.132570576005808,1,0,0.29506875562726503,0,0,fold_2
1575,sub15,rest04,21,107,0,-0.816623118558864,0.30648094789078084,0.5,0,-0.7341750860214233,0.32427918910980225,1,5.1149264278331155e-06,2.703748164144381,9.132570576005808,1,0,0.32943461926724,0,0,fold_2
1576,sub15,rest04,22,108,0,-0.7249050598659852,0.32631377118470806,0.5,0,-0.5046453475952148,0.3764496445655823,1,5.1149264278331155e-06,2.703748164144381,9.132570576005808,1,0,0.3457773495457235,0,0,fold_2
1577,sub15,rest04,23,109,0,-0.5949096871219253,0.35550913872623113,0.5,0,-0.2459195852279663,0.43882808089256287,1,5.1149264278331155e-06,2.703748164144381,9.132570576005808,1,0,0.3555091387262312,0,0,fold_2
1795,sub18,rest01,0,0,0,0.37663085803923063,0.593060250546736,0.5,1,-0.32654786109924316,0.41908079385757446,1,5.731218701447185e-06,3.2807367667101537,6.712275668609555,0,0,0.4655093731977132,0,1,fold_2
1796,sub18,rest01,1,1,0,0.06871536480058946,0.5171720848007223,0.5,1,-0.46658855676651,0.38542401790618896,1,5.731218701447185e-06,3.2807367667101537,6.712275668609555,0,0,0.3652161154379372,0,1,fold_2
1797,sub18,rest01,2,2,0,-0.9134431258175827,0.28629578424568153,0.5,0,-0.7736590504646301,0.3156881034374237,1,5.731218701447185e-06,3.2807367667101537,6.712275668609555,0,1,0.2613485970902016,0,1,fold_2
1798,sub18,rest01,3,3,0,-0.8848174656301204,0.2921804772674077,0.5,0,-0.8002052903175354,0.3099816143512726,1,5.731218701447185e-06,3.2807367667101537,6.712275668609555,0,1,0.2524359534033584,0,1,fold_2
1799,sub18,rest01,4,4,0,-1.351841147262997,0.2055695297575155,0.5,0,-0.5119627714157104,0.3747335374355316,1,5.731218701447185e-06,3.2807367667101537,6.712275668609555,0,1,0.2501512598620332,0,1,fold_2
1800,sub18,rest01,5,5,0,-1.0482678847229339,0.25955785318515184,0.5,0,-0.6272919774055481,0.34812483191490173,1,5.731218701447185e-06,3.2807367667101537,6.712275668609555,0,1,0.2752729495609075,0,1,fold_2
1801,sub18,rest01,6,6,0,-0.9181921633156785,0.28532639664343223,0.5,0,-0.7389162182807922,0.3232411742210388,1,5.731218701447185e-06,3.2807367667101537,6.712275668609555,0,1,0.30588041247310405,0,1,fold_2
1802,sub18,rest01,7,7,1,-0.7010152978940842,0.331587161670275,0.5,0,-0.5617841482162476,0.3631347119808197,1,5.731218701447185e-06,3.2807367667101537,6.712275668609555,0,1,,,,fold_2
1803,sub18,rest01,8,8,0,-0.9398304168909459,0.28093459885413835,0.5,0,-0.24576425552368164,0.4388662874698639,1,5.731218701447185e-06,3.2807367667101537,6.712275668609555,0,1,0.4041790064541802,0,1,fold_2
1804,sub18,rest01,9,9,0,-0.6129777086375601,0.35138024192174155,0.5,0,-0.8882886171340942,0.29146313667297363,1,5.731218701447185e-06,3.2807367667101537,6.712275668609555,0,1,0.4317933852865799,0,1,fold_2
1805,sub18,rest01,10,10,1,-0.9450165601646938,0.27988813547344504,0.5,0,-1.0337674617767334,0.2623543441295624,1,5.731218701447185e-06,3.2807367667101537,6.712275668609555,0,1,,,,fold_2
1806,sub18,rest01,11,11,0,0.32368552204351553,0.5802221785866607,0.5,1,-0.3404521942138672,0.41569966077804565,1,5.731218701447185e-06,3.2807367667101537,6.712275668609555,0,0,0.3774634977070004,0,1,fold_2
1807,sub18,rest01,12,12,0,-0.5590049110392796,0.3637777353513375,0.5,0,-0.808696985244751,0.3081682324409485,1,5.731218701447185e-06,3.2807367667101537,6.712275668609555,0,1,0.24270119631143652,0,1,fold_2
1808,sub18,rest01,13,13,1,-0.6027216355389542,0.353721273580746,0.5,0,-0.7684240937232971,0.3168201148509979,1,5.731218701447185e-06,3.2807367667101537,6.712275668609555,0,1,,,,fold_2
1809,sub18,rest01,14,14,0,-1.4605018590382481,0.18839057918300295,0.5,0,-0.4599758982658386,0.3869915306568146,1,5.731218701447185e-06,3.2807367667101537,6.712275668609555,0,1,0.3112422963877798,0,1,fold_2
1810,sub18,rest01,15,15,0,-1.5441329090029094,0.17593527439996912,0.5,0,-0.3337523937225342,0.4173279106616974,1,5.731218701447185e-06,3.2807367667101537,6.712275668609555,0,1,0.4470016930856917,0,1,fold_2
1811,sub18,rest01,16,16,1,-0.7193509111239373,0.32753593273870585,0.5,0,-0.881777286529541,0.2928096055984497,1,5.731218701447185e-06,3.2807367667101537,6.712275668609555,0,1,,,,fold_2
1812,sub18,rest01,17,17,0,0.2794078136076811,0.5694010355803673,0.5,1,-0.4820505380630493,0.38176801800727844,1,5.731218701447185e-06,3.2807367667101537,6.712275668609555,0,0,0.5340882098358926,1,0,fold_2
1813,sub18,rest01,18,18,0,0.38745033625589304,0.5956687692767386,0.5,1,-0.4319901466369629,0.39365121722221375,1,5.731218701447185e-06,3.2807367667101537,6.712275668609555,0,0,0.46922354996328247,0,1,fold_2
1814,sub18,rest01,19,19,0,-0.25255460216971265,0.4371948246505719,0.5,0,-0.5993285179138184,0.35449734330177307,1,5.731218701447185e-06,3.2807367667101537,6.712275668609555,0,1,0.38628366737528586,0,1,fold_2
1815,sub18,rest01,20,20,0,-0.5116489364274118,0.3748070559625369,0.5,0,-0.42967259883880615,0.3942044973373413,1,5.731218701447185e-06,3.2807367667101537,6.712275668609555,0,1,0.3168696590590215,0,1,fold_2
1816,sub18,rest01,21,21,0,-0.6329182798627329,0.34684912151274877,0.5,0,-0.4334285259246826,0.3933079242706299,1,5.731218701447185e-06,3.2807367667101537,6.712275668609555,0,1,0.25469334928803566,0,1,fold_2
1817,sub18,rest01,22,22,0,-1.2142337238018717,0.22895279970177881,0.5,0,-0.4481515884399414,0.3898003399372101,1,5.731218701447185e-06,3.2807367667101537,6.712275668609555,0,1,0.2018363510003125,0,1,fold_2
1818,sub18,rest01,23,23,0,-1.4612374943113111,0.18827812664957938,0.5,0,-0.2849569320678711,0.4292389452457428,1,5.731218701447185e-06,3.2807367667101537,6.712275668609555,0,1,0.18827812664957935,0,1,fold_2
1819,sub18,rest02,0,24,0,-1.4676704824041347,0.18729694741066874,0.5,0,-0.4211331605911255,0.3962455987930298,1,5.731218701447185e-06,3.2807367667101537,6.712275668609555,0,1,0.16864801871367605,0,1,fold_2
1820,sub18,rest02,1,25,0,-1.6581128858588405,0.1600154822424292,0.5,0,-0.3674445152282715,0.4091586470603943,1,5.731218701447185e-06,3.2807367667101537,6.712275668609555,0,1,0.1596714157549501,0,1,fold_2
1821,sub18,rest02,2,26,0,-1.6684448828040457,0.15863162648793017,0.5,0,-0.34551000595092773,0.41447165608406067,1,5.731218701447185e-06,3.2807367667101537,6.712275668609555,0,1,0.1588866478826412,0,1,fold_2
1822,sub18,rest02,3,27,0,-1.6554989241468465,0.16036713853449094,0.5,0,-0.34901928901672363,0.413620263338089,1,5.731218701447185e-06,3.2807367667101537,6.712275668609555,0,1,0.16331081298942496,0,1,fold_2
1823,sub18,rest02,4,28,0,-1.675734042637248,0.15766117862550255,0.5,0,-0.3519268035888672,0.41291525959968567,1,5.731218701447185e-06,3.2807367667101537,6.712275668609555,0,1,0.1691430986293594,0,1,fold_2
1824,sub18,rest02,5,29,0,-1.572192052555443,0.17190412180828138,0.5,0,-0.28678011894226074,0.4287922978401184,1,5.731218701447185e-06,3.2807367667101537,6.712275668609555,0,1,0.1836378013396995,0,1,fold_2
1825,sub18,rest02,6,30,0,-1.5308866492616462,0.17786399545429418,0.5,0,-0.2511277198791504,0.43754592537879944,1,5.731218701447185e-06,3.2807367667101537,6.712275668609555,0,1,0.19004479920711312,0,1,fold_2
1826,sub18,rest02,7,31,0,-1.3791516268568864,0.2011452867565229,0.5,0,-0.19092392921447754,0.4524134695529938,1,5.731218701447185e-06,3.2807367667101537,6.712275668609555,0,1,0.1929707254867465,0,1,fold_2
1827,sub18,rest02,8,32,0,-1.4427159825996991,0.1911251154105223,0.5,0,-0.24147415161132812,0.43992307782173157,1,5.731218701447185e-06,3.2807367667101537,6.712275668609555,0,1,0.18447246995522537,0,1,fold_2
1828,sub18,rest02,9,33,0,-1.4719805003598514,0.18664177429319426,0.5,0,-0.25786900520324707,0.4358876049518585,1,5.731218701447185e-06,3.2807367667101537,6.712275668609555,0,1,0.1911509684887075,0,1,fold_2
1829,sub18,rest02,10,34,0,-1.546098225948306,0.17565052016195962,0.5,0,-0.2706773281097412,0.43274080753326416,1,5.731218701447185e-06,3.2807367667101537,6.712275668609555,0,1,0.2459362887616737,0,1,fold_2
1830,sub18,rest02,11,35,0,-1.3179437038290036,0.21116061101096864,0.5,0,-0.23606491088867188,0.4412563145160675,1,5.731218701447185e-06,3.2807367667101537,6.712275668609555,0,1,0.30665489000754526,0,1,fold_2
1831,sub18,rest02,12,36,0,-0.6146564357369289,0.35099773511209287,0.5,0,-0.17738819122314453,0.4557688534259796,1,5.731218701447185e-06,3.2807367667101537,6.712275668609555,0,1,0.32558245926501694,0,1,fold_2
1832,sub18,rest02,13,37,0,-0.5848980890473987,0.35780632389957423,0.5,0,-0.2090907096862793,0.4479169249534607,1,5.731218701447185e-06,3.2807367667101537,6.712275668609555,0,1,0.26968107517885703,0,1,fold_2
1833,sub18,rest02,14,38,0,-1.0050824832542675,0.26794331878338373,0.5,0,-0.37118494510650635,0.4082547426223755,1,5.731218701447185e-06,3.2807367667101537,6.712275668609555,0,1,0.2075681163353098,0,1,fold_2
1834,sub18,rest02,15,39,0,-1.4941905424920148,0.18329358285361305,0.5,0,-0.2643582820892334,0.43429267406463623,1,5.731218701447185e-06,3.2807367667101537,6.712275668609555,0,1,0.18201886500890016,0,1,fold_2
1835,sub18,rest02,16,40,0,-1.5752626898103996,0.17146744736893255,0.5,0,-0.31150662899017334,0.42274701595306396,1,5.731218701447185e-06,3.2807367667101537,6.712275668609555,0,1,0.18521856507888712,0,1,fold_2
1836,sub18,rest02,17,41,0,-1.4416138127669702,0.19129556480415488,0.5,0,-0.25552964210510254,0.436462938785553,1,5.731218701447185e-06,3.2807367667101537,6.712275668609555,0,1,0.1885855893078027,0,1,fold_2
1837,sub18,rest02,18,42,0,-1.4313226540504862,0.19289268306357388,0.5,0,-0.21250569820404053,0.4470725953578949,1,5.731218701447185e-06,3.2807367667101537,6.712275668609555,0,1,0.1830579947773474,0,1,fold_2
1838,sub18,rest02,19,43,0,-1.5057565756980316,0.18156852005567942,0.5,0,-0.24766302108764648,0.4383987784385681,1,5.731218701447185e-06,3.2807367667101537,6.712275668609555,0,1,0.17932626981227748,0,1,fold_2
1839,sub18,rest02,20,44,0,-1.5525880943468708,0.17471278121278896,0.5,0,-0.32160449028015137,0.4202847480773926,1,5.731218701447185e-06,3.2807367667101537,6.712275668609555,0,1,0.1816264756748618,0,1,fold_2
1840,sub18,rest02,21,45,0,-1.5048888013408486,0.18169750816836408,0.5,0,-0.30621981620788574,0.42403775453567505,1,5.731218701447185e-06,3.2807367667101537,6.712275668609555,0,1,0.19418798261359435,0,1,fold_2
1841,sub18,rest02,22,46,0,-1.4599881500240581,0.18846913764343226,0.5,0,-0.2835407257080078,0.42958593368530273,1,5.731218701447185e-06,3.2807367667101537,6.712275668609555,0,1,0.20442124723380184,0,1,fold_2
1842,sub18,rest02,23,47,0,-1.3105351853436793,0.21239730202898663,0.5,0,-0.13461518287658691,0.4663969576358795,1,5.731218701447185e-06,3.2807367667101537,6.712275668609555,0,1,0.21239730202898663,0,1,fold_2
1843,sub18,task02,0,48,0,-0.725908225891067,0.3260932805296268,0.5,0,-0.4306877851486206,0.3939620852470398,1,5.731218701447185e-06,3.2807367667101537,6.712275668609555,1,0,0.49896025363513935,0,0,fold_2
1844,sub18,task02,1,49,0,0.5832916575158278,0.6418244644658254,0.5,1,0.07075667381286621,0.5176817774772644,1,5.731218701447185e-06,3.2807367667101537,6.712275668609555,1,1,0.579931598272168,1,1,fold_2
1845,sub18,task02,2,50,0,0.11598190278274383,0.5289630159099659,0.5,1,-0.3609379529953003,0.41073253750801086,1,5.731218701447185e-06,3.2807367667101537,6.712275668609555,1,1,0.498359687411781,0,0,fold_2
1846,sub18,task02,3,51,0,0.27780216984868045,0.5690073144407127,0.5,1,-0.26852643489837646,0.4332689344882965,1,5.731218701447185e-06,3.2807367667101537,6.712275668609555,1,1,0.44814392654002105,0,0,fold_2
1847,sub18,task02,4,52,0,-0.41752673522288786,0.39710873188466445,0.5,0,-0.3289036750793457,0.4185074269771576,1,5.731218701447185e-06,3.2807367667101537,6.712275668609555,1,0,0.38010891777766426,0,0,fold_2
1848,sub18,task02,5,53,0,-0.4967032338238127,0.37831573329468593,0.5,0,-0.44099342823028564,0.3915042579174042,1,5.731218701447185e-06,3.2807367667101537,6.712275668609555,1,0,0.3183751819674527,0,0,fold_2
1849,sub18,task02,6,54,0,-0.5541492499234378,0.3649022881536425,0.5,0,-0.4260448217391968,0.3950711786746979,1,5.731218701447185e-06,3.2807367667101537,6.712275668609555,1,0,0.2799610282755984,0,0,fold_2
1850,sub18,task02,7,55,0,-1.31346546362488,0.2119075244540296,0.5,0,-0.46742117404937744,0.3852268159389496,1,5.731218701447185e-06,3.2807367667101537,6.712275668609555,1,0,0.2964326518302005,0,0,fold_2
1851,sub18,task02,8,56,0,-1.030055872713096,0.26307327221912297,0.5,0,-0.5442234873771667,0.3672056496143341,1,5.731218701447185e-06,3.2807367667101537,6.712275668609555,1,0,0.42974184471337074,0,0,fold_2
1852,sub18,task02,9,57,0,-0.34614665177727416,0.4143171588174489,0.5,0,-0.6716253757476807,0.3381330072879791,1,5.731218701447185e-06,3.2807367667101537,6.712275668609555,1,0,0.5388749265078964,1,1,fold_2
1853,sub18,task02,10,58,0,0.4550325654927797,0.6118351031035403,0.5,1,-0.32724475860595703,0.4189111888408661,1,5.731218701447185e-06,3.2807367667101537,6.712275668609555,1,1,0.49916298798111475,0,0,fold_2
1854,sub18,task02,11,59,0,0.36591908053885647,0.5904725176027,0.5,1,-0.3614675998687744,0.410604327917099,1,5.731218701447185e-06,3.2807367667101537,6.712275668609555,1,1,0.37946690085882534,0,0,fold_2
1855,sub18,task02,12,60,0,-0.8703506549618211,0.2951813432371038,0.5,0,-0.7119295597076416,0.32917261123657227,1,5.731218701447185e-06,3.2807367667101537,6.712275668609555,1,0,0.25982060798082196,0,0,fold_2
1856,sub18,task02,13,61,0,-1.0840156654492914,0.25274684173667195,0.5,0,-0.6488646864891052,0.34324541687965393,1,5.731218701447185e-06,3.2807367667101537,6.712275668609555,1,0,0.23727444278958623,0,0,fold_2
1857,sub18,task02,14,62,0,-1.1996716180876474,0.23153363896869003,0.5,0,-0.5741845965385437,0.3602718114852905,1,5.731218701447185e-06,3.2807367667101537,6.712275668609555,1,0,0.21154609088932916,0,0,fold_2
1858,sub18,task02,15,63,0,-1.2222379789680957,0.22754284766339666,0.5,0,-0.5753517150878906,0.3600028455257416,1,5.731218701447185e-06,3.2807367667101537,6.712275668609555,1,0,0.19991785095911174,0,0,fold_2
1859,sub18,task02,16,64,0,-1.5467111634772974,0.1755617860359008,0.5,0,-0.4116325378417969,0.39852073788642883,1,5.731218701447185e-06,3.2807367667101537,6.712275668609555,1,0,0.19162256396196334,0,0,fold_2
1860,sub18,task02,17,65,0,-1.4073718271900115,0.19664891917803776,0.5,0,-0.5254345536231995,0.3715823292732239,1,5.731218701447185e-06,3.2807367667101537,6.712275668609555,1,0,0.23111609024199473,0,0,fold_2
1861,sub18,task02,18,66,0,-1.3697701377647729,0.20265698667195148,0.5,0,-0.5108686685562134,0.37498989701271057,1,5.731218701447185e-06,3.2807367667101537,6.712275668609555,1,0,0.30600412889997636,0,0,fold_2
1862,sub18,task02,19,67,0,-0.8758313736110466,0.29404236487599494,0.5,0,-0.38500022888183594,0.40492144227027893,1,5.731218701447185e-06,3.2807367667101537,6.712275668609555,1,0,0.4239072931273953,0,0,fold_2
1863,sub18,task02,20,68,0,-0.31738557462446143,0.4213130351519827,0.5,0,-0.4435262084007263,0.39090102910995483,1,5.731218701447185e-06,3.2807367667101537,6.712275668609555,1,0,0.47401665238076446,0,0,fold_2
1864,sub18,task02,21,69,0,0.22642839499741843,0.5563664793542082,0.5,1,-0.14222025871276855,0.4645047187805176,1,5.731218701447185e-06,3.2807367667101537,6.712275668609555,1,1,0.40871494358572386,0,0,fold_2
1865,sub18,task02,22,70,0,-0.2234432636305709,0.4443704426361023,0.5,0,-0.31626200675964355,0.4215869903564453,1,5.731218701447185e-06,3.2807367667101537,6.712275668609555,1,0,0.2878520304285099,0,0,fold_2
1866,sub18,task02,23,71,0,-1.2344248682113907,0.22540790876686093,0.5,0,-0.3538461923599243,0.41245001554489136,1,5.731218701447185e-06,3.2807367667101537,6.712275668609555,1,0,0.21330945274531335,0,0,fold_2
1867,sub18,task02,24,72,0,-1.425647629889648,0.1937777398825664,0.5,0,-0.45399802923202515,0.3884105980396271,1,5.731218701447185e-06,3.2807367667101537,6.712275668609555,1,0,0.23747844198657098,0,0,fold_2
1868,sub18,task02,25,73,0,-1.2613434610004373,0.22074270958651276,0.5,0,-0.5015823841094971,0.3771688640117645,1,5.731218701447185e-06,3.2807367667101537,6.712275668609555,1,0,0.2476005892529657,0,0,fold_2
1869,sub18,task02,26,74,0,-0.857246858895371,0.2979148764906338,0.5,0,-0.4018172025680542,0.40087583661079407,1,5.731218701447185e-06,3.2807367667101537,6.712275668609555,1,0,0.261571355683025,0,0,fold_2
1870,sub18,task02,27,75,0,-1.2416771887721727,0.2241441816817506,0.5,0,-0.6190938949584961,0.34998753666877747,1,5.731218701447185e-06,3.2807367667101537,6.712275668609555,1,0,0.2663706217755179,0,0,fold_2
1871,sub18,task02,28,76,0,-1.0322144668393347,0.26265500887669047,0.5,0,-0.46385443210601807,0.3860718607902527,1,5.731218701447185e-06,3.2807367667101537,6.712275668609555,1,0,0.3042567026481405,0,0,fold_2
1872,sub18,task02,29,77,0,-0.7893294167932621,0.31231267476811264,0.5,0,-0.32733607292175293,0.41888895630836487,1,5.731218701447185e-06,3.2807367667101537,6.712275668609555,1,0,0.3582660920302894,0,0,fold_2
1873,sub18,task02,30,78,0,-0.6731027830498528,0.33780242429961843,0.5,0,-0.48394572734832764,0.3813208043575287,1,5.731218701447185e-06,3.2807367667101537,6.712275668609555,1,0,0.39214033476207266,0,0,fold_2
1874,sub18,task02,31,79,0,-0.30357746043734085,0.42468317702313707,0.5,0,-0.19916224479675293,0.4503733813762665,1,5.731218701447185e-06,3.2807367667101537,6.712275668609555,1,0,0.4708663105711759,0,0,fold_2
1875,sub18,task02,32,80,0,-0.3477200871905403,0.41393540296346254,0.5,0,-0.10926103591918945,0.4727118909358978,1,5.731218701447185e-06,3.2807367667101537,6.712275668609555,1,0,0.5516746674368943,1,1,fold_2
1876,sub18,task02,33,81,0,0.29810969738030735,0.5739803517269282,0.5,1,0.11319828033447266,0.528269350528717,1,5.731218701447185e-06,3.2807367667101537,6.712275668609555,1,1,0.6505711878433387,1,1,fold_2
1877,sub18,task02,34,82,0,0.695134953827668,0.667108247620292,0.5,1,0.5305424928665161,0.6296096444129944,1,5.731218701447185e-06,3.2807367667101537,6.712275668609555,1,1,0.6961193919952944,1,1,fold_2
1878,sub18,task02,35,83,0,0.898421265487554,0.7106249641827957,0.5,1,0.8664946556091309,0.7040157914161682,1,5.731218701447185e-06,3.2807367667101537,6.712275668609555,1,1,0.7106249641827956,1,1,fold_2
1879,sub18,rest04,0,84,0,1.3073499181011858,0.787069363401465,0.5,1,0.16541433334350586,0.5412595272064209,1,5.731218701447185e-06,3.2807367667101537,6.712275668609555,1,1,0.8080917638947901,1,1,fold_2
1880,sub18,rest04,1,85,0,1.5413603898259316,0.8236623988529739,0.5,1,0.8793144226074219,0.7066801190376282,1,5.731218701447185e-06,3.2807367667101537,6.712275668609555,1,1,0.8102687825634942,1,1,fold_2
1881,sub18,rest04,2,86,0,1.4732016239811516,0.8135435294299312,0.5,1,0.924274206161499,0.7159121632575989,1,5.731218701447185e-06,3.2807367667101537,6.712275668609555,1,1,0.7486841022090237,1,1,fold_2
1882,sub18,rest04,3,87,0,1.3467660828660086,0.7936004194075776,0.5,1,0.5456349849700928,0.6331222653388977,1,5.731218701447185e-06,3.2807367667101537,6.712275668609555,1,1,0.7109191196647048,1,1,fold_2
1883,sub18,rest04,4,88,0,0.5706292463974345,0.638908357789562,0.5,1,-0.133317232131958,0.46671995520591736,1,5.731218701447185e-06,3.2807367667101537,6.712275668609555,1,1,0.7029366032951071,1,1,fold_2
1884,sub18,rest04,5,89,0,0.8484818636745711,0.7002485817969745,0.5,1,-0.08556854724884033,0.4786209166049957,1,5.731218701447185e-06,3.2807367667101537,6.712275668609555,1,1,0.7668708885893443,1,1,fold_2
1885,sub18,rest04,6,90,0,1.2063521646989128,0.7696528702987848,0.5,1,0.11004471778869629,0.5274834036827087,1,5.731218701447185e-06,3.2807367667101537,6.712275668609555,1,1,0.8093241602142841,1,1,fold_2
1886,sub18,rest04,7,91,0,1.5906761663848044,0.8307112136722734,0.5,1,0.8197109699249268,0.6941750049591064,1,5.731218701447185e-06,3.2807367667101537,6.712275668609555,1,1,0.8056038399804528,1,1,fold_2
1887,sub18,rest04,8,92,0,1.5687714391785281,0.8276083966717941,0.5,1,0.5910542011260986,0.643606960773468,1,5.731218701447185e-06,3.2807367667101537,6.712275668609555,1,1,0.7838963947792,1,1,fold_2
1888,sub18,rest04,9,93,0,1.1444291592492062,0.7584919095972912,0.5,1,0.31537413597106934,0.5781964659690857,1,5.731218701447185e-06,3.2807367667101537,6.712275668609555,1,1,0.7432145737292749,1,1,fold_2
1889,sub18,rest04,10,94,0,1.1835688078641087,0.7655888780685148,0.5,1,0.23195374011993408,0.5577298402786255,1,5.731218701447185e-06,3.2807367667101537,6.712275668609555,1,1,0.7365345530116761,1,1,fold_2
1890,sub18,rest04,11,95,0,0.8739306873706671,0.7055629335220187,0.5,1,0.1578526496887207,0.5393814444541931,1,5.731218701447185e-06,3.2807367667101537,6.712275668609555,1,1,0.7220492484732914,1,1,fold_2
1891,sub18,rest04,12,96,0,1.0379374903110994,0.7384518474444948,0.5,1,0.20200538635253906,0.5503303408622742,1,5.731218701447185e-06,3.2807367667101537,6.712275668609555,1,1,0.7061322892725471,1,1,fold_2
1892,sub18,rest04,13,97,0,0.9550665733567627,0.7221329644533611,0.5,1,0.11418259143829346,0.5285146832466125,1,5.731218701447185e-06,3.2807367667101537,6.712275668609555,1,1,0.7158484741642465,1,1,fold_2
1893,sub18,rest04,14,98,0,0.6535591310115187,0.6578120559197853,0.5,1,-0.05976402759552002,0.48506346344947815,1,5.731218701447185e-06,3.2807367667101537,6.712275668609555,1,1,0.7367428992020071,1,1,fold_2
1894,sub18,rest04,15,99,0,1.1948109933140632,0.767600402119593,0.5,1,0.15972328186035156,0.5398461818695068,1,5.731218701447185e-06,3.2807367667101537,6.712275668609555,1,1,0.7941672114526761,1,1,fold_2
1895,sub18,rest04,16,100,0,1.2939572378852042,0.7848162395666428,0.5,1,0.4331541061401367,0.606626570224762,1,5.731218701447185e-06,3.2807367667101537,6.712275668609555,1,1,0.7856901549582224,1,1,fold_2
1896,sub18,rest04,17,101,0,1.5862297412201816,0.8300849926717926,0.5,1,0.9198544025421143,0.7150124311447144,1,5.731218701447185e-06,3.2807367667101537,6.712275668609555,1,1,0.7364830996821755,1,1,fold_2
1897,sub18,rest04,18,102,0,1.0572738642430326,0.7421692326362316,0.5,1,0.29936206340789795,0.5742865800857544,1,5.731218701447185e-06,3.2807367667101537,6.712275668609555,1,1,0.5910117584632588,1,1,fold_2
1898,sub18,rest04,19,103,0,0.5632105503004748,0.6371950737385019,0.5,1,0.04983043670654297,0.5124550461769104,1,5.731218701447185e-06,3.2807367667101537,6.712275668609555,1,1,0.5426388640602746,1,1,fold_2
1899,sub18,rest04,20,104,0,-0.43190733776149365,0.39367096901504295,0.5,0,-0.10418093204498291,0.47397828102111816,1,5.731218701447185e-06,3.2807367667101537,6.712275668609555,1,0,0.5523902326531877,1,1,fold_2
1900,sub18,rest04,21,105,0,0.3931906609583024,0.5970505494272791,0.5,1,0.01426243782043457,0.5035655498504639,1,5.731218701447185e-06,3.2807367667101537,6.712275668609555,1,1,0.6704965568312145,1,1,fold_2
1901,sub18,rest04,22,106,0,0.692168647923141,0.6664491795172409,0.5,1,0.3322474956512451,0.5823061466217041,1,5.731218701447185e-06,3.2807367667101537,6.712275668609555,1,1,0.7208096875384958,1,1,fold_2
1902,sub18,rest04,23,107,0,1.0879205295547558,0.7479899415491233,0.5,1,0.9845638275146484,0.7280128598213196,1,5.731218701447185e-06,3.2807367667101537,6.712275668609555,1,1,0.7479899415491232,1,1,fold_2
2186,sub22,rest01,0,0,0,-1.3844956244660307,0.20028795317255713,0.5,0,-0.8509967923164368,0.29922378063201904,1,4.539423293491614e-06,2.86338725539497,10.335578392603702,0,1,0.20572100393307738,0,1,fold_2
2187,sub22,rest01,1,1,0,-1.3430971688621287,0.20700119165792574,0.5,0,-0.856408953666687,0.2980901598930359,1,4.539423293491614e-06,2.86338725539497,10.335578392603702,0,1,0.2104690477208153,0,1,fold_2
2188,sub22,rest01,2,2,0,-1.3256858779985383,0.20987386696874938,0.5,0,-0.8272912502288818,0.3042181134223938,1,4.539423293491614e-06,2.86338725539497,10.335578392603702,0,1,0.21691419419733474,0,1,fold_2
2189,sub22,rest01,3,3,0,-1.2978203054202266,0.2145320845357707,0.5,0,-0.7004548907279968,0.33171138167381287,1,4.539423293491614e-06,2.86338725539497,10.335578392603702,0,1,0.2647477522695289,0,1,fold_2
2190,sub22,rest01,4,4,0,-1.229113445970478,0.22633663108748417,0.5,0,-0.5923293828964233,0.35610055923461914,1,4.539423293491614e-06,2.86338725539497,10.335578392603702,0,1,0.2931933943464596,0,1,fold_2
2191,sub22,rest01,5,5,0,-0.6042387202424223,0.35337454118533185,0.5,0,-0.29920637607574463,0.4257514774799347,1,4.539423293491614e-06,2.86338725539497,10.335578392603702,0,1,0.32136259084554775,0,1,fold_2
2192,sub22,rest01,6,6,0,-0.8479216964864786,0.2998690107665628,0.5,0,-0.5589737296104431,0.36378493905067444,1,4.539423293491614e-06,2.86338725539497,10.335578392603702,0,1,0.2741415576700309,0,1,fold_2
2193,sub22,rest01,7,7,0,-0.7961754521539793,0.3108442205847486,0.5,0,-0.5475877523422241,0.36642423272132874,1,4.539423293491614e-06,2.86338725539497,10.335578392603702,0,1,0.24241792287109068,0,1,fold_2
2194,sub22,rest01,8,8,1,-1.2888816239373242,0.2160421677288903,0.5,0,-0.997751772403717,0.2693836987018585,1,4.539423293491614e-06,2.86338725539497,10.335578392603702,0,1,,,,fold_2
2195,sub22,rest01,9,9,0,-1.3146399903648025,0.21171144165878134,0.5,0,-0.9941234588623047,0.27009838819503784,1,4.539423293491614e-06,2.86338725539497,10.335578392603702,0,1,0.20555208684259454,0,1,fold_2
2196,sub22,rest01,10,10,0,-1.357185541120617,0.20469810636974212,0.5,0,-0.7497408390045166,0.3208777904510498,1,4.539423293491614e-06,2.86338725539497,10.335578392603702,0,1,0.21098934269025538,0,1,fold_2
2197,sub22,rest01,11,11,0,-1.3847531206504473,0.20024671249926018,0.5,0,-0.669152021408081,0.3386867344379425,1,4.539423293491614e-06,2.86338725539497,10.335578392603702,0,1,0.2715799177270682,0,1,fold_2
2198,sub22,rest01,12,12,1,-1.435267386243574,0.19227929094690102,0.5,0,-0.6623010635375977,0.34022289514541626,1,4.539423293491614e-06,2.86338725539497,10.335578392603702,0,1,,,,fold_2
2199,sub22,rest01,13,13,0,-1.2195070673217132,0.22802320920176378,0.5,0,-0.7687620520591736,0.31674695014953613,1,4.539423293491614e-06,2.86338725539497,10.335578392603702,0,1,0.32792600425659335,0,1,fold_2
2200,sub22,rest01,14,14,0,-0.462175628081107,0.3864698314801807,0.5,0,-0.29286980628967285,0.42730146646499634,1,4.539423293491614e-06,2.86338725539497,10.335578392603702,0,1,0.3189217480462316,0,1,fold_2
2201,sub22,rest01,15,15,0,-0.5352855126747113,0.3692849720878356,0.5,0,-0.42433053255081177,0.3954809308052063,1,4.539423293491614e-06,2.86338725539497,10.335578392603702,0,1,0.264488417920468,0,1,fold_2
2202,sub22,rest01,16,16,1,-1.1007563408111916,0.24959820574405037,0.5,0,-0.9467252492904663,0.2795438766479492,1,4.539423293491614e-06,2.86338725539497,10.335578392603702,0,1,,,,fold_2
2203,sub22,rest01,17,17,0,-1.379991028785962,0.2010104405706784,0.5,0,-0.790443480014801,0.3120734393596649,1,4.539423293491614e-06,2.86338725539497,10.335578392603702,0,1,0.21410749275491844,0,1,fold_2
2204,sub22,rest01,18,18,0,-1.2472886398855096,0.22316984110289004,0.5,0,-0.8996196985244751,0.2891286611557007,1,4.539423293491614e-06,2.86338725539497,10.335578392603702,0,1,0.24664528183742793,0,1,fold_2
2205,sub22,rest01,19,19,0,-1.276525758848298,0.21814219659118683,0.5,0,-0.940505862236023,0.28079816699028015,1,4.539423293491614e-06,2.86338725539497,10.335578392603702,0,1,0.3132274038670885,0,1,fold_2
2206,sub22,rest01,20,20,1,-0.7004236383868211,0.33171830844109057,0.5,0,-0.47804975509643555,0.3827127516269684,1,4.539423293491614e-06,2.86338725539497,10.335578392603702,0,1,,,,fold_2
2207,sub22,rest01,21,21,0,-0.8538597804467483,0.29862380781820685,0.5,0,-0.6359977722167969,0.34615179896354675,1,4.539423293491614e-06,2.86338725539497,10.335578392603702,0,1,0.3599901530585805,0,1,fold_2
2208,sub22,rest01,22,22,0,-0.31081340979049943,0.42291620719187184,0.5,0,0.2657768726348877,0.5660558342933655,1,4.539423293491614e-06,2.86338725539497,10.335578392603702,0,1,0.3705442048062198,0,1,fold_2
2209,sub22,rest01,23,23,0,-0.5821829828917691,0.3584304441656629,0.5,0,-0.10265743732452393,0.47435814142227173,1,4.539423293491614e-06,2.86338725539497,10.335578392603702,0,1,0.30370111511205083,0,1,fold_2
2210,sub22,rest01,24,24,0,-0.7068919767870574,0.33028596306112473,0.5,0,-0.315319299697876,0.421816885471344,1,4.539423293491614e-06,2.86338725539497,10.335578392603702,0,1,0.2504248575753224,0,1,fold_2
2211,sub22,rest01,25,25,0,-1.2518102215749873,0.2223869381093649,0.5,0,-0.9073322415351868,0.2875460386276245,1,4.539423293491614e-06,2.86338725539497,10.335578392603702,0,1,0.20622320498337174,0,1,fold_2
2212,sub22,rest01,26,26,0,-1.395056944135762,0.1986016715554776,0.5,0,-0.7852762937545776,0.31318384408950806,1,4.539423293491614e-06,2.86338725539497,10.335578392603702,0,1,0.2011008132672426,0,1,fold_2
2213,sub22,rest01,27,27,0,-1.400851630721572,0.19768100528527266,0.5,0,-0.7971328496932983,0.3106391727924347,1,4.539423293491614e-06,2.86338725539497,10.335578392603702,0,1,0.2039068437357426,0,1,fold_2
2214,sub22,rest01,28,28,0,-1.3429840376080886,0.20701976296097754,0.5,0,-0.6718566417694092,0.3380812406539917,1,4.539423293491614e-06,2.86338725539497,10.335578392603702,0,1,0.20701976296097754,0,1,fold_2
2215,sub22,rest02,0,29,0,-0.9718729681493349,0.2745073373800713,0.5,0,0.09915900230407715,0.5247694849967957,1,4.539423293491614e-06,2.86338725539497,10.335578392603702,0,1,0.300745978145394,0,1,fold_2
2216,sub22,rest02,1,30,0,-0.9517988923954218,0.27852319412436505,0.5,0,0.0990457534790039,0.5247412323951721,1,4.539423293491614e-06,2.86338725539497,10.335578392603702,0,1,0.33290352984931165,0,1,fold_2
2217,sub22,rest02,2,31,0,-0.6225249767238472,0.3492074029317457,0.5,0,0.07313787937164307,0.5182763338088989,1,4.539423293491614e-06,2.86338725539497,10.335578392603702,0,1,0.3652045593192426,0,1,fold_2
2218,sub22,rest02,3,32,0,-0.5280149320738632,0.3709799924918243,0.5,0,0.12499189376831055,0.5312073826789856,1,4.539423293491614e-06,2.86338725539497,10.335578392603702,0,1,0.339128377002852,0,1,fold_2
2219,sub22,rest02,4,33,0,-0.5090072311985477,0.37542628253415794,0.5,0,0.13065147399902344,0.5326164960861206,1,4.539423293491614e-06,2.86338725539497,10.335578392603702,0,1,0.2979545902933936,0,1,fold_2
2220,sub22,rest02,5,34,0,-0.9896619400958908,0.2709788559825739,0.5,0,0.08672475814819336,0.5216675996780396,1,4.539423293491614e-06,2.86338725539497,10.335578392603702,0,1,0.25023707766838715,0,1,fold_2
2221,sub22,rest02,6,35,0,-1.1122125426423202,0.24745863236344903,0.5,0,-0.14751029014587402,0.46318918466567993,1,4.539423293491614e-06,2.86338725539497,10.335578392603702,0,1,0.23493067086995342,0,1,fold_2
2222,sub22,rest02,7,36,0,-1.1955166212831347,0.2322737446591386,0.5,0,-0.22288036346435547,0.44450944662094116,1,4.539423293491614e-06,2.86338725539497,10.335578392603702,0,1,0.22693710146006482,0,1,fold_2
2223,sub22,rest02,8,37,0,-1.2364206631075418,0.2250596355872726,0.5,0,-0.2810642719268799,0.43019288778305054,1,4.539423293491614e-06,2.86338725539497,10.335578392603702,0,1,0.2219654269748302,0,1,fold_2
2224,sub22,rest02,9,38,0,-1.24551243642298,0.22347792413378315,0.5,0,-0.1530287265777588,0.46181729435920715,1,4.539423293491614e-06,2.86338725539497,10.335578392603702,0,1,0.2185280941992438,0,1,fold_2
2225,sub22,rest02,10,39,0,-1.2811253723109244,0.21735872120343488,0.5,0,-0.19326519966125488,0.4518335461616516,1,4.539423293491614e-06,2.86338725539497,10.335578392603702,0,1,0.21841823388121973,0,1,fold_2
2226,sub22,rest02,11,40,0,-1.2965415887906921,0.21474763726051338,0.5,0,-0.23185670375823975,0.44229409098625183,1,4.539423293491614e-06,2.86338725539497,10.335578392603702,0,1,0.21724141949220366,0,1,fold_2
2227,sub22,rest02,12,41,0,-1.2474126479227974,0.22314834317971094,0.5,0,-0.14001476764678955,0.46505334973335266,1,4.539423293491614e-06,2.86338725539497,10.335578392603702,0,1,0.21971578901200628,0,1,fold_2
2228,sub22,rest02,13,42,0,-1.3020019905345581,0.2138282780363866,0.5,0,-0.24946129322052002,0.4379561245441437,1,4.539423293491614e-06,2.86338725539497,10.335578392603702,0,1,0.21929890589249781,0,1,fold_2
2229,sub22,rest02,14,43,0,-1.253060820895048,0.22217074581992136,0.5,0,-0.2324049472808838,0.44215887784957886,1,4.539423293491614e-06,2.86338725539497,10.335578392603702,0,1,0.22767802085052935,0,1,fold_2
2230,sub22,rest02,15,44,0,-1.2546415774674458,0.22189769382118552,0.5,0,-0.24927091598510742,0.43800294399261475,1,4.539423293491614e-06,2.86338725539497,10.335578392603702,0,1,0.22691257396873685,0,1,fold_2
2231,sub22,rest02,16,45,0,-1.158358826023693,0.23896562291048115,0.5,0,-0.05826878547668457,0.48543691635131836,1,4.539423293491614e-06,2.86338725539497,10.335578392603702,0,1,0.2290003109985346,0,1,fold_2
2232,sub22,rest02,17,46,0,-1.2663984279635698,0.21987440517454387,0.5,0,-0.24048328399658203,0.44016724824905396,1,4.539423293491614e-06,2.86338725539497,10.335578392603702,0,1,0.22614271829958632,0,1,fold_2
2233,sub22,rest02,18,47,0,-1.2187249989102062,0.22816090491057886,0.5,0,-0.18702101707458496,0.4533805251121521,1,4.539423293491614e-06,2.86338725539497,10.335578392603702,0,1,0.23206329316815108,0,1,fold_2
2234,sub22,rest02,19,48,0,-1.206094323744722,0.23039284481363626,0.5,0,-0.21942472457885742,0.4453628957271576,1,4.539423293491614e-06,2.86338725539497,10.335578392603702,0,1,0.24128043424187004,0,1,fold_2
2235,sub22,rest02,20,49,0,-1.1656833243907367,0.23763612978023801,0.5,0,-0.21514594554901123,0.44642001390457153,1,4.539423293491614e-06,2.86338725539497,10.335578392603702,0,1,0.2619445506930915,0,1,fold_2
2236,sub22,rest02,21,50,0,-1.0678491677589865,0.2558123281317358,0.5,0,-0.1809709072113037,0.45488035678863525,1,4.539423293491614e-06,2.86338725539497,10.335578392603702,0,1,0.28759243582330274,0,1,fold_2
2237,sub22,rest02,22,51,0,-0.883827795030427,0.2923851941673008,0.5,0,-0.01598358154296875,0.49600422382354736,1,4.539423293491614e-06,2.86338725539497,10.335578392603702,0,1,0.30718158816968133,0,1,fold_2
2238,sub22,rest02,23,52,0,-0.7787943695780871,0.3145797851708716,0.5,0,0.17687201499938965,0.5441030859947205,1,4.539423293491614e-06,2.86338725539497,10.335578392603702,0,1,0.3145797851708716,0,1,fold_2
2239,sub22,task02,0,53,0,0.6192129114870942,0.6500395164211801,0.5,1,0.7287712097167969,0.6745355725288391,1,4.539423293491614e-06,2.86338725539497,10.335578392603702,1,1,0.720575665447801,1,1,fold_2
2240,sub22,task02,1,54,0,1.0216660404627618,0.735296996883945,0.5,1,0.8185317516326904,0.693924605846405,1,4.539423293491614e-06,2.86338725539497,10.335578392603702,1,1,0.7633356423310076,1,1,fold_2
2241,sub22,task02,2,55,0,1.2447542905964497,0.7763904830382782,0.5,1,1.3542625904083252,0.7948256134986877,1,4.539423293491614e-06,2.86338725539497,10.335578392603702,1,1,0.7671392095867432,1,1,fold_2
2242,sub22,task02,3,56,0,1.2558996454341815,0.7783194470707997,0.5,1,1.4326889514923096,0.8073199391365051,1,4.539423293491614e-06,2.86338725539497,10.335578392603702,1,1,0.7409751786197692,1,1,fold_2
2243,sub22,task02,4,57,0,1.081129645087568,0.7467076986511517,0.5,1,1.1712229251861572,0.7633659839630127,1,4.539423293491614e-06,2.86338725539497,10.335578392603702,1,1,0.7238589444138143,1,1,fold_2
2244,sub22,task02,5,58,0,0.8373101020116018,0.6978983901373562,0.5,1,0.8177874088287354,0.6937664747238159,1,4.539423293491614e-06,2.86338725539497,10.335578392603702,1,1,0.7340601530779433,1,1,fold_2
2245,sub22,task02,6,59,0,0.9793072826365857,0.726970744452935,0.5,1,0.9815435409545898,0.7274143695831299,1,4.539423293491614e-06,2.86338725539497,10.335578392603702,1,1,0.7628351744217811,1,1,fold_2
2246,sub22,task02,7,60,0,1.2500662239303992,0.7773113246435386,0.5,1,1.3264036178588867,0.7902450561523438,1,4.539423293491614e-06,2.86338725539497,10.335578392603702,1,1,0.7874189909945967,1,1,fold_2
2247,sub22,task02,8,61,0,1.2904506356447574,0.7842234541688697,0.5,1,1.7885208129882812,0.8567457795143127,1,4.539423293491614e-06,2.86338725539497,10.335578392603702,1,1,0.7803052313050051,1,1,fold_2
2248,sub22,task02,9,62,0,1.3908142027563921,0.8007221941713816,0.5,1,1.510756254196167,0.819173276424408,1,4.539423293491614e-06,2.86338725539497,10.335578392603702,1,1,0.7224142573931273,1,1,fold_2
2249,sub22,task02,10,63,0,1.130710771342779,0.7559700455747635,0.5,1,1.1958897113800049,0.767792820930481,1,4.539423293491614e-06,2.86338725539497,10.335578392603702,1,1,0.6162614421137385,1,1,fold_2
2250,sub22,task02,11,64,0,0.4496269421101666,0.6105505324332364,0.5,1,0.5418380498886108,0.6322398781776428,1,4.539423293491614e-06,2.86338725539497,10.335578392603702,1,1,0.5598926541567716,1,1,fold_2
2251,sub22,task02,12,65,0,-0.0709747858179962,0.4822637483332152,0.5,0,0.23884963989257812,0.5594301223754883,1,4.539423293491614e-06,2.86338725539497,10.335578392603702,1,0,0.5956393043862255,1,1,fold_2
2252,sub22,task02,13,66,0,0.3510149570608862,0.5868636817038634,0.5,1,0.5113170146942139,0.625115156173706,1,4.539423293491614e-06,2.86338725539497,10.335578392603702,1,1,0.6789313933580702,1,1,fold_2
2253,sub22,task02,14,67,0,0.9335279574989873,0.7177904831215981,0.5,1,0.9084289073944092,0.7126785516738892,1,4.539423293491614e-06,2.86338725539497,10.335578392603702,1,1,0.7272499062435221,1,1,fold_2
2254,sub22,task02,15,68,0,1.00550737430138,0.7321400152487493,0.5,1,0.9085166454315186,0.7126965522766113,1,4.539423293491614e-06,2.86338725539497,10.335578392603702,1,1,0.6823660657984486,1,1,fold_2
2255,sub22,task02,16,69,0,1.0038722127406305,0.7318192203602192,0.5,1,0.8123557567596436,0.6926112771034241,1,4.539423293491614e-06,2.86338725539497,10.335578392603702,1,1,0.687365950835407,1,1,fold_2
2256,sub22,task02,17,70,0,0.3356725897894996,0.5831389617863777,0.5,1,0.36875367164611816,0.5911577939987183,1,4.539423293491614e-06,2.86338725539497,10.335578392603702,1,1,0.6892493720597287,1,1,fold_2
2257,sub22,task02,18,71,0,1.0834148631708358,0.7471396703596238,0.5,1,1.0750396251678467,0.7455540895462036,1,4.539423293491614e-06,2.86338725539497,10.335578392603702,1,1,0.7502390344699034,1,1,fold_2
2258,sub22,task02,19,72,0,1.0328573831986034,0.7374694840331846,0.5,1,1.1517934799194336,0.759838342666626,1,4.539423293491614e-06,2.86338725539497,10.335578392603702,1,1,0.7578062337430153,1,1,fold_2
2259,sub22,task02,20,73,0,1.1864633970894687,0.7661079490169017,0.5,1,2.340968370437622,0.9122136235237122,1,4.539423293491614e-06,2.86338725539497,10.335578392603702,1,1,0.7435827032600809,1,1,fold_2
2260,sub22,task02,21,74,0,1.2074151391351666,0.7698412681789594,0.5,1,1.636190414428711,0.8370158672332764,1,4.539423293491614e-06,2.86338725539497,10.335578392603702,1,1,0.67463410905025,1,1,fold_2
2261,sub22,task02,22,75,0,0.822651512607988,0.6947988925843819,0.5,1,0.846449613571167,0.6998218297958374,1,4.539423293491614e-06,2.86338725539497,10.335578392603702,1,1,0.5996398664664379,1,1,fold_2
2262,sub22,task02,23,76,0,0.23816813789284563,0.559262166387409,0.5,1,0.6175479888916016,0.6496606469154358,1,4.539423293491614e-06,2.86338725539497,10.335578392603702,1,1,0.594596346561575,1,1,fold_2
2263,sub22,task02,24,77,0,0.17991793133263156,0.5448585404275225,0.5,1,0.6607787609100342,0.6594353318214417,1,4.539423293491614e-06,2.86338725539497,10.335578392603702,1,1,0.6616811075180132,1,1,fold_2
2264,sub22,task02,25,78,0,0.7522480145816955,0.6796683328697937,0.5,1,0.8138201236724854,0.6929229497909546,1,4.539423293491614e-06,2.86338725539497,10.335578392603702,1,1,0.7134116549292879,1,1,fold_2
2265,sub22,task02,26,79,0,1.1555130081585137,0.7605164492567232,0.5,1,0.9805233478546143,0.7272120714187622,1,4.539423293491614e-06,2.86338725539497,10.335578392603702,1,1,0.673257714149294,1,1,fold_2
2266,sub22,task02,27,80,0,0.8475368368637801,0.7000501826613471,0.5,1,0.7552778720855713,0.6803275942802429,1,4.539423293491614e-06,2.86338725539497,10.335578392603702,1,1,0.5633945720292208,1,1,fold_2
2267,sub22,task02,28,81,0,0.23794234550501625,0.5592065105298117,0.5,1,0.4583115577697754,0.6126135587692261,1,4.539423293491614e-06,2.86338725539497,10.335578392603702,1,1,0.5336217522691548,1,1,fold_2
2268,sub22,task02,29,82,0,-0.27806992557561133,0.43092702289650364,0.5,0,0.31090760231018066,0.577106773853302,1,4.539423293491614e-06,2.86338725539497,10.335578392603702,1,0,0.5998691027459324,1,1,fold_2
2269,sub22,task02,30,83,0,0.45038902178059803,0.610731723381149,0.5,1,0.6008462905883789,0.645849883556366,1,4.539423293491614e-06,2.86338725539497,10.335578392603702,1,1,0.7146935788215973,1,1,fold_2
2270,sub22,task02,31,84,0,1.1414652656748625,0.7579485619601447,0.5,1,1.1967227458953857,0.7679412961006165,1,4.539423293491614e-06,2.86338725539497,10.335578392603702,1,1,0.7625346686955751,1,1,fold_2
2271,sub22,task02,32,85,0,1.2390605732929965,0.7754004511234984,0.5,1,1.7235395908355713,0.8485842347145081,1,4.539423293491614e-06,2.86338725539497,10.335578392603702,1,1,0.761303479043221,1,1,fold_2
2272,sub22,task02,33,86,0,1.1214360564297554,0.7542549930030823,0.5,1,2.0296032428741455,0.8838704228401184,1,4.539423293491614e-06,2.86338725539497,10.335578392603702,1,1,0.7542549930030823,1,1,fold_2
719,sub8,rest01,0,0,0,-1.12835270622671,0.2444652312403415,0.5,0,-0.0936272144317627,0.47661030292510986,1,2.787647527749704e-06,1.709560069578385,7.378217642878382,0,1,0.22732957953825128,0,1,fold_3
720,sub8,rest01,1,1,0,-1.294562455019606,0.2150815691578154,0.5,0,-0.3186532258987427,0.4210040271282196,1,2.787647527749704e-06,1.709560069578385,7.378217642878382,0,1,0.21911326547137042,0,1,fold_3
721,sub8,rest01,2,2,0,-1.251492203083164,0.2224419382165969,0.5,0,-0.28231918811798096,0.42988529801368713,1,2.787647527749704e-06,1.709560069578385,7.378217642878382,0,1,0.21860927456482457,0,1,fold_3
722,sub8,rest01,3,3,0,-1.2667372711392255,0.2198162890396989,0.5,0,-0.11221754550933838,0.4719749987125397,1,2.787647527749704e-06,1.709560069578385,7.378217642878382,0,1,0.21402248794114895,0,1,fold_3
723,sub8,rest01,4,4,0,-1.3035414716044704,0.21356959643817788,0.5,0,-0.3225219249725342,0.42006126046180725,1,2.787647527749704e-06,1.709560069578385,7.378217642878382,0,1,0.20805878078676265,0,1,fold_3
724,sub8,rest01,5,5,0,-1.3328909009861158,0.20868157834557,0.5,0,-0.5451207756996155,0.3669971525669098,1,2.787647527749704e-06,1.709560069578385,7.378217642878382,0,1,0.2019299256087825,0,1,fold_3
725,sub8,rest01,6,6,0,-1.3743051967969764,0.20192516757654005,0.5,0,-0.6642101407051086,0.33979448676109314,1,2.787647527749704e-06,1.709560069578385,7.378217642878382,0,1,0.19995677931276504,0,1,fold_3
726,sub8,rest01,7,7,1,-1.3441053833643,0.2068357404243773,0.5,0,-0.5419842004776001,0.3677261173725128,1,2.787647527749704e-06,1.709560069578385,7.378217642878382,0,1,,,,fold_3
727,sub8,rest01,8,8,0,-1.4166771456265779,0.19518303090423741,0.5,0,-0.6071240305900574,0.35271552205085754,1,2.787647527749704e-06,1.709560069578385,7.378217642878382,0,1,0.20031735343142532,0,1,fold_3
728,sub8,rest01,9,9,0,-1.369119513887727,0.20276213945751762,0.5,0,-0.6146647930145264,0.35099583864212036,1,2.787647527749704e-06,1.709560069578385,7.378217642878382,0,1,0.19664445709814982,0,1,fold_3
729,sub8,rest01,10,10,1,-1.3955379110898267,0.19852513240992814,0.5,0,-0.6928977966308594,0.3333887755870819,1,2.787647527749704e-06,1.709560069578385,7.378217642878382,0,1,,,,fold_3
730,sub8,rest01,11,11,0,-1.3676061148989602,0.20300688993252092,0.5,0,-0.587367057800293,0.3572391867637634,1,2.787647527749704e-06,1.709560069578385,7.378217642878382,0,1,0.1942463511526317,0,1,fold_3
731,sub8,rest01,12,12,0,-1.4883844137872104,0.18416434190441086,0.5,0,-0.6679118275642395,0.338964581489563,1,2.787647527749704e-06,1.709560069578385,7.378217642878382,0,1,0.18996513103467816,0,1,fold_3
732,sub8,rest01,13,13,1,-1.5196204647064226,0.1795174147075878,0.5,0,-0.6462617516517639,0.34383243322372437,1,2.787647527749704e-06,1.709560069578385,7.378217642878382,0,1,,,,fold_3
733,sub8,rest01,14,14,0,-1.4142294271289235,0.19556782162096337,0.5,0,-0.3671536445617676,0.40922898054122925,1,2.787647527749704e-06,1.709560069578385,7.378217642878382,0,1,0.2181958997268041,0,1,fold_3
734,sub8,rest01,15,15,0,-1.4489499029723938,0.19016322957866022,0.5,0,-0.6339216232299805,0.3466218411922455,1,2.787647527749704e-06,1.709560069578385,7.378217642878382,0,1,0.2529548254295415,0,1,fold_3
735,sub8,rest01,16,16,1,-1.160182515438155,0.23863412273252707,0.5,0,-0.5061303377151489,0.3761010766029358,1,2.787647527749704e-06,1.709560069578385,7.378217642878382,0,1,,,,fold_3
736,sub8,rest01,17,17,0,-1.0004312140956029,0.2688566479807886,0.5,0,-0.04754459857940674,0.4881160855293274,1,2.787647527749704e-06,1.709560069578385,7.378217642878382,0,1,0.26983810571457395,0,1,fold_3
737,sub8,rest01,18,18,0,-0.8480379760105352,0.29984459872917574,0.5,0,0.22569894790649414,0.5561863780021667,1,2.787647527749704e-06,1.709560069578385,7.378217642878382,0,1,0.2654868826511005,0,1,fold_3
738,sub8,rest01,19,19,0,-1.1482270399146366,0.24081307043375744,0.5,0,-0.09584701061248779,0.4760565757751465,1,2.787647527749704e-06,1.709560069578385,7.378217642878382,0,1,0.23267673799275032,0,1,fold_3
739,sub8,rest01,20,20,0,-1.0678982791555338,0.2558029787903683,0.5,0,-0.031893014907836914,0.4920274317264557,1,2.787647527749704e-06,1.709560069578385,7.378217642878382,0,1,0.21901999166496636,0,1,fold_3
740,sub8,rest01,21,21,0,-1.3774791482276492,0.2014141647541252,0.5,0,-0.4764314889907837,0.3830951154232025,1,2.787647527749704e-06,1.709560069578385,7.378217642878382,0,1,0.20434808583094413,0,1,fold_3
741,sub8,rest01,22,22,0,-1.3872769541952552,0.1998428314504056,0.5,0,-0.3889956474304199,0.40395909547805786,1,2.787647527749704e-06,1.709560069578385,7.378217642878382,0,1,0.2078057846756696,0,1,fold_3
742,sub8,rest01,23,23,0,-1.3141857400508943,0.21178726128830158,0.5,0,0.16326642036437988,0.5407261848449707,1,2.787647527749704e-06,1.709560069578385,7.378217642878382,0,1,0.21178726128830158,0,1,fold_3
743,sub8,rest02,0,24,0,-1.1926883901682894,0.23277846416557674,0.5,0,0.1344236135482788,0.5335553884506226,1,2.787647527749704e-06,1.709560069578385,7.378217642878382,0,1,0.4854820414396584,0,1,fold_3
744,sub8,rest02,1,25,0,0.4473076111545511,0.6099989040205245,0.5,1,1.4005208015441895,0.802266538143158,1,2.787647527749704e-06,1.709560069578385,7.378217642878382,0,0,0.6153439719817887,1,0,fold_3
745,sub8,rest02,2,26,0,0.4627601512444302,0.613668756132874,0.5,1,1.3234748840332031,0.7897592782974243,1,2.787647527749704e-06,1.709560069578385,7.378217642878382,0,0,0.490869299607174,0,1,fold_3
746,sub8,rest02,3,27,0,0.49959545021577717,0.6223642557919675,0.5,1,1.426044225692749,0.8062841892242432,1,2.787647527749704e-06,1.709560069578385,7.378217642878382,0,0,0.35538624274671315,0,1,fold_3
747,sub8,rest02,4,28,0,-1.1715502318513402,0.23657488689668063,0.5,0,0.17785859107971191,0.5443478226661682,1,2.787647527749704e-06,1.709560069578385,7.378217642878382,0,1,0.21074960271025953,0,1,fold_3
748,sub8,rest02,5,29,0,-1.3417672476522127,0.20721958555149136,0.5,0,-0.02077019214630127,0.4948076009750366,1,2.787647527749704e-06,1.709560069578385,7.378217642878382,0,1,0.20025963587961984,0,1,fold_3
749,sub8,rest02,6,30,0,-1.4600849303455878,0.18845433568260653,0.5,0,-0.19180619716644287,0.4521948993206024,1,2.787647527749704e-06,1.709560069578385,7.378217642878382,0,1,0.19928353723569822,0,1,fold_3
750,sub8,rest02,7,31,0,-1.3546880707141646,0.20510498640476166,0.5,0,0.1613924503326416,0.5402607321739197,1,2.787647527749704e-06,1.709560069578385,7.378217642878382,0,1,0.20902178386891238,0,1,fold_3
751,sub8,rest02,8,32,0,-1.3596863114670041,0.20429128961972645,0.5,0,-0.003910183906555176,0.4990224838256836,1,2.787647527749704e-06,1.709560069578385,7.378217642878382,0,1,0.22421709341510446,0,1,fold_3
752,sub8,rest02,9,33,0,-1.279301920495402,0.21766907558224902,0.5,0,-0.017162203788757324,0.4957095980644226,1,2.787647527749704e-06,1.709560069578385,7.378217642878382,0,1,0.26080752286415493,0,1,fold_3
753,sub8,rest02,10,34,0,-1.0949307957402177,0.25069091504333796,0.5,0,0.18606257438659668,0.5463818907737732,1,2.787647527749704e-06,1.709560069578385,7.378217642878382,0,1,0.27799617977762797,0,1,fold_3
754,sub8,rest02,11,35,0,-0.7811941430986779,0.31406257796687786,0.5,0,0.5993564128875732,0.6455090045928955,1,2.787647527749704e-06,1.709560069578385,7.378217642878382,0,1,0.27075225502567185,0,1,fold_3
755,sub8,rest02,12,36,0,-0.998507091016249,0.26923504632266804,0.5,0,0.35070550441741943,0.5867886543273926,1,2.787647527749704e-06,1.709560069578385,7.378217642878382,0,1,0.24424308956481347,0,1,fold_3
756,sub8,rest02,13,37,0,-1.2141978041209005,0.22895914078746965,0.5,0,-0.04033017158508301,0.48991885781288147,1,2.787647527749704e-06,1.709560069578385,7.378217642878382,0,1,0.24363302780844368,0,1,fold_3
757,sub8,rest02,14,38,0,-1.1828782073846669,0.23453508158430272,0.5,0,0.24537169933319092,0.5610369443893433,1,2.787647527749704e-06,1.709560069578385,7.378217642878382,0,1,0.26261538251232314,0,1,fold_3
758,sub8,rest02,15,39,0,-1.007829371516641,0.26740486105355865,0.5,0,0.4018763303756714,0.5991383790969849,1,2.787647527749704e-06,1.709560069578385,7.378217642878382,0,1,0.2759416880063339,0,1,fold_3
759,sub8,rest02,16,40,0,-0.915350517266731,0.28590620489910806,0.5,0,0.615748405456543,0.6492509245872498,1,2.787647527749704e-06,1.709560069578385,7.378217642878382,0,1,0.2773045233375064,0,1,fold_3
760,sub8,rest02,17,41,0,-0.9718395233402911,0.2745139980663349,0.5,0,0.43683922290802,0.6075056195259094,1,2.787647527749704e-06,1.709560069578385,7.378217642878382,0,1,0.2984923409815236,0,1,fold_3
761,sub8,rest02,18,42,0,-0.987059022229764,0.2714933670470761,0.5,0,0.42141473293304443,0.6038217544555664,1,2.787647527749704e-06,1.709560069578385,7.378217642878382,0,1,0.43080054682800933,0,1,fold_3
762,sub8,rest02,19,43,0,-0.6213711992727979,0.3494696578311598,0.5,0,0.7683868408203125,0.683171808719635,1,2.787647527749704e-06,1.709560069578385,7.378217642878382,0,1,0.5651739744767821,1,0,fold_3
763,sub8,rest02,20,44,0,0.7146989147841671,0.671438615605792,0.5,1,2.022448778152466,0.8831340074539185,1,2.787647527749704e-06,1.709560069578385,7.378217642878382,0,0,0.6642699456235811,1,0,fold_3
764,sub8,rest02,21,45,0,0.7291269110717711,0.6746136499933945,0.5,1,2.1915011405944824,0.8994836807250977,1,2.787647527749704e-06,1.709560069578385,7.378217642878382,0,0,0.5696120833845568,1,0,fold_3
765,sub8,rest02,22,46,0,0.6048169394880212,0.6467575712715569,0.5,1,1.9277710914611816,0.8730025291442871,1,2.787647527749704e-06,1.709560069578385,7.378217642878382,0,0,0.473895876349665,0,1,fold_3
766,sub8,rest02,23,47,0,-0.45798043978918074,0.38746502888871914,0.5,0,1.5195770263671875,0.820476233959198,1,2.787647527749704e-06,1.709560069578385,7.378217642878382,0,1,0.38746502888871914,0,1,fold_3
767,sub8,task02,0,48,0,0.843640160490189,0.6992313215596139,0.5,1,2.6588168144226074,0.9345523118972778,1,2.787647527749704e-06,1.709560069578385,7.378217642878382,1,1,0.7226169977341558,1,1,fold_3
768,sub8,task02,1,49,0,1.1428112704190647,0.7581954176629705,0.5,1,2.814882278442383,0.9434747695922852,1,2.787647527749704e-06,1.709560069578385,7.378217642878382,1,1,0.7364496254364695,1,1,fold_3
769,sub8,task02,2,50,0,0.8974454253218653,0.710424253979883,0.5,1,2.2393720149993896,0.9037297964096069,1,2.787647527749704e-06,1.709560069578385,7.378217642878382,1,1,0.7192802499984348,1,1,fold_3
770,sub8,task02,3,51,0,1.0497620553810398,0.7407292046665549,0.5,1,2.550675868988037,0.9276189208030701,1,2.787647527749704e-06,1.709560069578385,7.378217642878382,1,1,0.7440090223865167,1,1,fold_3
771,sub8,task02,4,52,0,0.8793489595274966,0.7066872913488662,0.5,1,2.70223331451416,0.9371582865715027,1,2.787647527749704e-06,1.709560069578385,7.378217642878382,1,1,0.7692379160550091,1,1,fold_3
772,sub8,task02,5,53,0,1.292739820264259,0.7846105711441288,0.5,1,3.7635669708251953,0.9773252010345459,1,2.787647527749704e-06,1.709560069578385,7.378217642878382,1,1,0.8033944269804273,1,1,fold_3
773,sub8,task02,6,54,0,1.492250937768497,0.8164158856720323,0.5,1,4.516069412231445,0.9891863465309143,1,2.787647527749704e-06,1.709560069578385,7.378217642878382,1,1,0.7925272009827582,1,1,fold_3
774,sub8,task02,7,55,0,1.4445407255561582,0.809156824125121,0.5,1,4.0640459060668945,0.983110785484314,1,2.787647527749704e-06,1.709560069578385,7.378217642878382,1,1,0.737044336955035,1,1,fold_3
775,sub8,task02,8,56,0,1.1093552638370572,0.7520088931511214,0.5,1,3.212770938873291,0.9613120555877686,1,2.787647527749704e-06,1.709560069578385,7.378217642878382,1,1,0.6686432232014371,1,1,fold_3
776,sub8,task02,9,57,0,0.6188954470615821,0.6499672935888627,0.5,1,2.3419339656829834,0.9122909307479858,1,2.787647527749704e-06,1.709560069578385,7.378217642878382,1,1,0.6465901050647176,1,1,fold_3
777,sub8,task02,10,58,0,0.4219655079736726,0.6039534828643268,0.5,1,1.968092679977417,0.877406120300293,1,2.787647527749704e-06,1.709560069578385,7.378217642878382,1,1,0.6845022009271964,1,1,fold_3
778,sub8,task02,11,59,0,0.7807862252635703,0.6858495387409631,0.5,1,1.9762845039367676,0.8782845139503479,1,2.787647527749704e-06,1.709560069578385,7.378217642878382,1,1,0.748747745464018,1,1,fold_3
779,sub8,task02,12,60,0,1.173092702260927,0.763703581176299,0.5,1,2.67402982711792,0.9354767203330994,1,2.787647527749704e-06,1.709560069578385,7.378217642878382,1,1,0.7511640945740282,1,1,fold_3
780,sub8,task02,13,61,0,1.3657344558064668,0.7966901164747922,0.5,1,3.456552028656006,0.9694259166717529,1,2.787647527749704e-06,1.709560069578385,7.378217642878382,1,1,0.7455629655409949,1,1,fold_3
781,sub8,task02,14,62,0,0.8146456801669192,0.6930985860709935,0.5,1,2.3460609912872314,0.9126206040382385,1,2.787647527749704e-06,1.709560069578385,7.378217642878382,1,1,0.7504204572795224,1,1,fold_3
782,sub8,task02,15,63,0,1.082147666456294,0.7469001940771993,0.5,1,2.3905692100524902,0.916105329990387,1,2.787647527749704e-06,1.709560069578385,7.378217642878382,1,1,0.7912196372366361,1,1,fold_3
783,sub8,task02,16,64,0,1.4582351142804335,0.8112625916903745,0.5,1,3.5444798469543457,0.9719271659851074,1,2.787647527749704e-06,1.709560069578385,7.378217642878382,1,1,0.8052545946020868,1,1,fold_3
784,sub8,task02,17,65,0,1.4861262106565747,0.8154961259423346,0.5,1,4.216268062591553,0.9854609370231628,1,2.787647527749704e-06,1.709560069578385,7.378217642878382,1,1,0.7195945276847691,1,1,fold_3
785,sub8,task02,18,66,0,1.318938618944405,0.7890050661735514,0.5,1,3.3454227447509766,0.9659546613693237,1,2.787647527749704e-06,1.709560069578385,7.378217642878382,1,1,0.6719103796440229,1,1,fold_3
786,sub8,task02,19,67,0,0.2179886998660618,0.5542823909384215,0.5,1,1.5984153747558594,0.8317967653274536,1,2.787647527749704e-06,1.709560069578385,7.378217642878382,1,1,0.5877672156906305,1,1,fold_3
787,sub8,task02,20,68,0,0.7192583592644799,0.6724436818200957,0.5,1,2.0358574390411377,0.8845107555389404,1,2.787647527749704e-06,1.709560069578385,7.378217642878382,1,1,0.6340814591254321,1,1,fold_3
788,sub8,task02,21,69,0,0.146564097264822,0.5365755743133741,0.5,1,1.1172726154327393,0.7534825205802917,1,2.787647527749704e-06,1.709560069578385,7.378217642878382,1,1,0.5335557628115625,1,1,fold_3
789,sub8,task02,22,70,0,0.8152406120706192,0.6932251212428264,0.5,1,1.9150686264038086,0.8715875148773193,1,2.787647527749704e-06,1.709560069578385,7.378217642878382,1,1,0.5657032786984583,1,1,fold_3
790,sub8,task02,23,71,0,-0.5285009181929702,0.37086659287848683,0.5,0,0.4523768424987793,0.611204206943512,1,2.787647527749704e-06,1.709560069578385,7.378217642878382,1,0,0.5636026915839032,1,1,fold_3
791,sub8,task02,24,72,0,0.5451865822858932,0.6330181219740614,0.5,1,1.8147544860839844,0.8599355220794678,1,2.787647527749704e-06,1.709560069578385,7.378217642878382,1,1,0.6881819123215277,1,1,fold_3
792,sub8,task02,25,73,0,0.7857747112363099,0.6869233598991613,0.5,1,2.029557466506958,0.8838656544685364,1,2.787647527749704e-06,1.709560069578385,7.378217642878382,1,1,0.7094536724215311,1,1,fold_3
793,sub8,task02,26,74,0,1.0700385930615757,0.7446042550913602,0.5,1,2.9104976654052734,0.9483629465103149,1,2.787647527749704e-06,1.709560069578385,7.378217642878382,1,1,0.6533139757995113,1,1,fold_3
794,sub8,task02,27,75,0,0.8322638791748981,0.6968334022740716,0.5,1,2.6530404090881348,0.9341981410980225,1,2.787647527749704e-06,1.709560069578385,7.378217642878382,1,1,0.6212365812032078,1,1,fold_3
795,sub8,task02,28,76,0,0.074050899983978,0.518504270033102,0.5,1,1.7233924865722656,0.8485653400421143,1,2.787647527749704e-06,1.709560069578385,7.378217642878382,1,1,0.5877394498891212,1,1,fold_3
796,sub8,task02,29,77,0,0.6118911198682785,0.6483720713024499,0.5,1,1.9653944969177246,0.8771156072616577,1,2.787647527749704e-06,1.709560069578385,7.378217642878382,1,1,0.656979826370023,1,1,fold_3
797,sub8,task02,30,78,0,0.39024637781122745,0.5963420083318118,0.5,1,1.4789025783538818,0.8144067525863647,1,2.787647527749704e-06,1.709560069578385,7.378217642878382,1,1,0.6853166228740831,1,1,fold_3
798,sub8,task02,31,79,0,0.9755552922155767,0.7262253994758071,0.5,1,2.6965746879577637,0.9368242025375366,1,2.787647527749704e-06,1.709560069578385,7.378217642878382,1,1,0.7258933455108852,1,1,fold_3
799,sub8,task02,32,80,0,1.011852146481501,0.7333824608146302,0.5,1,2.8416824340820312,0.9448871612548828,1,2.787647527749704e-06,1.709560069578385,7.378217642878382,1,1,0.7321825536847354,1,1,fold_3
800,sub8,task02,33,81,0,0.9349189939527714,0.7180721762422186,0.5,1,2.4716498851776123,0.922130286693573,1,2.787647527749704e-06,1.709560069578385,7.378217642878382,1,1,0.70377197915947,1,1,fold_3
801,sub8,task02,34,82,0,1.0726103963975426,0.7450930239973573,0.5,1,2.4156832695007324,0.9180154204368591,1,2.787647527749704e-06,1.709560069578385,7.378217642878382,1,1,0.6917270149015581,1,1,fold_3
802,sub8,task02,35,83,0,0.6109204354073895,0.6481507372388335,0.5,1,2.706541061401367,0.9374115467071533,1,2.787647527749704e-06,1.709560069578385,7.378217642878382,1,1,0.6706751013919333,1,1,fold_3
803,sub8,task02,36,84,0,0.7626891087595383,0.6819372834684833,0.5,1,4.378448963165283,0.9876106977462769,1,2.787647527749704e-06,1.709560069578385,7.378217642878382,1,1,0.6819372834684833,1,1,fold_3
804,sub8,rest04,0,85,0,-0.27878766571807395,0.43075102098688023,0.5,0,1.1882667541503906,0.7664309144020081,1,2.787647527749704e-06,1.709560069578385,7.378217642878382,1,0,0.565692063276607,1,1,fold_3
805,sub8,rest04,1,86,0,0.7435787698683634,0.6777779384469691,0.5,1,2.279177665710449,0.9071378111839294,1,2.787647527749704e-06,1.709560069578385,7.378217642878382,1,1,0.6399395178558627,1,1,fold_3
806,sub8,rest04,2,87,0,0.35796294168324305,0.5885472303959718,0.5,1,1.6290292739868164,0.8360366821289062,1,2.787647527749704e-06,1.709560069578385,7.378217642878382,1,1,0.5743573394022784,1,1,fold_3
807,sub8,rest04,3,88,0,0.6344305000224655,0.6534933847246472,0.5,1,1.799696922302246,0.8581120371818542,1,2.787647527749704e-06,1.709560069578385,7.378217642878382,1,1,0.5357752549627479,1,1,fold_3
808,sub8,rest04,4,89,0,-0.07591081936923058,0.4810314030862162,0.5,0,1.242563247680664,0.7760099172592163,1,2.787647527749704e-06,1.709560069578385,7.378217642878382,1,0,0.40292156456093303,0,0,fold_3
809,sub8,rest04,5,90,0,-0.10890359718688099,0.47280097707738034,0.5,0,1.2322144508361816,0.7742059230804443,1,2.787647527749704e-06,1.709560069578385,7.378217642878382,1,0,0.32497204431216786,0,0,fold_3
810,sub8,rest04,6,91,0,-1.0724769958450509,0.2549323135192024,0.5,0,0.12549853324890137,0.5313335061073303,1,2.787647527749704e-06,1.709560069578385,7.378217642878382,1,0,0.28716898507613137,0,0,fold_3
811,sub8,rest04,7,92,0,-1.1136940646375353,0.24718284233992083,0.5,0,0.10914695262908936,0.5272597074508667,1,2.787647527749704e-06,1.709560069578385,7.378217642878382,1,0,0.3356840132284238,0,0,fold_3
812,sub8,rest04,8,93,0,-0.5780048820471764,0.35939179936927085,0.5,0,0.5946025848388672,0.6444205045700073,1,2.787647527749704e-06,1.709560069578385,7.378217642878382,1,0,0.47766484055000813,0,0,fold_3
813,sub8,rest04,9,94,0,-0.4034763448153637,0.40047739797607973,0.5,0,0.9315009117126465,0.717379629611969,1,2.787647527749704e-06,1.709560069578385,7.378217642878382,1,0,0.5810545067319991,1,1,fold_3
814,sub8,rest04,10,95,0,0.7223546870181843,0.6731253243046738,0.5,1,2.089066505432129,0.8898359537124634,1,2.787647527749704e-06,1.709560069578385,7.378217642878382,1,1,0.6642691235866154,1,1,fold_3
815,sub8,rest04,11,96,0,0.7061992869485777,0.6695607979152437,0.5,1,2.1852095127105713,0.8989134430885315,1,2.787647527749704e-06,1.709560069578385,7.378217642878382,1,1,0.6214463586059212,1,1,fold_3
816,sub8,rest04,12,97,0,0.6195722116443726,0.6501212485399288,0.5,1,1.872797966003418,0.8667816519737244,1,2.787647527749704e-06,1.709560069578385,7.378217642878382,1,1,0.5902245900914712,1,1,fold_3
817,sub8,rest04,13,98,0,0.17910537602562374,0.5446570293625915,0.5,1,1.2140603065490723,0.7710165977478027,1,2.787647527749704e-06,1.709560069578385,7.378217642878382,1,1,0.6013856644319738,1,1,fold_3
818,sub8,rest04,14,99,0,0.30594630226422237,0.5758954923718931,0.5,1,2.200674057006836,0.9003100395202637,1,2.787647527749704e-06,1.709560069578385,7.378217642878382,1,1,0.6364667451658413,1,1,fold_3
819,sub8,rest04,15,100,0,0.7703863892436749,0.683604471561437,0.5,1,3.196315288543701,0.9606954455375671,1,2.787647527749704e-06,1.709560069578385,7.378217642878382,1,1,0.6162064808882672,1,1,fold_3
820,sub8,rest04,16,101,0,0.6186008704713247,0.6499002715641938,0.5,1,2.715329647064209,0.9379252195358276,1,2.787647527749704e-06,1.709560069578385,7.378217642878382,1,1,0.49010356443229325,0,0,fold_3
821,sub8,rest04,17,102,0,0.06047722434445762,0.5151146995391709,0.5,1,1.5738732814788818,0.8283350467681885,1,2.787647527749704e-06,1.709560069578385,7.378217642878382,1,1,0.3506698772342765,0,0,fold_3
822,sub8,rest04,18,103,0,-0.822205367625409,0.3052957221935151,0.5,0,0.5407943725585938,0.6319971680641174,1,2.787647527749704e-06,1.709560069578385,7.378217642878382,1,0,0.257093260103268,0,0,fold_3
823,sub8,rest04,19,104,0,-1.1993031245325192,0.2315992099701437,0.5,0,0.04423117637634277,0.5110560059547424,1,2.787647527749704e-06,1.709560069578385,7.378217642878382,1,0,0.24323518283905832,0,0,fold_3
824,sub8,rest04,20,105,0,-1.1837152161668054,0.23438484814614513,0.5,0,0.05055880546569824,0.5126370191574097,1,2.787647527749704e-06,1.709560069578385,7.378217642878382,1,0,0.24418373632306456,0,0,fold_3
825,sub8,rest04,21,106,0,-1.026714871250361,0.2637214904008861,0.5,0,0.1869797706604004,0.5466092228889465,1,2.787647527749704e-06,1.709560069578385,7.378217642878382,1,0,0.2517806981190775,0,0,fold_3
826,sub8,rest04,22,107,0,-1.1833807641429883,0.23444487042216244,0.5,0,0.1755582094192505,0.5437771677970886,1,2.787647527749704e-06,1.709560069578385,7.378217642878382,1,0,0.24959877916351014,0,0,fold_3
827,sub8,rest04,23,108,0,-1.0606998585647882,0.257175733534184,0.5,0,0.35529470443725586,0.5879009366035461,1,2.787647527749704e-06,1.709560069578385,7.378217642878382,1,0,0.257175733534184,0,0,fold_3
1578,sub16,rest01,0,0,0,-1.0856442029614073,0.25243939043989905,0.5,0,0.7712011337280273,0.6837806701660156,1,2.299946730292171e-06,2.7120293122159267,13.857494255237889,0,1,0.23308116085635677,0,1,fold_3
1579,sub16,rest01,1,1,0,-1.2442707136894817,0.22369348114757373,0.5,0,0.26736700534820557,0.5664464235305786,1,2.299946730292171e-06,2.7120293122159267,13.857494255237889,0,1,0.21997609622049494,0,1,fold_3
1580,sub16,rest01,2,2,0,-1.247630321901788,0.22311061098159754,0.5,0,0.19621539115905762,0.5488970279693604,1,2.299946730292171e-06,2.7120293122159267,13.857494255237889,0,1,0.21612118941242517,0,1,fold_3
1581,sub16,rest01,3,3,0,-1.3061953477905879,0.21312419653231351,0.5,0,-0.08754885196685791,0.47812676429748535,1,2.299946730292171e-06,2.7120293122159267,13.857494255237889,0,1,0.21158185973084387,0,1,fold_3
1582,sub16,rest01,4,4,0,-1.3121412223680424,0.21212876072336434,0.5,0,-0.08657336235046387,0.47837018966674805,1,2.299946730292171e-06,2.7120293122159267,13.857494255237889,0,1,0.2097702738981765,0,1,fold_3
1583,sub16,rest01,5,5,0,-1.3279864687623286,0.2094926219368537,0.5,0,-0.319661021232605,0.4207583963871002,1,2.299946730292171e-06,2.7120293122159267,13.857494255237889,0,1,0.20663464188306124,0,1,fold_3
1584,sub16,rest01,6,6,0,-1.3389095550074643,0.20768943903431147,0.5,0,-0.4143059253692627,0.39788010716438293,1,2.299946730292171e-06,2.7120293122159267,13.857494255237889,0,1,0.20340312557228393,0,1,fold_3
1585,sub16,rest01,7,7,1,-1.3554546455044436,0.20498003465620238,0.5,0,-0.5895622968673706,0.35673531889915466,1,2.299946730292171e-06,2.7120293122159267,13.857494255237889,0,1,,,,fold_3
1586,sub16,rest01,8,8,0,-1.3693686809070893,0.20272186467801856,0.5,0,-0.469510555267334,0.38473209738731384,1,2.299946730292171e-06,2.7120293122159267,13.857494255237889,0,1,0.20256019069288264,0,1,fold_3
1587,sub16,rest01,9,9,0,-1.387556883016617,0.19979807300452176,0.5,0,-0.6423735618591309,0.34471020102500916,1,2.299946730292171e-06,2.7120293122159267,13.857494255237889,0,1,0.20421132000195943,0,1,fold_3
1588,sub16,rest01,10,10,1,-1.3460751096583752,0.20651278413142876,0.5,0,-0.5294826626777649,0.37063756585121155,1,2.299946730292171e-06,2.7120293122159267,13.857494255237889,0,1,,,,fold_3
1589,sub16,rest01,11,11,0,-1.3543467836761194,0.20516063439610752,0.5,0,-0.7274947762489319,0.32574471831321716,1,2.299946730292171e-06,2.7120293122159267,13.857494255237889,0,1,0.2070058758852323,0,1,fold_3
1590,sub16,rest01,12,12,0,-1.3389957682892952,0.207675252605249,0.5,0,-0.6210377216339111,0.3495454788208008,1,2.299946730292171e-06,2.7120293122159267,13.857494255237889,0,1,0.20885093303150748,0,1,fold_3
1591,sub16,rest01,13,13,1,-1.3368373049857047,0.20803064373443783,0.5,0,-0.5750316381454468,0.3600766062736511,1,2.299946730292171e-06,2.7120293122159267,13.857494255237889,0,1,,,,fold_3
1592,sub16,rest01,14,14,0,-1.3359204436117667,0.2081817406543403,0.5,0,-0.5606203675270081,0.36340391635894775,1,2.299946730292171e-06,2.7120293122159267,13.857494255237889,0,1,0.2072520944102347,0,1,fold_3
1593,sub16,rest01,15,15,0,-1.320736375728067,0.21069580583493316,0.5,0,-0.4316238760948181,0.39373862743377686,1,2.299946730292171e-06,2.7120293122159267,13.857494255237889,0,1,0.2052847566128123,0,1,fold_3
1594,sub16,rest01,16,16,1,-1.3522261404038534,0.20550666338579585,0.5,0,-0.6557154655456543,0.34170272946357727,1,2.299946730292171e-06,2.7120293122159267,13.857494255237889,0,1,,,,fold_3
1595,sub16,rest01,17,17,0,-1.3683983722508817,0.20287873674143067,0.5,0,-0.588778018951416,0.35691526532173157,1,2.299946730292171e-06,2.7120293122159267,13.857494255237889,0,1,0.20248495280620457,0,1,fold_3
1596,sub16,rest01,18,18,0,-1.3721064726897036,0.20227972726207313,0.5,0,-0.6109439134597778,0.351843923330307,1,2.299946730292171e-06,2.7120293122159267,13.857494255237889,0,1,0.2045122318614729,0,1,fold_3
1597,sub16,rest01,19,19,0,-1.3720031858284498,0.20229639441510983,0.5,0,-0.48347216844558716,0.38143253326416016,1,2.299946730292171e-06,2.7120293122159267,13.857494255237889,0,1,0.20619398529091884,0,1,fold_3
1598,sub16,rest01,20,20,0,-1.3312022173016251,0.20896057390723574,0.5,0,-0.1921457052230835,0.45211082696914673,1,2.299946730292171e-06,2.7120293122159267,13.857494255237889,0,1,0.20995384823058313,0,1,fold_3
1599,sub16,rest01,21,21,0,-1.3411257669807104,0.20732498755041096,0.5,0,-0.2517733573913574,0.43738704919815063,1,2.299946730292171e-06,2.7120293122159267,13.857494255237889,0,1,0.21213272962055243,0,1,fold_3
1600,sub16,rest01,22,22,0,-1.3035034457845451,0.21357598323410265,0.5,0,-0.07212746143341064,0.4819759428501129,1,2.299946730292171e-06,2.7120293122159267,13.857494255237889,0,1,0.2148568064627967,0,1,fold_3
1601,sub16,rest01,23,23,0,-1.2921021179705474,0.21549721807714373,0.5,0,-0.013035774230957031,0.49674108624458313,1,2.299946730292171e-06,2.7120293122159267,13.857494255237889,0,1,0.21549721807714373,0,1,fold_3
1602,sub16,rest02,0,24,0,-1.2241893915036262,0.2272000359145174,0.5,0,0.32099688053131104,0.5795671939849854,1,2.299946730292171e-06,2.7120293122159267,13.857494255237889,0,1,0.22418255071338433,0,1,fold_3
1603,sub16,rest02,1,25,0,-1.2997729183532507,0.2142032369073477,0.5,0,0.05415940284729004,0.5135365128517151,1,2.299946730292171e-06,2.7120293122159267,13.857494255237889,0,1,0.22851423685237782,0,1,fold_3
1604,sub16,rest02,2,26,0,-1.2018606684670599,0.2311443793182879,0.5,0,0.5865118503570557,0.6425644159317017,1,2.299946730292171e-06,2.7120293122159267,13.857494255237889,0,1,0.23657337274029697,0,1,fold_3
1605,sub16,rest02,3,27,0,-1.1516102110874558,0.24019509433149788,0.5,0,0.8357424736022949,0.6975677609443665,1,2.299946730292171e-06,2.7120293122159267,13.857494255237889,0,1,0.2312678150426796,0,1,fold_3
1606,sub16,rest02,4,28,0,-1.1615781543047057,0.2383806445711051,0.5,0,0.7003381252288818,0.6682627201080322,1,2.299946730292171e-06,2.7120293122159267,13.857494255237889,0,1,0.22262012349953605,0,1,fold_3
1607,sub16,rest02,5,29,0,-1.293697037677491,0.21522770622543588,0.5,0,0.14699029922485352,0.5366815328598022,1,2.299946730292171e-06,2.7120293122159267,13.857494255237889,0,1,0.2150830711007893,0,1,fold_3
1608,sub16,rest02,6,30,0,-1.2994831209803956,0.2142520197020671,0.5,0,0.07959377765655518,0.5198879241943359,1,2.299946730292171e-06,2.7120293122159267,13.857494255237889,0,1,0.2548240115096222,0,1,fold_3
1609,sub16,rest02,7,31,0,-1.2904923485859967,0.21576948737486498,0.5,0,0.11664080619812012,0.5291271805763245,1,2.299946730292171e-06,2.7120293122159267,13.857494255237889,0,1,0.2960989197220503,0,1,fold_3
1610,sub16,rest02,8,32,0,-0.6881240053515824,0.3344505274519345,0.5,0,1.6084132194519043,0.83319091796875,1,2.299946730292171e-06,2.7120293122159267,13.857494255237889,0,1,0.333343454810709,0,1,fold_3
1611,sub16,rest02,9,33,0,-0.6718766972432364,0.3380767443393516,0.5,0,1.6433653831481934,0.8379923105239868,1,2.299946730292171e-06,2.7120293122159267,13.857494255237889,0,1,0.33466809173743833,0,1,fold_3
1612,sub16,rest02,10,34,0,-0.7195000145341198,0.3275030926408409,0.5,0,1.5661594867706299,0.8272354006767273,1,2.299946730292171e-06,2.7120293122159267,13.857494255237889,0,1,0.3499718916393209,0,1,fold_3
1613,sub16,rest02,11,35,0,-0.6703233628271361,0.3384244382321226,0.5,0,1.605696678161621,0.8328130841255188,1,2.299946730292171e-06,2.7120293122159267,13.857494255237889,0,1,0.3646714450782113,0,1,fold_3
1614,sub16,rest02,12,36,0,-0.47265453280022707,0.38398814404499937,0.5,0,1.9924612045288086,0.8800032138824463,1,2.299946730292171e-06,2.7120293122159267,13.857494255237889,0,1,0.3475495661203852,0,1,fold_3
1615,sub16,rest02,13,37,0,-0.5253513925684209,0.37160175295751197,0.5,0,1.858238697052002,0.8650915026664734,1,2.299946730292171e-06,2.7120293122159267,13.857494255237889,0,1,0.33007411510790563,0,1,fold_3
1616,sub16,rest02,14,38,0,-0.909711869107957,0.2870588013586443,0.5,0,1.2603635787963867,0.7790887355804443,1,2.299946730292171e-06,2.7120293122159267,13.857494255237889,0,1,0.36145223504529084,0,1,fold_3
1617,sub16,rest02,15,39,0,-0.7011297694786321,0.33156179100756056,0.5,0,1.4923934936523438,0.8164372444152832,1,2.299946730292171e-06,2.7120293122159267,13.857494255237889,0,1,0.4210939291370906,0,1,fold_3
1618,sub16,rest02,16,40,0,-0.1372706956238112,0.4657361127696676,0.5,0,3.059445858001709,0.9551886320114136,1,2.299946730292171e-06,2.7120293122159267,13.857494255237889,0,1,0.4303870087351435,0,1,fold_3
1619,sub16,rest02,17,41,0,-0.13627496991407811,0.46598388363404375,0.5,0,3.144857883453369,0.9587056040763855,1,2.299946730292171e-06,2.7120293122159267,13.857494255237889,0,1,0.4088513618501426,0,1,fold_3
1620,sub16,rest02,18,42,0,-0.5777910563297766,0.35944102980171916,0.5,0,2.027897834777832,0.8836951851844788,1,2.299946730292171e-06,2.7120293122159267,13.857494255237889,0,1,0.3604658840529496,0,1,fold_3
1621,sub16,rest02,19,43,0,-0.40076242818254226,0.4011291721146649,0.5,0,2.349569082260132,0.9129000306129456,1,2.299946730292171e-06,2.7120293122159267,13.857494255237889,0,1,0.34093715080414105,0,1,fold_3
1622,sub16,rest02,20,44,0,-0.749971778209972,0.3208274502424648,0.5,0,1.4455947875976562,0.8093194961547852,1,2.299946730292171e-06,2.7120293122159267,13.857494255237889,0,1,0.2744896928404818,0,1,fold_3
1623,sub16,rest02,21,45,0,-0.8432305467616593,0.30085483005529357,0.5,0,1.1070928573608398,0.7515866756439209,1,2.299946730292171e-06,2.7120293122159267,13.857494255237889,0,1,0.2376831459893506,0,1,fold_3
1624,sub16,rest02,22,46,0,-1.3751640462331154,0.20178679822368698,0.5,0,-0.2908315658569336,0.42780032753944397,1,2.299946730292171e-06,2.7120293122159267,13.857494255237889,0,1,0.20753413920060995,0,1,fold_3
1625,sub16,rest02,23,47,0,-1.3224689989112917,0.2104078096890714,0.5,0,0.12349879741668701,0.5308355093002319,1,2.299946730292171e-06,2.7120293122159267,13.857494255237889,0,1,0.21040780968907144,0,1,fold_3
1626,sub16,task02,0,48,0,0.9489678276883345,0.7209075524653171,0.5,1,5.466546535491943,0.9957919120788574,1,2.299946730292171e-06,2.7120293122159267,13.857494255237889,1,1,0.6975270051126431,1,1,fold_3
1627,sub16,task02,1,49,0,0.8826984074866367,0.707381085185677,0.5,1,5.3465681076049805,0.9952581524848938,1,2.299946730292171e-06,2.7120293122159267,13.857494255237889,1,1,0.6707567438551053,1,1,fold_3
1628,sub16,task02,2,50,0,0.6824817709456069,0.6642923776869349,0.5,1,4.618782997131348,0.9902315735816956,1,2.299946730292171e-06,2.7120293122159267,13.857494255237889,1,1,0.6696936415576018,1,1,fold_3
1629,sub16,task02,3,51,0,0.5779552278262399,0.6405967686927039,0.5,1,4.284394264221191,0.9864053130149841,1,2.299946730292171e-06,2.7120293122159267,13.857494255237889,1,1,0.6966007251744006,1,1,fold_3
1630,sub16,task02,4,52,0,0.8673393867014719,0.7041917782931666,0.5,1,5.390751838684082,0.9954621195793152,1,2.299946730292171e-06,2.7120293122159267,13.857494255237889,1,1,0.7323986125003895,1,1,fold_3
1631,sub16,task02,5,53,0,1.0721924130651976,0.7450136285373314,0.5,1,5.746403217315674,0.9968159794807434,1,2.299946730292171e-06,2.7120293122159267,13.857494255237889,1,1,0.744241760039977,1,1,fold_3
1632,sub16,task02,6,54,0,1.0879231243520837,0.7479904306706707,0.5,1,5.681276798248291,0.9966024160385132,1,2.299946730292171e-06,2.7120293122159267,13.857494255237889,1,1,0.7332788030145436,1,1,fold_3
1633,sub16,task02,7,55,0,1.0445201028685533,0.7397212209119292,0.5,1,6.016839027404785,0.9975685477256775,1,2.299946730292171e-06,2.7120293122159267,13.857494255237889,1,1,0.7314414403584714,1,1,fold_3
1634,sub16,task02,8,56,0,0.9057259165603088,0.712124757461031,0.5,1,5.8913493156433105,0.9972443580627441,1,2.299946730292171e-06,2.7120293122159267,13.857494255237889,1,1,0.7425527652210807,1,1,fold_3
1635,sub16,task02,9,57,0,1.0588898795969905,0.7424783427024543,0.5,1,5.978969097137451,0.9974749684333801,1,2.299946730292171e-06,2.7120293122159267,13.857494255237889,1,1,0.7600656139485596,1,1,fold_3
1636,sub16,task02,10,58,0,1.225643614373166,0.7730551954997569,0.5,1,6.448792934417725,0.9984201192855835,1,2.299946730292171e-06,2.7120293122159267,13.857494255237889,1,1,0.7513642297960011,1,1,fold_3
1637,sub16,task02,11,59,0,1.1784183717965524,0.7646633036434679,0.5,1,6.259888648986816,0.9980922341346741,1,2.299946730292171e-06,2.7120293122159267,13.857494255237889,1,1,0.7344670866191567,1,1,fold_3
1638,sub16,task02,12,60,0,0.9265468444036861,0.7163741902447786,0.5,1,5.616732597351074,0.9963766932487488,1,2.299946730292171e-06,2.7120293122159267,13.857494255237889,1,1,0.733023454140687,1,1,fold_3
1639,sub16,task02,13,61,0,0.9562170968325865,0.7223637659692238,0.5,1,5.467792987823486,0.9957972764968872,1,2.299946730292171e-06,2.7120293122159267,13.857494255237889,1,1,0.746362137071744,1,1,fold_3
1640,sub16,task02,14,62,0,1.1545027768084657,0.7603324062080589,0.5,1,6.201687335968018,0.997978150844574,1,2.299946730292171e-06,2.7120293122159267,13.857494255237889,1,1,0.7453834021677374,1,1,fold_3
1641,sub16,task02,15,63,0,1.1329898275396257,0.7563902390379493,0.5,1,6.5067524909973145,0.998508870601654,1,2.299946730292171e-06,2.7120293122159267,13.857494255237889,1,1,0.7324721275377125,1,1,fold_3
1642,sub16,task02,16,64,0,0.9416239017180315,0.7194275612572041,0.5,1,5.755424976348877,0.9968444108963013,1,2.299946730292171e-06,2.7120293122159267,13.857494255237889,1,1,0.7293706784586579,1,1,fold_3
1643,sub16,task02,17,65,0,0.9524049834136251,0.7215985823179841,0.5,1,5.424069881439209,0.9956101775169373,1,2.299946730292171e-06,2.7120293122159267,13.857494255237889,1,1,0.7478151843909749,1,1,fold_3
1644,sub16,task02,18,66,0,1.0831302230503335,0.7470858918007857,0.5,1,5.566783428192139,0.9961917400360107,1,2.299946730292171e-06,2.7120293122159267,13.857494255237889,1,1,0.7492797559036849,1,1,fold_3
1645,sub16,task02,19,67,0,1.2353929870435547,0.7747610790541551,0.5,1,6.470516681671143,0.9984539747238159,1,2.299946730292171e-06,2.7120293122159267,13.857494255237889,1,1,0.7495344519179393,1,1,fold_3
1646,sub16,task02,20,68,0,0.9743831847207693,0.7259922968561136,0.5,1,5.207328796386719,0.9945535659790039,1,2.299946730292171e-06,2.7120293122159267,13.857494255237889,1,1,0.7237540978587527,1,1,fold_3
1647,sub16,task02,21,69,0,1.0871781676917394,0.7478499798435493,0.5,1,5.588447093963623,0.9962731599807739,1,2.299946730292171e-06,2.7120293122159267,13.857494255237889,1,1,0.7343340806106536,1,1,fold_3
1648,sub16,task02,22,70,0,0.8350421864345743,0.6974200168765949,0.5,1,4.828119277954102,0.992061972618103,1,2.299946730292171e-06,2.7120293122159267,13.857494255237889,1,1,0.6955521626075751,1,1,fold_3
1649,sub16,task02,23,71,0,1.140286544922876,0.7577322451118165,0.5,1,6.105694770812988,0.9977747797966003,1,2.299946730292171e-06,2.7120293122159267,13.857494255237889,1,1,0.673388572664534,1,1,fold_3
1650,sub16,task02,24,72,0,0.5386753896096702,0.6315042258343141,0.5,1,3.871302604675293,0.9795938730239868,1,2.299946730292171e-06,2.7120293122159267,13.857494255237889,1,1,0.6163936389127683,1,1,fold_3
1651,sub16,task02,25,73,0,0.5362053598828531,0.6309292470474717,0.5,1,3.705296039581299,0.9759973883628845,1,2.299946730292171e-06,2.7120293122159267,13.857494255237889,1,1,0.6351680883474277,1,1,fold_3
1652,sub16,task02,26,74,0,0.35053555613053167,0.5867474438565189,0.5,1,3.5012645721435547,0.9707236886024475,1,2.299946730292171e-06,2.7120293122159267,13.857494255237889,1,1,0.6536002062688179,1,1,fold_3
1653,sub16,task02,27,75,0,0.7899825053890939,0.6878275741382927,0.5,1,4.670702934265137,0.9907212257385254,1,2.299946730292171e-06,2.7120293122159267,13.857494255237889,1,1,0.6692957626173085,1,1,fold_3
1654,sub16,task02,28,76,0,0.7825321840590889,0.6862256008116421,0.5,1,4.825177192687988,0.9920387268066406,1,2.299946730292171e-06,2.7120293122159267,13.857494255237889,1,1,0.6683888622710569,1,1,fold_3
1655,sub16,task02,29,77,0,0.5487007944715653,0.633834112901991,0.5,1,4.177703380584717,0.9848979115486145,1,2.299946730292171e-06,2.7120293122159267,13.857494255237889,1,1,0.6894331162779027,1,1,fold_3
1656,sub16,task02,30,78,0,0.7773415436397292,0.6851068730995371,0.5,1,4.9857659339904785,0.9932118654251099,1,2.299946730292171e-06,2.7120293122159267,13.857494255237889,1,1,0.7416500924005,1,1,fold_3
1657,sub16,task02,31,79,0,1.0951931455716475,0.7493583628321805,0.5,1,5.790236949920654,0.9969520568847656,1,2.299946730292171e-06,2.7120293122159267,13.857494255237889,1,1,0.773467486883697,1,1,fold_3
1658,sub16,task02,32,80,0,1.327851594478869,0.7904850412697821,0.5,1,7.313848972320557,0.9993341565132141,1,2.299946730292171e-06,2.7120293122159267,13.857494255237889,1,1,0.7752734617774535,1,1,fold_3
1659,sub16,task02,33,81,0,1.2689272561373637,0.7805590565491286,0.5,1,7.405124187469482,0.9993922710418701,1,2.299946730292171e-06,2.7120293122159267,13.857494255237889,1,1,0.7255068632105757,1,1,fold_3
1660,sub16,task02,34,82,0,1.1242504913105555,0.7547762875134497,0.5,1,5.824361801147461,0.9970539808273315,1,2.299946730292171e-06,2.7120293122159267,13.857494255237889,1,1,0.6503755484868179,1,1,fold_3
1661,sub16,task02,35,83,0,0.5805121588760981,0.6411852455691488,0.5,1,4.833442687988281,0.9921036958694458,1,2.299946730292171e-06,2.7120293122159267,13.857494255237889,1,1,0.5838384901082864,1,1,fold_3
1662,sub16,task02,36,84,0,0.22156239501920924,0.5551651123778552,0.5,1,5.294053554534912,0.9950037598609924,1,2.299946730292171e-06,2.7120293122159267,13.857494255237889,1,1,0.5551651123778552,1,1,fold_3
1663,sub16,rest04,0,85,0,1.208075644707126,0.7699582794550994,0.5,1,6.494626998901367,0.9984906911849976,1,2.299946730292171e-06,2.7120293122159267,13.857494255237889,1,1,0.7568767431996765,1,1,fold_3
1664,sub16,rest04,1,86,0,1.2645028425691178,0.7798002730749882,0.5,1,7.124325275421143,0.999195396900177,1,2.299946730292171e-06,2.7120293122159267,13.857494255237889,1,1,0.720462953937667,1,1,fold_3
1665,sub16,rest04,2,87,0,0.9487895274419219,0.7208716770689415,0.5,1,5.525485515594482,0.9960318207740784,1,2.299946730292171e-06,2.7120293122159267,13.857494255237889,1,1,0.5959703286914428,1,1,fold_3
1666,sub16,rest04,3,88,0,0.6664906475741019,0.6607169116690714,0.5,1,4.562004566192627,0.9896668195724487,1,2.299946730292171e-06,2.7120293122159267,13.857494255237889,1,1,0.5333722944145101,1,1,fold_3
1667,sub16,rest04,4,89,0,-0.3791894889641022,0.40632239733631575,0.5,0,2.129039764404297,0.8936938047409058,1,2.299946730292171e-06,2.7120293122159267,13.857494255237889,1,0,0.4359626464561897,0,0,fold_3
1668,sub16,rest04,5,90,0,0.13250382422440465,0.5330775742381431,0.5,1,3.2023444175720215,0.9609224796295166,1,2.299946730292171e-06,2.7120293122159267,13.857494255237889,1,1,0.4646801381428367,0,0,fold_3
1669,sub16,rest04,6,91,0,-0.5387089357347876,0.36848796779411047,0.5,0,1.9603829383850098,0.8765743374824524,1,2.299946730292171e-06,2.7120293122159267,13.857494255237889,1,0,0.4767645179355981,0,0,fold_3
1670,sub16,rest04,7,92,0,-0.03010278341459173,0.4924748723962566,0.5,0,3.0515360832214355,0.9548487663269043,1,2.299946730292171e-06,2.7120293122159267,13.857494255237889,1,0,0.5947354806022515,1,1,fold_3
1671,sub16,rest04,8,93,0,0.2791210057035911,0.5693307136164272,0.5,1,3.640629768371582,0.9744349122047424,1,2.299946730292171e-06,2.7120293122159267,13.857494255237889,1,1,0.6553430670475712,1,1,fold_3
1672,sub16,rest04,9,94,0,0.9564020409598711,0.7224008557940704,0.5,1,5.831434726715088,0.9970747232437134,1,2.299946730292171e-06,2.7120293122159267,13.857494255237889,1,1,0.6151333179222526,1,1,fold_3
1673,sub16,rest04,10,95,0,0.7276876199749833,0.674297631732216,0.5,1,4.588014125823975,0.9899293780326843,1,2.299946730292171e-06,2.7120293122159267,13.857494255237889,1,1,0.517936463108934,1,1,fold_3
1674,sub16,rest04,11,96,0,-0.20591868525774448,0.44870146624047136,0.5,0,2.590521812438965,0.9302491545677185,1,2.299946730292171e-06,2.7120293122159267,13.857494255237889,1,0,0.4987108197579407,0,0,fold_3
1675,sub16,rest04,12,97,0,-0.27854595173502433,0.4308102913541148,0.5,0,2.4842135906219482,0.923027753829956,1,2.299946730292171e-06,2.7120293122159267,13.857494255237889,1,0,0.5735721563786126,1,1,fold_3
1676,sub16,rest04,13,98,0,0.47522925464514504,0.616620701679236,0.5,1,4.19450569152832,0.9851458072662354,1,2.299946730292171e-06,2.7120293122159267,13.857494255237889,1,1,0.6269412201172797,1,1,fold_3
1677,sub16,rest04,14,99,0,0.7230826501126104,0.6732854761024868,0.5,1,4.942768573760986,0.9929157495498657,1,2.299946730292171e-06,2.7120293122159267,13.857494255237889,1,1,0.6249960060889911,1,1,fold_3
1678,sub16,rest04,15,100,0,0.36775949445655104,0.5909174825701162,0.5,1,3.9375977516174316,0.9808777570724487,1,2.299946730292171e-06,2.7120293122159267,13.857494255237889,1,1,0.6303001714637446,1,1,fold_3
1679,sub16,rest04,16,101,0,0.4506133756052766,0.6107850595943703,0.5,1,4.537106037139893,0.9894089698791504,1,2.299946730292171e-06,2.7120293122159267,13.857494255237889,1,1,0.6770986389021627,1,1,fold_3
1680,sub16,rest04,17,102,0,0.7963724195971941,0.6891979722267471,0.5,1,5.11196231842041,0.9940118193626404,1,2.299946730292171e-06,2.7120293122159267,13.857494255237889,1,1,0.6892786840291673,1,1,fold_3
1681,sub16,rest04,18,103,0,1.0012938294822933,0.7313128848853707,0.5,1,6.393625259399414,0.9983306527137756,1,2.299946730292171e-06,2.7120293122159267,13.857494255237889,1,1,0.6048908235236938,1,1,fold_3
1682,sub16,rest04,19,104,0,0.607302387862255,0.6473251949753838,0.5,1,4.585787296295166,0.9899071455001831,1,2.299946730292171e-06,2.7120293122159267,13.857494255237889,1,1,0.44262090369165724,0,0,fold_3
1683,sub16,rest04,20,105,0,-0.2572721551878453,0.43603439071032696,0.5,0,2.301346778869629,0.9089885354042053,1,2.299946730292171e-06,2.7120293122159267,13.857494255237889,1,0,0.30373980610394863,0,0,fold_3
1684,sub16,rest04,21,106,0,-1.1281475532440568,0.2445031253892609,0.5,0,0.6625337600708008,0.659829318523407,1,2.299946730292171e-06,2.7120293122159267,13.857494255237889,1,0,0.24554152253056913,0,0,fold_3
1685,sub16,rest04,22,107,0,-1.2044648203735013,0.23068190221225804,0.5,0,0.615750789642334,0.6492515802383423,1,2.299946730292171e-06,2.7120293122159267,13.857494255237889,1,0,0.2511869940642116,0,0,fold_3
1686,sub16,rest04,23,108,0,-1.0384999151397016,0.2614395399901884,0.5,0,1.4184765815734863,0.8050994277000427,1,2.299946730292171e-06,2.7120293122159267,13.857494255237889,1,0,0.2614395399901884,0,0,fold_3
1687,sub17,rest01,0,0,0,-1.317092856783708,0.21130237297170124,0.5,0,-0.6247071027755737,0.34871166944503784,1,2.5294350789390066e-06,2.529317058972014,12.845111404078773,0,1,0.20618514656607678,0,1,fold_3
1688,sub17,rest01,1,1,0,-1.3639035333380642,0.20360660824876634,0.5,0,-0.7023687958717346,0.3312872648239136,1,2.5294350789390066e-06,2.529317058972014,12.845111404078773,0,1,0.2035680476735414,0,1,fold_3
1689,sub17,rest01,2,2,0,-1.3636577911771257,0.20364645847776275,0.5,0,-0.6779917478561401,0.3367096483707428,1,2.5294350789390066e-06,2.529317058972014,12.845111404078773,0,1,0.20418189010789314,0,1,fold_3
1690,sub17,rest01,3,3,0,-1.3648629861753603,0.2034510762940951,0.5,0,-0.7153388261795044,0.3284202218055725,1,2.5294350789390066e-06,2.529317058972014,12.845111404078773,0,1,0.20395788696413464,0,1,fold_3
1691,sub17,rest01,4,4,0,-1.3525846428622634,0.2054481355518216,0.5,0,-0.6954875588417053,0.33281347155570984,1,2.5294350789390066e-06,2.529317058972014,12.845111404078773,0,1,0.20253236441925726,0,1,fold_3
1692,sub17,rest01,5,5,0,-1.3678066328353249,0.2029744490464872,0.5,0,-0.7754369378089905,0.315304160118103,1,2.5294350789390066e-06,2.529317058972014,12.845111404078773,0,1,0.20291138329103905,0,1,fold_3
1693,sub17,rest01,6,6,0,-1.391461691452873,0.19917450865946293,0.5,0,-0.832219123840332,0.30317604541778564,1,2.5294350789390066e-06,2.529317058972014,12.845111404078773,0,1,0.21044000466345134,0,1,fold_3
1694,sub17,rest01,7,7,1,-1.398196916891199,0.19810238940432823,0.5,0,-0.8813157677650452,0.29290521144866943,1,2.5294350789390066e-06,2.529317058972014,12.845111404078773,0,1,,,,fold_3
1695,sub17,rest01,8,8,0,-1.3456332914809956,0.206585192167167,0.5,0,-0.8340305089950562,0.3027935326099396,1,2.5294350789390066e-06,2.529317058972014,12.845111404078773,0,1,0.22808810760193476,0,1,fold_3
1696,sub17,rest01,9,9,0,-1.2335521958252058,0.22556031316372402,0.5,0,-0.6872093677520752,0.33465415239334106,1,2.5294350789390066e-06,2.529317058972014,12.845111404078773,0,1,0.23585204126478732,0,1,fold_3
1697,sub17,rest01,10,10,1,-1.1962265860369234,0.23214716592619575,0.5,0,-0.5781066417694092,0.35936838388442993,1,2.5294350789390066e-06,2.529317058972014,12.845111404078773,0,1,,,,fold_3
1698,sub17,rest01,11,11,0,-1.0873436441578475,0.2521188174749133,0.5,0,-0.4281001091003418,0.39458009600639343,1,2.5294350789390066e-06,2.529317058972014,12.845111404078773,0,1,0.23420910625078575,0,1,fold_3
1699,sub17,rest01,12,12,0,-1.2090058977439657,0.22987699315572463,0.5,0,-0.6450485587120056,0.34410619735717773,1,2.5294350789390066e-06,2.529317058972014,12.845111404078773,0,1,0.22212778247482498,0,1,fold_3
1700,sub17,rest01,13,13,1,-1.1192867797647046,0.24614360254525686,0.5,0,-0.42960572242736816,0.3942204713821411,1,2.5294350789390066e-06,2.529317058972014,12.845111404078773,0,1,,,,fold_3
1701,sub17,rest01,14,14,0,-1.2619900401414,0.22063150812171936,0.5,0,-0.7526991963386536,0.32023343443870544,1,2.5294350789390066e-06,2.529317058972014,12.845111404078773,0,1,0.22013713819375655,0,1,fold_3
1702,sub17,rest01,15,15,0,-1.2898698188547515,0.2158748461470309,0.5,0,-0.8028314113616943,0.3094201982021332,1,2.5294350789390066e-06,2.529317058972014,12.845111404078773,0,1,0.2210019865819884,0,1,fold_3
1703,sub17,rest01,16,16,1,-1.312632260355054,0.21204670507182105,0.5,0,-0.8226081132888794,0.30521032214164734,1,2.5294350789390066e-06,2.529317058972014,12.845111404078773,0,1,,,,fold_3
1704,sub17,rest01,17,17,0,-1.2430527335379433,0.2239050603125193,0.5,0,-0.5767451524734497,0.3596818447113037,1,2.5294350789390066e-06,2.529317058972014,12.845111404078773,0,1,0.22469165695852508,0,1,fold_3
1705,sub17,rest01,18,18,0,-1.2469644272797058,0.22322605328641493,0.5,0,-0.5749561786651611,0.36009401082992554,1,2.5294350789390066e-06,2.529317058972014,12.845111404078773,0,1,0.22564014866914275,0,1,fold_3
1706,sub17,rest01,19,19,0,-1.2256490134859923,0.22694385727664104,0.5,0,-0.3713667392730713,0.408210813999176,1,2.5294350789390066e-06,2.529317058972014,12.845111404078773,0,1,0.22446691681094724,0,1,fold_3
1707,sub17,rest01,20,20,0,-1.2267512687264714,0.22675053544437235,0.5,0,-0.3471512794494629,0.4140734076499939,1,2.5294350789390066e-06,2.529317058972014,12.845111404078773,0,1,0.22139115357064695,0,1,fold_3
1708,sub17,rest01,21,21,0,-1.2673783961875744,0.21970635771182834,0.5,0,-0.45884668827056885,0.38725945353507996,1,2.5294350789390066e-06,2.529317058972014,12.845111404078773,0,1,0.2207047588019209,0,1,fold_3
1709,sub17,rest01,22,22,0,-1.2790230524232502,0.21771656755574018,0.5,0,-0.4511592388153076,0.38908517360687256,1,2.5294350789390066e-06,2.529317058972014,12.845111404078773,0,1,0.22236642327737619,0,1,fold_3
1710,sub17,rest01,23,23,0,-1.2385335189223654,0.2246913511381942,0.5,0,-0.26798009872436523,0.43340304493904114,1,2.5294350789390066e-06,2.529317058972014,12.845111404078773,0,1,0.2246913511381942,0,1,fold_3
1711,sub17,rest02,0,24,0,-1.3071698038101982,0.21296082372595648,0.5,0,-0.40356898307800293,0.40045514702796936,1,2.5294350789390066e-06,2.529317058972014,12.845111404078773,0,1,0.21412372952350955,0,1,fold_3
1712,sub17,rest02,1,25,0,-1.2912603654941455,0.21563955728705836,0.5,0,-0.40466105937957764,0.4001929759979248,1,2.5294350789390066e-06,2.529317058972014,12.845111404078773,0,1,0.21184042553641236,0,1,fold_3
1713,sub17,rest02,2,26,0,-1.3023438949849466,0.2137708075575138,0.5,0,-0.3998790979385376,0.40134137868881226,1,2.5294350789390066e-06,2.529317058972014,12.845111404078773,0,1,0.21368540227027122,0,1,fold_3
1714,sub17,rest02,3,27,0,-1.348529333603584,0.20611091176466487,0.5,0,-0.4603193998336792,0.386910080909729,1,2.5294350789390066e-06,2.529317058972014,12.845111404078773,0,1,0.21437220387436817,0,1,fold_3
1715,sub17,rest02,4,28,0,-1.2588351055617448,0.22117448748863505,0.5,0,-0.3073849678039551,0.42375320196151733,1,2.5294350789390066e-06,2.529317058972014,12.845111404078773,0,1,0.21771361874994985,0,1,fold_3
1716,sub17,rest02,5,29,0,-1.290127609524153,0.21583121236980465,0.5,0,-0.3917529582977295,0.4032953679561615,1,2.5294350789390066e-06,2.529317058972014,12.845111404078773,0,1,0.21208301076194122,0,1,fold_3
1717,sub17,rest02,6,30,0,-1.2883326760977643,0.21613515639140976,0.5,0,-0.42628830671310425,0.3950129747390747,1,2.5294350789390066e-06,2.529317058972014,12.845111404078773,0,1,0.20801207084404139,0,1,fold_3
1718,sub17,rest02,7,31,0,-1.3597393775577733,0.20428266352460922,0.5,0,-0.5009441375732422,0.3773188292980194,1,2.5294350789390066e-06,2.529317058972014,12.845111404078773,0,1,0.20437379322813917,0,1,fold_3
1719,sub17,rest02,8,32,0,-1.363830859616596,0.2036183926161051,0.5,0,-0.47782158851623535,0.38276663422584534,1,2.5294350789390066e-06,2.529317058972014,12.845111404078773,0,1,0.20552169435633094,0,1,fold_3
1720,sub17,rest02,9,33,0,-1.3539807887090884,0.20522032354370312,0.5,0,-0.4114193916320801,0.39857181906700134,1,2.5294350789390066e-06,2.529317058972014,12.845111404078773,0,1,0.2073181158137166,0,1,fold_3
1721,sub17,rest02,10,34,0,-1.3386851585629143,0.20772636690918458,0.5,0,-0.41533350944519043,0.39763393998146057,1,2.5294350789390066e-06,2.529317058972014,12.845111404078773,0,1,0.20716143021280753,0,1,fold_3
1722,sub17,rest02,11,35,0,-1.3309173999827417,0.2090076569882621,0.5,0,-0.39071452617645264,0.4035453200340271,1,2.5294350789390066e-06,2.529317058972014,12.845111404078773,0,1,0.21202356435304193,0,1,fold_3
1723,sub17,rest02,12,36,0,-1.3568651697148753,0.2047502667409759,0.5,0,-0.5007210373878479,0.37737125158309937,1,2.5294350789390066e-06,2.529317058972014,12.845111404078773,0,1,0.23532575374268772,0,1,fold_3
1724,sub17,rest02,13,37,0,-1.2522391650140416,0.22231276932988772,0.5,0,-0.40874385833740234,0.39921334385871887,1,2.5294350789390066e-06,2.529317058972014,12.845111404078773,0,1,0.27070808458889223,0,1,fold_3
1725,sub17,rest02,14,38,0,-0.9498537988634007,0.27891422515719955,0.5,0,0.110617995262146,0.5276263356208801,1,2.5294350789390066e-06,2.529317058972014,12.845111404078773,0,1,0.28208631018600955,0,1,fold_3
1726,sub17,rest02,15,39,0,-0.7959278740160485,0.3108972592795894,0.5,0,0.3696634769439697,0.5913776755332947,1,2.5294350789390066e-06,2.529317058972014,12.845111404078773,0,1,0.2619886871568488,0,1,fold_3
1727,sub17,rest02,16,40,0,-1.064515692636877,0.25644744612123954,0.5,0,-0.06500160694122314,0.48375535011291504,1,2.5294350789390066e-06,2.529317058972014,12.845111404078773,0,1,0.23943973436616264,0,1,fold_3
1728,sub17,rest02,17,41,0,-1.2737185860171312,0.21862135606971747,0.5,0,-0.41489362716674805,0.3977392911911011,1,2.5294350789390066e-06,2.529317058972014,12.845111404078773,0,1,0.2444036884341947,0,1,fold_3
1729,sub17,rest02,18,42,0,-1.1349410489319118,0.24325040090753097,0.5,0,-0.21149003505706787,0.4473237097263336,1,2.5294350789390066e-06,2.529317058972014,12.845111404078773,0,1,0.27222604378480036,0,1,fold_3
1730,sub17,rest02,19,43,0,-0.9878380821902017,0.2713393083253356,0.5,0,0.08428478240966797,0.5210587382316589,1,2.5294350789390066e-06,2.529317058972014,12.845111404078773,0,1,0.27426238824647237,0,1,fold_3
1731,sub17,rest02,20,44,0,-0.8373726524780756,0.3020884221215346,0.5,0,0.3583180904388428,0.5886332392692566,1,2.5294350789390066e-06,2.529317058972014,12.845111404078773,0,1,0.2656543442112476,0,1,fold_3
1732,sub17,rest02,21,45,0,-1.10203156279603,0.2493594342925469,0.5,0,-0.027902841567993164,0.4930247366428375,1,2.5294350789390066e-06,2.529317058972014,12.845111404078773,0,1,0.24695096598136548,0,1,fold_3
1733,sub17,rest02,22,46,0,-1.122676400812395,0.2455151762196614,0.5,0,-0.08245205879211426,0.4793986678123474,1,2.5294350789390066e-06,2.529317058972014,12.845111404078773,0,1,0.24582391702781262,0,1,fold_3
1734,sub17,rest02,23,47,0,-1.1201778945377738,0.24597828743188824,0.5,0,0.021538853645324707,0.5053845047950745,1,2.5294350789390066e-06,2.529317058972014,12.845111404078773,0,1,0.24597828743188824,0,1,fold_3
1735,sub17,task02,0,48,0,-1.2505978095527435,0.22259667228500818,0.5,0,-0.25672805309295654,0.43616819381713867,1,2.5294350789390066e-06,2.529317058972014,12.845111404078773,1,0,0.2581075403255458,0,0,fold_3
1736,sub17,task02,1,49,0,-0.9277650032192798,0.2833783668063344,0.5,0,0.15098142623901367,0.5376737713813782,1,2.5294350789390066e-06,2.529317058972014,12.845111404078773,1,0,0.28723775293117476,0,0,fold_3
1737,sub17,task02,2,50,0,-1.003022475014297,0.2683475818852948,0.5,0,0.07037901878356934,0.5175874829292297,1,2.5294350789390066e-06,2.529317058972014,12.845111404078773,1,0,0.28634001372109125,0,0,fold_3
1738,sub17,task02,3,51,0,-0.8001786270927145,0.30998731010189523,0.5,0,0.42284417152404785,0.604163646697998,1,2.5294350789390066e-06,2.529317058972014,12.845111404078773,1,0,0.2904716916467061,0,0,fold_3
1739,sub17,task02,4,52,0,-0.9410655872998414,0.28068514917608384,0.5,0,0.2270197868347168,0.5565124154090881,1,2.5294350789390066e-06,2.529317058972014,12.845111404078773,1,0,0.2758834472519133,0,0,fold_3
1740,sub17,task02,5,53,0,-0.9407809780085572,0.28074261566213937,0.5,0,0.2460249662399292,0.561197817325592,1,2.5294350789390066e-06,2.529317058972014,12.845111404078773,1,0,0.27845022881816334,0,0,fold_3
1741,sub17,task02,6,54,0,-1.0138730300951064,0.26622257691751666,0.5,0,0.08646667003631592,0.5216031670570374,1,2.5294350789390066e-06,2.529317058972014,12.845111404078773,1,0,0.3061946874010555,0,0,fold_3
1742,sub17,task02,7,55,0,-0.9032382352927519,0.28838549387483403,0.5,0,0.15448999404907227,0.5385458469390869,1,2.5294350789390066e-06,2.529317058972014,12.845111404078773,1,0,0.36094333359617975,0,0,fold_3
1743,sub17,task02,8,56,0,-0.5581484041828516,0.3639759914108159,0.5,0,0.5938003063201904,0.6442366242408752,1,2.5294350789390066e-06,2.529317058972014,12.845111404078773,1,0,0.4162429685817437,0,0,fold_3
1744,sub17,task02,9,57,0,-0.27993987934112546,0.43046851550288934,0.5,0,1.1998822689056396,0.7685037851333618,1,2.5294350789390066e-06,2.529317058972014,12.845111404078773,1,0,0.4987704590945714,0,0,fold_3
1745,sub17,task02,10,58,0,-0.18337453199970513,0.454284398831526,0.5,0,1.1765491962432861,0.764326810836792,1,2.5294350789390066e-06,2.529317058972014,12.845111404078773,1,0,0.5414469911551163,1,1,fold_3
1746,sub17,task02,11,59,0,0.45386788165963127,0.6115584629492989,0.5,1,1.8396837711334229,0.8629113435745239,1,2.5294350789390066e-06,2.529317058972014,12.845111404078773,1,1,0.5434578152326232,1,1,fold_3
1747,sub17,task02,12,60,0,0.2350689403751249,0.558498111684524,0.5,1,1.3195667266845703,0.7891096472740173,1,2.5294350789390066e-06,2.529317058972014,12.845111404078773,1,1,0.466549455485247,0,0,fold_3
1748,sub17,task02,13,61,0,-0.1590670665840681,0.46031687106404645,0.5,0,0.799264669418335,0.6898171901702881,1,2.5294350789390066e-06,2.529317058972014,12.845111404078773,1,0,0.4988841690417433,0,0,fold_3
1749,sub17,task02,14,62,0,-0.4860124401934254,0.3808333837071707,0.5,0,0.49390292167663574,0.6210254430770874,1,2.5294350789390066e-06,2.529317058972014,12.845111404078773,1,0,0.5854533599542021,1,1,fold_3
1750,sub17,task02,15,63,0,0.6433141868887349,0.6555022523540128,0.5,1,1.7911968231201172,0.857073962688446,1,2.5294350789390066e-06,2.529317058972014,12.845111404078773,1,1,0.6935336535093904,1,1,fold_3
1751,sub17,task02,16,64,0,0.9445828610903702,0.7200244438014226,0.5,1,2.53867769241333,0.9268091320991516,1,2.5294350789390066e-06,2.529317058972014,12.845111404078773,1,1,0.6973955276382059,1,1,fold_3
1752,sub17,task02,17,65,0,0.8715795557895674,0.7050742643727361,0.5,1,2.41361927986145,0.9178599715232849,1,2.5294350789390066e-06,2.529317058972014,12.845111404078773,1,1,0.6614130509232578,1,1,fold_3
1753,sub17,task02,18,66,0,0.6950432164290581,0.6670878747404594,0.5,1,2.2299389839172363,0.9029060006141663,1,2.5294350789390066e-06,2.529317058972014,12.845111404078773,1,1,0.6618846339646901,1,1,fold_3
1754,sub17,task02,19,67,0,0.45605128278720736,0.6120770136565777,0.5,1,2.0418334007263184,0.8851197957992554,1,2.5294350789390066e-06,2.529317058972014,12.845111404078773,1,1,0.6661552922036319,1,1,fold_3
1755,sub17,task02,20,68,0,0.8783925801115526,0.7064890134970331,0.5,1,2.277310848236084,0.9069803953170776,1,2.5294350789390066e-06,2.529317058972014,12.845111404078773,1,1,0.6795176246189132,1,1,fold_3
1756,sub17,task02,21,69,0,0.7533115898387587,0.6798998494572849,0.5,1,2.0523736476898193,0.8861872553825378,1,2.5294350789390066e-06,2.529317058972014,12.845111404078773,1,1,0.6625178941572046,1,1,fold_3
1757,sub17,task02,22,70,0,0.6285650077738392,0.6521640109024215,0.5,1,1.7660212516784668,0.8539621829986572,1,2.5294350789390066e-06,2.529317058972014,12.845111404078773,1,1,0.612080396590601,1,1,fold_3
1758,sub17,task02,23,71,0,0.6432591422158537,0.6554898221119078,0.5,1,1.7635645866394043,0.8536555171012878,1,2.5294350789390066e-06,2.529317058972014,12.845111404078773,1,1,0.5679687563721368,1,1,fold_3
1759,sub17,task02,24,72,0,0.11447427276184714,0.5285873567574738,0.5,1,1.0651969909667969,0.7436824440956116,1,2.5294350789390066e-06,2.529317058972014,12.845111404078773,1,1,0.47729726585330906,0,0,fold_3
1760,sub17,task02,25,73,0,0.07935798243666016,0.5198290902470288,0.5,1,1.0757663249969482,0.7456919550895691,1,2.5294350789390066e-06,2.529317058972014,12.845111404078773,1,1,0.489748481862396,0,0,fold_3
1761,sub17,task02,26,74,0,-0.47482296089524606,0.38347535055542453,0.5,0,0.516316294670105,0.626285970211029,1,2.5294350789390066e-06,2.529317058972014,12.845111404078773,1,0,0.5009022457976657,1,1,fold_3
1762,sub17,task02,27,75,0,0.2653093824035911,0.5659410047847346,0.5,1,1.4195888042449951,0.8052739500999451,1,2.5294350789390066e-06,2.529317058972014,12.845111404078773,1,1,0.5106770767221095,1,1,fold_3
1763,sub17,task02,28,76,0,0.21397420763658942,0.5532903820528382,0.5,1,1.4107587337493896,0.8038855791091919,1,2.5294350789390066e-06,2.529317058972014,12.845111404078773,1,1,0.45528664081793807,0,0,fold_3
1764,sub17,task02,29,77,0,-0.3524029094767434,0.41279984332875597,0.5,0,0.6227090358734131,0.6508344411849976,1,2.5294350789390066e-06,2.529317058972014,12.845111404078773,1,0,0.49375630923841446,0,0,fold_3
1765,sub17,task02,30,78,0,-0.40642479580543334,0.3997696970722199,0.5,0,0.5744931697845459,0.6397992968559265,1,2.5294350789390066e-06,2.529317058972014,12.845111404078773,1,0,0.6158715101190427,1,1,fold_3
1766,sub17,task02,31,79,0,0.7023084541831273,0.6686993873142674,0.5,1,1.898829460144043,0.8697589635848999,1,2.5294350789390066e-06,2.529317058972014,12.845111404078773,1,1,0.7430068957682966,1,1,fold_3
1767,sub17,task02,32,80,0,1.2606933787125405,0.7791454459706408,0.5,1,3.413149356842041,0.9681130051612854,1,2.5294350789390066e-06,2.529317058972014,12.845111404078773,1,1,0.7776031937013471,1,1,fold_3
1768,sub17,task02,33,81,0,1.2725318688346197,0.7811758540199817,0.5,1,3.6240038871765137,0.9740173816680908,1,2.5294350789390066e-06,2.529317058972014,12.845111404078773,1,1,0.763294788191812,1,1,fold_3
1769,sub17,task02,34,82,0,1.2224150899234194,0.7724882811134186,0.5,1,3.479231357574463,0.9700910449028015,1,2.5294350789390066e-06,2.529317058972014,12.845111404078773,1,1,0.7483095799991633,1,1,fold_3
1770,sub17,task02,35,83,0,1.0264147461815547,0.7362202294420356,0.5,1,3.535783290863037,0.9716889262199402,1,2.5294350789390066e-06,2.529317058972014,12.845111404078773,1,1,0.7362202294420356,1,1,fold_3
1771,sub17,rest04,0,84,0,1.2586088437187057,0.7787865350170263,0.5,1,3.4889726638793945,0.9703723788261414,1,2.5294350789390066e-06,2.529317058972014,12.845111404078773,1,1,0.7770670562933985,1,1,fold_3
1772,sub17,rest04,1,85,0,1.3142150137926851,0.7882176254362211,0.5,1,3.3205723762512207,0.9651278853416443,1,2.5294350789390066e-06,2.529317058972014,12.845111404078773,1,1,0.7628732084134858,1,1,fold_3
1773,sub17,rest04,2,86,0,1.1758289454269706,0.764197008426948,0.5,1,2.8001656532287598,0.9426848292350769,1,2.5294350789390066e-06,2.529317058972014,12.845111404078773,1,1,0.7348104952989813,1,1,fold_3
1774,sub17,rest04,3,87,0,1.0263362818042705,0.7362049913772879,0.5,1,2.6031112670898438,0.9310615658760071,1,2.5294350789390066e-06,2.529317058972014,12.845111404078773,1,1,0.6629463419232385,1,1,fold_3
1775,sub17,rest04,4,88,0,0.8665604047512909,0.7040294860927082,0.5,1,2.396374225616455,0.91655033826828,1,2.5294350789390066e-06,2.529317058972014,12.845111404078773,1,1,0.6088185618994538,1,1,fold_3
1776,sub17,rest04,5,89,0,0.19503408086121726,0.5486045482997194,0.5,1,1.3216345310211182,0.7894535064697266,1,2.5294350789390066e-06,2.529317058972014,12.845111404078773,1,1,0.6104218432081362,1,1,fold_3
1777,sub17,rest04,6,90,0,0.29746071846557903,0.573821651305934,0.5,1,1.2150394916534424,0.7711893916130066,1,2.5294350789390066e-06,2.529317058972014,12.845111404078773,1,1,0.6937035804479587,1,1,fold_3
1778,sub17,rest04,7,91,0,0.8897536406036431,0.7088393300187551,0.5,1,1.845787525177002,0.8636317253112793,1,2.5294350789390066e-06,2.529317058972014,12.845111404078773,1,1,0.7653667120805331,1,1,fold_3
1779,sub17,rest04,8,92,0,1.376633367489693,0.798449760019187,0.5,1,3.7391443252563477,0.9767777323722839,1,2.5294350789390066e-06,2.529317058972014,12.845111404078773,1,1,0.7526449759592143,1,1,fold_3
1780,sub17,rest04,9,93,0,1.317773558634601,0.7888110462036572,0.5,1,3.4989428520202637,0.9706576466560364,1,2.5294350789390066e-06,2.529317058972014,12.845111404078773,1,1,0.6579195769126223,1,1,fold_3
1781,sub17,rest04,10,94,0,0.7112355860573074,0.6706741216547988,0.5,1,1.7818193435668945,0.8559213876724243,1,2.5294350789390066e-06,2.529317058972014,12.845111404078773,1,1,0.5129942643869411,1,1,fold_3
1782,sub17,rest04,11,95,0,0.05710976853805261,0.514273562879411,0.5,1,1.2360405921936035,0.7748740911483765,1,2.5294350789390066e-06,2.529317058972014,12.845111404078773,1,1,0.4415499898685383,0,0,fold_3
1783,sub17,rest04,12,96,0,-0.6013490694590882,0.3540351086266134,0.5,0,0.4499056339263916,0.6106167435646057,1,2.5294350789390066e-06,2.529317058972014,12.845111404078773,1,0,0.4062882812528778,0,0,fold_3
1784,sub17,rest04,13,97,0,-0.17508067345233466,0.4563412980995904,0.5,0,1.0000216960906982,0.7310628294944763,1,2.5294350789390066e-06,2.529317058972014,12.845111404078773,1,0,0.5101961963882643,1,1,fold_3
1785,sub17,rest04,14,98,0,-0.3702176237965135,0.4084884370324296,0.5,0,0.7643661499023438,0.6823009252548218,1,2.5294350789390066e-06,2.529317058972014,12.845111404078773,1,0,0.6159867180402393,1,1,fold_3
1786,sub17,rest04,15,99,0,0.6890647975630193,0.6657588540327729,0.5,1,2.0612354278564453,0.8870779871940613,1,2.5294350789390066e-06,2.529317058972014,12.845111404078773,1,1,0.7443674690357792,1,1,fold_3
1787,sub17,rest04,16,100,0,1.2293961164944929,0.7737128630555156,0.5,1,2.8921308517456055,0.9474560022354126,1,2.5294350789390066e-06,2.529317058972014,12.845111404078773,1,1,0.781372957312415,1,1,fold_3
1788,sub17,rest04,17,101,0,1.3469508965230226,0.7936306900190492,0.5,1,4.065881252288818,0.9831411838531494,1,2.5294350789390066e-06,2.529317058972014,12.845111404078773,1,1,0.7864718803433969,1,1,fold_3
1789,sub17,rest04,18,102,0,1.2469723406724997,0.7767753188626801,0.5,1,3.8821139335632324,0.9798088669776917,1,2.5294350789390066e-06,2.529317058972014,12.845111404078773,1,1,0.7760614721175529,1,1,fold_3
1790,sub17,rest04,19,103,0,1.318966046376201,0.7890096321484611,0.5,1,3.906311511993408,0.9802820682525635,1,2.5294350789390066e-06,2.529317058972014,12.845111404078773,1,1,0.7759351538092721,1,1,fold_3
1791,sub17,rest04,20,104,0,1.1658798133242272,0.7623994653415177,0.5,1,2.936450481414795,0.9496191740036011,1,2.5294350789390066e-06,2.529317058972014,12.845111404078773,1,1,0.7701283193027159,1,1,fold_3
1792,sub17,rest04,21,105,0,1.2447881654433963,0.7763963639378378,0.5,1,3.0697879791259766,0.9556292295455933,1,2.5294350789390066e-06,2.529317058972014,12.845111404078773,1,1,0.7792525357069838,1,1,fold_3
1793,sub17,rest04,22,106,0,1.2173061169484536,0.7715891286287917,0.5,1,3.0932726860046387,0.9566143751144409,1,2.5294350789390066e-06,2.529317058972014,12.845111404078773,1,1,0.783711119245812,1,1,fold_3
1794,sub17,rest04,23,107,0,1.3235523301218897,0.7897721145543222,0.5,1,4.050588130950928,0.9828858375549316,1,2.5294350789390066e-06,2.529317058972014,12.845111404078773,1,1,0.7897721145543222,1,1,fold_3
2127,sub21,rest01,0,0,0,-1.0362711958555384,0.26187010970953084,0.5,0,-0.5122822523117065,0.37465864419937134,1,5.717189030257664e-06,4.928297363726884,9.37158747821837,0,1,0.2756751601880952,0,1,fold_3
2128,sub21,rest01,1,1,0,-1.0408463375833792,0.260986725522186,0.5,0,-0.6104928851127625,0.35194677114486694,1,5.717189030257664e-06,4.928297363726884,9.37158747821837,0,1,0.3274286000938811,0,1,fold_3
2129,sub21,rest01,2,2,0,-0.8275250224907982,0.30416864533256877,0.5,0,-0.635361909866333,0.34629571437835693,1,5.717189030257664e-06,4.928297363726884,9.37158747821837,0,1,0.45674845464606634,0,1,fold_3
2130,sub21,rest01,3,3,0,-0.33456448688387114,0.41713042942688855,0.5,0,-0.6843509674072266,0.3352908790111542,1,5.717189030257664e-06,4.928297363726884,9.37158747821837,0,1,0.5819876974218056,1,0,fold_3
2131,sub21,rest01,4,4,0,0.6144107198826189,0.6489462891787418,0.5,1,-0.4706128239631653,0.38447120785713196,1,5.717189030257664e-06,4.928297363726884,9.37158747821837,0,0,0.6727074334970488,1,0,fold_3
2132,sub21,rest01,5,5,0,0.7532496715685286,0.6798863736597865,0.5,1,-0.49364471435546875,0.3790353536605835,1,5.717189030257664e-06,4.928297363726884,9.37158747821837,0,0,0.6199847585415134,1,0,fold_3
2133,sub21,rest01,6,6,0,0.7968003891730476,0.6892896376526179,0.5,1,-0.4067509174346924,0.3996914327144623,1,5.717189030257664e-06,4.928297363726884,9.37158747821837,0,0,0.49979823637527754,0,1,fold_3
2134,sub21,rest01,7,7,1,0.1157141534360091,0.5288963026595547,0.5,0,-0.744229257106781,0.32208001613616943,1,5.717189030257664e-06,4.928297363726884,9.37158747821837,0,1,,,,fold_3
2135,sub21,rest01,8,8,0,-0.03689112611290319,0.49077826431213595,0.5,0,-0.7730984091758728,0.3158092200756073,1,5.717189030257664e-06,4.928297363726884,9.37158747821837,0,1,0.3889553514301154,0,1,fold_3
2136,sub21,rest01,9,9,0,-0.7568672456939444,0.3193268071610789,0.5,0,-0.7406083345413208,0.3228711485862732,1,5.717189030257664e-06,4.928297363726884,9.37158747821837,0,1,0.3210765134062083,0,1,fold_3
2137,sub21,rest01,10,10,1,-0.6237342926942393,0.34893262199968456,0.5,0,-0.8320902585983276,0.303203284740448,1,5.717189030257664e-06,4.928297363726884,9.37158747821837,0,1,,,,fold_3
2138,sub21,rest01,11,11,0,-0.5894503354325978,0.3567609828171313,0.5,0,-0.830399751663208,0.3035605549812317,1,5.717189030257664e-06,4.928297363726884,9.37158747821837,0,1,0.3888548585477804,0,1,fold_3
2139,sub21,rest01,12,12,0,-0.909306595351753,0.28714175024041466,0.5,0,-0.8778437376022339,0.29362478852272034,1,5.717189030257664e-06,4.928297363726884,9.37158747821837,0,1,0.4496553556721891,0,1,fold_3
2140,sub21,rest01,13,13,1,-0.7061162514149114,0.33045757388347796,0.5,0,-0.8464926481246948,0.30016911029815674,1,5.717189030257664e-06,4.928297363726884,9.37158747821837,0,1,,,,fold_3
2141,sub21,rest01,14,14,0,0.0907095173369955,0.5226618425857951,0.5,1,-0.7817705869674683,0.3139384090900421,1,5.717189030257664e-06,4.928297363726884,9.37158747821837,0,0,0.433140644616221,0,1,fold_3
2142,sub21,rest01,15,15,0,0.15697141954716218,0.5391624741903577,0.5,1,-0.7989892363548279,0.3102417588233948,1,5.717189030257664e-06,4.928297363726884,9.37158747821837,0,0,0.33220752751784316,0,1,fold_3
2143,sub21,rest01,16,16,1,-0.3979067193762164,0.4018153767854283,0.5,0,-0.9069880247116089,0.2876165509223938,1,5.717189030257664e-06,4.928297363726884,9.37158747821837,0,1,,,,fold_3
2144,sub21,rest01,17,17,0,-1.1658959196137282,0.23759761707251018,0.5,0,-0.434634804725647,0.3930201530456543,1,5.717189030257664e-06,4.928297363726884,9.37158747821837,0,1,0.22200708785969733,0,1,fold_3
2145,sub21,rest01,18,18,0,-1.2664678860171321,0.2198624912906616,0.5,0,-0.3986114263534546,0.4016459882259369,1,5.717189030257664e-06,4.928297363726884,9.37158747821837,0,1,0.21553534541141994,0,1,fold_3
2146,sub21,rest01,19,19,0,-1.3336203027559943,0.20856115521592022,0.5,0,-0.2601041793823242,0.4353380799293518,1,5.717189030257664e-06,4.928297363726884,9.37158747821837,0,1,0.22902236936890974,0,1,fold_3
2147,sub21,rest01,20,20,0,-1.2762901152765052,0.218182389727678,0.5,0,-0.1323683261871338,0.46695616841316223,1,5.717189030257664e-06,4.928297363726884,9.37158747821837,0,1,0.2874670269739244,0,1,fold_3
2148,sub21,rest01,21,21,0,-1.0442875120555772,0.26032356316313104,0.5,0,-0.5169856548309326,0.37355732917785645,1,5.717189030257664e-06,4.928297363726884,9.37158747821837,0,1,0.3862348708065008,0,1,fold_3
2149,sub21,rest01,22,22,0,-0.47304778454419055,0.3838951280309642,0.5,0,-0.46468448638916016,0.3858751356601715,1,5.717189030257664e-06,4.928297363726884,9.37158747821837,0,1,0.4709556568272595,0,1,fold_3
2150,sub21,rest01,23,23,0,0.05795990508953916,0.5144859212254072,0.5,1,-0.14237165451049805,0.4644670784473419,1,5.717189030257664e-06,4.928297363726884,9.37158747821837,0,0,0.5144859212254072,1,0,fold_3
2151,sub21,rest02,0,24,0,1.2870287400148301,0.7836438480103786,0.5,1,-0.10188949108123779,0.47454962134361267,1,5.717189030257664e-06,4.928297363726884,9.37158747821837,0,0,0.7682649147208371,1,0,fold_3
2152,sub21,rest02,1,25,0,1.3090546803014271,0.7873549266916898,0.5,1,-0.009377360343933105,0.4976557195186615,1,5.717189030257664e-06,4.928297363726884,9.37158747821837,0,0,0.7392623257831161,1,0,fold_3
2153,sub21,rest02,2,26,0,1.0139679723446327,0.7337959694604431,0.5,1,-0.13799142837524414,0.4655567407608032,1,5.717189030257664e-06,4.928297363726884,9.37158747821837,0,0,0.7153300346664458,1,0,fold_3
2154,sub21,rest02,3,27,0,0.8313300157616385,0.6966360811972152,0.5,1,-0.25193333625793457,0.4373477101325989,1,5.717189030257664e-06,4.928297363726884,9.37158747821837,0,0,0.723342305555656,1,0,fold_3
2155,sub21,rest02,4,28,0,0.922533553631489,0.7155580533416793,0.5,1,-0.23457908630371094,0.44162270426750183,1,5.717189030257664e-06,4.928297363726884,9.37158747821837,0,0,0.7525384560783502,1,0,fold_3
2156,sub21,rest02,5,29,0,1.140834286773312,0.7578327821280736,0.5,1,-0.06680989265441895,0.4833037257194519,1,5.717189030257664e-06,4.928297363726884,9.37158747821837,0,0,0.7668463928985988,1,0,fold_3
2157,sub21,rest02,6,30,0,1.2904570096982109,0.7842245327652981,0.5,1,-0.0379335880279541,0.4905177652835846,1,5.717189030257664e-06,4.928297363726884,9.37158747821837,0,0,0.7637458096860281,1,0,fold_3
2158,sub21,rest02,7,31,0,1.1443743194933584,0.7584818638024247,0.5,1,-0.19658386707305908,0.45101168751716614,1,5.717189030257664e-06,4.928297363726884,9.37158747821837,0,0,0.7590795448261449,1,0,fold_3
2159,sub21,rest02,8,32,0,1.0907930702702564,0.7485310324903616,0.5,1,-0.23206830024719238,0.44224193692207336,1,5.717189030257664e-06,4.928297363726884,9.37158747821837,0,0,0.767803451933719,1,0,fold_3
2160,sub21,rest02,9,33,0,1.2095862817643173,0.7702257381856487,0.5,1,-0.1717061996459961,0.45717862248420715,1,5.717189030257664e-06,4.928297363726884,9.37158747821837,0,0,0.7812915750451257,1,0,fold_3
2161,sub21,rest02,10,34,0,1.2929943640877724,0.7846535851251468,0.5,1,-0.04320526123046875,0.4892003536224365,1,5.717189030257664e-06,4.928297363726884,9.37158747821837,0,0,0.7852190437444554,1,0,fold_3
2162,sub21,rest02,11,35,0,1.3188805674374722,0.7889954018245816,0.5,1,0.013823866844177246,0.5034558773040771,1,5.717189030257664e-06,4.928297363726884,9.37158747821837,0,0,0.7704354719843639,1,0,fold_3
2163,sub21,rest02,12,36,0,1.2774074521840713,0.7820081442836375,0.5,1,-0.029290199279785156,0.4926780164241791,1,5.717189030257664e-06,4.928297363726884,9.37158747821837,0,0,0.7532389746673035,1,0,fold_3
2164,sub21,rest02,13,37,0,1.0475433180466505,0.7403028698448721,0.5,1,-0.16768431663513184,0.458176851272583,1,5.717189030257664e-06,4.928297363726884,9.37158747821837,0,0,0.7326114476614674,1,0,fold_3
2165,sub21,rest02,14,38,0,1.0325290438568602,0.7374059098734008,0.5,1,-0.1561349630355835,0.46104535460472107,1,5.717189030257664e-06,4.928297363726884,9.37158747821837,0,0,0.7408860102698632,1,0,fold_3
2166,sub21,rest02,15,39,0,0.9450845278768332,0.7201255632661291,0.5,1,-0.2659449577331543,0.43390288949012756,1,5.717189030257664e-06,4.928297363726884,9.37158747821837,0,0,0.7511078993579469,1,0,fold_3
2167,sub21,rest02,16,40,0,1.1809944292057288,0.7651265576700599,0.5,1,-0.16822409629821777,0.45804286003112793,1,5.717189030257664e-06,4.928297363726884,9.37158747821837,0,0,0.7747413537392788,1,0,fold_3
2168,sub21,rest02,17,41,0,1.1974541262843492,0.7680715771376514,0.5,1,-0.13837921619415283,0.46546027064323425,1,5.717189030257664e-06,4.928297363726884,9.37158747821837,0,0,0.7838799687289555,1,0,fold_3
2169,sub21,rest02,18,42,0,1.3311205495208271,0.7910259264101249,0.5,1,0.011263370513916016,0.502815842628479,1,5.717189030257664e-06,4.928297363726884,9.37158747821837,0,0,0.7902509611064802,1,0,fold_3
2170,sub21,rest02,19,43,0,1.3403190405069414,0.7925424026390904,0.5,1,0.04346799850463867,0.5108652710914612,1,5.717189030257664e-06,4.928297363726884,9.37158747821837,0,0,0.7890068689740207,1,0,fold_3
2171,sub21,rest02,20,44,0,1.3080373862956736,0.7871845542702253,0.5,1,-0.02255558967590332,0.49436134099960327,1,5.717189030257664e-06,4.928297363726884,9.37158747821837,0,0,0.7868355528717982,1,0,fold_3
2172,sub21,rest02,21,45,0,1.308688728678175,0.7872936500127465,0.5,1,-0.02835869789123535,0.492910772562027,1,5.717189030257664e-06,4.928297363726884,9.37158747821837,0,0,0.7854679097769787,1,0,fold_3
2173,sub21,rest02,22,46,0,1.3011499512035598,0.7860284543324229,0.5,1,0.029014110565185547,0.5072529911994934,1,5.717189030257664e-06,4.928297363726884,9.37158747821837,0,0,0.7840639014346519,1,0,fold_3
2174,sub21,rest02,23,47,0,1.2837158062577994,0.7830816249857664,0.5,1,0.09717702865600586,0.5242751836776733,1,5.717189030257664e-06,4.928297363726884,9.37158747821837,0,0,0.7830816249857664,1,0,fold_3
2175,sub21,task02,0,48,0,-1.2941544625722663,0.21515045505642874,0.5,0,-0.24931073188781738,0.4379931688308716,1,5.717189030257664e-06,4.928297363726884,9.37158747821837,1,0,0.22150525855889638,0,0,fold_3
2176,sub21,task02,1,49,0,-1.2893811953511138,0.21595756834570437,0.5,0,-0.23809266090393066,0.4407564401626587,1,5.717189030257664e-06,4.928297363726884,9.37158747821837,1,0,0.2563717710156544,0,0,fold_3
2177,sub21,task02,2,50,0,-1.1891681065087,0.23340775227455604,0.5,0,-0.3361687660217285,0.41674041748046875,1,5.717189030257664e-06,4.928297363726884,9.37158747821837,1,0,0.2902380786232268,0,0,fold_3
2178,sub21,task02,3,51,0,-0.7549209720225701,0.3197499924267028,0.5,0,-0.48361319303512573,0.3813992738723755,1,5.717189030257664e-06,4.928297363726884,9.37158747821837,1,0,0.3381846098140466,0,0,fold_3
2179,sub21,task02,4,52,0,-0.7650240252447774,0.3175564911684215,0.5,0,-0.5052089095115662,0.3763172924518585,1,5.717189030257664e-06,4.928297363726884,9.37158747821837,1,0,0.3307058731099315,0,0,fold_3
2180,sub21,task02,5,53,0,-0.5012483540260536,0.37724734584701547,0.5,0,-0.724235475063324,0.32646098732948303,1,5.717189030257664e-06,4.928297363726884,9.37158747821837,1,0,0.33615999425935605,0,0,fold_3
2181,sub21,task02,6,54,0,-0.8601223574350134,0.2973137823143574,0.5,0,-0.6992788910865784,0.3319721221923828,1,5.717189030257664e-06,4.928297363726884,9.37158747821837,1,0,0.2959948096924155,0,0,fold_3
2182,sub21,task02,7,55,0,-0.6905134898232894,0.33391885461669524,0.5,0,-0.6631551384925842,0.3400312066078186,1,5.717189030257664e-06,4.928297363726884,9.37158747821837,1,0,0.2843061794374653,0,0,fold_3
2183,sub21,task02,8,56,0,-1.0629202217401754,0.256751792146194,0.5,0,-0.4959815740585327,0.37848547101020813,1,5.717189030257664e-06,4.928297363726884,9.37158747821837,1,0,0.26264670425391223,0,0,fold_3
2184,sub21,task02,9,57,0,-1.0343176643713607,0.2622478915495066,0.5,0,-0.24162471294403076,0.4398859739303589,1,5.717189030257664e-06,4.928297363726884,9.37158747821837,1,0,0.2667095832271929,0,0,fold_3
2185,sub21,task02,10,58,0,-1.00000504702385,0.26894042906603605,0.5,0,-0.12086784839630127,0.4698197841644287,1,5.717189030257664e-06,4.928297363726884,9.37158747821837,1,0,0.26894042906603605,0,0,fold_3
2273,sub23,rest01,0,0,0,-1.223276816743457,0.2273603058429358,0.5,0,-0.2564432621002197,0.43623822927474976,1,2.386544944473692e-06,1.9159023296360522,17.06154203330768,0,1,0.22488509780077695,0,1,fold_3
2274,sub23,rest01,1,1,0,-1.2509182695322973,0.22254122245051783,0.5,0,-0.36583054065704346,0.40954887866973877,1,2.386544944473692e-06,1.9159023296360522,17.06154203330768,0,1,0.22351892073744972,0,1,fold_3
2275,sub23,rest01,2,2,0,-1.238175275687966,0.22475376510887718,0.5,0,-0.3513331413269043,0.41305917501449585,1,2.386544944473692e-06,1.9159023296360522,17.06154203330768,0,1,0.22500609861917212,0,1,fold_3
2276,sub23,rest01,3,3,0,-1.2467584289150713,0.22326177465295413,0.5,0,-0.46377742290496826,0.38609012961387634,1,2.386544944473692e-06,1.9159023296360522,17.06154203330768,0,1,0.22419032074706777,0,1,fold_3
2277,sub23,rest01,4,4,0,-1.2253133243290184,0.22700275609568507,0.5,0,-0.23116528987884521,0.442464679479599,1,2.386544944473692e-06,1.9159023296360522,17.06154203330768,0,1,0.22354360002217563,0,1,fold_3
2278,sub23,rest01,5,5,0,-1.252275823635723,0.22230643149256404,0.5,0,-0.38459551334381104,0.40501898527145386,1,2.386544944473692e-06,1.9159023296360522,17.06154203330768,0,1,0.2214988872703045,0,1,fold_3
2279,sub23,rest01,6,6,0,-1.2579812038989946,0.22132161247827778,0.5,0,-0.4701955318450928,0.3845699727535248,1,2.386544944473692e-06,1.9159023296360522,17.06154203330768,0,1,0.22114271404426686,0,1,fold_3
2280,sub23,rest01,7,7,1,-1.263512173219259,0.22036988370116553,0.5,0,-0.6148591041564941,0.35095158219337463,1,2.386544944473692e-06,1.9159023296360522,17.06154203330768,0,1,,,,fold_3
2281,sub23,rest01,8,8,0,-1.2606116512134882,0.22086861784007167,0.5,0,-0.7111326456069946,0.329348623752594,1,2.386544944473692e-06,1.9159023296360522,17.06154203330768,0,1,0.22398851950247364,0,1,fold_3
2282,sub23,rest01,9,9,0,-1.2584669460022928,0.22123791181445113,0.5,0,-0.713752269744873,0.328770250082016,1,2.386544944473692e-06,1.9159023296360522,17.06154203330768,0,1,0.22612936139046927,0,1,fold_3
2283,sub23,rest01,10,10,1,-1.2093118313747793,0.22982283711144133,0.5,0,-0.4055206775665283,0.3999866545200348,1,2.386544944473692e-06,1.9159023296360522,17.06154203330768,0,1,,,,fold_3
2284,sub23,rest01,11,11,0,-1.2091073745212852,0.22985902885289813,0.5,0,-0.331282377243042,0.4179286062717438,1,2.386544944473692e-06,1.9159023296360522,17.06154203330768,0,1,0.22602614097050897,0,1,fold_3
2285,sub23,rest01,12,12,0,-1.223670570433163,0.22729114350405855,0.5,0,-0.442954421043396,0.3910371959209442,1,2.386544944473692e-06,1.9159023296360522,17.06154203330768,0,1,0.22349515870726924,0,1,fold_3
2286,sub23,rest01,13,13,1,-1.2525238903125653,0.22226354712148935,0.5,0,-0.5015270709991455,0.37718188762664795,1,2.386544944473692e-06,1.9159023296360522,17.06154203330768,0,1,,,,fold_3
2287,sub23,rest01,14,14,0,-1.2602651554998645,0.2209282505545702,0.5,0,-0.6004493236541748,0.35424089431762695,1,2.386544944473692e-06,1.9159023296360522,17.06154203330768,0,1,0.223720503839741,0,1,fold_3
2288,sub23,rest01,15,15,0,-1.2525092258716854,0.22226608206317897,0.5,0,-0.7663716077804565,0.31726452708244324,1,2.386544944473692e-06,1.9159023296360522,17.06154203330768,0,1,0.2249465125157238,0,1,fold_3
2289,sub23,rest01,16,16,1,-1.2456390281242296,0.2234559567433566,0.5,0,-0.7508794069290161,0.32062971591949463,1,2.386544944473692e-06,1.9159023296360522,17.06154203330768,0,1,,,,fold_3
2290,sub23,rest01,17,17,0,-1.2198253970915829,0.22796717890147386,0.5,0,-0.4288889169692993,0.39439165592193604,1,2.386544944473692e-06,1.9159023296360522,17.06154203330768,0,1,0.22572341748503724,0,1,fold_3
2291,sub23,rest01,18,18,0,-1.239021943048542,0.22460627658251864,0.5,0,-0.4702296853065491,0.3845618665218353,1,2.386544944473692e-06,1.9159023296360522,17.06154203330768,0,1,0.2258025017104027,0,1,fold_3
2292,sub23,rest01,19,19,0,-1.2390763748709737,0.22459679697111926,0.5,0,-0.4815290570259094,0.3818911015987396,1,2.386544944473692e-06,1.9159023296360522,17.06154203330768,0,1,0.22897361255403806,0,1,fold_3
2293,sub23,rest01,20,20,0,-1.218477850265736,0.22820443157757025,0.5,0,-0.323089599609375,0.41992297768592834,1,2.386544944473692e-06,1.9159023296360522,17.06154203330768,0,1,0.24068812057638644,0,1,fold_3
2294,sub23,rest01,21,21,0,-1.1851938750582378,0.2341196091134247,0.5,0,-0.08600449562072754,0.47851210832595825,1,2.386544944473692e-06,1.9159023296360522,17.06154203330768,0,1,0.2601167832309385,0,1,fold_3
2295,sub23,rest01,22,22,0,-1.0473186754777095,0.25974032103816436,0.5,0,0.9557514190673828,0.7222703099250793,1,2.386544944473692e-06,1.9159023296360522,17.06154203330768,0,1,0.2775737200402058,0,1,fold_3
2296,sub23,rest01,23,23,0,-0.9124907682901829,0.2864904195412265,0.5,0,2.0266411304473877,0.8835659623146057,1,2.386544944473692e-06,1.9159023296360522,17.06154203330768,0,1,0.2864904195412265,0,1,fold_3
2297,sub23,rest02,0,24,0,-0.9447932307774277,0.2799331498953703,0.5,0,1.4018745422363281,0.8024811744689941,1,2.386544944473692e-06,1.9159023296360522,17.06154203330768,0,1,0.278701592319669,0,1,fold_3
2298,sub23,rest02,1,25,0,-0.979518725812723,0.2729872894144132,0.5,0,1.3177158832550049,0.7888014316558838,1,2.386544944473692e-06,1.9159023296360522,17.06154203330768,0,1,0.2673049869166607,0,1,fold_3
2299,sub23,rest02,2,26,0,-0.9287206564205046,0.28318433764922346,0.5,0,1.4780921936035156,0.8142842650413513,1,2.386544944473692e-06,1.9159023296360522,17.06154203330768,0,1,0.2570010682486752,0,1,fold_3
2300,sub23,rest02,3,27,0,-1.1214450840785528,0.24574333368634552,0.5,0,0.7427875995635986,0.677605152130127,1,2.386544944473692e-06,1.9159023296360522,17.06154203330768,0,1,0.24392390150069856,0,1,fold_3
2301,sub23,rest02,4,28,0,-1.1413339333906873,0.24207553341045665,0.5,0,0.6094450950622559,0.647814154624939,1,2.386544944473692e-06,1.9159023296360522,17.06154203330768,0,1,0.24348478711216806,0,1,fold_3
2302,sub23,rest02,5,29,0,-1.1311288413303948,0.24395283740529355,0.5,0,0.7327611446380615,0.6754108667373657,1,2.386544944473692e-06,1.9159023296360522,17.06154203330768,0,1,0.2471248734996038,0,1,fold_3
2303,sub23,rest02,6,30,0,-1.1285651720042416,0.244425990520754,0.5,0,0.8009920120239258,0.690186619758606,1,2.386544944473692e-06,1.9159023296360522,17.06154203330768,0,1,0.25030970811499087,0,1,fold_3
2304,sub23,rest02,7,31,0,-1.0826979591076082,0.2529957925727639,0.5,0,1.0415773391723633,0.7391542196273804,1,2.386544944473692e-06,1.9159023296360522,17.06154203330768,0,1,0.25295172522274056,0,1,fold_3
2305,sub23,rest02,8,32,0,-1.0799930005188194,0.2535073412514547,0.5,0,1.0617003440856934,0.7430154085159302,1,2.386544944473692e-06,1.9159023296360522,17.06154203330768,0,1,0.24940720922436246,0,1,fold_3
2306,sub23,rest02,9,33,0,-1.0861071189391058,0.25235204184400317,0.5,0,1.0058236122131348,0.7322020530700684,1,2.386544944473692e-06,1.9159023296360522,17.06154203330768,0,1,0.24528439370178043,0,1,fold_3
2307,sub23,rest02,10,34,0,-1.1397718908220305,0.24236224457762953,0.5,0,0.688601016998291,0.6656556129455566,1,2.386544944473692e-06,1.9159023296360522,17.06154203330768,0,1,0.24364252732956315,0,1,fold_3
2308,sub23,rest02,11,35,0,-1.146445669734669,0.24113889468370858,0.5,0,0.6220452785491943,0.650683581829071,1,2.386544944473692e-06,1.9159023296360522,17.06154203330768,0,1,0.24504867582153592,0,1,fold_3
2309,sub23,rest02,12,36,0,-1.1123854056400613,0.2474264427273514,0.5,0,0.8046941757202148,0.6909777522087097,1,2.386544944473692e-06,1.9159023296360522,17.06154203330768,0,1,0.2425430990968922,0,1,fold_3
2310,sub23,rest02,13,37,0,-1.1169326423994625,0.2465806900535477,0.5,0,0.769038200378418,0.6833128333091736,1,2.386544944473692e-06,1.9159023296360522,17.06154203330768,0,1,0.2582625689203954,0,1,fold_3
2311,sub23,rest02,14,38,0,-1.1879701771767937,0.2336221645097774,0.5,0,0.3008089065551758,0.5746402740478516,1,2.386544944473692e-06,1.9159023296360522,17.06154203330768,0,1,0.2748591579314833,0,1,fold_3
2312,sub23,rest02,15,39,0,-0.8732194071265456,0.29458485219786096,0.5,0,1.583265781402588,0.8296664953231812,1,2.386544944473692e-06,1.9159023296360522,17.06154203330768,0,1,0.2896966650633197,0,1,fold_3
2313,sub23,rest02,16,40,0,-0.8646417841965427,0.29637045708681153,0.5,0,1.6620497703552246,0.8405129909515381,1,2.386544944473692e-06,1.9159023296360522,17.06154203330768,0,1,0.2670194500225451,0,1,fold_3
2314,sub23,rest02,17,41,0,-0.9537330978748707,0.2781346859052866,0.5,0,1.1893854141235352,0.7666311264038086,1,2.386544944473692e-06,1.9159023296360522,17.06154203330768,0,1,0.24424740996220276,0,1,fold_3
2315,sub23,rest02,18,42,0,-1.227877053057317,0.22655320707553722,0.5,0,-0.055344343185424805,0.4861674904823303,1,2.386544944473692e-06,1.9159023296360522,17.06154203330768,0,1,0.22818822889761856,0,1,fold_3
2316,sub23,rest02,19,43,0,-1.2193302426316694,0.22805433690578447,0.5,0,0.07358372211456299,0.5183876752853394,1,2.386544944473692e-06,1.9159023296360522,17.06154203330768,0,1,0.23633630200912514,0,1,fold_3
2317,sub23,rest02,20,44,0,-1.2085532165913544,0.22995714271153397,0.5,0,0.09097099304199219,0.5227270722389221,1,2.386544944473692e-06,1.9159023296360522,17.06154203330768,0,1,0.25879946310624025,0,1,fold_3
2318,sub23,rest02,21,45,0,-1.0932997338131216,0.250997426410057,0.5,0,0.6969790458679199,0.6675176620483398,1,2.386544944473692e-06,1.9159023296360522,17.06154203330768,0,1,0.2944159736810677,0,1,fold_3
2319,sub23,rest02,22,46,0,-0.869089371383897,0.2954438201971297,0.5,0,2.0621533393859863,0.8871698379516602,1,2.386544944473692e-06,1.9159023296360522,17.06154203330768,0,1,0.32301905635638745,0,1,fold_3
2320,sub23,rest02,23,47,0,-0.6775574404027995,0.3368066744360163,0.5,0,3.6110315322875977,0.9736871719360352,1,2.386544944473692e-06,1.9159023296360522,17.06154203330768,0,1,0.3368066744360163,0,1,fold_3
2321,sub23,task02,0,48,0,0.2940139112992033,0.572978519660186,0.5,1,6.190193176269531,0.9979547262191772,1,2.386544944473692e-06,1.9159023296360522,17.06154203330768,1,1,0.5406266534671978,1,1,fold_3
2322,sub23,task02,1,49,0,-0.07158292630475072,0.4821119061595607,0.5,0,4.707475662231445,0.9910532832145691,1,2.386544944473692e-06,1.9159023296360522,17.06154203330768,1,0,0.5135498309591612,1,1,fold_3
2323,sub23,task02,2,50,0,0.26876437037221856,0.5667895345818469,0.5,1,5.724154949188232,0.9967445135116577,1,2.386544944473692e-06,1.9159023296360522,17.06154203330768,1,1,0.5347563804298512,1,1,fold_3
2324,sub23,task02,3,51,0,-0.033010788817286155,0.49174805213607603,0.5,0,4.596821308135986,0.9900168776512146,1,2.386544944473692e-06,1.9159023296360522,17.06154203330768,1,0,0.498690614518893,0,0,fold_3
2325,sub23,task02,4,52,0,0.18343888375922196,0.5457315545716306,0.5,1,5.554816246032715,0.9961460828781128,1,2.386544944473692e-06,1.9159023296360522,17.06154203330768,1,1,0.5337022316044598,1,1,fold_3
2326,sub23,task02,5,53,0,-0.1660112737622946,0.4585922368489726,0.5,0,4.5229573249816895,0.9892597198486328,1,2.386544944473692e-06,1.9159023296360522,17.06154203330768,1,0,0.5698534174046658,1,1,fold_3
2327,sub23,task02,6,54,0,0.3920782831912787,0.5967829033927762,0.5,1,6.8490681648254395,0.998940646648407,1,2.386544944473692e-06,1.9159023296360522,17.06154203330768,1,1,0.6317630777141707,1,1,fold_3
2328,sub23,task02,7,55,0,0.6374867310454427,0.6541851119722486,0.5,1,7.639672756195068,0.9995192289352417,1,2.386544944473692e-06,1.9159023296360522,17.06154203330768,1,1,0.6513495863797139,1,1,fold_3
2329,sub23,task02,8,56,0,0.5941693607118771,0.6443212177774875,0.5,1,7.271519184112549,0.9993053674697876,1,2.386544944473692e-06,1.9159023296360522,17.06154203330768,1,1,0.6411620510191528,1,1,fold_3
2330,sub23,task02,9,57,0,0.643492108756591,0.6555424293894055,0.5,1,7.718167781829834,0.9995555281639099,1,2.386544944473692e-06,1.9159023296360522,17.06154203330768,1,1,0.6630735093666903,1,1,fold_3
2331,sub23,task02,10,58,0,0.5049526133588071,0.6236225058905651,0.5,1,6.7791266441345215,0.9988640546798706,1,2.386544944473692e-06,1.9159023296360522,17.06154203330768,1,1,0.6862543355519207,1,1,fold_3
2332,sub23,task02,11,59,0,0.8956540614925272,0.7100555928201002,0.5,1,8.479537963867188,0.9997923970222473,1,2.386544944473692e-06,1.9159023296360522,17.06154203330768,1,1,0.7269430723333276,1,1,fold_3
2333,sub23,task02,12,60,0,0.9698264685767619,0.7250849079450966,0.5,1,8.656511306762695,0.9998260140419006,1,2.386544944473692e-06,1.9159023296360522,17.06154203330768,1,1,0.7381904382914808,1,1,fold_3
2334,sub23,task02,13,61,0,1.0757491993510067,0.7456887162347855,0.5,1,9.862260818481445,0.9999479055404663,1,2.386544944473692e-06,1.9159023296360522,17.06154203330768,1,1,0.7367311923581168,1,1,fold_3
2335,sub23,task02,14,62,0,1.0658016736419365,0.7437976906945604,0.5,1,9.741628646850586,0.9999412298202515,1,2.386544944473692e-06,1.9159023296360522,17.06154203330768,1,1,0.7245237932206446,1,1,fold_3
2336,sub23,task02,15,63,0,0.9479721099618568,0.7207071701450045,0.5,1,9.115163803100586,0.9998899698257446,1,2.386544944473692e-06,1.9159023296360522,17.06154203330768,1,1,0.7189586613596942,1,1,fold_3
2337,sub23,task02,16,64,0,0.8908546887321341,0.709066518822369,0.5,1,8.39236068725586,0.9997734427452087,1,2.386544944473692e-06,1.9159023296360522,17.06154203330768,1,1,0.7227931835005124,1,1,fold_3
2338,sub23,task02,17,65,0,0.9799701585835896,0.7271022951117088,0.5,1,8.589492797851562,0.999813973903656,1,2.386544944473692e-06,1.9159023296360522,17.06154203330768,1,1,0.7294561564062966,1,1,fold_3
2339,sub23,task02,18,66,0,1.005868023298818,0.7322107365674593,0.5,1,8.955799102783203,0.999871015548706,1,2.386544944473692e-06,1.9159023296360522,17.06154203330768,1,1,0.7263223964363886,1,1,fold_3
2340,sub23,task02,19,67,0,0.9898355417392873,0.7290554375397217,0.5,1,9.158262252807617,0.9998946189880371,1,2.386544944473692e-06,1.9159023296360522,17.06154203330768,1,1,0.7212553248967762,1,1,fold_3
2341,sub23,task02,20,68,0,0.9330863298847298,0.7177010152019851,0.5,1,9.072454452514648,0.9998852014541626,1,2.386544944473692e-06,1.9159023296360522,17.06154203330768,1,1,0.7102704477901322,1,1,fold_3
2342,sub23,task02,21,69,0,0.9296758701588862,0.7170095219486216,0.5,1,8.960836410522461,0.9998716115951538,1,2.386544944473692e-06,1.9159023296360522,17.06154203330768,1,1,0.6899685277871505,1,1,fold_3
2343,sub23,task02,22,70,0,0.8287984393615315,0.6961008062197898,0.5,1,8.019939422607422,0.999671220779419,1,2.386544944473692e-06,1.9159023296360522,17.06154203330768,1,1,0.6798209121717539,1,1,fold_3
2344,sub23,task02,23,71,0,0.6490451412712538,0.6567952551930404,0.5,1,7.42877721786499,0.9994064569473267,1,2.386544944473692e-06,1.9159023296360522,17.06154203330768,1,1,0.688324277937308,1,1,fold_3
2345,sub23,task02,24,72,0,0.7841166860283482,0.6865666751024313,0.5,1,7.852807521820068,0.9996115565299988,1,2.386544944473692e-06,1.9159023296360522,17.06154203330768,1,1,0.711030552051895,1,1,fold_3
2346,sub23,task02,25,73,0,0.9524663160653836,0.7216109035164524,0.5,1,8.90550422668457,0.9998643398284912,1,2.386544944473692e-06,1.9159023296360522,17.06154203330768,1,1,0.7192001108076019,1,1,fold_3
2347,sub23,task02,26,74,0,0.9689696399026054,0.7249140775368016,0.5,1,9.070816040039062,0.999885082244873,1,2.386544944473692e-06,1.9159023296360522,17.06154203330768,1,1,0.7209744450291048,1,1,fold_3
2348,sub23,task02,27,75,0,0.9006124808769714,0.7110753513695517,0.5,1,8.27641487121582,0.9997456669807434,1,2.386544944473692e-06,1.9159023296360522,17.06154203330768,1,1,0.7245819298872713,1,1,fold_3
2349,sub23,task02,28,76,0,0.9791216925228193,0.726933906180961,0.5,1,8.349018096923828,0.9997634291648865,1,2.386544944473692e-06,1.9159023296360522,17.06154203330768,1,1,0.7312680105213797,1,1,fold_3
2350,sub23,task02,29,77,0,1.0239254920486816,0.7357365321113015,0.5,1,8.975320816040039,0.9998735189437866,1,2.386544944473692e-06,1.9159023296360522,17.06154203330768,1,1,0.7346309609278249,1,1,fold_3
2351,sub23,task02,30,78,0,1.0003815702089707,0.7311335932718765,0.5,1,8.95419692993164,0.999870777130127,1,2.386544944473692e-06,1.9159023296360522,17.06154203330768,1,1,0.7393808454789329,1,1,fold_3
2352,sub23,task02,31,79,0,1.0305512717443872,0.7370227574002965,0.5,1,9.055768966674805,0.9998832941055298,1,2.386544944473692e-06,1.9159023296360522,17.06154203330768,1,1,0.7485925488374005,1,1,fold_3
2353,sub23,task02,32,80,0,1.0985386141030902,0.7499861857646256,0.5,1,9.288389205932617,0.9999074935913086,1,2.386544944473692e-06,1.9159023296360522,17.06154203330768,1,1,0.7521139345504331,1,1,fold_3
2354,sub23,task02,33,81,0,1.1459407818948462,0.7587687033472796,0.5,1,9.819234848022461,0.9999456405639648,1,2.386544944473692e-06,1.9159023296360522,17.06154203330768,1,1,0.7472400243136539,1,1,fold_3
2355,sub23,task02,34,82,0,1.0857835986749946,0.7475869145393942,0.5,1,9.858205795288086,0.9999476671218872,1,2.386544944473692e-06,1.9159023296360522,17.06154203330768,1,1,0.7318634209307243,1,1,fold_3
2356,sub23,task02,35,83,0,1.022012656234343,0.7353644550542876,0.5,1,9.895978927612305,0.99994957447052,1,2.386544944473692e-06,1.9159023296360522,17.06154203330768,1,1,0.7202140804837568,1,1,fold_3
2357,sub23,task02,36,84,0,0.9082351942409747,0.7126388931984914,0.5,1,10.428852081298828,0.9999704360961914,1,2.386544944473692e-06,1.9159023296360522,17.06154203330768,1,1,0.7126388931984914,1,1,fold_3
2358,sub23,rest04,0,85,0,0.8600799829364862,0.7026773648015335,0.5,1,7.754317760467529,0.9995712637901306,1,2.386544944473692e-06,1.9159023296360522,17.06154203330768,1,1,0.7332234945098678,1,1,fold_3
2359,sub23,rest04,1,86,0,1.1322280687975688,0.7562498468777217,0.5,1,9.197439193725586,0.9998986721038818,1,2.386544944473692e-06,1.9159023296360522,17.06154203330768,1,1,0.7509079533425235,1,1,fold_3
2360,sub23,rest04,2,87,0,1.049835304389811,0.7407432718503484,0.5,1,8.976818084716797,0.9998736381530762,1,2.386544944473692e-06,1.9159023296360522,17.06154203330768,1,1,0.7469889780747251,1,1,fold_3
2361,sub23,rest04,3,88,0,1.1294140143087,0.7557307412995006,0.5,1,9.24618148803711,0.9999035596847534,1,2.386544944473692e-06,1.9159023296360522,17.06154203330768,1,1,0.7443284460305111,1,1,fold_3
2362,sub23,rest04,4,89,0,1.0694532283568274,0.7444929210743264,0.5,1,9.328922271728516,0.9999111890792847,1,2.386544944473692e-06,1.9159023296360522,17.06154203330768,1,1,0.7323463980596125,1,1,fold_3
2363,sub23,rest04,5,90,0,1.0086796529944426,0.7327616757177062,0.5,1,8.66401481628418,0.9998273253440857,1,2.386544944473692e-06,1.9159023296360522,17.06154203330768,1,1,0.7220686906240349,1,1,fold_3
2364,sub23,rest04,6,91,0,0.943393394493023,0.7197845973868049,0.5,1,8.500600814819336,0.9997966885566711,1,2.386544944473692e-06,1.9159023296360522,17.06154203330768,1,1,0.7212115903518815,1,1,fold_3
2365,sub23,rest04,7,92,0,0.9132257577700037,0.7136597987675932,0.5,1,8.302955627441406,0.9997522234916687,1,2.386544944473692e-06,1.9159023296360522,17.06154203330768,1,1,0.7225754951307071,1,1,fold_3
2366,sub23,rest04,8,93,0,0.9955886696021291,0.7301903749012465,0.5,1,9.430061340332031,0.9999197721481323,1,2.386544944473692e-06,1.9159023296360522,17.06154203330768,1,1,0.7034284819874183,1,1,fold_3
2367,sub23,rest04,9,94,0,0.9637716263697677,0.7238763117232816,0.5,1,9.34306526184082,0.9999123811721802,1,2.386544944473692e-06,1.9159023296360522,17.06154203330768,1,1,0.6478582217873607,1,1,fold_3
2368,sub23,rest04,10,95,0,0.6464886811761057,0.6562187593377271,0.5,1,7.00259256362915,0.9990912675857544,1,2.386544944473692e-06,1.9159023296360522,17.06154203330768,1,1,0.58665527391788,1,1,fold_3
2369,sub23,rest04,11,96,0,0.2552959977655586,0.5634795943010734,0.5,1,5.585007190704346,0.9962602853775024,1,2.386544944473692e-06,1.9159023296360522,17.06154203330768,1,1,0.5921795463357924,1,1,fold_3
2370,sub23,rest04,12,97,0,0.16141946030537327,0.5402674681148395,0.5,1,5.205162048339844,0.9945418238639832,1,2.386544944473692e-06,1.9159023296360522,17.06154203330768,1,1,0.6374462856472428,1,1,fold_3
2371,sub23,rest04,13,98,0,0.7208382403400702,0.6727915765914643,0.5,1,7.1929612159729,0.9992486834526062,1,2.386544944473692e-06,1.9159023296360522,17.06154203330768,1,1,0.7017016701354951,1,1,fold_3
2372,sub23,rest04,14,99,0,0.8438707421217805,0.6992798122354246,0.5,1,8.548133850097656,0.9998061060905457,1,2.386544944473692e-06,1.9159023296360522,17.06154203330768,1,1,0.7250409548784112,1,1,fold_3
2373,sub23,rest04,15,100,0,1.010068842340435,0.7330336215795963,0.5,1,9.226062774658203,0.999901533126831,1,2.386544944473692e-06,1.9159023296360522,17.06154203330768,1,1,0.7424842874170646,1,1,fold_3
2374,sub23,rest04,16,101,0,1.060622201281947,0.7428094308202124,0.5,1,9.359912872314453,0.9999139308929443,1,2.386544944473692e-06,1.9159023296360522,17.06154203330768,1,1,0.7471562707538132,1,1,fold_3
2375,sub23,rest04,17,102,0,1.1072164622876512,0.7516098098513851,0.5,1,10.018295288085938,0.999955415725708,1,2.386544944473692e-06,1.9159023296360522,17.06154203330768,1,1,0.7374058609470161,1,1,fold_3
2376,sub23,rest04,18,103,0,1.082938009435733,0.7470495715898423,0.5,1,9.855966567993164,0.9999475479125977,1,2.386544944473692e-06,1.9159023296360522,17.06154203330768,1,1,0.7217903412345429,1,1,fold_3
2377,sub23,rest04,19,104,0,0.9127286360081016,0.713558201399821,0.5,1,9.337930679321289,0.9999120235443115,1,2.386544944473692e-06,1.9159023296360522,17.06154203330768,1,1,0.7046422349026193,1,1,fold_3
2378,sub23,rest04,20,105,0,0.8700843573943163,0.7047632507139653,0.5,1,9.165246963500977,0.9998953342437744,1,2.386544944473692e-06,1.9159023296360522,17.06154203330768,1,1,0.7028902012119582,1,1,fold_3
2379,sub23,rest04,21,106,0,0.8264569633485637,0.6956052525940718,0.5,1,8.928829193115234,0.9998674392700195,1,2.386544944473692e-06,1.9159023296360522,17.06154203330768,1,1,0.6982137449066377,1,1,fold_3
2380,sub23,rest04,22,107,0,0.8871520215168064,0.7083021003278377,0.5,1,9.233955383300781,0.9999023675918579,1,2.386544944473692e-06,1.9159023296360522,17.06154203330768,1,1,0.6965899546412816,1,1,fold_3
2381,sub23,rest04,23,108,0,0.8035524989697967,0.6907338817980035,0.5,1,9.308547973632812,0.9999094009399414,1,2.386544944473692e-06,1.9159023296360522,17.06154203330768,1,1,0.6907338817980037,1,1,fold_3
62,sub2,rest01,0,0,0,0.4560938401900268,0.6120871183846108,0.5,1,3.853698968887329,0.9792390465736389,1,2.1929258462176305e-06,2.515487257529541,11.180421351683881,0,0,0.5254870490709002,1,0,fold_4
63,sub2,rest01,1,1,0,0.41744800981007385,0.6028724200449525,0.5,1,3.3174402713775635,0.9650223255157471,1,2.1929258462176305e-06,2.515487257529541,11.180421351683881,0,0,0.4093183918583989,0,1,fold_4
64,sub2,rest01,2,2,0,-0.5688526639523357,0.36150160878313725,0.5,0,1.2413766384124756,0.7758035659790039,1,2.1929258462176305e-06,2.515487257529541,11.180421351683881,0,1,0.35414945068007603,0,1,fold_4
65,sub2,rest01,3,3,0,-1.027437773083022,0.263581146747107,0.5,0,0.66802978515625,0.6610618829727173,1,2.1929258462176305e-06,2.515487257529541,11.180421351683881,0,1,0.3756106850367457,0,1,fold_4
66,sub2,rest01,4,4,0,-0.2518605944524245,0.4373655965099839,0.5,0,2.0640995502471924,0.8873645663261414,1,2.1929258462176305e-06,2.515487257529541,11.180421351683881,0,1,0.39407009266380805,0,1,fold_4
67,sub2,rest01,5,5,0,-0.2986590924741835,0.4258853118531463,0.5,0,1.941779613494873,0.8745474815368652,1,2.1929258462176305e-06,2.515487257529541,11.180421351683881,0,1,0.3112921164709811,0,1,fold_4
68,sub2,rest01,6,6,0,-0.7585582404404843,0.31895936962829396,0.5,0,0.8301126956939697,0.696378767490387,1,2.1929258462176305e-06,2.515487257529541,11.180421351683881,0,1,0.23302604714779926,0,1,fold_4
69,sub2,rest01,7,7,1,-1.3951277552144177,0.19859040157217098,0.5,0,-0.5244382619857788,0.371815025806427,1,2.1929258462176305e-06,2.515487257529541,11.180421351683881,0,1,,,,fold_4
70,sub2,rest01,8,8,0,-1.4563144491317237,0.18903166793150306,0.5,0,-0.6907408237457275,0.3338682949542999,1,2.1929258462176305e-06,2.515487257529541,11.180421351683881,0,1,0.18974446954213198,0,1,fold_4
71,sub2,rest01,9,9,0,-1.442961877312063,0.19108710388360073,0.5,0,-0.7075190544128418,0.33014729619026184,1,2.1929258462176305e-06,2.515487257529541,11.180421351683881,0,1,0.1914998199542622,0,1,fold_4
72,sub2,rest01,10,10,1,-1.49433926641971,0.18327132036971058,0.5,0,-0.5457004904747009,0.3668624758720398,1,2.1929258462176305e-06,2.515487257529541,11.180421351683881,0,1,,,,fold_4
73,sub2,rest01,11,11,0,-1.4557733165445714,0.18911463681129215,0.5,0,-0.5197428464889526,0.37291237711906433,1,2.1929258462176305e-06,2.515487257529541,11.180421351683881,0,1,0.19953729829829092,0,1,fold_4
74,sub2,rest01,12,12,0,-1.4223226780487075,0.1942977191678938,0.5,0,-0.3179354667663574,0.4211789667606354,1,2.1929258462176305e-06,2.515487257529541,11.180421351683881,0,1,0.20944018882189108,0,1,fold_4
75,sub2,rest01,13,13,1,-1.377744888420546,0.20137142476596628,0.5,0,-0.6339011192321777,0.34662649035453796,1,2.1929258462176305e-06,2.515487257529541,11.180421351683881,0,1,,,,fold_4
76,sub2,rest01,14,14,0,-1.2938638100689832,0.2151995389156868,0.5,0,-0.4580000042915344,0.3874603807926178,1,2.1929258462176305e-06,2.515487257529541,11.180421351683881,0,1,0.21001404444303406,0,1,fold_4
77,sub2,rest01,15,15,0,-1.2725367687901474,0.21882330838209268,0.5,0,-0.29967641830444336,0.4256366193294525,1,2.1929258462176305e-06,2.515487257529541,11.180421351683881,0,1,0.20499347329523002,0,1,fold_4
78,sub2,rest01,16,16,1,-1.4047372612913633,0.1970654556046917,0.5,0,-0.6524527668952942,0.3424369990825653,1,2.1929258462176305e-06,2.515487257529541,11.180421351683881,0,1,,,,fold_4
79,sub2,rest01,17,17,0,-1.4113622287813787,0.19601928603132265,0.5,0,-0.32765066623687744,0.4188123643398285,1,2.1929258462176305e-06,2.515487257529541,11.180421351683881,0,1,0.20093274853437335,0,1,fold_4
80,sub2,rest01,18,18,0,-1.3854331744151807,0.2001378254722748,0.5,0,-0.09700226783752441,0.47576841711997986,1,2.1929258462176305e-06,2.515487257529541,11.180421351683881,0,1,0.20215076729908044,0,1,fold_4
81,sub2,rest01,19,19,0,-1.3452920243286597,0.2066411340995225,0.5,0,-0.11681687831878662,0.47082892060279846,1,2.1929258462176305e-06,2.515487257529541,11.180421351683881,0,1,0.20153186649397745,0,1,fold_4
82,sub2,rest01,20,20,0,-1.3883372235146583,0.19967334232544398,0.5,0,-0.44547247886657715,0.3904377818107605,1,2.1929258462176305e-06,2.515487257529541,11.180421351683881,0,1,0.19725527486957903,0,1,fold_4
83,sub2,rest01,21,21,0,-1.3970721817834173,0.19828112305696588,0.5,0,-0.33587145805358887,0.4168127179145813,1,2.1929258462176305e-06,2.515487257529541,11.180421351683881,0,1,0.20171718175138098,0,1,fold_4
84,sub2,rest01,22,22,0,-1.4254324498692017,0.19381135922632722,0.5,0,-0.008773088455200195,0.49780672788619995,1,2.1929258462176305e-06,2.515487257529541,11.180421351683881,0,1,0.20664316172267563,0,1,fold_4
85,sub2,rest01,23,23,0,-1.3065837791392028,0.21305906297084987,0.5,0,0.6480700969696045,0.6565754413604736,1,2.1929258462176305e-06,2.515487257529541,11.180421351683881,0,1,0.21305906297084987,0,1,fold_4
86,sub2,rest02,0,24,0,-1.4640208993540058,0.18785310936177577,0.5,0,-0.16367626190185547,0.45917201042175293,1,2.1929258462176305e-06,2.515487257529541,11.180421351683881,0,1,0.186251661977716,0,1,fold_4
87,sub2,rest02,1,25,0,-1.4793211949301381,0.18552997068225843,0.5,0,-0.1746692657470703,0.45644333958625793,1,2.1929258462176305e-06,2.515487257529541,11.180421351683881,0,1,0.18473152197182344,0,1,fold_4
88,sub2,rest02,2,26,0,-1.4803675736196653,0.18537190588911379,0.5,0,-0.060376644134521484,0.48491042852401733,1,2.1929258462176305e-06,2.515487257529541,11.180421351683881,0,1,0.2080038330138205,0,1,fold_4
89,sub2,rest02,3,27,0,-1.4941965112885391,0.18329268934409818,0.5,0,-0.2186046838760376,0.44556543231010437,1,2.1929258462176305e-06,2.515487257529541,11.180421351683881,0,1,0.24055451736571123,0,1,fold_4
90,sub2,rest02,4,28,0,-1.0702954395044395,0.25534690380824954,0.5,0,0.9286234378814697,0.7167959213256836,1,2.1929258462176305e-06,2.515487257529541,11.180421351683881,0,1,0.296747024377327,0,1,fold_4
91,sub2,rest02,5,29,0,-0.9295108698556581,0.2830239589447861,0.5,0,1.3539421558380127,0.7947733998298645,1,2.1929258462176305e-06,2.515487257529541,11.180421351683881,0,1,0.29984726184793886,0,1,fold_4
92,sub2,rest02,6,30,0,-0.6108285818318555,0.3518702103789453,0.5,0,2.4569671154022217,0.9210695028305054,1,2.1929258462176305e-06,2.515487257529541,11.180421351683881,0,1,0.3589127076120211,0,1,fold_4
93,sub2,rest02,7,31,0,-1.021950627064282,0.2646476162200852,0.5,0,1.4680838584899902,0.8127659559249878,1,2.1929258462176305e-06,2.515487257529541,11.180421351683881,0,1,0.369984045418208,0,1,fold_4
94,sub2,rest02,8,32,0,-0.15945582061920896,0.4602202962370328,0.5,0,2.3465628623962402,0.9126606583595276,1,2.1929258462176305e-06,2.515487257529541,11.180421351683881,0,1,0.4087161292167642,0,1,fold_4
95,sub2,rest02,9,33,0,-0.4680232356908441,0.38508422379750606,0.5,0,1.4813272953033447,0.8147730231285095,1,2.1929258462176305e-06,2.515487257529541,11.180421351683881,0,1,0.3179760384736274,0,1,fold_4
96,sub2,rest02,10,34,0,-0.48596797928002333,0.3808438676157538,0.5,0,1.4487557411193848,0.8098068833351135,1,2.1929258462176305e-06,2.515487257529541,11.180421351683881,0,1,0.252418965421813,0,1,fold_4
97,sub2,rest02,11,35,0,-1.4630582200655797,0.18800002400762242,0.5,0,-0.07342839241027832,0.4816511571407318,1,2.1929258462176305e-06,2.515487257529541,11.180421351683881,0,1,0.18786778024505876,0,1,fold_4
98,sub2,rest02,12,36,0,-1.460355197838342,0.1884130046420628,0.5,0,-0.15015161037445068,0.4625324606895447,1,2.1929258462176305e-06,2.515487257529541,11.180421351683881,0,1,0.18739797803875757,0,1,fold_4
99,sub2,rest02,13,37,0,-1.4683711849150838,0.1871903120854911,0.5,0,-0.09905600547790527,0.4752562344074249,1,2.1929258462176305e-06,2.515487257529541,11.180421351683881,0,1,0.18777844880104666,0,1,fold_4
100,sub2,rest02,14,38,0,-1.4723175232563575,0.1865906173887188,0.5,0,-0.11625266075134277,0.4709695279598236,1,2.1929258462176305e-06,2.515487257529541,11.180421351683881,0,1,0.1886372166516306,0,1,fold_4
101,sub2,rest02,15,39,0,-1.4529080550978126,0.18955441692893002,0.5,0,-0.0518956184387207,0.4870290160179138,1,2.1929258462176305e-06,2.515487257529541,11.180421351683881,0,1,0.18899895301074024,0,1,fold_4
102,sub2,rest02,16,40,0,-1.4515273566255096,0.1897666156372431,0.5,0,-0.10978567600250244,0.4725811183452606,1,2.1929258462176305e-06,2.515487257529541,11.180421351683881,0,1,0.18882408793696115,0,1,fold_4
103,sub2,rest02,17,41,0,-1.4651833418231146,0.1876758264660477,0.5,0,-0.030657410621643066,0.492336243391037,1,2.1929258462176305e-06,2.515487257529541,11.180421351683881,0,1,0.18782855357304507,0,1,fold_4
104,sub2,rest02,18,42,0,-1.4563264924880437,0.1890298217075926,0.5,0,0.06910121440887451,0.5172684192657471,1,2.1929258462176305e-06,2.515487257529541,11.180421351683881,0,1,0.1901894371732469,0,1,fold_4
105,sub2,rest02,19,43,0,-1.4710701393717924,0.18678001254549492,0.5,0,0.04097604751586914,0.5102425813674927,1,2.1929258462176305e-06,2.515487257529541,11.180421351683881,0,1,0.2001129086735077,0,1,fold_4
106,sub2,rest02,20,44,0,-1.41938204788708,0.19475847726665318,0.5,0,0.19938886165618896,0.5496827363967896,1,2.1929258462176305e-06,2.515487257529541,11.180421351683881,0,1,0.21986476431967664,0,1,fold_4
107,sub2,rest02,21,45,0,-1.2726717465262067,0.21880023620837494,0.5,0,0.594036340713501,0.6442907452583313,1,2.1929258462176305e-06,2.515487257529541,11.180421351683881,0,1,0.24010888569137387,0,1,fold_4
108,sub2,rest02,22,46,0,-1.119869021727075,0.24603557948400182,0.5,0,0.9829645156860352,0.7276960611343384,1,2.1929258462176305e-06,2.515487257529541,11.180421351683881,0,1,0.2523390874158305,0,1,fold_4
109,sub2,rest02,23,47,0,-1.0695385906146289,0.2554908413817449,0.5,0,1.1391565799713135,0.7575247883796692,1,2.1929258462176305e-06,2.515487257529541,11.180421351683881,0,1,0.2554908413817449,0,1,fold_4
110,sub2,task02,0,48,0,-0.6212309220109128,0.34950154922366555,0.5,0,1.6946907043457031,0.8448400497436523,1,2.1929258462176305e-06,2.515487257529541,11.180421351683881,1,0,0.36515728183347346,0,0,fold_4
111,sub2,task02,1,49,0,-0.4933386588767261,0.37910738093203944,0.5,0,2.0138914585113525,0.8822479248046875,1,2.1929258462176305e-06,2.515487257529541,11.180421351683881,1,0,0.35311580886855687,0,0,fold_4
112,sub2,task02,2,50,0,-0.545698711529511,0.3668629153447154,0.5,0,1.5588197708129883,0.8261839151382446,1,2.1929258462176305e-06,2.515487257529541,11.180421351683881,1,0,0.3743078639778583,0,0,fold_4
113,sub2,task02,3,51,0,-0.7843778345755237,0.3133771303289159,0.5,0,1.1203339099884033,0.754050612449646,1,2.1929258462176305e-06,2.515487257529541,11.180421351683881,1,0,0.40432862346837,0,0,fold_4
114,sub2,task02,4,52,0,-0.23027804591372628,0.4426835462599437,0.5,0,2.0558836460113525,0.8865407109260559,1,2.1929258462176305e-06,2.515487257529541,11.180421351683881,1,0,0.4919379130541013,0,0,fold_4
115,sub2,task02,5,53,0,-0.17272738724060982,0.45692519381625046,0.5,0,2.078831195831299,0.8888286352157593,1,2.1929258462176305e-06,2.515487257529541,11.180421351683881,1,0,0.48650828598646667,0,0,fold_4
116,sub2,task02,6,54,0,0.30721364866613476,0.5762049990861097,0.5,1,3.1424033641815186,0.9586083292961121,1,2.1929258462176305e-06,2.515487257529541,11.180421351683881,1,1,0.4563715135473867,0,0,fold_4
117,sub2,task02,7,55,0,-0.2965762288682151,0.42639466505703993,0.5,0,2.160229444503784,0.8966208696365356,1,2.1929258462176305e-06,2.515487257529541,11.180421351683881,1,0,0.422991684613146,0,0,fold_4
118,sub2,task02,8,56,0,-0.5471974052329626,0.3665148764990105,0.5,0,1.6861774921417236,0.8437207937240601,1,2.1929258462176305e-06,2.515487257529541,11.180421351683881,1,0,0.5062081669900137,1,1,fold_4
119,sub2,task02,9,57,0,-0.09581117745476385,0.47606551228338767,0.5,0,2.2563412189483643,0.9051961302757263,1,2.1929258462176305e-06,2.515487257529541,11.180421351683881,1,0,0.6261370660511103,1,1,fold_4
120,sub2,task02,10,58,0,0.7356509708334594,0.676044112187643,0.5,1,3.6582891941070557,0.9748710989952087,1,2.1929258462176305e-06,2.515487257529541,11.180421351683881,1,1,0.7094377255353802,1,1,fold_4
121,sub2,task02,11,59,0,0.9759384529521193,0.7263015736823003,0.5,1,4.6156768798828125,0.9902015328407288,1,2.1929258462176305e-06,2.515487257529541,11.180421351683881,1,1,0.6659891656539288,1,1,fold_4
122,sub2,task02,12,60,0,0.9742584889236624,0.7259674907361972,0.5,1,4.524713516235352,0.9892783761024475,1,2.1929258462176305e-06,2.515487257529541,11.180421351683881,1,1,0.6280579800632746,1,1,fold_4
123,sub2,task02,13,61,0,0.1833052787826804,0.5456984325432891,0.5,1,2.864757776260376,0.946076512336731,1,2.1929258462176305e-06,2.515487257529541,11.180421351683881,1,1,0.5899233328261473,1,1,fold_4
124,sub2,task02,14,62,0,0.4578668713879141,0.6125080169103376,0.5,1,3.3458974361419678,0.9659702181816101,1,2.1929258462176305e-06,2.515487257529541,11.180421351683881,1,1,0.6219414285085619,1,1,fold_4
125,sub2,task02,15,63,0,0.4538892918336435,0.6115635490248154,0.5,1,3.4436748027801514,0.9690420031547546,1,2.1929258462176305e-06,2.515487257529541,11.180421351683881,1,1,0.6474733136774035,1,1,fold_4
126,sub2,task02,16,64,0,0.5829795821557497,0.6417527195905327,0.5,1,3.622723340988159,0.9739850759506226,1,2.1929258462176305e-06,2.515487257529541,11.180421351683881,1,1,0.6446200712809408,1,1,fold_4
127,sub2,task02,17,65,0,0.7959322228610374,0.6891036724168622,0.5,1,4.112944602966309,0.9839037656784058,1,2.1929258462176305e-06,2.515487257529541,11.180421351683881,1,1,0.6765205595881921,1,1,fold_4
128,sub2,task02,18,66,0,0.4179968808912717,0.6030038218354273,0.5,1,3.0797784328460693,0.9560508131980896,1,2.1929258462176305e-06,2.515487257529541,11.180421351683881,1,1,0.7017233556817347,1,1,fold_4
129,sub2,task02,19,67,0,1.0327783615956039,0.7374541845122868,0.5,1,4.526915550231934,0.9893017411231995,1,2.1929258462176305e-06,2.515487257529541,11.180421351683881,1,1,0.7459488756995475,1,1,fold_4
130,sub2,task02,20,68,0,1.1786893339917268,0.7647120606974898,0.5,1,4.662796974182129,0.9906482100486755,1,2.1929258462176305e-06,2.515487257529541,11.180421351683881,1,1,0.7409190812960711,1,1,fold_4
131,sub2,task02,21,69,0,1.0236367151370134,0.735680381888866,0.5,1,4.649201393127441,0.9905214309692383,1,2.1929258462176305e-06,2.515487257529541,11.180421351683881,1,1,0.7152668446318563,1,1,fold_4
132,sub2,task02,22,70,0,0.9562222591927805,0.7223648013018573,0.5,1,4.191654205322266,0.9851040244102478,1,2.1929258462176305e-06,2.515487257529541,11.180421351683881,1,1,0.7213015652347204,1,1,fold_4
133,sub2,task02,23,71,0,0.7896461668941478,0.6877553507048456,0.5,1,4.292900085449219,0.9865190386772156,1,2.1929258462176305e-06,2.515487257529541,11.180421351683881,1,1,0.7221344695213121,1,1,fold_4
134,sub2,task02,24,72,0,1.1188995848712309,0.7537845436974584,0.5,1,5.297980308532715,0.995023250579834,1,2.1929258462176305e-06,2.515487257529541,11.180421351683881,1,1,0.7287611872797418,1,1,fold_4
135,sub2,task02,25,73,0,0.9687160941194873,0.7248635141616322,0.5,1,4.4956769943237305,0.9889659285545349,1,2.1929258462176305e-06,2.515487257529541,11.180421351683881,1,1,0.716809021659952,1,1,fold_4
136,sub2,task02,26,74,0,0.8839278383764541,0.707635503980135,0.5,1,4.234686851501465,0.985722541809082,1,2.1929258462176305e-06,2.515487257529541,11.180421351683881,1,1,0.7335521819414986,1,1,fold_4
137,sub2,task02,27,75,0,0.9342071592605768,0.7179280468380885,0.5,1,4.137171745300293,0.9842830300331116,1,2.1929258462176305e-06,2.515487257529541,11.180421351683881,1,1,0.7476778111450973,1,1,fold_4
138,sub2,task02,28,76,0,1.2372960100823354,0.7750929950062723,0.5,1,5.10152530670166,0.9939494132995605,1,2.1929258462176305e-06,2.515487257529541,11.180421351683881,1,1,0.7612426766737919,1,1,fold_4
139,sub2,task02,29,77,0,1.0986783782450409,0.7500123915909312,0.5,1,4.745332717895508,0.9913827776908875,1,2.1929258462176305e-06,2.515487257529541,11.180421351683881,1,1,0.748413090960005,1,1,fold_4
140,sub2,task02,30,78,0,1.1451429739410741,0.7586226434241723,0.5,1,5.11044979095459,0.9940027594566345,1,2.1929258462176305e-06,2.515487257529541,11.180421351683881,1,1,0.7543127824798453,1,1,fold_4
141,sub2,task02,31,79,0,1.0283930571778261,0.7366042378649111,0.5,1,4.685247421264648,0.9908539056777954,1,2.1929258462176305e-06,2.515487257529541,11.180421351683881,1,1,0.7604486630563755,1,1,fold_4
142,sub2,task02,32,80,0,1.1954336881175232,0.7677114661504524,0.5,1,5.257134437561035,0.9948168396949768,1,2.1929258462176305e-06,2.515487257529541,11.180421351683881,1,1,0.768666234091302,1,1,fold_4
143,sub2,task02,33,81,0,1.2484433722669463,0.7770302851537632,0.5,1,5.038112640380859,0.9935558438301086,1,2.1929258462176305e-06,2.515487257529541,11.180421351683881,1,1,0.7547760152551523,1,1,fold_4
144,sub2,task02,34,82,0,1.1595830850492421,0.7612569509696904,0.5,1,5.818826675415039,0.9970377683639526,1,2.1929258462176305e-06,2.515487257529541,11.180421351683881,1,1,0.7377795234178989,1,1,fold_4
145,sub2,task02,35,83,0,0.9746270698770041,0.726040809642003,0.5,1,6.25147819519043,0.9980760812759399,1,2.1929258462176305e-06,2.515487257529541,11.180421351683881,1,1,0.726040809642003,1,1,fold_4
146,sub2,rest04,0,84,0,0.8012479862471493,0.6902413741758795,0.5,1,4.117663383483887,0.9839783310890198,1,2.1929258462176305e-06,2.515487257529541,11.180421351683881,1,1,0.7148495872677486,1,1,fold_4
147,sub2,rest04,1,85,0,0.7477157443851496,0.6786807677306187,0.5,1,3.6955854892730713,0.9757687449455261,1,2.1929258462176305e-06,2.515487257529541,11.180421351683881,1,1,0.7108097428645598,1,1,fold_4
148,sub2,rest04,2,86,0,1.2403597048408153,0.7756266198967477,0.5,1,5.882203102111816,0.9972190856933594,1,2.1929258462176305e-06,2.515487257529541,11.180421351683881,1,1,0.6673507946661044,1,1,fold_4
149,sub2,rest04,3,87,0,0.7451538923916855,0.6781218409663126,0.5,1,4.02325439453125,0.9824199676513672,1,2.1929258462176305e-06,2.515487257529541,11.180421351683881,1,1,0.4953749416331212,0,0,fold_4
150,sub2,rest04,4,88,0,0.1938201801178093,0.5483039231352527,0.5,1,2.5285284519195557,0.9261177778244019,1,2.1929258462176305e-06,2.515487257529541,11.180421351683881,1,1,0.3450852207736393,0,0,fold_4
151,sub2,rest04,5,89,0,-1.047533275952953,0.25969906079779825,0.5,0,0.7415473461151123,0.6773341298103333,1,2.1929258462176305e-06,2.515487257529541,11.180421351683881,1,0,0.31009638317617566,0,0,fold_4
152,sub2,rest04,6,90,0,-1.2238895958858007,0.22725267838786706,0.5,0,0.451641321182251,0.6110293865203857,1,2.1929258462176305e-06,2.515487257529541,11.180421351683881,1,0,0.3675745299292696,0,0,fold_4
153,sub2,rest04,7,91,0,-0.2276281639791592,0.4433374103428618,0.5,0,1.6139044761657715,0.8339527249336243,1,2.1929258462176305e-06,2.515487257529541,11.180421351683881,1,0,0.5078070363454154,1,1,fold_4
154,sub2,rest04,8,92,0,-0.27315178329445855,0.43213350105708,0.5,0,1.475926160812378,0.8139564990997314,1,2.1929258462176305e-06,2.515487257529541,11.180421351683881,1,0,0.5042474210690384,1,1,fold_4
155,sub2,rest04,9,93,0,0.6100411883212566,0.6479501976363045,0.5,1,3.12719464302063,0.958000659942627,1,2.1929258462176305e-06,2.515487257529541,11.180421351683881,1,1,0.5843204783166608,1,1,fold_4
156,sub2,rest04,10,94,0,-0.27101241914364627,0.43265856451373086,0.5,0,2.173077344894409,0.8978056907653809,1,2.1929258462176305e-06,2.515487257529541,11.180421351683881,1,0,0.586329620283422,1,1,fold_4
157,sub2,rest04,11,95,0,0.7188452056051019,0.6723526727999468,0.5,1,4.318265914916992,0.98685222864151,1,2.1929258462176305e-06,2.515487257529541,11.180421351683881,1,1,0.6699291310977241,1,1,fold_4
158,sub2,rest04,12,96,0,0.636569691269838,0.6539776235365878,0.5,1,4.596083641052246,0.9900094866752625,1,2.1929258462176305e-06,2.515487257529541,11.180421351683881,1,1,0.6056848549453491,1,1,fold_4
159,sub2,rest04,13,97,0,0.7697050975251631,0.6834570969566378,0.5,1,4.251935005187988,0.9859631657600403,1,2.1929258462176305e-06,2.515487257529541,11.180421351683881,1,1,0.5487369910447183,1,1,fold_4
160,sub2,rest04,14,98,0,-0.0815658138875562,0.4796198443428216,0.5,0,2.428579092025757,0.9189807772636414,1,2.1929258462176305e-06,2.515487257529541,11.180421351683881,1,0,0.5582128609862531,1,1,fold_4
161,sub2,rest04,15,99,0,-0.06748947792133476,0.4831340318346955,0.5,0,2.3201651573181152,0.9105334281921387,1,2.1929258462176305e-06,2.515487257529541,11.180421351683881,1,0,0.6594651331098716,1,1,fold_4
162,sub2,rest04,16,100,0,0.9045552459180364,0.711884706781242,0.5,1,3.713909387588501,0.9761983156204224,1,2.1929258462176305e-06,2.515487257529541,11.180421351683881,1,1,0.7547138393194728,1,1,fold_4
163,sub2,rest04,17,101,0,1.2854535467901065,0.7833766607136775,0.5,1,5.840527534484863,0.9971011281013489,1,2.1929258462176305e-06,2.515487257529541,11.180421351683881,1,1,0.7202677161245138,1,1,fold_4
164,sub2,rest04,18,102,0,1.2019987010679714,0.7688801504634987,0.5,1,5.739850044250488,0.996795117855072,1,2.1929258462176305e-06,2.515487257529541,11.180421351683881,1,1,0.5615840324146909,1,1,fold_4
165,sub2,rest04,19,103,0,0.4412059090736662,0.6085463371963655,0.5,1,3.179229497909546,0.9600450992584229,1,2.1929258462176305e-06,2.515487257529541,11.180421351683881,1,1,0.3689137551336586,0,0,fold_4
166,sub2,rest04,20,104,0,-0.8126522306056024,0.3073256095842084,0.5,0,0.9917960166931152,0.7294425368309021,1,2.1929258462176305e-06,2.515487257529541,11.180421351683881,1,0,0.23126979166428827,0,0,fold_4
167,sub2,rest04,21,105,0,-1.4443714403017782,0.19086931862040196,0.5,0,-0.3698248863220215,0.4085833430290222,1,2.1929258462176305e-06,2.515487257529541,11.180421351683881,1,0,0.19646233078678246,0,0,fold_4
168,sub2,rest04,22,106,0,-1.4139330843213456,0.19561444678825443,0.5,0,-0.18496191501617432,0.4538908898830414,1,2.1929258462176305e-06,2.515487257529541,11.180421351683881,1,0,0.20047363356387884,0,0,fold_4
169,sub2,rest04,23,107,0,-1.3682469422071417,0.20290322695169108,0.5,0,0.21298682689666748,0.5530463457107544,1,2.1929258462176305e-06,2.515487257529541,11.180421351683881,1,0,0.20290322695169108,0,0,fold_4
282,sub4,rest01,0,0,0,-0.9169828976414848,0.28557304834856195,0.5,0,-0.45653271675109863,0.3878087103366852,1,2.7428811195663002e-06,2.105050826555525,11.154057597498856,0,1,0.2609801798658199,0,1,fold_4
283,sub4,rest01,1,1,0,-0.9460039080504604,0.2796891780046691,0.5,0,-0.47387492656707764,0.38369953632354736,1,2.7428811195663002e-06,2.105050826555525,11.154057597498856,0,1,0.25587537123155507,0,1,fold_4
284,sub4,rest01,2,2,0,-1.2792476744372865,0.21767831324422873,0.5,0,-0.7517891526222229,0.32043156027793884,1,2.7428811195663002e-06,2.105050826555525,11.154057597498856,0,1,0.26657217283551454,0,1,fold_4
285,sub4,rest01,3,3,0,-0.9933108325958337,0.27025862244576737,0.5,0,-0.45091915130615234,0.389142245054245,1,2.7428811195663002e-06,2.105050826555525,11.154057597498856,0,1,0.3010512064256738,0,1,fold_4
286,sub4,rest01,4,4,0,-0.7918126876240912,0.3117795828165475,0.5,0,-0.1823883056640625,0.45452889800071716,1,2.7428811195663002e-06,2.105050826555525,11.154057597498856,0,1,0.297938077562089,0,1,fold_4
287,sub4,rest01,5,5,0,-0.7486505329271896,0.32111541401470645,0.5,0,-0.25521695613861084,0.43653982877731323,1,2.7428811195663002e-06,2.105050826555525,11.154057597498856,0,1,0.27039578516959334,0,1,fold_4
288,sub4,rest01,6,6,0,-1.0411962851328207,0.26091923585501314,0.5,0,-0.6026896834373474,0.3537285625934601,1,2.7428811195663002e-06,2.105050826555525,11.154057597498856,0,1,0.24208176782058757,0,1,fold_4
289,sub4,rest01,7,7,1,-1.1514397877710143,0.24022619820431926,0.5,0,-0.7752246856689453,0.3153499960899353,1,2.7428811195663002e-06,2.105050826555525,11.154057597498856,0,1,,,,fold_4
290,sub4,rest01,8,8,0,-1.2131016739887084,0.22915270563906043,0.5,0,-0.8154424428939819,0.3067319691181183,1,2.7428811195663002e-06,2.105050826555525,11.154057597498856,0,1,0.23100494404820826,0,1,fold_4
291,sub4,rest01,9,9,0,-1.1737747298882202,0.2361733619676892,0.5,0,-0.745847225189209,0.32172685861587524,1,2.7428811195663002e-06,2.105050826555525,11.154057597498856,0,1,0.22458119783655497,0,1,fold_4
292,sub4,rest01,10,10,1,-1.2111928574406328,0.22949005662873012,0.5,0,-0.7393971681594849,0.32313597202301025,1,2.7428811195663002e-06,2.105050826555525,11.154057597498856,0,1,,,,fold_4
293,sub4,rest01,11,11,0,-1.2214079949391534,0.22768876453787518,0.5,0,-0.6432629823684692,0.3445093333721161,1,2.7428811195663002e-06,2.105050826555525,11.154057597498856,0,1,0.21861997802004454,0,1,fold_4
294,sub4,rest01,12,12,0,-1.3256400474508627,0.20988146700410057,0.5,0,-0.831230103969574,0.30338501930236816,1,2.7428811195663002e-06,2.105050826555525,11.154057597498856,0,1,0.22341951949285388,0,1,fold_4
295,sub4,rest01,13,13,0,-1.275661117125907,0.21828970251815796,0.5,0,-0.9184179306030273,0.28528037667274475,1,2.7428811195663002e-06,2.105050826555525,11.154057597498856,0,1,0.23756425790005417,0,1,fold_4
296,sub4,rest01,14,14,1,-1.2251361997376602,0.22703383809427002,0.5,0,-0.8742010593414307,0.29438090324401855,1,2.7428811195663002e-06,2.105050826555525,11.154057597498856,0,1,,,,fold_4
297,sub4,rest01,15,15,0,-1.141269317774199,0.2420873889563031,0.5,0,-0.760248601436615,0.31859228014945984,1,2.7428811195663002e-06,2.105050826555525,11.154057597498856,0,1,0.28000686915505624,0,1,fold_4
298,sub4,rest01,16,16,0,-1.0862998430583024,0.25231568222570144,0.5,0,-0.6999136209487915,0.3318313658237457,1,2.7428811195663002e-06,2.105050826555525,11.154057597498856,0,1,0.30957285852545924,0,1,fold_4
299,sub4,rest01,17,17,1,-0.8483966447631649,0.2997693060008508,0.5,0,-0.556861400604248,0.3642739951610565,1,2.7428811195663002e-06,2.105050826555525,11.154057597498856,0,1,,,,fold_4
300,sub4,rest01,18,18,0,-0.6383592102280826,0.34561753628316416,0.5,0,-0.3876594305038452,0.4042808711528778,1,2.7428811195663002e-06,2.105050826555525,11.154057597498856,0,1,0.30882224389701857,0,1,fold_4
301,sub4,rest01,19,19,0,-0.7046351531665402,0.3307853570675121,0.5,0,-0.3838489055633545,0.40519893169403076,1,2.7428811195663002e-06,2.105050826555525,11.154057597498856,0,1,0.2621865571763829,0,1,fold_4
302,sub4,rest01,20,20,0,-1.098271846493815,0.25006383834037954,0.5,0,-0.5555764436721802,0.36457160115242004,1,2.7428811195663002e-06,2.105050826555525,11.154057597498856,0,1,0.22430444781818729,0,1,fold_4
303,sub4,rest01,21,21,0,-1.3509783099397716,0.20571047612125715,0.5,0,-0.6870604753494263,0.3346872925758362,1,2.7428811195663002e-06,2.105050826555525,11.154057597498856,0,1,0.22394869739094866,0,1,fold_4
304,sub4,rest01,22,22,0,-1.2824172858555722,0.21713902899292523,0.5,0,-0.6485833525657654,0.34330886602401733,1,2.7428811195663002e-06,2.105050826555525,11.154057597498856,0,1,0.2544820986722985,0,1,fold_4
305,sub4,rest01,23,23,0,-1.1039710065038264,0.2489965870586635,0.5,0,-0.4922083020210266,0.3793734908103943,1,2.7428811195663002e-06,2.105050826555525,11.154057597498856,0,1,0.2812059823297591,0,1,fold_4
306,sub4,rest01,24,24,0,-0.8601372070601078,0.2973106799653068,0.5,0,-0.19209158420562744,0.4521242380142212,1,2.7428811195663002e-06,2.105050826555525,11.154057597498856,0,1,0.2973106799653068,0,1,fold_4
307,sub4,rest02,0,25,0,-1.2748504592479633,0.21842806420788716,0.5,0,-0.6787052154541016,0.33655035495758057,1,2.7428811195663002e-06,2.105050826555525,11.154057597498856,0,1,0.21313392445069426,0,1,fold_4
308,sub4,rest02,1,26,0,-1.3110111250576089,0.21231769550054547,0.5,0,-0.6275978088378906,0.3480554521083832,1,2.7428811195663002e-06,2.105050826555525,11.154057597498856,0,1,0.21480367062268377,0,1,fold_4
309,sub4,rest02,2,27,0,-1.3330457202264852,0.2086560136436502,0.5,0,-0.6616833806037903,0.3403615653514862,1,2.7428811195663002e-06,2.105050826555525,11.154057597498856,0,1,0.24266737492087379,0,1,fold_4
310,sub4,rest02,3,28,0,-1.2457465327889825,0.22343730272385562,0.5,0,-0.5742552280426025,0.36025553941726685,1,2.7428811195663002e-06,2.105050826555525,11.154057597498856,0,1,0.2795935716113797,0,1,fold_4
311,sub4,rest02,4,29,0,-0.8668565541874494,0.29590880839511563,0.5,0,-0.31968259811401367,0.4207530915737152,1,2.7428811195663002e-06,2.105050826555525,11.154057597498856,0,1,0.3141070943914914,0,1,fold_4
312,sub4,rest02,5,30,0,-0.7563713481597553,0.3194346037151679,0.5,0,-0.21718502044677734,0.44591617584228516,1,2.7428811195663002e-06,2.105050826555525,11.154057597498856,0,1,0.3024269236713394,0,1,fold_4
313,sub4,rest02,6,31,0,-0.7218857141172621,0.3269778710641908,0.5,0,-0.18576467037200928,0.4536919593811035,1,2.7428811195663002e-06,2.105050826555525,11.154057597498856,0,1,0.27695686065839537,0,1,fold_4
314,sub4,rest02,7,32,0,-1.0414604561313143,0.26086829623465946,0.5,0,-0.42098623514175415,0.39628079533576965,1,2.7428811195663002e-06,2.105050826555525,11.154057597498856,0,1,0.242923842529984,0,1,fold_4
315,sub4,rest02,8,33,0,-1.1361690908204896,0.24302441467633581,0.5,0,-0.4915968179702759,0.37951746582984924,1,2.7428811195663002e-06,2.105050826555525,11.154057597498856,0,1,0.23407599747075222,0,1,fold_4
316,sub4,rest02,9,34,0,-1.237457718131675,0.2248788166789567,0.5,0,-0.6199118494987488,0.34980151057243347,1,2.7428811195663002e-06,2.105050826555525,11.154057597498856,0,1,0.2343311552660721,0,1,fold_4
317,sub4,rest02,10,35,0,-1.1840500888674181,0.2343247610569641,0.5,0,-0.642441987991333,0.34469473361968994,1,2.7428811195663002e-06,2.105050826555525,11.154057597498856,0,1,0.2390478573760465,0,1,fold_4
318,sub4,rest02,11,36,0,-1.132012523586483,0.2437898880622955,0.5,0,-0.6185460686683655,0.3501121699810028,1,2.7428811195663002e-06,2.105050826555525,11.154057597498856,0,1,0.23234148629915363,0,1,fold_4
319,sub4,rest02,12,37,0,-1.1580107891743185,0.23902892300887993,0.5,0,-0.5952542424201965,0.3554302155971527,1,2.7428811195663002e-06,2.105050826555525,11.154057597498856,0,1,0.22061436518603897,0,1,fold_4
320,sub4,rest02,13,38,0,-1.2997585950045238,0.21420564782628546,0.5,0,-0.6652779579162598,0.3395549952983856,1,2.7428811195663002e-06,2.105050826555525,11.154057597498856,0,1,0.21348846436767688,0,1,fold_4
321,sub4,rest02,14,39,0,-1.33333334910096,0.20860852472295155,0.5,0,-0.7140331268310547,0.328708291053772,1,2.7428811195663002e-06,2.105050826555525,11.154057597498856,0,1,0.22032266405727394,0,1,fold_4
322,sub4,rest02,15,40,0,-1.2794067747779685,0.21765122055379363,0.5,0,-0.5972274541854858,0.3549782633781433,1,2.7428811195663002e-06,2.105050826555525,11.154057597498856,0,1,0.23894816356575008,0,1,fold_4
323,sub4,rest02,16,41,0,-1.1819138974614583,0.23470824689507663,0.5,0,-0.5086154937744141,0.37551814317703247,1,2.7428811195663002e-06,2.105050826555525,11.154057597498856,0,1,0.2540604455578838,0,1,fold_4
324,sub4,rest02,17,42,0,-1.0227862756990806,0.26448502324837997,0.5,0,-0.3193928003311157,0.42082375288009644,1,2.7428811195663002e-06,2.105050826555525,11.154057597498856,0,1,0.2546653845248871,0,1,fold_4
325,sub4,rest02,18,43,0,-1.0304954272734417,0.26298806653019485,0.5,0,-0.3459399938583374,0.41436731815338135,1,2.7428811195663002e-06,2.105050826555525,11.154057597498856,0,1,0.23690516895913713,0,1,fold_4
326,sub4,rest02,19,44,0,-1.1718371917044124,0.2365230637960863,0.5,0,-0.5095340609550476,0.3753027617931366,1,2.7428811195663002e-06,2.105050826555525,11.154057597498856,0,1,0.219691138235933,0,1,fold_4
327,sub4,rest02,20,45,0,-1.3176809809831063,0.21120437655113017,0.5,0,-0.6067999601364136,0.3527895212173462,1,2.7428811195663002e-06,2.105050826555525,11.154057597498856,0,1,0.2108445256679192,0,1,fold_4
328,sub4,rest02,21,46,0,-1.3168312478227913,0.2113459743605826,0.5,0,-0.601452648639679,0.3540114164352417,1,2.7428811195663002e-06,2.105050826555525,11.154057597498856,0,1,0.2145878475690757,0,1,fold_4
329,sub4,rest02,22,47,0,-1.3250265262554712,0.2099832260920448,0.5,0,-0.6328549385070801,0.34686344861984253,1,2.7428811195663002e-06,2.105050826555525,11.154057597498856,0,1,0.2182839702004147,0,1,fold_4
330,sub4,rest02,23,48,0,-1.2515361206810673,0.22243434225459965,0.5,0,-0.5260106325149536,0.3714478015899658,1,2.7428811195663002e-06,2.105050826555525,11.154057597498856,0,1,0.22243434225459965,0,1,fold_4
331,sub4,task01,0,49,0,0.04686262033670576,0.5117135114873588,0.5,1,0.3728001117706299,0.5921353697776794,1,2.7428811195663002e-06,2.105050826555525,11.154057597498856,1,1,0.5841104980729553,1,1,fold_4
332,sub4,task01,1,50,0,0.2936379458517666,0.5728865281163681,0.5,1,0.5674219131469727,0.6381680965423584,1,2.7428811195663002e-06,2.105050826555525,11.154057597498856,1,1,0.6512019781346047,1,1,fold_4
333,sub4,task01,2,51,0,0.6979425650608696,0.6677314546151389,0.5,1,1.0327575206756592,0.737450122833252,1,2.7428811195663002e-06,2.105050826555525,11.154057597498856,1,1,0.680434998135483,1,1,fold_4
334,sub4,task01,3,52,0,0.9099403270818766,0.712987951672307,0.5,1,1.2432715892791748,0.7761329412460327,1,2.7428811195663002e-06,2.105050826555525,11.154057597498856,1,1,0.6085467393790823,1,1,fold_4
335,sub4,task01,4,53,0,0.6659048816501463,0.6605855881190028,0.5,1,0.9759159088134766,0.7262970805168152,1,2.7428811195663002e-06,2.105050826555525,11.154057597498856,1,1,0.5720316777438148,1,1,fold_4
336,sub4,task01,5,54,0,-0.1923239163142442,0.4520666783459371,0.5,0,0.20089983940124512,0.5500566959381104,1,2.7428811195663002e-06,2.105050826555525,11.154057597498856,1,0,0.5945111335353291,1,1,fold_4
337,sub4,task01,6,55,0,0.419830823754869,0.6034427667665045,0.5,1,0.6334095001220703,0.6532621383666992,1,2.7428811195663002e-06,2.105050826555525,11.154057597498856,1,1,0.6990281790739808,1,1,fold_4
338,sub4,task01,7,56,0,0.9846199628030131,0.7280239554935456,0.5,1,1.1315958499908447,0.7561333179473877,1,2.7428811195663002e-06,2.105050826555525,11.154057597498856,1,1,0.7476795705551357,1,1,fold_4
339,sub4,task01,8,57,0,1.1837300567321114,0.7656178149618925,0.5,1,1.687427043914795,0.8438854813575745,1,2.7428811195663002e-06,2.105050826555525,11.154057597498856,1,1,0.7349195734843162,1,1,fold_4
340,sub4,task01,9,58,0,1.0953985564457025,0.7493969412099686,0.5,1,1.6419591903686523,0.8378013372421265,1,2.7428811195663002e-06,2.105050826555525,11.154057597498856,1,1,0.7109304678509102,1,1,fold_4
341,sub4,task01,10,59,0,0.7989225842024121,0.6897439642810879,0.5,1,1.0896494388580322,0.7483156323432922,1,2.7428811195663002e-06,2.105050826555525,11.154057597498856,1,1,0.6793862666168368,1,1,fold_4
342,sub4,task01,11,60,0,0.8172416151793349,0.6936504980616741,0.5,1,1.1492187976837158,0.7593681812286377,1,2.7428811195663002e-06,2.105050826555525,11.154057597498856,1,1,0.6989159374317215,1,1,fold_4
343,sub4,task01,12,61,0,0.6400481173044692,0.6547643375077484,0.5,1,1.0576417446136475,0.7422395944595337,1,2.7428811195663002e-06,2.105050826555525,11.154057597498856,1,1,0.7181116167752831,1,1,fold_4
344,sub4,task01,13,62,0,1.0897411574086566,0.7483329767257421,0.5,1,1.8572497367858887,0.8649760484695435,1,2.7428811195663002e-06,2.105050826555525,11.154057597498856,1,1,0.7330912582111416,1,1,fold_4
345,sub4,task01,14,63,0,1.10522341387495,0.7512375360923588,0.5,1,1.873955488204956,0.8669152855873108,1,2.7428811195663002e-06,2.105050826555525,11.154057597498856,1,1,0.7003758377383223,1,1,fold_4
346,sub4,task01,15,64,0,0.8458852204006465,0.6997032618153243,0.5,1,1.1225476264953613,0.7544609904289246,1,2.7428811195663002e-06,2.105050826555525,11.154057597498856,1,1,0.6786266778735505,1,1,fold_4
347,sub4,task01,16,65,0,0.6198600361290034,0.6501867153072839,0.5,1,1.0423097610473633,0.7392954230308533,1,2.7428811195663002e-06,2.105050826555525,11.154057597498856,1,1,0.6990931706366249,1,1,fold_4
348,sub4,task01,17,66,0,0.7814384801094785,0.685990056498043,0.5,1,1.152190923690796,0.7599108219146729,1,2.7428811195663002e-06,2.105050826555525,11.154057597498856,1,1,0.7381339846573827,1,1,fold_4
349,sub4,task01,18,67,0,1.158734770862411,0.7611027401045481,0.5,1,2.008885622024536,0.881726861000061,1,2.7428811195663002e-06,2.105050826555525,11.154057597498856,1,1,0.7642510764385014,1,1,fold_4
350,sub4,task01,19,68,0,1.1931790767985608,0.7673091573695567,0.5,1,1.7739322185516357,0.8549460172653198,1,2.7428811195663002e-06,2.105050826555525,11.154057597498856,1,1,0.7628256965652999,1,1,fold_4
351,sub4,task01,20,69,0,1.1766300220892716,0.7643413318413992,0.5,1,1.916661024093628,0.8717656135559082,1,2.7428811195663002e-06,2.105050826555525,11.154057597498856,1,1,0.760935795853671,1,1,fold_4
352,sub4,task01,21,70,0,1.1353593986363941,0.7568266004849437,0.5,1,1.961338758468628,0.8766778111457825,1,2.7428811195663002e-06,2.105050826555525,11.154057597498856,1,1,0.7383544101795888,1,1,fold_4
353,sub4,task01,22,71,0,1.161688866503971,0.76163945523467,0.5,1,1.9576199054718018,0.8762751221656799,1,2.7428811195663002e-06,2.105050826555525,11.154057597498856,1,1,0.7147883088525417,1,1,fold_4
354,sub4,task01,23,72,0,0.8311459236445066,0.696597174819153,0.5,1,1.124812364578247,0.7548803091049194,1,2.7428811195663002e-06,2.105050826555525,11.154057597498856,1,1,0.6648862088116886,1,1,fold_4
355,sub4,task01,24,73,0,0.7820803165603075,0.6861282965038021,0.5,1,1.0631046295166016,0.7432833909988403,1,2.7428811195663002e-06,2.105050826555525,11.154057597498856,1,1,0.6801757469822872,1,1,fold_4
356,sub4,task01,25,74,0,0.4554454474504072,0.6119331551121109,0.5,1,0.6734194755554199,0.6622684001922607,1,2.7428811195663002e-06,2.105050826555525,11.154057597498856,1,1,0.6957801736690611,1,1,fold_4
357,sub4,task01,26,75,0,1.0588242263939398,0.7424657893309483,0.5,1,1.4784681797027588,0.8143410682678223,1,2.7428811195663002e-06,2.105050826555525,11.154057597498856,1,1,0.7499884536722935,1,1,fold_4
358,sub4,task01,27,76,0,1.009598545328631,0.7329415765641242,0.5,1,1.3704171180725098,0.7974475026130676,1,2.7428811195663002e-06,2.105050826555525,11.154057597498856,1,1,0.7514976435430444,1,1,fold_4
359,sub4,task01,28,77,0,1.234229596489419,0.7745579951218078,0.5,1,1.706892967224121,0.8464328050613403,1,2.7428811195663002e-06,2.105050826555525,11.154057597498856,1,1,0.763949474711375,1,1,fold_4
360,sub4,task01,29,78,0,1.0826405571703122,0.7469933589432013,0.5,1,1.5727660655975342,0.8281775712966919,1,2.7428811195663002e-06,2.105050826555525,11.154057597498856,1,1,0.7623284405935448,1,1,fold_4
361,sub4,task01,30,79,0,1.2099893806473756,0.7702970700691163,0.5,1,1.7000391483306885,0.8455398678779602,1,2.7428811195663002e-06,2.105050826555525,11.154057597498856,1,1,0.7526043804799523,1,1,fold_4
362,sub4,task01,31,80,0,1.2065892101545208,0.7696948927683166,0.5,1,1.7115633487701416,0.847038984298706,1,2.7428811195663002e-06,2.105050826555525,11.154057597498856,1,1,0.7342479784999555,1,1,fold_4
363,sub4,task01,32,81,0,0.9336794947565364,0.7178211786024238,0.5,1,1.1757686138153076,0.7641861438751221,1,2.7428811195663002e-06,2.105050826555525,11.154057597498856,1,1,0.717841150075337,1,1,fold_4
364,sub4,task01,33,82,0,0.9209118457931025,0.7152278641291261,0.5,1,1.23014497756958,0.7738440036773682,1,2.7428811195663002e-06,2.105050826555525,11.154057597498856,1,1,0.7333063505976486,1,1,fold_4
365,sub4,task01,34,83,0,0.9468160406108338,0.720474407494461,0.5,1,1.3557255268096924,0.7950640320777893,1,2.7428811195663002e-06,2.105050826555525,11.154057597498856,1,1,0.7395424961828928,1,1,fold_4
366,sub4,task01,35,84,0,1.1759386697449092,0.7642167801693586,0.5,1,1.978062391281128,0.8784744739532471,1,2.7428811195663002e-06,2.105050826555525,11.154057597498856,1,1,0.7440297939796922,1,1,fold_4
367,sub4,task01,36,85,0,1.0146864908420699,0.7339363008848591,0.5,1,2.042102575302124,0.8851471543312073,1,2.7428811195663002e-06,2.105050826555525,11.154057597498856,1,1,0.7339363008848591,1,1,fold_4
368,sub4,rest03,0,86,0,0.2876476004428571,0.5714201292831509,0.5,1,0.44021034240722656,0.6083091497421265,1,2.7428811195663002e-06,2.105050826555525,11.154057597498856,1,1,0.6242435637117881,1,1,fold_4
369,sub4,rest03,1,87,0,0.5390741362758826,0.6315970119640126,0.5,1,0.8280394077301025,0.6959401965141296,1,2.7428811195663002e-06,2.105050826555525,11.154057597498856,1,1,0.6762587548582051,1,1,fold_4
370,sub4,rest03,2,88,0,0.7068897749028918,0.6697135498882008,0.5,1,1.245941400527954,0.7765964865684509,1,2.7428811195663002e-06,2.105050826555525,11.154057597498856,1,1,0.6967716390560731,1,1,fold_4
371,sub4,rest03,3,89,0,0.9818023861575805,0.727465702722402,0.5,1,1.470616102218628,0.8131510019302368,1,2.7428811195663002e-06,2.105050826555525,11.154057597498856,1,1,0.7028526432770829,1,1,fold_4
372,sub4,rest03,4,90,0,0.8148199983606715,0.6931356645576169,0.5,1,1.1351830959320068,0.7567942142486572,1,2.7428811195663002e-06,2.105050826555525,11.154057597498856,1,1,0.7048537819096176,1,1,fold_4
373,sub4,rest03,5,91,0,0.7905832994023629,0.6879565625512296,0.5,1,1.036189317703247,0.738114058971405,1,2.7428811195663002e-06,2.105050826555525,11.154057597498856,1,1,0.7235468402698871,1,1,fold_4
374,sub4,rest03,6,92,0,1.0122953808014459,0.7334691186200064,0.5,1,1.204437255859375,0.7693132162094116,1,2.7428811195663002e-06,2.105050826555525,11.154057597498856,1,1,0.7395761263086458,1,1,fold_4
375,sub4,rest03,7,93,0,1.094429139890161,0.7492148396384253,0.5,1,1.5568830966949463,0.8259056210517883,1,2.7428811195663002e-06,2.105050826555525,11.154057597498856,1,1,0.7285321602342795,1,1,fold_4
376,sub4,rest03,8,94,0,1.025509642190635,0.7360444206675057,0.5,1,1.7338392734527588,0.8499028086662292,1,2.7428811195663002e-06,2.105050826555525,11.154057597498856,1,1,0.7135001577872401,1,1,fold_4
377,sub4,rest03,9,95,0,0.8489041880381907,0.7003372203969072,0.5,1,1.1641576290130615,0.762087345123291,1,2.7428811195663002e-06,2.105050826555525,11.154057597498856,1,1,0.688539188740835,1,1,fold_4
378,sub4,rest03,10,96,0,0.8669892245371197,0.7041188322973072,0.5,1,1.1951484680175781,0.7676605582237244,1,2.7428811195663002e-06,2.105050826555525,11.154057597498856,1,1,0.6897043328156736,1,1,fold_4
379,sub4,rest03,11,97,0,0.6684746044878404,0.6611615135282906,0.5,1,0.9494068622589111,0.7209958434104919,1,2.7428811195663002e-06,2.105050826555525,11.154057597498856,1,1,0.685061149776487,1,1,fold_4
380,sub4,rest03,12,98,0,0.8656159612239228,0.703832652621423,0.5,1,1.241391897201538,0.7758062481880188,1,2.7428811195663002e-06,2.105050826555525,11.154057597498856,1,1,0.690824483047168,1,1,fold_4
381,sub4,rest03,13,99,0,0.8010043633301773,0.6901892831797476,0.5,1,1.1964490413665771,0.7678924798965454,1,2.7428811195663002e-06,2.105050826555525,11.154057597498856,1,1,0.660500108200146,1,1,fold_4
382,sub4,rest03,14,100,0,0.7466646689965448,0.6784515133403334,0.5,1,1.2444541454315186,0.7763383984565735,1,2.7428811195663002e-06,2.105050826555525,11.154057597498856,1,1,0.6373154680488251,1,1,fold_4
383,sub4,rest03,15,101,0,0.45934815112550537,0.6128595280803569,0.5,1,1.3032457828521729,0.7863807082176208,1,2.7428811195663002e-06,2.105050826555525,11.154057597498856,1,1,0.6408178044330007,1,1,fold_4
384,sub4,rest03,16,102,0,0.49224588571871775,0.6206353627257849,0.5,1,0.8074190616607666,0.6915592551231384,1,2.7428811195663002e-06,2.105050826555525,11.154057597498856,1,1,0.6820513662804325,1,1,fold_4
385,sub4,rest03,17,103,0,0.7952547981499952,0.6889585224928603,0.5,1,1.097656488418579,0.7498207688331604,1,2.7428811195663002e-06,2.105050826555525,11.154057597498856,1,1,0.7101605840214377,1,1,fold_4
386,sub4,rest03,18,104,0,1.0281661618360605,0.7365602136226521,0.5,1,1.4178297519683838,0.804997980594635,1,2.7428811195663002e-06,2.105050826555525,11.154057597498856,1,1,0.7084303220592391,1,1,fold_4
387,sub4,rest03,19,105,0,0.8710446236423393,0.7049630159488006,0.5,1,1.9174206256866455,0.8718504905700684,1,2.7428811195663002e-06,2.105050826555525,11.154057597498856,1,1,0.6840162122643281,1,1,fold_4
388,sub4,rest03,20,106,0,0.7711413392532517,0.6837677366062644,0.5,1,1.8078691959381104,0.8591041564941406,1,2.7428811195663002e-06,2.105050826555525,11.154057597498856,1,1,0.667663573060327,1,1,fold_4
389,sub4,rest03,21,107,0,0.6781151301690447,0.663317884237919,0.5,1,1.71195650100708,0.8470898270606995,1,2.7428811195663002e-06,2.105050826555525,11.154057597498856,1,1,0.6524057867241226,1,1,fold_4
390,sub4,rest03,22,108,0,0.6450986150549994,0.6559050983367978,0.5,1,1.6571242809295654,0.8398515582084656,1,2.7428811195663002e-06,2.105050826555525,11.154057597498856,1,1,0.6439646178440332,1,1,fold_4
391,sub4,rest03,23,109,0,0.5666697275597321,0.637994377597651,0.5,1,1.7401793003082275,0.850709855556488,1,2.7428811195663002e-06,2.105050826555525,11.154057597498856,1,1,0.637994377597651,1,1,fold_4
611,sub7,rest01,0,0,0,-1.7985620286125816,0.14202619837377806,0.5,0,-0.7895788550376892,0.31225910782814026,1,5.37210234417404e-06,2.644916593210692,7.039116215893664,0,1,0.1363373262867965,0,1,fold_4
612,sub7,rest01,1,1,0,-1.830644237228636,0.13816154407324607,0.5,0,-0.7253673672676086,0.3262121379375458,1,5.37210234417404e-06,2.644916593210692,7.039116215893664,0,1,0.1315592146850556,0,1,fold_4
613,sub7,rest01,2,2,0,-1.9113947847776596,0.12882423641336535,0.5,0,-0.7010012269020081,0.3315902650356293,1,5.37210234417404e-06,2.644916593210692,7.039116215893664,0,1,0.13056979573327326,0,1,fold_4
614,sub7,rest01,3,3,0,-1.9215226831512278,0.1276918635685554,0.5,0,-0.6823158860206604,0.3357446491718292,1,5.37210234417404e-06,2.644916593210692,7.039116215893664,0,1,0.14647851908434206,0,1,fold_4
615,sub7,rest01,4,4,0,-1.8558005169103051,0.13519328721789903,0.5,0,-0.95357346534729,0.2781667411327362,1,5.37210234417404e-06,2.644916593210692,7.039116215893664,0,1,0.1641926371041693,0,1,fold_4
616,sub7,rest01,5,5,0,-1.5398959130596512,0.1765504064665717,0.5,0,-1.018056869506836,0.26540607213974,1,5.37210234417404e-06,2.644916593210692,7.039116215893664,0,1,0.16690054109325622,0,1,fold_4
617,sub7,rest01,6,6,0,-1.5107057970038866,0.18083421762803706,0.5,0,-0.9979912042617798,0.2693365514278412,1,5.37210234417404e-06,2.644916593210692,7.039116215893664,0,1,0.15723796291150707,0,1,fold_4
618,sub7,rest01,7,7,1,-1.8581517090403077,0.1349186308000882,0.5,0,-0.8366421461105347,0.3022424578666687,1,5.37210234417404e-06,2.644916593210692,7.039116215893664,0,1,,,,fold_4
619,sub7,rest01,8,8,0,-1.7880090017860608,0.1433169991851599,0.5,0,-0.9148005843162537,0.2860184907913208,1,5.37210234417404e-06,2.644916593210692,7.039116215893664,0,1,0.1407615894930269,0,1,fold_4
620,sub7,rest01,9,9,0,-1.753846711085367,0.14756267192132433,0.5,0,-0.9154872894287109,0.2858782708644867,1,5.37210234417404e-06,2.644916593210692,7.039116215893664,0,1,0.15221037871739385,0,1,fold_4
621,sub7,rest01,10,10,1,-1.743439968373853,0.14887652152372285,0.5,0,-0.9321462512016296,0.28248950839042664,1,5.37210234417404e-06,2.644916593210692,7.039116215893664,0,1,,,,fold_4
622,sub7,rest01,11,11,0,-1.888591953502972,0.1314050973725965,0.5,0,-0.8175379037857056,0.3062865436077118,1,5.37210234417404e-06,2.644916593210692,7.039116215893664,0,1,0.24848317540923257,0,1,fold_4
623,sub7,rest01,12,12,0,-1.5322592782966014,0.1776633668582607,0.5,0,-1.0932248830795288,0.2510114908218384,1,5.37210234417404e-06,2.644916593210692,7.039116215893664,0,1,0.34327639993359194,0,1,fold_4
624,sub7,rest01,13,13,1,-0.923187724131883,0.284308819022306,0.5,0,-0.9678995013237,0.2752993702888489,1,5.37210234417404e-06,2.644916593210692,7.039116215893664,0,1,,,,fold_4
625,sub7,rest01,14,14,0,-0.2558625242678417,0.4363810619968404,0.5,0,-0.7913201451301575,0.311885267496109,1,5.37210234417404e-06,2.644916593210692,7.039116215893664,0,1,0.443000187017145,0,1,fold_4
626,sub7,rest01,15,15,0,-0.34010170899332615,0.4157847709456747,0.5,0,-0.817672073841095,0.30625805258750916,1,5.37210234417404e-06,2.644916593210692,7.039116215893664,0,1,0.48178463442654906,0,1,fold_4
627,sub7,rest01,16,16,1,0.14747028519321026,0.5368009015383147,0.5,0,-0.6876398921012878,0.33455830812454224,1,5.37210234417404e-06,2.644916593210692,7.039116215893664,0,1,,,,fold_4
628,sub7,rest01,17,17,0,-0.09272747268736042,0.47683472810892,0.5,0,-0.7890288829803467,0.3123772144317627,1,5.37210234417404e-06,2.644916593210692,7.039116215893664,0,1,0.5463673657521656,1,0,fold_4
629,sub7,rest01,18,18,0,0.21172501230419394,0.5527344042250525,0.5,1,-0.687557578086853,0.3345766067504883,1,5.37210234417404e-06,2.644916593210692,7.039116215893664,0,0,0.6063857492851731,1,0,fold_4
630,sub7,rest01,19,19,0,0.4453494841462581,0.6095329649225242,0.5,1,-0.4500305652618408,0.38935351371765137,1,5.37210234417404e-06,2.644916593210692,7.039116215893664,0,0,0.5655360587256767,1,0,fold_4
631,sub7,rest01,20,20,0,0.6494649431504576,0.6568898787079427,0.5,1,-0.2861146926879883,0.4289553165435791,1,5.37210234417404e-06,2.644916593210692,7.039116215893664,0,0,0.4177713707060306,0,1,fold_4
632,sub7,rest01,21,21,0,-0.28109504138555086,0.4301853325465632,0.5,0,-0.7143905758857727,0.32862940430641174,1,5.37210234417404e-06,2.644916593210692,7.039116215893664,0,1,0.24598706987740301,0,1,fold_4
633,sub7,rest01,22,22,0,-1.6125209938642602,0.16623890086358584,0.5,0,-0.960073709487915,0.2768634259700775,1,5.37210234417404e-06,2.644916593210692,7.039116215893664,0,1,0.14977095110256858,0,1,fold_4
634,sub7,rest01,23,23,0,-1.8025826096763868,0.14153697622205996,0.5,0,-0.775921106338501,0.3151996433734894,1,5.37210234417404e-06,2.644916593210692,7.039116215893664,0,1,0.14153697622205996,0,1,fold_4
635,sub7,rest02,0,24,0,-1.4920689770608424,0.1836113883487133,0.5,0,-0.8950841426849365,0.29006174206733704,1,5.37210234417404e-06,2.644916593210692,7.039116215893664,0,1,0.20407109360993317,0,1,fold_4
636,sub7,rest02,1,25,0,-1.2684275496351551,0.21952654848632572,0.5,0,-0.8466688990592957,0.3001320958137512,1,5.37210234417404e-06,2.644916593210692,7.039116215893664,0,1,0.19762098593862246,0,1,fold_4
637,sub7,rest02,2,26,0,-1.3305080270735248,0.20907534399476047,0.5,0,-0.8497486114501953,0.29948559403419495,1,5.37210234417404e-06,2.644916593210692,7.039116215893664,0,1,0.17427404996356455,0,1,fold_4
638,sub7,rest02,3,27,0,-1.6268592612541817,0.16426106533478121,0.5,0,-0.9052751064300537,0.28796765208244324,1,5.37210234417404e-06,2.644916593210692,7.039116215893664,0,1,0.16875875787183126,0,1,fold_4
639,sub7,rest02,4,28,0,-1.738640170223619,0.14948574056115194,0.5,0,-0.9096153974533081,0.28707852959632874,1,5.37210234417404e-06,2.644916593210692,7.039116215893664,0,1,0.21762855584951138,0,1,fold_4
640,sub7,rest02,5,29,0,-1.4336573408238922,0.1925294677195606,0.5,0,-0.8999853730201721,0.2890534996986389,1,5.37210234417404e-06,2.644916593210692,7.039116215893664,0,1,0.23928753136128889,0,1,fold_4
641,sub7,rest02,6,30,0,-0.7960529702940022,0.31087045926782164,0.5,0,-0.7625347375869751,0.31809622049331665,1,5.37210234417404e-06,2.644916593210692,7.039116215893664,0,1,0.2845956172762929,0,1,fold_4
642,sub7,rest02,7,31,0,-1.2982323070827713,0.21446266709648443,0.5,0,-0.9331216812133789,0.28229182958602905,1,5.37210234417404e-06,2.644916593210692,7.039116215893664,0,1,0.25091548522830603,0,1,fold_4
643,sub7,rest02,8,32,0,-0.7151869639423112,0.32845372546457263,0.5,0,-0.8327070474624634,0.303072988986969,1,5.37210234417404e-06,2.644916593210692,7.039116215893664,0,1,0.3077924046430214,0,1,fold_4
644,sub7,rest02,9,33,0,-1.325950052398127,0.209830063123861,0.5,0,-0.9375715851783752,0.28139111399650574,1,5.37210234417404e-06,2.644916593210692,7.039116215893664,0,1,0.3064102953941774,0,1,fold_4
645,sub7,rest02,10,34,0,-0.4679843770716345,0.3850934253406305,0.5,0,-0.7628405094146729,0.31802988052368164,1,5.37210234417404e-06,2.644916593210692,7.039116215893664,0,1,0.3392963037784394,0,1,fold_4
646,sub7,rest02,11,35,0,-0.7340464178750584,0.3243073977180408,0.5,0,-0.7803406715393066,0.31424644589424133,1,5.37210234417404e-06,2.644916593210692,7.039116215893664,0,1,0.3174152289583721,0,1,fold_4
647,sub7,rest02,12,36,0,-0.8071971460210523,0.3084880882766469,0.5,0,-0.8233429193496704,0.30505451560020447,1,5.37210234417404e-06,2.644916593210692,7.039116215893664,0,1,0.35212713342640783,0,1,fold_4
648,sub7,rest02,13,37,0,-0.7562996037240879,0.3194502008804287,0.5,0,-0.8705865144729614,0.29513224959373474,1,5.37210234417404e-06,2.644916593210692,7.039116215893664,0,1,0.4472845308931648,0,1,fold_4
649,sub7,rest02,14,38,0,-0.2882060549921948,0.42844311112214795,0.5,0,-0.6834335327148438,0.3354954123497009,1,5.37210234417404e-06,2.644916593210692,7.039116215893664,0,1,0.6041788500409533,1,0,fold_4
650,sub7,rest02,15,39,0,0.38036146391799674,0.5939602806769178,0.5,1,-0.529383659362793,0.370660662651062,1,5.37210234417404e-06,2.644916593210692,7.039116215893664,0,0,0.7090596288536813,1,0,fold_4
651,sub7,rest02,16,40,0,1.3257282437545819,0.790133158323794,0.5,1,-0.40334439277648926,0.4005090594291687,1,5.37210234417404e-06,2.644916593210692,7.039116215893664,0,0,0.782096893123078,1,0,fold_4
652,sub7,rest02,17,41,0,1.0620674927195808,0.7430854475603323,0.5,1,-0.4278296232223511,0.39464470744132996,1,5.37210234417404e-06,2.644916593210692,7.039116215893664,0,0,0.788877914871263,1,0,fold_4
653,sub7,rest02,18,42,0,1.470096634036851,0.8130720734851077,0.5,1,-0.18725085258483887,0.4533236026763916,1,5.37210234417404e-06,2.644916593210692,7.039116215893664,0,0,0.8210186540436751,1,0,fold_4
654,sub7,rest02,19,43,0,1.4531075192862764,0.8104762235683491,0.5,1,-0.1938934326171875,0.45167794823646545,1,5.37210234417404e-06,2.644916593210692,7.039116215893664,0,0,0.8339922413603081,1,0,fold_4
655,sub7,rest02,20,44,0,1.654569423066087,0.8395076650775686,0.5,1,-0.11806643009185791,0.4705176055431366,1,5.37210234417404e-06,2.644916593210692,7.039116215893664,0,0,0.8465926679642894,1,0,fold_4
656,sub7,rest02,21,45,0,1.7503174358647633,0.8519928354350067,0.5,1,0.04864215850830078,0.5121581554412842,1,5.37210234417404e-06,2.644916593210692,7.039116215893664,0,0,0.8439398662333405,1,0,fold_4
657,sub7,rest02,22,46,0,1.7211546546836962,0.8482775033802928,0.5,1,0.23031854629516602,0.5573264360427856,1,5.37210234417404e-06,2.644916593210692,7.039116215893664,0,0,0.8371253410499122,1,0,fold_4
658,sub7,rest02,23,47,0,1.5966471755505176,0.831549259884722,0.5,1,0.360293984413147,0.5891115665435791,1,5.37210234417404e-06,2.644916593210692,7.039116215893664,0,0,0.831549259884722,1,0,fold_4
659,sub7,task01,0,48,0,-0.9411076317232347,0.28067666044339123,0.5,0,-0.7369576692581177,0.32366976141929626,1,5.37210234417404e-06,2.644916593210692,7.039116215893664,1,0,0.31337875485739053,0,0,fold_4
660,sub7,task01,1,49,0,-0.8421380939936914,0.30108466786275273,0.5,0,-0.6407643556594849,0.34507375955581665,1,5.37210234417404e-06,2.644916593210692,7.039116215893664,1,0,0.35707996404053927,0,0,fold_4
661,sub7,task01,2,50,0,-0.5824243738506353,0.3583749362660275,0.5,0,-0.6388299465179443,0.3455111086368561,1,5.37210234417404e-06,2.644916593210692,7.039116215893664,1,0,0.35660665838387473,0,0,fold_4
662,sub7,task01,3,51,0,-0.35661061244773407,0.4117802879928375,0.5,0,-0.6685423254966736,0.3388233184814453,1,5.37210234417404e-06,2.644916593210692,7.039116215893664,1,0,0.3116821686505606,0,0,fold_4
663,sub7,task01,4,52,0,-0.8488947949236914,0.2996647508927591,0.5,0,-0.7996571063995361,0.31009888648986816,1,5.37210234417404e-06,2.644916593210692,7.039116215893664,1,0,0.27845047300745224,0,0,fold_4
664,sub7,task01,5,53,0,-1.2448006593401302,0.22360146706608514,0.5,0,-0.8194053173065186,0.30588990449905396,1,5.37210234417404e-06,2.644916593210692,7.039116215893664,1,0,0.31018072880598885,0,0,fold_4
665,sub7,task01,6,54,0,-0.7903887606479811,0.31208520106351234,0.5,0,-0.73634272813797,0.3238043785095215,1,5.37210234417404e-06,2.644916593210692,7.039116215893664,1,0,0.336612756577287,0,0,fold_4
666,sub7,task01,7,55,0,-0.42694732076266934,0.3948555182883691,0.5,0,-0.653183102607727,0.3422725796699524,1,5.37210234417404e-06,2.644916593210692,7.039116215893664,1,0,0.2928872292310574,0,0,fold_4
667,sub7,task01,8,56,0,-0.8335377557244978,0.30289755037997956,0.5,0,-0.7617743015289307,0.31826114654541016,1,5.37210234417404e-06,2.644916593210692,7.039116215893664,1,0,0.20885780540635182,0,0,fold_4
668,sub7,task01,9,57,0,-1.5102036173998976,0.1809086190248236,0.5,0,-0.808361291885376,0.30823978781700134,1,5.37210234417404e-06,2.644916593210692,7.039116215893664,1,0,0.1528090846508762,0,0,fold_4
669,sub7,task01,10,58,0,-1.7924938128205194,0.14276724681425237,0.5,0,-0.8904035091400146,0.2910265624523163,1,5.37210234417404e-06,2.644916593210692,7.039116215893664,1,0,0.1439173344463199,0,0,fold_4
670,sub7,task01,11,59,0,-1.8595853670869575,0.13475138811355267,0.5,0,-0.8877266645431519,0.2915791869163513,1,5.37210234417404e-06,2.644916593210692,7.039116215893664,1,0,0.1697050362949523,0,0,fold_4
671,sub7,task01,12,60,0,-1.7017766376887935,0.1542333684111547,0.5,0,-0.8909973502159119,0.29090404510498047,1,5.37210234417404e-06,2.644916593210692,7.039116215893664,1,0,0.19717797445910637,0,0,fold_4
672,sub7,task01,13,61,0,-1.2649069056922126,0.22013035236014952,0.5,0,-0.8207055330276489,0.3056139051914215,1,5.37210234417404e-06,2.644916593210692,7.039116215893664,1,0,0.23924841081449064,0,0,fold_4
673,sub7,task01,14,62,0,-1.2822339100303954,0.21717020260601494,0.5,0,-0.8146936297416687,0.30689120292663574,1,5.37210234417404e-06,2.644916593210692,7.039116215893664,1,0,0.2666183353640621,0,0,fold_4
674,sub7,task01,15,63,0,-0.9422569363387784,0.28044467747730745,0.5,0,-0.7413970828056335,0.322698712348938,1,5.37210234417404e-06,2.644916593210692,7.039116215893664,1,0,0.29505305879642146,0,0,fold_4
675,sub7,task01,16,64,0,-0.8366532028342053,0.30224012600886396,0.5,0,-0.7447839975357056,0.32195889949798584,1,5.37210234417404e-06,2.644916593210692,7.039116215893664,1,0,0.26848334134125723,0,0,fold_4
676,sub7,task01,17,65,0,-0.8355426981717209,0.302474372903093,0.5,0,-0.6051781177520752,0.35315993428230286,1,5.37210234417404e-06,2.644916593210692,7.039116215893664,1,0,0.2365350899951316,0,0,fold_4
677,sub7,task01,18,66,0,-1.3817036521883521,0.2007355251118147,0.5,0,-0.7529577016830444,0.3201771378517151,1,5.37210234417404e-06,2.644916593210692,7.039116215893664,1,0,0.18003816612491433,0,0,fold_4
678,sub7,task01,19,67,0,-1.3467917769116653,0.20639537197048713,0.5,0,-0.688324511051178,0.33440589904785156,1,5.37210234417404e-06,2.644916593210692,7.039116215893664,1,0,0.18369845022127987,0,0,fold_4
679,sub7,task01,20,68,0,-1.8748320688457898,0.1329836012924412,0.5,0,-0.922642707824707,0.2844197452068329,1,5.37210234417404e-06,2.644916593210692,7.039116215893664,1,0,0.17206842255527643,0,0,fold_4
680,sub7,task01,21,69,0,-1.314610415742539,0.21171637740091126,0.5,0,-0.8620219230651855,0.2969170808792114,1,5.37210234417404e-06,2.644916593210692,7.039116215893664,1,0,0.2216019999272051,0,0,fold_4
681,sub7,task01,22,70,0,-1.5749963474331417,0.1715052889724768,0.5,0,-0.9442149996757507,0.28004974126815796,1,5.37210234417404e-06,2.644916593210692,7.039116215893664,1,0,0.21856759076415386,0,0,fold_4
682,sub7,task01,23,71,0,-0.9366163358343081,0.2815843334082273,0.5,0,-0.7084304094314575,0.32994577288627625,1,5.37210234417404e-06,2.644916593210692,7.039116215893664,1,0,0.2714873234216156,0,0,fold_4
683,sub7,task01,24,72,0,-1.3700414483339836,0.20261314991175738,0.5,0,-0.8704031705856323,0.2951704263687134,1,5.37210234417404e-06,2.644916593210692,7.039116215893664,1,0,0.26448414375765344,0,0,fold_4
684,sub7,task01,25,73,0,-0.7069890687730115,0.33026448694486216,0.5,0,-0.7185064554214478,0.3277219235897064,1,5.37210234417404e-06,2.644916593210692,7.039116215893664,1,0,0.3381834382908299,0,0,fold_4
685,sub7,task01,26,74,0,-1.0429831964974583,0.26057479441634074,0.5,0,-0.8672229051589966,0.29583248496055603,1,5.37210234417404e-06,2.644916593210692,7.039116215893664,1,0,0.293947761096832,0,0,fold_4
686,sub7,task01,27,75,0,-0.3075575146785114,0.42371103351128686,0.5,0,-0.6276422739028931,0.34804531931877136,1,5.37210234417404e-06,2.644916593210692,7.039116215893664,1,0,0.3564170699707309,0,0,fold_4
687,sub7,task01,28,76,0,-1.4016308017095025,0.19755745536286848,0.5,0,-0.8335193991661072,0.30290141701698303,1,5.37210234417404e-06,2.644916593210692,7.039116215893664,1,0,0.3214474395957964,0,0,fold_4
688,sub7,task01,29,77,0,-0.20882468569485235,0.44798272103803743,0.5,0,-0.5998297929763794,0.35438263416290283,1,5.37210234417404e-06,2.644916593210692,7.039116215893664,1,0,0.39279028000773736,0,0,fold_4
689,sub7,task01,30,78,0,-0.7592821367134277,0.3188021423864834,0.5,0,-0.773420512676239,0.31573963165283203,1,5.37210234417404e-06,2.644916593210692,7.039116215893664,1,0,0.33294125182263395,0,0,fold_4
690,sub7,task01,31,79,0,-0.35741288863268356,0.41158597659869123,0.5,0,-0.6970396637916565,0.3324688971042633,1,5.37210234417404e-06,2.644916593210692,7.039116215893664,1,0,0.37830839748788053,0,0,fold_4
691,sub7,task01,32,80,0,-1.0025740349285586,0.2684356364827273,0.5,0,-0.8065521121025085,0.308625727891922,1,5.37210234417404e-06,2.644916593210692,7.039116215893664,1,0,0.45624143456809413,0,0,fold_4
692,sub7,task01,33,81,0,-0.18087721453126854,0.45490357938222314,0.5,0,-0.6685817241668701,0.33881449699401855,1,5.37210234417404e-06,2.644916593210692,7.039116215893664,1,0,0.5966192239498961,1,1,fold_4
693,sub7,task01,34,82,0,0.5988147278243896,0.645385087839332,0.5,1,-0.4172013998031616,0.39718660712242126,1,5.37210234417404e-06,2.644916593210692,7.039116215893664,1,1,0.6748410323651993,1,1,fold_4
694,sub7,task01,35,83,0,0.7981051319068231,0.689569004628133,0.5,1,-0.22414231300354004,0.4441978633403778,1,5.37210234417404e-06,2.644916593210692,7.039116215893664,1,1,0.689569004628133,1,1,fold_4
695,sub7,rest03,0,84,0,-1.7766223354134296,0.14472070852130722,0.5,0,-0.7843788862228394,0.31337690353393555,1,5.37210234417404e-06,2.644916593210692,7.039116215893664,1,0,0.2838644949504653,0,0,fold_4
696,sub7,rest03,1,85,0,-1.1221209896201343,0.24561807372747696,0.5,0,-0.7385038137435913,0.32333138585090637,1,5.37210234417404e-06,2.644916593210692,7.039116215893664,1,0,0.44920444553835553,0,0,fold_4
697,sub7,rest03,2,86,0,-0.15529252200393606,0.4612547026026117,0.5,0,-0.5598072409629822,0.3635920286178589,1,5.37210234417404e-06,2.644916593210692,7.039116215893664,1,0,0.5901064915651851,1,1,fold_4
698,sub7,rest03,3,87,0,0.5785798320587755,0.6407405602849781,0.5,1,-0.39350855350494385,0.4028729796409607,1,5.37210234417404e-06,2.644916593210692,7.039116215893664,1,1,0.626404104192507,1,1,fold_4
699,sub7,rest03,4,88,0,0.7006154526129467,0.6683242118079655,0.5,1,-0.40633702278137207,0.39979076385498047,1,5.37210234417404e-06,2.644916593210692,7.039116215893664,1,1,0.6427857245312623,1,1,fold_4
700,sub7,rest03,5,89,0,0.28245313788656856,0.5701475404845775,0.5,1,-0.5784986615180969,0.3592781126499176,1,5.37210234417404e-06,2.644916593210692,7.039116215893664,1,1,0.6397244376660024,1,1,fold_4
701,sub7,rest03,6,90,0,0.799583689820927,0.6898854213012438,0.5,1,-0.38805723190307617,0.40418505668640137,1,5.37210234417404e-06,2.644916593210692,7.039116215893664,1,1,0.6798403018238485,1,1,fold_4
702,sub7,rest03,7,91,0,0.6594656824433263,0.6591403512121861,0.5,1,-0.40065765380859375,0.40115436911582947,1,5.37210234417404e-06,2.644916593210692,7.039116215893664,1,1,0.5700271480886245,1,1,fold_4
703,sub7,rest03,8,92,0,0.8024351067484545,0.6904951329581157,0.5,1,-0.3670492172241211,0.4092542231082916,1,5.37210234417404e-06,2.644916593210692,7.039116215893664,1,1,0.43643655519247027,0,0,fold_4
704,sub7,rest03,9,93,0,-0.5734290779766475,0.36044596009557195,0.5,0,-0.6996539235115051,0.33188897371292114,1,5.37210234417404e-06,2.644916593210692,7.039116215893664,1,0,0.33486135790171945,0,0,fold_4
705,sub7,rest03,10,94,0,-1.0544652501367753,0.2583685725237229,0.5,0,-0.7234503030776978,0.32663366198539734,1,5.37210234417404e-06,2.644916593210692,7.039116215893664,1,0,0.4145700402253083,0,0,fold_4
706,sub7,rest03,11,95,0,-0.4651300506314577,0.3857695410858634,0.5,0,-0.6536042094230652,0.3421778082847595,1,5.37210234417404e-06,2.644916593210692,7.039116215893664,1,0,0.5481774431845458,1,1,fold_4
707,sub7,rest03,12,96,0,0.403682121706135,0.5995720070663387,0.5,1,-0.47553473711013794,0.3833070695400238,1,5.37210234417404e-06,2.644916593210692,7.039116215893664,1,1,0.61217103854751,1,1,fold_4
708,sub7,rest03,13,97,0,0.6596901495052179,0.659190781401435,0.5,1,-0.39470040798187256,0.40258628129959106,1,5.37210234417404e-06,2.644916593210692,7.039116215893664,1,1,0.6273958649774166,1,1,fold_4
709,sub7,rest03,14,98,0,0.3135450345945515,0.5777503271747562,0.5,1,-0.4620647430419922,0.3864961266517639,1,5.37210234417404e-06,2.644916593210692,7.039116215893664,1,1,0.6618891751043775,1,1,fold_4
710,sub7,rest03,15,99,0,0.5982091726298167,0.6452464863560587,0.5,1,-0.30438709259033203,0.42448538541793823,1,5.37210234417404e-06,2.644916593210692,7.039116215893664,1,1,0.7188967641465447,1,1,fold_4
711,sub7,rest03,16,100,0,1.1673777891558983,0.7626707117823175,0.5,1,-0.25948143005371094,0.4354911744594574,1,5.37210234417404e-06,2.644916593210692,7.039116215893664,1,1,0.6600061811766401,1,1,fold_4
712,sub7,rest03,17,101,0,1.0920794552303668,0.7487730943012579,0.5,1,-0.35787928104400635,0.41147300601005554,1,5.37210234417404e-06,2.644916593210692,7.039116215893664,1,1,0.4879987394207339,0,0,fold_4
713,sub7,rest03,18,102,0,-0.12586695789372396,0.4685747374463449,0.5,0,-0.6943178176879883,0.333073228597641,1,5.37210234417404e-06,2.644916593210692,7.039116215893664,1,0,0.31426469840122107,0,0,fold_4
714,sub7,rest03,19,103,0,-1.116568282933082,0.24664838651459867,0.5,0,-0.802047073841095,0.3095878064632416,1,5.37210234417404e-06,2.644916593210692,7.039116215893664,1,0,0.2785506987538137,0,0,fold_4
715,sub7,rest03,20,104,0,-1.222077981144943,0.22757097124271966,0.5,0,-0.6827710270881653,0.33564314246177673,1,5.37210234417404e-06,2.644916593210692,7.039116215893664,1,0,0.3292668106290592,0,0,fold_4
716,sub7,rest03,21,105,0,-0.5691510508515042,0.36143273850412283,0.5,0,-0.5345562696456909,0.36945483088493347,1,5.37210234417404e-06,2.644916593210692,7.039116215893664,1,0,0.4069737103765591,0,0,fold_4
717,sub7,rest03,22,106,0,-0.4104812913121866,0.3987967221403351,0.5,0,-0.4537251591682434,0.3884754478931427,1,5.37210234417404e-06,2.644916593210692,7.039116215893664,1,0,0.44006002103692454,0,0,fold_4
718,sub7,rest03,23,107,0,-0.15755845562180507,0.4606916704852193,0.5,0,-0.23089396953582764,0.44253161549568176,1,5.37210234417404e-06,2.644916593210692,7.039116215893664,1,0,0.4606916704852193,0,0,fold_4
2019,sub20,rest01,0,0,0,-0.9439241979964296,0.2801083548344615,0.5,0,0.8818604946136475,0.7072076201438904,1,2.0552928932024794e-06,1.742449473417163,13.482588278551802,0,1,0.2554895479494859,0,1,fold_4
2020,sub20,rest01,1,1,0,-1.1865524895635342,0.23387608718767958,0.5,0,-0.1695857048034668,0.4577048718929291,1,2.0552928932024794e-06,1.742449473417163,13.482588278551802,0,1,0.24774865261702547,0,1,fold_4
2021,sub20,rest01,2,2,0,-1.0854067599884925,0.2524842018263166,0.5,0,0.238031268119812,0.5592284202575684,1,2.0552928932024794e-06,1.742449473417163,13.482588278551802,0,1,0.2929006226763177,0,1,fold_4
2022,sub20,rest01,3,3,0,-1.0622187930488858,0.25688566883708025,0.5,0,0.3768794536590576,0.593120276927948,1,2.0552928932024794e-06,1.742449473417163,13.482588278551802,0,1,0.31549328927898307,0,1,fold_4
2023,sub20,rest01,4,4,0,-0.5350836178923077,0.36933199736555633,0.5,0,2.0767910480499268,0.8886268138885498,1,2.0552928932024794e-06,1.742449473417163,13.482588278551802,0,1,0.33370788302055066,0,1,fold_4
2024,sub20,rest01,5,5,0,-0.7525670927798919,0.3202622016343127,0.5,0,1.1133477687835693,0.7527526617050171,1,2.0552928932024794e-06,1.742449473417163,13.482588278551802,0,1,0.2846162946001714,0,1,fold_4
2025,sub20,rest01,6,6,0,-0.7929786665243539,0.3115294500617829,0.5,0,0.88041090965271,0.706907331943512,1,2.0552928932024794e-06,1.742449473417163,13.482588278551802,0,1,0.25384785790547565,0,1,fold_4
2026,sub20,rest01,7,7,1,-1.2426975208573257,0.22396679223633653,0.5,0,-0.6161418557167053,0.35065943002700806,1,2.0552928932024794e-06,1.742449473417163,13.482588278551802,0,1,,,,fold_4
2027,sub20,rest01,8,8,0,-1.2537178074371333,0.2220572321044187,0.5,0,-0.6950352787971497,0.332913875579834,1,2.0552928932024794e-06,1.742449473417163,13.482588278551802,0,1,0.22529323846699278,0,1,fold_4
2028,sub20,rest01,9,9,0,-1.219883849496718,0.2279568915502252,0.5,0,-0.6162665486335754,0.35063105821609497,1,2.0552928932024794e-06,1.742449473417163,13.482588278551802,0,1,0.22519925236649244,0,1,fold_4
2029,sub20,rest01,10,10,1,-1.2249678956016534,0.22706337505554408,0.5,0,-0.5899261236190796,0.35665184259414673,1,2.0552928932024794e-06,1.742449473417163,13.482588278551802,0,1,,,,fold_4
2030,sub20,rest01,11,11,0,-1.2318054170220767,0.22586559174633442,0.5,0,-0.52318274974823,0.3721082806587219,1,2.0552928932024794e-06,1.742449473417163,13.482588278551802,0,1,0.22337787478858806,0,1,fold_4
2031,sub20,rest01,12,12,0,-1.2553507446183447,0.22177527380291776,0.5,0,-0.6334874033927917,0.3467201888561249,1,2.0552928932024794e-06,1.742449473417163,13.482588278551802,0,1,0.2223051519606254,0,1,fold_4
2032,sub20,rest01,13,13,1,-1.2506817277393936,0.22258215079957508,0.5,0,-0.5891311168670654,0.3568342626094818,1,2.0552928932024794e-06,1.742449473417163,13.482588278551802,0,1,,,,fold_4
2033,sub20,rest01,14,14,0,-1.2511984009974806,0.22249275881651195,0.5,0,-0.5485773086547852,0.36619454622268677,1,2.0552928932024794e-06,1.742449473417163,13.482588278551802,0,1,0.22449171199166937,0,1,fold_4
2034,sub20,rest01,15,15,0,-1.2503045555018069,0.22264742326244652,0.5,0,-0.6272769570350647,0.34812822937965393,1,2.0552928932024794e-06,1.742449473417163,13.482588278551802,0,1,0.22499138178052994,0,1,fold_4
2035,sub20,rest01,16,16,1,-1.2311124191919818,0.22598678566189964,0.5,0,-0.5246611833572388,0.3717629611492157,1,2.0552928932024794e-06,1.742449473417163,13.482588278551802,0,1,,,,fold_4
2036,sub20,rest01,17,17,0,-1.2177369308448542,0.22833495389604966,0.5,0,-0.4525107145309448,0.38876399397850037,1,2.0552928932024794e-06,1.742449473417163,13.482588278551802,0,1,0.2262826903564988,0,1,fold_4
2037,sub20,rest01,18,18,0,-1.2425538261412774,0.2239917681830936,0.5,0,-0.3258131742477417,0.4192596673965454,1,2.0552928932024794e-06,1.742449473417163,13.482588278551802,0,1,0.22665625301047995,0,1,fold_4
2038,sub20,rest01,19,19,0,-1.2280588726182442,0.22652134899035314,0.5,0,-0.28925812244415283,0.42818552255630493,1,2.0552928932024794e-06,1.742449473417163,13.482588278551802,0,1,0.22750005851016222,0,1,fold_4
2039,sub20,rest01,20,20,0,-1.2113874945414047,0.22945564185799303,0.5,0,-0.24887597560882568,0.4381001591682434,1,2.0552928932024794e-06,1.742449473417163,13.482588278551802,0,1,0.22936334048599963,0,1,fold_4
2040,sub20,rest01,21,21,0,-1.2280483955191837,0.22652318468214047,0.5,0,-0.4214637279510498,0.3961665630340576,1,2.0552928932024794e-06,1.742449473417163,13.482588278551802,0,1,0.23189857238134723,0,1,fold_4
2041,sub20,rest01,22,22,0,-1.1964283923326329,0.23211119491786542,0.5,0,-0.1599268913269043,0.46010324358940125,1,2.0552928932024794e-06,1.742449473417163,13.482588278551802,0,1,0.23541129000197902,0,1,fold_4
2042,sub20,rest01,23,23,0,-1.168858722234291,0.23706133754403583,0.5,0,0.11587107181549072,0.5289353728294373,1,2.0552928932024794e-06,1.742449473417163,13.482588278551802,0,1,0.23706133754403583,0,1,fold_4
2043,sub20,rest02,0,24,0,-1.1294946875614693,0.24425436658104,0.5,0,0.2053978443145752,0.5511696934700012,1,2.0552928932024794e-06,1.742449473417163,13.482588278551802,0,1,0.23074583864824785,0,1,fold_4
2044,sub20,rest02,1,25,0,-1.2592255227598794,0.2211072429744966,0.5,0,-0.21969294548034668,0.44529661536216736,1,2.0552928932024794e-06,1.742449473417163,13.482588278551802,0,1,0.2255130237381263,0,1,fold_4
2045,sub20,rest02,2,26,0,-1.2260363706601465,0.2268759063892069,0.5,0,-0.14968252182006836,0.46264904737472534,1,2.0552928932024794e-06,1.742449473417163,13.482588278551802,0,1,0.2287321446886307,0,1,fold_4
2046,sub20,rest02,3,27,0,-1.2164832696318062,0.22855592185067533,0.5,0,-0.06488585472106934,0.4837842583656311,1,2.0552928932024794e-06,1.742449473417163,13.482588278551802,0,1,0.2488859794581171,0,1,fold_4
2047,sub20,rest02,4,28,0,-1.2039988583555046,0.23076460582600986,0.5,0,-0.029964923858642578,0.4925093352794647,1,2.0552928932024794e-06,1.742449473417163,13.482588278551802,0,1,0.29019121349658245,0,1,fold_4
2048,sub20,rest02,5,29,0,-0.9083509093642091,0.28733741069766616,0.5,0,0.7905070781707764,0.6879401803016663,1,2.0552928932024794e-06,1.742449473417163,13.482588278551802,0,1,0.3282864093424202,0,1,fold_4
2049,sub20,rest02,6,30,0,-0.6081924969790312,0.35247162396607135,0.5,0,1.6581506729125977,0.8399896025657654,1,2.0552928932024794e-06,1.742449473417163,13.482588278551802,0,1,0.3230002219147259,0,1,fold_4
2050,sub20,rest02,7,31,0,-0.6408687071503748,0.345050193363523,0.5,0,1.522111415863037,0.8208491802215576,1,2.0552928932024794e-06,1.742449473417163,13.482588278551802,0,1,0.28214330814450966,0,1,fold_4
2051,sub20,rest02,8,32,0,-0.9871324297009373,0.2714788484145833,0.5,0,0.5485317707061768,0.633794903755188,1,2.0552928932024794e-06,1.742449473417163,13.482588278551802,0,1,0.24186711354538504,0,1,fold_4
2052,sub20,rest02,9,33,0,-1.2088709593243558,0.22990088265542266,0.5,0,-0.0980076789855957,0.47551771998405457,1,2.0552928932024794e-06,1.742449473417163,13.482588278551802,0,1,0.22612462939022096,0,1,fold_4
2053,sub20,rest02,10,34,0,-1.2412320088473308,0.2242216095661491,0.5,0,-0.20336651802062988,0.4493328630924225,1,2.0552928932024794e-06,1.742449473417163,13.482588278551802,0,1,0.22574156020950817,0,1,fold_4
2054,sub20,rest02,11,35,0,-1.2410607779560647,0.22425139594909121,0.5,0,-0.12687301635742188,0.4683241844177246,1,2.0552928932024794e-06,1.742449473417163,13.482588278551802,0,1,0.22528232540756132,0,1,fold_4
2055,sub20,rest02,12,36,0,-1.215373376242906,0.22875167511328418,0.5,0,0.004793286323547363,0.5011983513832092,1,2.0552928932024794e-06,1.742449473417163,13.482588278551802,0,1,0.22435893404028642,0,1,fold_4
2056,sub20,rest02,13,37,0,-1.2491696749483432,0.22284390516030855,0.5,0,-0.10822594165802002,0.4729698896408081,1,2.0552928932024794e-06,1.742449473417163,13.482588278551802,0,1,0.22342870617039756,0,1,fold_4
2057,sub20,rest02,14,38,0,-1.257055303246204,0.22148122184726654,0.5,0,-0.2097097635269165,0.4477638304233551,1,2.0552928932024794e-06,1.742449473417163,13.482588278551802,0,1,0.2242200872923473,0,1,fold_4
2058,sub20,rest02,15,39,0,-1.231259890485686,0.2259609915036176,0.5,0,-0.12138998508453369,0.4696897268295288,1,2.0552928932024794e-06,1.742449473417163,13.482588278551802,0,1,0.22582394495590927,0,1,fold_4
2059,sub20,rest02,16,40,0,-1.235512599342748,0.22521804852615768,0.5,0,-0.18414652347564697,0.4540930390357971,1,2.0552928932024794e-06,1.742449473417163,13.482588278551802,0,1,0.22464482125709406,0,1,fold_4
2060,sub20,rest02,17,41,0,-1.2293638009677164,0.22629279483795248,0.5,0,-0.10430145263671875,0.47394824028015137,1,2.0552928932024794e-06,1.742449473417163,13.482588278551802,0,1,0.2234142189359117,0,1,fold_4
2061,sub20,rest02,18,42,0,-1.2515981130431801,0.222423620407172,0.5,0,-0.18190181255340576,0.45464956760406494,1,2.0552928932024794e-06,1.742449473417163,13.482588278551802,0,1,0.22401553704759644,0,1,fold_4
2062,sub20,rest02,19,43,0,-1.2567942283202598,0.22152624156261055,0.5,0,-0.3115830421447754,0.42272835969924927,1,2.0552928932024794e-06,1.742449473417163,13.482588278551802,0,1,0.22693263613814277,0,1,fold_4
2063,sub20,rest02,20,44,0,-1.219089341981831,0.2280967491730067,0.5,0,-0.14781498908996582,0.463113397359848,1,2.0552928932024794e-06,1.742449473417163,13.482588278551802,0,1,0.23208705282732903,0,1,fold_4
2064,sub20,rest02,21,45,0,-1.201688839046969,0.23117491767881104,0.5,0,-0.06842505931854248,0.4829004108905792,1,2.0552928932024794e-06,1.742449473417163,13.482588278551802,0,1,0.23740219411607344,0,1,fold_4
2065,sub20,rest02,22,46,0,-1.1692560025882277,0.23698949163016933,0.5,0,0.17043328285217285,0.5425054430961609,1,2.0552928932024794e-06,1.742449473417163,13.482588278551802,0,1,0.2416912792362164,0,1,fold_4
2066,sub20,rest02,23,47,0,-1.1306445394972962,0.24404217303923995,0.5,0,0.38953495025634766,0.5961707234382629,1,2.0552928932024794e-06,1.742449473417163,13.482588278551802,0,1,0.24404217303923995,0,1,fold_4
2067,sub20,task02,0,48,0,0.7435487719585507,0.6777713870183795,0.5,1,5.963726043701172,0.9974363446235657,1,2.0552928932024794e-06,1.742449473417163,13.482588278551802,1,1,0.6925002052389693,1,1,fold_4
2068,sub20,task02,1,49,0,0.8191968580388921,0.6940658287710568,0.5,1,6.022446632385254,0.9975820779800415,1,2.0552928932024794e-06,1.742449473417163,13.482588278551802,1,1,0.7059122635985525,1,1,fold_4
2069,sub20,task02,2,50,0,0.874414342512585,0.7056633999274715,0.5,1,5.759264945983887,0.9968564510345459,1,2.0552928932024794e-06,1.742449473417163,13.482588278551802,1,1,0.722192205041591,1,1,fold_4
2070,sub20,task02,3,51,0,0.9345998465301731,0.7180075620971295,0.5,1,5.674507141113281,0.9965793490409851,1,2.0552928932024794e-06,1.742449473417163,13.482588278551802,1,1,0.7281352457377834,1,1,fold_4
2071,sub20,task02,4,52,0,1.061125929545336,0.742905653100172,0.5,1,5.6507463455200195,0.9964974522590637,1,2.0552928932024794e-06,1.742449473417163,13.482588278551802,1,1,0.7039029537384645,1,1,fold_4
2072,sub20,task02,5,53,0,0.9618523444264037,0.7234925220160487,0.5,1,6.040578842163086,0.9976255297660828,1,2.0552928932024794e-06,1.742449473417163,13.482588278551802,1,1,0.6531550477145815,1,1,fold_4
2073,sub20,task02,6,54,0,0.5984896505196476,0.6453106860991726,0.5,1,4.4174957275390625,0.9880793690681458,1,2.0552928932024794e-06,1.742449473417163,13.482588278551802,1,1,0.6342594805317094,1,1,fold_4
2074,sub20,task02,7,55,0,0.3667024524420327,0.5906619350285233,0.5,1,3.5635883808135986,0.9724438786506653,1,2.0552928932024794e-06,1.742449473417163,13.482588278551802,1,1,0.6692661484566584,1,1,fold_4
2075,sub20,task02,8,56,0,0.6937734380434395,0.6668058204674325,0.5,1,4.24188232421875,0.985823392868042,1,2.0552928932024794e-06,1.742449473417163,13.482588278551802,1,1,0.7176562065324122,1,1,fold_4
2076,sub20,task02,9,57,0,1.1003767464382108,0.7503306898740195,0.5,1,6.523349761962891,0.9985333681106567,1,2.0552928932024794e-06,1.742449473417163,13.482588278551802,1,1,0.7274712135949987,1,1,fold_4
2077,sub20,task02,10,58,0,1.024417129478438,0.7358321092557846,0.5,1,5.392136573791504,0.9954683780670166,1,2.0552928932024794e-06,1.742449473417163,13.482588278551802,1,1,0.6982903697821272,1,1,fold_4
2078,sub20,task02,11,59,0,0.8295077763116259,0.6962508416551921,0.5,1,4.789380073547363,0.9917510151863098,1,2.0552928932024794e-06,1.742449473417163,13.482588278551802,1,1,0.6910703399060303,1,1,fold_4
2079,sub20,task02,12,60,0,0.6757440765794674,0.6627881584354051,0.5,1,4.4371747970581055,0.9883090257644653,1,2.0552928932024794e-06,1.742449473417163,13.482588278551802,1,1,0.7070720943508181,1,1,fold_4
2080,sub20,task02,13,61,0,0.9157336945332468,0.7141720196274935,0.5,1,5.60650634765625,0.9963395595550537,1,2.0552928932024794e-06,1.742449473417163,13.482588278551802,1,1,0.6865627274914167,1,1,fold_4
2081,sub20,task02,14,62,0,1.0682086691171062,0.7442561049895556,0.5,1,5.409217834472656,0.9955447912216187,1,2.0552928932024794e-06,1.742449473417163,13.482588278551802,1,1,0.6479771314610371,1,1,fold_4
2082,sub20,task02,15,63,0,0.4107181192102771,0.6012600578572008,0.5,1,3.5832631587982178,0.9729663133621216,1,2.0552928932024794e-06,1.742449473417163,13.482588278551802,1,1,0.6022610788440719,1,1,fold_4
2083,sub20,task02,16,64,0,0.3988662395810617,0.5984152315363547,0.5,1,3.290924310684204,0.9641161561012268,1,2.0552928932024794e-06,1.742449473417163,13.482588278551802,1,1,0.6438329571052698,1,1,fold_4
2084,sub20,task02,17,65,0,0.435171712893396,0.6071079471386602,0.5,1,3.577181100845337,0.9728058576583862,1,2.0552928932024794e-06,1.742449473417163,13.482588278551802,1,1,0.689172062342719,1,1,fold_4
2085,sub20,task02,18,66,0,0.9742997176101535,0.7259756926407943,0.5,1,6.029636383056641,0.9975994229316711,1,2.0552928932024794e-06,1.742449473417163,13.482588278551802,1,1,0.7382496878086228,1,1,fold_4
2086,sub20,task02,19,67,0,1.0172292887320542,0.7344325472487021,0.5,1,5.469852447509766,0.9958057403564453,1,2.0552928932024794e-06,1.742449473417163,13.482588278551802,1,1,0.738926382096965,1,1,fold_4
2087,sub20,task02,20,68,0,1.121899172719504,0.754340823536372,0.5,1,6.17371940612793,0.9979209303855896,1,2.0552928932024794e-06,1.742449473417163,13.482588278551802,1,1,0.7373675143604538,1,1,fold_4
2088,sub20,task02,21,69,0,0.9845281489590532,0.728005775505821,0.5,1,5.9714202880859375,0.997455894947052,1,2.0552928932024794e-06,1.742449473417163,13.482588278551802,1,1,0.7195344311586518,1,1,fold_4
2089,sub20,task02,22,70,0,0.9933846933270338,0.7297559440391684,0.5,1,5.717825889587402,0.9967239499092102,1,2.0552928932024794e-06,1.742449473417163,13.482588278551802,1,1,0.7092904289763379,1,1,fold_4
2090,sub20,task02,23,71,0,0.8513085752524367,0.700841573930966,0.5,1,4.9542646408081055,0.9929961562156677,1,2.0552928932024794e-06,1.742449473417163,13.482588278551802,1,1,0.700457431813045,1,1,fold_4
2091,sub20,task02,24,72,0,0.8343492463405573,0.6972737689588793,0.5,1,5.191441535949707,0.9944668412208557,1,2.0552928932024794e-06,1.742449473417163,13.482588278551802,1,1,0.708375652810448,1,1,fold_4
2092,sub20,task02,25,73,0,0.8628557293965462,0.7032569525492897,0.5,1,5.442755699157715,0.9956911206245422,1,2.0552928932024794e-06,1.742449473417163,13.482588278551802,1,1,0.6774729045214567,1,1,fold_4
2093,sub20,task02,26,74,0,0.9673763348894574,0.7245962369231747,0.5,1,5.684826850891113,0.996614396572113,1,2.0552928932024794e-06,1.742449473417163,13.482588278551802,1,1,0.637535636242155,1,1,fold_4
2094,sub20,task02,27,75,0,0.4245249586272341,0.6045655240919058,0.5,1,3.4931042194366455,0.9704909324645996,1,2.0552928932024794e-06,1.742449473417163,13.482588278551802,1,1,0.5891410922307687,1,1,fold_4
2095,sub20,task02,28,76,0,0.3369322905643891,0.5834451477113849,0.5,1,3.4808290004730225,0.970137357711792,1,2.0552928932024794e-06,1.742449473417163,13.482588278551802,1,1,0.6295552008272846,1,1,fold_4
2096,sub20,task02,29,77,0,0.3203625461795045,0.5794126048890156,0.5,1,3.4878251552581787,0.9703393578529358,1,2.0552928932024794e-06,1.742449473417163,13.482588278551802,1,1,0.6847177133402077,1,1,fold_4
2097,sub20,task02,30,78,0,0.9734561717962389,0.7258078498814532,0.5,1,5.599478721618652,0.9963138699531555,1,2.0552928932024794e-06,1.742449473417163,13.482588278551802,1,1,0.7352884067469221,1,1,fold_4
2098,sub20,task02,31,79,0,1.0929280172175373,0.7489326852501546,0.5,1,6.089461326599121,0.9977384805679321,1,2.0552928932024794e-06,1.742449473417163,13.482588278551802,1,1,0.7400642665064887,1,1,fold_4
2099,sub20,task02,32,80,0,1.0003362543401768,0.7311246851091585,0.5,1,6.304136276245117,0.9981746673583984,1,2.0552928932024794e-06,1.742449473417163,13.482588278551802,1,1,0.7302644580416402,1,1,fold_4
2100,sub20,task02,33,81,0,1.0466725679075901,0.7401354291601531,0.5,1,5.8010759353637695,0.9969847798347473,1,2.0552928932024794e-06,1.742449473417163,13.482588278551802,1,1,0.7121354965078893,1,1,fold_4
2101,sub20,task02,34,82,0,0.9421476071324679,0.7195332598556091,0.5,1,5.795248985290527,0.9969672560691833,1,2.0552928932024794e-06,1.742449473417163,13.482588278551802,1,1,0.6910029536238067,1,1,fold_4
2102,sub20,task02,35,83,0,0.7388201446913211,0.6767378005079057,0.5,1,6.203941345214844,0.9979826211929321,1,2.0552928932024794e-06,1.742449473417163,13.482588278551802,1,1,0.6767378005079058,1,1,fold_4
2103,sub20,rest04,0,84,0,-1.0711486502426455,0.2551847040372547,0.5,0,0.30342745780944824,0.5752801895141602,1,2.0552928932024794e-06,1.742449473417163,13.482588278551802,1,0,0.26502613351497534,0,0,fold_4
2104,sub20,rest04,1,85,0,-1.1465093515276816,0.24112724168539929,0.5,0,0.17144560813903809,0.5427567362785339,1,2.0552928932024794e-06,1.742449473417163,13.482588278551802,1,0,0.27709560183022935,0,0,fold_4
2105,sub20,rest04,2,86,0,-0.8531788109424658,0.29876645482227204,0.5,0,0.9084041118621826,0.7126734852790833,1,2.0552928932024794e-06,1.742449473417163,13.482588278551802,1,0,0.3279185813674051,0,0,fold_4
2106,sub20,rest04,3,87,0,-0.8886276717009887,0.2913931089830168,0.5,0,0.8167061805725098,0.6935366988182068,1,2.0552928932024794e-06,1.742449473417163,13.482588278551802,1,0,0.4238883449947564,0,0,fold_4
2107,sub20,rest04,4,88,0,-0.43222067269012115,0.3935961802969266,0.5,0,1.6801214218139648,0.8429206609725952,1,2.0552928932024794e-06,1.742449473417163,13.482588278551802,1,0,0.5760165933997409,1,1,fold_4
2108,sub20,rest04,5,89,0,0.3502398706006774,0.586675745704326,0.5,1,3.5308449268341064,0.9715527296066284,1,2.0552928932024794e-06,1.742449473417163,13.482588278551802,1,1,0.7001446758147122,1,1,fold_4
2109,sub20,rest04,6,90,0,1.0867957173473055,0.7477778541979699,0.5,1,6.201715469360352,0.997978150844574,1,2.0552928932024794e-06,1.742449473417163,13.482588278551802,1,1,0.7392109420631036,1,1,fold_4
2110,sub20,rest04,7,91,0,1.185751863058778,0.7659804275418405,0.5,1,7.429327964782715,0.9994068145751953,1,2.0552928932024794e-06,1.742449473417163,13.482588278551802,1,1,0.6455525459854952,1,1,fold_4
2111,sub20,rest04,8,92,0,0.8658169355208079,0.7038745444495007,0.5,1,4.592083930969238,0.9899699091911316,1,2.0552928932024794e-06,1.742449473417163,13.482588278551802,1,1,0.46460299131638805,0,0,fold_4
2112,sub20,rest04,9,93,0,-0.13298497681063762,0.4668026659651443,0.5,0,1.9718444347381592,0.8778091073036194,1,2.0552928932024794e-06,1.742449473417163,13.482588278551802,1,0,0.30544432056146553,0,0,fold_4
2113,sub20,rest04,10,94,0,-1.2475082913146245,0.22313176353451908,0.5,0,-0.29801666736602783,0.4260424077510834,1,2.0552928932024794e-06,1.742449473417163,13.482588278551802,1,0,0.22396024164527087,0,0,fold_4
2114,sub20,rest04,11,95,0,-1.228759978494967,0.22639853218473316,0.5,0,-0.18169784545898438,0.4547001123428345,1,2.0552928932024794e-06,1.742449473417163,13.482588278551802,1,0,0.22671332812267964,0,0,fold_4
2115,sub20,rest04,12,96,0,-1.2520213522304728,0.2223504292165604,0.5,0,-0.23956942558288574,0.44039246439933777,1,2.0552928932024794e-06,1.742449473417163,13.482588278551802,1,0,0.23266949412915658,0,0,fold_4
2116,sub20,rest04,13,97,0,-1.2004733382153883,0.23139102296674538,0.5,0,-0.0015866756439208984,0.49960336089134216,1,2.0552928932024794e-06,1.742449473417163,13.482588278551802,1,0,0.31053800111743074,0,0,fold_4
2117,sub20,rest04,14,98,0,-1.1294260862568644,0.24426703020416393,0.5,0,0.13317883014678955,0.5332455635070801,1,2.0552928932024794e-06,1.742449473417163,13.482588278551802,1,0,0.4498012662379148,0,0,fold_4
2118,sub20,rest04,15,99,0,-0.17663401314017713,0.4559559501813828,0.5,0,1.962141990661621,0.8767645359039307,1,2.0552928932024794e-06,1.742449473417163,13.482588278551802,1,0,0.6071442936649509,1,1,fold_4
2119,sub20,rest04,16,100,0,0.6154403497771985,0.6491808183281976,0.5,1,4.37850284576416,0.9876112341880798,1,2.0552928932024794e-06,1.742449473417163,13.482588278551802,1,1,0.6902705673175373,1,1,fold_4
2120,sub20,rest04,17,101,0,0.9261626017618454,0.7162961124852724,0.5,1,5.693647384643555,0.9966440200805664,1,2.0552928932024794e-06,1.742449473417163,13.482588278551802,1,1,0.7204800345373105,1,1,fold_4
2121,sub20,rest04,18,102,0,0.8728326482588946,0.7053347711391419,0.5,1,5.347049713134766,0.9952604174613953,1,2.0552928932024794e-06,1.742449473417163,13.482588278551802,1,1,0.7352952848667075,1,1,fold_4
2122,sub20,rest04,19,103,0,1.0449772109143605,0.7398092199875168,0.5,1,6.017218589782715,0.9975695013999939,1,2.0552928932024794e-06,1.742449473417163,13.482588278551802,1,1,0.7546208628115175,1,1,fold_4
2123,sub20,rest04,20,104,0,1.1567510550934266,0.7607418634734635,0.5,1,7.029369354248047,0.9991152882575989,1,2.0552928932024794e-06,1.742449473417163,13.482588278551802,1,1,0.7599639923496405,1,1,fold_4
2124,sub20,rest04,21,105,0,1.1709213017466804,0.7633115049735723,0.5,1,8.035835266113281,0.9996764659881592,1,2.0552928932024794e-06,1.742449473417163,13.482588278551802,1,1,0.7574337690017509,1,1,fold_4
2125,sub20,rest04,22,106,0,1.129998425909671,0.7558386086018857,0.5,1,7.866046905517578,0.9996166229248047,1,2.0552928932024794e-06,1.742449473417163,13.482588278551802,1,1,0.7540469984871582,1,1,fold_4
2126,sub20,rest04,23,107,0,1.1154899656744408,0.7531511934297944,0.5,1,8.145499229431152,0.9997100234031677,1,2.0552928932024794e-06,1.742449473417163,13.482588278551802,1,1,0.7531511934297944,1,1,fold_4
0,sub1,rest01,0,0,0,-1.3795527217048595,0.20108084421131842,0.5,0,-0.47100329399108887,0.3843788206577301,1,3.052051538152792e-06,1.6181622535183495,14.301208823124208,0,1,0.1984405021962379,0,1,fold_5
1,sub1,rest01,1,1,0,-1.402038728005734,0.19749279539435483,0.5,0,-0.5117490291595459,0.37478363513946533,1,3.052051538152792e-06,1.6181622535183495,14.301208823124208,0,1,0.19488029887050315,0,1,fold_5
2,sub1,rest01,2,2,0,-1.4067456074921891,0.1967478669830405,0.5,0,-0.4858705401420593,0.3808668255805969,1,3.052051538152792e-06,1.6181622535183495,14.301208823124208,0,1,0.19226026301054597,0,1,fold_5
3,sub1,rest01,3,3,0,-1.4474116566346702,0.19040023423411415,0.5,0,-0.6316224336624146,0.3471427261829376,1,3.052051538152792e-06,1.6181622535183495,14.301208823124208,0,1,0.19080162527151023,0,1,fold_5
4,sub1,rest01,4,4,0,-1.4523986376673048,0.18963268781448317,0.5,0,-0.6228988170623779,0.34912243485450745,1,3.052051538152792e-06,1.6181622535183495,14.301208823124208,0,1,0.19113465296575827,0,1,fold_5
5,sub1,rest01,5,5,0,-1.4346708565546982,0.19237195376593338,0.5,0,-0.7126247882843018,0.32901912927627563,1,3.052051538152792e-06,1.6181622535183495,14.301208823124208,0,1,0.1929424775328387,0,1,fold_5
6,sub1,rest01,6,6,0,-1.440943289259335,0.19139931731685825,0.5,0,-0.7946048378944397,0.3111807703971863,1,3.052051538152792e-06,1.6181622535183495,14.301208823124208,0,1,0.19297656383014092,0,1,fold_5
7,sub1,rest01,7,7,1,-1.3655868683218813,0.20333379005107186,0.5,0,-0.621927797794342,0.3493431508541107,1,3.052051538152792e-06,1.6181622535183495,14.301208823124208,0,1,,,,fold_5
8,sub1,rest01,8,8,0,-1.417484984256354,0.1950561615157245,0.5,0,-0.7145689129829407,0.32859006524086,1,3.052051538152792e-06,1.6181622535183495,14.301208823124208,0,1,0.19328553573809157,0,1,fold_5
9,sub1,rest01,9,9,0,-1.4340128048406051,0.19247421265784004,0.5,0,-0.7112023234367371,0.32933321595191956,1,3.052051538152792e-06,1.6181622535183495,14.301208823124208,0,1,0.19219543726007796,0,1,fold_5
10,sub1,rest01,10,10,1,-1.4666788739239733,0.18744793368656684,0.5,0,-0.7295400500297546,0.32529568672180176,1,3.052051538152792e-06,1.6181622535183495,14.301208823124208,0,1,,,,fold_5
11,sub1,rest01,11,11,0,-1.4349651626682147,0.1923262330407102,0.5,0,-0.6807470321655273,0.33609458804130554,1,3.052051538152792e-06,1.6181622535183495,14.301208823124208,0,1,0.19613328590081625,0,1,fold_5
12,sub1,rest01,12,12,0,-1.438447571821116,0.19178586608168363,0.5,0,-0.7273354530334473,0.3257797062397003,1,3.052051538152792e-06,1.6181622535183495,14.301208823124208,0,1,0.2047690658740303,0,1,fold_5
13,sub1,rest01,13,13,1,-1.3800374111915885,0.20100299141644062,0.5,0,-0.7313745021820068,0.32489317655563354,1,3.052051538152792e-06,1.6181622535183495,14.301208823124208,0,1,,,,fold_5
14,sub1,rest01,14,14,0,-1.3597080335477847,0.2042877585800549,0.5,0,-0.6585822105407715,0.3410581648349762,1,3.052051538152792e-06,1.6181622535183495,14.301208823124208,0,1,0.21421341173987343,0,1,fold_5
15,sub1,rest01,15,15,0,-1.2759900844699232,0.2182335729603523,0.5,0,-0.3952549695968628,0.40245291590690613,1,3.052051538152792e-06,1.6181622535183495,14.301208823124208,0,1,0.21277026945500999,0,1,fold_5
16,sub1,rest01,16,16,1,-1.3040285130677185,0.21348780552299682,0.5,0,-0.5147519111633301,0.37408021092414856,1,3.052051538152792e-06,1.6181622535183495,14.301208823124208,0,1,,,,fold_5
17,sub1,rest01,17,17,0,-1.2649735958294905,0.2201189036792131,0.5,0,-0.30168986320495605,0.4251444339752197,1,3.052051538152792e-06,1.6181622535183495,14.301208823124208,0,1,0.20293367219709632,0,1,fold_5
18,sub1,rest01,18,18,0,-1.3865548081854215,0.19995833172546454,0.5,0,-0.7074019908905029,0.33017316460609436,1,3.052051538152792e-06,1.6181622535183495,14.301208823124208,0,1,0.19783377433913518,0,1,fold_5
19,sub1,rest01,19,19,0,-1.4583241156664482,0.18872378118661126,0.5,0,-0.7469514608383179,0.3214859068393707,1,3.052051538152792e-06,1.6181622535183495,14.301208823124208,0,1,0.19773044720147295,0,1,fold_5
20,sub1,rest01,20,20,0,-1.3564418093645405,0.20481921010532975,0.5,0,-0.5132217407226562,0.374438613653183,1,3.052051538152792e-06,1.6181622535183495,14.301208823124208,0,1,0.20032463370848888,0,1,fold_5
21,sub1,rest01,21,21,0,-1.3884936226207958,0.19964835031247785,0.5,0,-0.572871208190918,0.3605746030807495,1,3.052051538152792e-06,1.6181622535183495,14.301208823124208,0,1,0.19844477967804441,0,1,fold_5
22,sub1,rest01,22,22,0,-1.4082745947654869,0.19650634070765902,0.5,0,-0.591623842716217,0.35626235604286194,1,3.052051538152792e-06,1.6181622535183495,14.301208823124208,0,1,0.19828854557855055,0,1,fold_5
23,sub1,rest01,23,23,0,-1.3914294709195085,0.19917964801399632,0.5,0,-0.5002087354660034,0.37749162316322327,1,3.052051538152792e-06,1.6181622535183495,14.301208823124208,0,1,0.19917964801399632,0,1,fold_5
24,sub1,rest02,0,24,0,-1.3793247065277496,0.20111747673925867,0.5,0,-0.4719012379646301,0.3841663599014282,1,3.052051538152792e-06,1.6181622535183495,14.301208823124208,0,1,0.19785607906303204,0,1,fold_5
25,sub1,rest02,1,25,0,-1.4412629878372976,0.19134984385009315,0.5,0,-0.4768695831298828,0.38299158215522766,1,3.052051538152792e-06,1.6181622535183495,14.301208823124208,0,1,0.20181192817527768,0,1,fold_5
26,sub1,rest02,2,26,0,-1.379427779461758,0.20110091659974424,0.5,0,-0.3396686315536499,0.4158899784088135,1,3.052051538152792e-06,1.6181622535183495,14.301208823124208,0,1,0.20591627556243508,0,1,fold_5
27,sub1,rest02,3,27,0,-1.3070254236294643,0.21298502407599562,0.5,0,-0.13963985443115234,0.4651466906070709,1,3.052051538152792e-06,1.6181622535183495,14.301208823124208,0,1,0.20314461445562162,0,1,fold_5
28,sub1,rest02,4,28,0,-1.3635564988485216,0.20366288601156532,0.5,0,-0.36249375343322754,0.4103560447692871,1,3.052051538152792e-06,1.6181622535183495,14.301208823124208,0,1,0.19506528902854003,0,1,fold_5
29,sub1,rest02,5,29,0,-1.432008476104235,0.19278593327930393,0.5,0,-0.5761308670043945,0.3598233461380005,1,3.052051538152792e-06,1.6181622535183495,14.301208823124208,0,1,0.1900180976088218,0,1,fold_5
30,sub1,rest02,6,30,0,-1.4581721599093471,0.18874704779475077,0.5,0,-0.6737957000732422,0.3376474678516388,1,3.052051538152792e-06,1.6181622535183495,14.301208823124208,0,1,0.19286490396360176,0,1,fold_5
31,sub1,rest02,7,31,0,-1.459647064246209,0.1885213117524107,0.5,0,-0.6120888590812683,0.3515828549861908,1,3.052051538152792e-06,1.6181622535183495,14.301208823124208,0,1,0.20610467322443368,0,1,fold_5
32,sub1,rest02,8,32,0,-1.3780251764584435,0.20132635234364377,0.5,0,-0.4125124216079712,0.3983098566532135,1,3.052051538152792e-06,1.6181622535183495,14.301208823124208,0,1,0.22252431397090944,0,1,fold_5
33,sub1,rest02,9,33,0,-1.2169913208239191,0.22846635557724657,0.5,0,-0.026976466178894043,0.49325627088546753,1,3.052051538152792e-06,1.6181622535183495,14.301208823124208,0,1,0.2313832349368655,0,1,fold_5
34,sub1,rest02,10,34,0,-1.1648880604417071,0.23778023399183795,0.5,0,0.10724174976348877,0.5267847776412964,1,3.052051538152792e-06,1.6181622535183495,14.301208823124208,0,1,0.2258303694874297,0,1,fold_5
35,sub1,rest02,11,35,0,-1.2201894350488343,0.227903115241512,0.5,0,-0.058051347732543945,0.48549118638038635,1,3.052051538152792e-06,1.6181622535183495,14.301208823124208,0,1,0.22802691386332516,0,1,fold_5
36,sub1,rest02,12,36,0,-1.3140629532799408,0.21180775922893916,0.5,0,-0.32580530643463135,0.4192616045475006,1,3.052051538152792e-06,1.6181622535183495,14.301208823124208,0,1,0.24012655240658773,0,1,fold_5
37,sub1,rest02,13,37,0,-1.1288690878353533,0.24436986711952427,0.5,0,0.07263839244842529,0.5181516408920288,1,3.052051538152792e-06,1.6181622535183495,14.301208823124208,0,1,0.25107629168864687,0,1,fold_5
38,sub1,rest02,14,38,0,-1.0242415036512256,0.2642020308712997,0.5,0,0.25060737133026123,0.5623259544372559,1,3.052051538152792e-06,1.6181622535183495,14.301208823124208,0,1,0.24025358512198983,0,1,fold_5
39,sub1,rest02,15,39,0,-1.1273148451430157,0.24465697707511666,0.5,0,-0.02187192440032959,0.4945322275161743,1,3.052051538152792e-06,1.6181622535183495,14.301208823124208,0,1,0.21858413594096135,0,1,fold_5
40,sub1,rest02,16,40,0,-1.3135000564258776,0.21190174741955317,0.5,0,-0.30396902561187744,0.42458751797676086,1,3.052051538152792e-06,1.6181622535183495,14.301208823124208,0,1,0.20951436895992126,0,1,fold_5
41,sub1,rest02,17,41,0,-1.391341481473691,0.19919368332821413,0.5,0,-0.3893650770187378,0.403870165348053,1,3.052051538152792e-06,1.6181622535183495,14.301208823124208,0,1,0.21672606412171477,0,1,fold_5
42,sub1,rest02,18,42,0,-1.2806025356625252,0.2174476761319965,0.5,0,-0.3040003776550293,0.4245798885822296,1,3.052051538152792e-06,1.6181622535183495,14.301208823124208,0,1,0.23092305923951936,0,1,fold_5
43,sub1,rest02,19,43,0,-1.1884468364889662,0.23353683290493368,0.5,0,-0.217368483543396,0.44587084650993347,1,3.052051538152792e-06,1.6181622535183495,14.301208823124208,0,1,0.24475365620251685,0,1,fold_5
44,sub1,rest02,20,44,0,-1.1429198923417452,0.2417846686816279,0.5,0,-0.12685155868530273,0.4683295786380768,1,3.052051538152792e-06,1.6181622535183495,14.301208823124208,0,1,0.2556236916318606,0,1,fold_5
45,sub1,rest02,21,45,0,-1.0514879965718693,0.25893946702098897,0.5,0,0.04583251476287842,0.5114561319351196,1,3.052051538152792e-06,1.6181622535183495,14.301208823124208,0,1,0.2693434615182874,0,1,fold_5
46,sub1,rest02,22,46,0,-1.014260259693295,0.26614693919296495,0.5,0,0.1642303466796875,0.5409655570983887,1,3.052051538152792e-06,1.6181622535183495,14.301208823124208,0,1,0.2761591457452867,0,1,fold_5
47,sub1,rest02,23,47,0,-0.9299050493083783,0.28294397834090823,0.5,0,0.4017292261123657,0.5991030335426331,1,3.052051538152792e-06,1.6181622535183495,14.301208823124208,0,1,0.280572339248294,0,1,fold_5
48,sub1,rest02,24,48,0,-0.9475067068355844,0.27938651970198686,0.5,0,0.6342777013778687,0.6534587144851685,1,3.052051538152792e-06,1.6181622535183495,14.301208823124208,0,1,0.27938651970198686,0,1,fold_5
49,sub1,task02,0,49,0,0.7544582973636691,0.680149362846736,0.5,1,2.5758609771728516,0.9292917847633362,1,3.052051538152792e-06,1.6181622535183495,14.301208823124208,1,1,0.6925389963075933,1,1,fold_5
50,sub1,task02,1,50,0,1.0923931783907435,0.7488321047699404,0.5,1,2.937211513519287,0.9496555924415588,1,3.052051538152792e-06,1.6181622535183495,14.301208823124208,1,1,0.7199749798187333,1,1,fold_5
51,sub1,task02,2,51,0,0.6130468729566796,0.6486355213061038,0.5,1,2.1994810104370117,0.9002028703689575,1,3.052051538152792e-06,1.6181622535183495,14.301208823124208,1,1,0.7195673144771603,1,1,fold_5
52,sub1,task02,3,52,0,1.166199184001417,0.7624573133801554,0.5,1,3.279007911682129,0.963701605796814,1,3.052051538152792e-06,1.6181622535183495,14.301208823124208,1,1,0.7659977703576191,1,1,fold_5
53,sub1,task02,4,53,0,1.0859012180046925,0.7476091087452215,0.5,1,2.811434268951416,0.9432905912399292,1,3.052051538152792e-06,1.6181622535183495,14.301208823124208,1,1,0.7719197981162035,1,1,fold_5
54,sub1,task02,5,54,0,1.3124742263544371,0.7879268889474802,0.5,1,3.6232199668884277,0.9739975929260254,1,3.052051538152792e-06,1.6181622535183495,14.301208823124208,1,1,0.7738529572843419,1,1,fold_5
55,sub1,task02,6,55,0,1.2669686935468818,0.7802233966559091,0.5,1,3.4107747077941895,0.9680395722389221,1,3.052051538152792e-06,1.6181622535183495,14.301208823124208,1,1,0.7529679232033052,1,1,fold_5
56,sub1,task02,7,56,0,1.11687492026745,0.7534085862496366,0.5,1,3.15787935256958,0.9592181444168091,1,3.052051538152792e-06,1.6181622535183495,14.301208823124208,1,1,0.745027106791714,1,1,fold_5
57,sub1,task02,8,57,0,0.970764169145943,0.7252717867043701,0.5,1,2.945563793182373,0.9500534534454346,1,3.052051538152792e-06,1.6181622535183495,14.301208823124208,1,1,0.758644471388982,1,1,fold_5
58,sub1,task02,9,58,0,1.1330479427445048,0.7564009474211355,0.5,1,3.1545023918151855,0.9590857625007629,1,3.052051538152792e-06,1.6181622535183495,14.301208823124208,1,1,0.7806794375054099,1,1,fold_5
59,sub1,task02,10,59,0,1.350801789405587,0.7942606800414402,0.5,1,3.73024845123291,0.9765750765800476,1,3.052051538152792e-06,1.6181622535183495,14.301208823124208,1,1,0.7849240891386379,1,1,fold_5
60,sub1,task02,11,60,0,1.3332437631357492,0.7913766850536542,0.5,1,4.203332424163818,0.9852743148803711,1,3.052051538152792e-06,1.6181622535183495,14.301208823124208,1,1,0.7765488298984309,1,1,fold_5
61,sub1,task02,12,61,0,1.2034328325643224,0.7691349023208192,0.5,1,4.295273780822754,0.9865504503250122,1,3.052051538152792e-06,1.6181622535183495,14.301208823124208,1,1,0.7691349023208192,1,1,fold_5
929,sub10,rest01,0,0,0,-1.0006403215590112,0.2688155451382963,0.5,0,0.25724995136260986,0.5639601349830627,1,2.3588542600702585e-06,1.3464595993464092,13.903111237274448,0,1,0.24563749856747386,0,1,fold_5
930,sub10,rest01,1,1,0,-1.2090992047064897,0.2298604751082055,0.5,0,-0.4828667640686035,0.38157540559768677,1,2.3588542600702585e-06,1.3464595993464092,13.903111237274448,0,1,0.2350184662665,0,1,fold_5
931,sub10,rest01,2,2,0,-1.1623723975427749,0.2382364754559198,0.5,0,-0.14669179916381836,0.4633926451206207,1,2.3588542600702585e-06,1.3464595993464092,13.903111237274448,0,1,0.23451261621848987,0,1,fold_5
932,sub10,rest01,3,3,0,-1.1694276863460358,0.23695844823537468,0.5,0,-0.13011372089385986,0.4675173759460449,1,2.3588542600702585e-06,1.3464595993464092,13.903111237274448,0,1,0.23051478666362876,0,1,fold_5
933,sub10,rest01,4,4,0,-1.217691692161571,0.22834292496417521,0.5,0,-0.3264126777648926,0.41911372542381287,1,2.3588542600702585e-06,1.3464595993464092,13.903111237274448,0,1,0.22895007848659862,0,1,fold_5
934,sub10,rest01,5,5,0,-1.2296483033862105,0.22624298679133636,0.5,0,-0.464690625667572,0.3858736753463745,1,2.3588542600702585e-06,1.3464595993464092,13.903111237274448,0,1,0.22984675137915958,0,1,fold_5
935,sub10,rest01,6,6,0,-1.1955694529789085,0.23226432370428424,0.5,0,-0.44815218448638916,0.38980019092559814,1,2.3588542600702585e-06,1.3464595993464092,13.903111237274448,0,1,0.23127405825475114,0,1,fold_5
936,sub10,rest01,7,7,1,-1.1892504200849008,0.23339302434699097,0.5,0,-0.518265426158905,0.37325793504714966,1,2.3588542600702585e-06,1.3464595993464092,13.903111237274448,0,1,,,,fold_5
937,sub10,rest01,8,8,0,-1.2024878154799914,0.2310329436418582,0.5,0,-0.7365220189094543,0.3237651288509369,1,2.3588542600702585e-06,1.3464595993464092,13.903111237274448,0,1,0.2328566677065199,0,1,fold_5
938,sub10,rest01,9,9,0,-1.205349669628536,0.2305249074181111,0.5,0,-0.6955220103263855,0.3328058123588562,1,2.3588542600702585e-06,1.3464595993464092,13.903111237274448,0,1,0.23493678432661566,0,1,fold_5
939,sub10,rest01,10,10,1,-1.1559322872369906,0.2394071952914598,0.5,0,-0.5480045080184937,0.3663274943828583,1,2.3588542600702585e-06,1.3464595993464092,13.903111237274448,0,1,,,,fold_5
940,sub10,rest01,11,11,0,-1.1691306901403438,0.23701215205959034,0.5,0,-0.5281758904457092,0.37094244360923767,1,2.3588542600702585e-06,1.3464595993464092,13.903111237274448,0,1,0.2340821251365165,0,1,fold_5
941,sub10,rest01,12,12,0,-1.1676871703648906,0.23727329350214554,0.5,0,-0.5768473148345947,0.3596583604812622,1,2.3588542600702585e-06,1.3464595993464092,13.903111237274448,0,1,0.23109970581915398,0,1,fold_5
942,sub10,rest01,13,13,1,-1.200954349053485,0.23130548661887432,0.5,0,-0.6476568579673767,0.3435177206993103,1,2.3588542600702585e-06,1.3464595993464092,13.903111237274448,0,1,,,,fold_5
943,sub10,rest01,14,14,0,-1.2198609037956296,0.22796092984781358,0.5,0,-0.7032602429389954,0.3310897946357727,1,2.3588542600702585e-06,1.3464595993464092,13.903111237274448,0,1,0.23035836796171838,0,1,fold_5
944,sub10,rest01,15,15,0,-1.2192702750313738,0.22806489410750289,0.5,0,-0.6330642700195312,0.3468160629272461,1,2.3588542600702585e-06,1.3464595993464092,13.903111237274448,0,1,0.2332173188522879,0,1,fold_5
945,sub10,rest01,16,16,1,-1.2331782069107955,0.22562564932143353,0.5,0,-0.6274663209915161,0.3480852544307709,1,2.3588542600702585e-06,1.3464595993464092,13.903111237274448,0,1,,,,fold_5
946,sub10,rest01,17,17,0,-1.18001621955375,0.23504927992983868,0.5,0,-0.3908548355102539,0.40351155400276184,1,2.3588542600702585e-06,1.3464595993464092,13.903111237274448,0,1,0.2369994395645668,0,1,fold_5
947,sub10,rest01,18,18,0,-1.1717556853627569,0.23653778251952212,0.5,0,-0.3336254358291626,0.41735878586769104,1,2.3588542600702585e-06,1.3464595993464092,13.903111237274448,0,1,0.23694578517432696,0,1,fold_5
948,sub10,rest01,19,19,0,-1.1559099856373583,0.23941125624433962,0.5,0,-0.16133248805999756,0.4597541391849518,1,2.3588542600702585e-06,1.3464595993464092,13.903111237274448,0,1,0.23565533977453554,0,1,fold_5
949,sub10,rest01,20,20,0,-1.180911660990834,0.23488831675911914,0.5,0,-0.21441400051116943,0.44660094380378723,1,2.3588542600702585e-06,1.3464595993464092,13.903111237274448,0,1,0.23462791999218843,0,1,fold_5
950,sub10,rest01,21,21,0,-1.1933157207267375,0.23266644632014785,0.5,0,-0.35479938983917236,0.4122190475463867,1,2.3588542600702585e-06,1.3464595993464092,13.903111237274448,0,1,0.24014819548743285,0,1,fold_5
951,sub10,rest01,22,22,0,-1.172912183327049,0.23632899689729822,0.5,0,-0.39813971519470215,0.40175938606262207,1,2.3588542600702585e-06,1.3464595993464092,13.903111237274448,0,1,0.2464090944623344,0,1,fold_5
952,sub10,rest01,23,23,0,-1.0908983910945118,0.25144914324485246,0.5,0,-0.017138361930847168,0.49571552872657776,1,2.3588542600702585e-06,1.3464595993464092,13.903111237274448,0,1,0.25144914324485246,0,1,fold_5
953,sub10,rest02,0,24,0,-1.1260246666796465,0.24489548051759685,0.5,0,0.10349452495574951,0.5258505940437317,1,2.3588542600702585e-06,1.3464595993464092,13.903111237274448,0,1,0.2373690667882522,0,1,fold_5
954,sub10,rest02,1,25,0,-1.151528450632917,0.24021001604676975,0.5,0,-0.06886279582977295,0.48279112577438354,1,2.3588542600702585e-06,1.3464595993464092,13.903111237274448,0,1,0.2311355981279171,0,1,fold_5
955,sub10,rest02,2,26,0,-1.2253193212629476,0.22700170380039003,0.5,0,-0.3057682514190674,0.4241480231285095,1,2.3588542600702585e-06,1.3464595993464092,13.903111237274448,0,1,0.22771822489343896,0,1,fold_5
956,sub10,rest02,3,27,0,-1.2299220189099316,0.2261950745365915,0.5,0,-0.3323662281036377,0.4176650047302246,1,2.3588542600702585e-06,1.3464595993464092,13.903111237274448,0,1,0.23278592851205657,0,1,fold_5
957,sub10,rest02,4,28,0,-1.2085489606374396,0.22995789634333536,0.5,0,-0.24990618228912354,0.4378465712070465,1,2.3588542600702585e-06,1.3464595993464092,13.903111237274448,0,1,0.23939334270055226,0,1,fold_5
958,sub10,rest02,5,29,0,-1.140629435332359,0.2422048146562428,0.5,0,-0.09364032745361328,0.4766070544719696,1,2.3588542600702585e-06,1.3464595993464092,13.903111237274448,0,1,0.24449615379191666,0,1,fold_5
959,sub10,rest02,6,30,0,-1.1199674725866597,0.2460173171020786,0.5,0,-0.039478182792663574,0.4901317059993744,1,2.3588542600702585e-06,1.3464595993464092,13.903111237274448,0,1,0.2633650506435313,0,1,fold_5
960,sub10,rest02,7,31,0,-1.1240202527701757,0.24526632961742853,0.5,0,0.009496331214904785,0.5023740530014038,1,2.3588542600702585e-06,1.3464595993464092,13.903111237274448,0,1,0.2784751937240799,0,1,fold_5
961,sub10,rest02,8,32,0,-0.8529637877845516,0.29881150521108674,0.5,0,0.533887505531311,0.630389392375946,1,2.3588542600702585e-06,1.3464595993464092,13.903111237274448,0,1,0.29507809450723776,0,1,fold_5
962,sub10,rest02,9,33,0,-0.8888473734790936,0.2913477463437245,0.5,0,0.38515329360961914,0.5951154232025146,1,2.3588542600702585e-06,1.3464595993464092,13.903111237274448,0,1,0.2741597879086626,0,1,fold_5
963,sub10,rest02,10,34,0,-0.8708616991765624,0.295075031966902,0.5,0,0.4241079092025757,0.6044657826423645,1,2.3588542600702585e-06,1.3464595993464092,13.903111237274448,0,1,0.2605244587409105,0,1,fold_5
964,sub10,rest02,11,35,0,-1.1744221767489595,0.23605658541536126,0.5,0,-0.160400390625,0.4599856734275818,1,2.3588542600702585e-06,1.3464595993464092,13.903111237274448,0,1,0.2487060273745698,0,1,fold_5
965,sub10,rest02,12,36,0,-1.0962576273536366,0.2504417588404683,0.5,0,0.23220276832580566,0.5577912330627441,1,2.3588542600702585e-06,1.3464595993464092,13.903111237274448,0,1,0.2528371728554331,0,1,fold_5
966,sub10,rest02,13,37,0,-1.0479459081713114,0.25961973786787973,0.5,0,0.3884701728820801,0.595914363861084,1,2.3588542600702585e-06,1.3464595993464092,13.903111237274448,0,1,0.248379783811188,0,1,fold_5
967,sub10,rest02,14,38,0,-1.1068960054698167,0.24845002185795123,0.5,0,0.15480875968933105,0.5386250615119934,1,2.3588542600702585e-06,1.3464595993464092,13.903111237274448,0,1,0.23804433672292633,0,1,fold_5
968,sub10,rest02,15,39,0,-1.1688130851897056,0.23706959170773298,0.5,0,-0.1486455202102661,0.4629068970680237,1,2.3588542600702585e-06,1.3464595993464092,13.903111237274448,0,1,0.23281315019395776,0,1,fold_5
969,sub10,rest02,16,40,0,-1.2161573265563232,0.22861339660309477,0.5,0,-0.29716765880584717,0.42625001072883606,1,2.3588542600702585e-06,1.3464595993464092,13.903111237274448,0,1,0.23358679486639075,0,1,fold_5
970,sub10,rest02,17,41,0,-1.1928115901924892,0.23275646227104554,0.5,0,-0.22768080234527588,0.4433244466781616,1,2.3588542600702585e-06,1.3464595993464092,13.903111237274448,0,1,0.23388361088657494,0,1,fold_5
971,sub10,rest02,18,42,0,-1.1560238344765694,0.23939052572503192,0.5,0,-0.03567206859588623,0.49108293652534485,1,2.3588542600702585e-06,1.3464595993464092,13.903111237274448,0,1,0.24387585055241653,0,1,fold_5
972,sub10,rest02,19,43,0,-1.2111148832108705,0.22950384466364734,0.5,0,-0.237237811088562,0.4409671425819397,1,2.3588542600702585e-06,1.3464595993464092,13.903111237274448,0,1,0.2641269835667314,0,1,fold_5
973,sub10,rest02,20,44,0,-1.031810862915132,0.2627331812685703,0.5,0,0.12697386741638184,0.5317009091377258,1,2.3588542600702585e-06,1.3464595993464092,13.903111237274448,0,1,0.2987821794697268,0,1,fold_5
974,sub10,rest02,21,45,0,-0.8466125982521092,0.3001439247679765,0.5,0,0.794214129447937,0.6887354850769043,1,2.3588542600702585e-06,1.3464595993464092,13.903111237274448,0,1,0.31949800961010294,0,1,fold_5
975,sub10,rest02,22,46,0,-0.6925347973725271,0.3334694323726336,0.5,0,1.426101565361023,0.8062931895256042,1,2.3588542600702585e-06,1.3464595993464092,13.903111237274448,0,1,0.32774359191734365,0,1,fold_5
976,sub10,rest02,23,47,0,-0.7314315070534165,0.32488067168969864,0.5,0,1.6742383241653442,0.8421400785446167,1,2.3588542600702585e-06,1.3464595993464092,13.903111237274448,0,1,0.32488067168969864,0,1,fold_5
977,sub10,task02,0,48,0,0.15995670225298608,0.5399041290821104,0.5,1,2.744965076446533,0.9396283030509949,1,2.3588542600702585e-06,1.3464595993464092,13.903111237274448,1,1,0.5260377462950162,1,1,fold_5
978,sub10,task02,1,49,0,-0.08091563069538063,0.47978212223139316,0.5,0,2.4271326065063477,0.9188730716705322,1,2.3588542600702585e-06,1.3464595993464092,13.903111237274448,1,0,0.5466633364642963,1,1,fold_5
979,sub10,task02,2,50,0,0.2347805005233682,0.5584269875715453,0.5,1,3.460336685180664,0.9695379137992859,1,2.3588542600702585e-06,1.3464595993464092,13.903111237274448,1,1,0.5966452609773251,1,1,fold_5
980,sub10,task02,3,51,0,0.4128910675361223,0.6017808995899505,0.5,1,3.8651366233825684,0.9794701933860779,1,2.3588542600702585e-06,1.3464595993464092,13.903111237274448,1,1,0.6278799091298395,1,1,fold_5
981,sub10,task02,4,52,0,0.531049662421163,0.6297278957704793,0.5,1,4.296497344970703,0.9865667223930359,1,2.3588542600702585e-06,1.3464595993464092,13.903111237274448,1,1,0.6487822315001658,1,1,fold_5
982,sub10,task02,5,53,0,0.6284191902463558,0.6521309320290886,0.5,1,4.480891704559326,0.9888034462928772,1,2.3588542600702585e-06,1.3464595993464092,13.903111237274448,1,1,0.6755573880318143,1,1,fold_5
983,sub10,task02,6,54,0,0.6833584981116467,0.6644878667009295,0.5,1,4.421241283416748,0.9881234765052795,1,2.3588542600702585e-06,1.3464595993464092,13.903111237274448,1,1,0.6935311709708061,1,1,fold_5
984,sub10,task02,7,55,0,0.8956432421517438,0.7100533653654248,0.5,1,4.957658290863037,0.9930196404457092,1,2.3588542600702585e-06,1.3464595993464092,13.903111237274448,1,1,0.7076060027898384,1,1,fold_5
985,sub10,task02,8,56,0,0.8762873614226633,0.7060522808460638,0.5,1,4.852570056915283,0.9922521710395813,1,2.3588542600702585e-06,1.3464595993464092,13.903111237274448,1,1,0.661987210243397,1,1,fold_5
986,sub10,task02,9,57,0,0.879469913753545,0.7067123621580265,0.5,1,4.938663959503174,0.9928868412971497,1,2.3588542600702585e-06,1.3464595993464092,13.903111237274448,1,1,0.6055464325960825,1,1,fold_5
987,sub10,task02,10,58,0,0.29490686353789186,0.573196987726101,0.5,1,3.2315359115600586,0.9620039463043213,1,2.3588542600702585e-06,1.3464595993464092,13.903111237274448,1,1,0.5528099164696844,1,1,fold_5
988,sub10,task02,11,59,0,0.14718492778958076,0.5367299479041204,0.5,1,2.8734183311462402,0.9465166330337524,1,2.3588542600702585e-06,1.3464595993464092,13.903111237274448,1,1,0.5868203109835776,1,1,fold_5
989,sub10,task02,12,60,0,0.1946232688850843,0.5485028137788316,0.5,1,2.8170461654663086,0.9435900449752808,1,2.3588542600702585e-06,1.3464595993464092,13.903111237274448,1,1,0.6466096841462591,1,1,fold_5
990,sub10,task02,13,61,0,0.7319277949335133,0.6752281712677809,0.5,1,4.361154079437256,0.9873972535133362,1,2.3588542600702585e-06,1.3464595993464092,13.903111237274448,1,1,0.7096866564651337,1,1,fold_5
991,sub10,task02,14,62,0,0.9251882524033476,0.7160980673921649,0.5,1,5.228408336639404,0.994666576385498,1,2.3588542600702585e-06,1.3464595993464092,13.903111237274448,1,1,0.7333811699724246,1,1,fold_5
992,sub10,task02,15,63,0,1.034222678449702,0.7377337307354552,0.5,1,5.5143656730651855,0.9959877133369446,1,2.3588542600702585e-06,1.3464595993464092,13.903111237274448,1,1,0.7440078894936025,1,1,fold_5
993,sub10,task02,16,64,0,1.0790370555459965,0.7463117117896538,0.5,1,6.021361827850342,0.9975795149803162,1,2.3588542600702585e-06,1.3464595993464092,13.903111237274448,1,1,0.7491862919100578,1,1,fold_5
994,sub10,task02,17,65,0,1.0878583791494492,0.7479782259556982,0.5,1,5.9820237159729,0.9974827170372009,1,2.3588542600702585e-06,1.3464595993464092,13.903111237274448,1,1,0.7480599156348259,1,1,fold_5
995,sub10,task02,18,66,0,1.1161233937104382,0.7532689379848212,0.5,1,6.133306980133057,0.9978353381156921,1,2.3588542600702585e-06,1.3464595993464092,13.903111237274448,1,1,0.7488819803355306,1,1,fold_5
996,sub10,task02,19,67,0,1.061266930755922,0.7429325829639584,0.5,1,6.057333469390869,0.9976648092269897,1,2.3588542600702585e-06,1.3464595993464092,13.903111237274448,1,1,0.732634111183121,1,1,fold_5
997,sub10,task02,20,68,0,1.1009839354306232,0.7504444200578124,0.5,1,6.0275139808654785,0.9975942969322205,1,2.3588542600702585e-06,1.3464595993464092,13.903111237274448,1,1,0.7124645839604987,1,1,fold_5
998,sub10,task02,21,69,0,0.8689411737526139,0.7045253305275926,0.5,1,4.559305191040039,0.989639163017273,1,2.3588542600702585e-06,1.3464595993464092,13.903111237274448,1,1,0.6937960121649841,1,1,fold_5
999,sub10,task02,22,70,0,0.7649340117607021,0.682424001296091,0.5,1,4.952888488769531,0.9929865002632141,1,2.3588542600702585e-06,1.3464595993464092,13.903111237274448,1,1,0.7064041086246685,1,1,fold_5
1000,sub10,task02,23,71,0,0.8209535022265203,0.694438704671269,0.5,1,4.98428201675415,0.9932019114494324,1,2.3588542600702585e-06,1.3464595993464092,13.903111237274448,1,1,0.7158899268087776,1,1,fold_5
1001,sub10,task02,24,72,0,1.0582167680477104,0.7423496199066454,0.5,1,5.490694522857666,0.9958919286727905,1,2.3588542600702585e-06,1.3464595993464092,13.903111237274448,1,1,0.7204291501284424,1,1,fold_5
1002,sub10,task02,25,73,0,0.8996688957536214,0.7108814558484184,0.5,1,4.73167085647583,0.9912652373313904,1,2.3588542600702585e-06,1.3464595993464092,13.903111237274448,1,1,0.7161293116564011,1,1,fold_5
1003,sub10,task02,26,74,0,0.8859629958809973,0.7080563746302636,0.5,1,4.865309238433838,0.9923495054244995,1,2.3588542600702585e-06,1.3464595993464092,13.903111237274448,1,1,0.7319466624570201,1,1,fold_5
1004,sub10,task02,27,75,0,0.9918344308900475,0.7294501044905216,0.5,1,5.145162105560303,0.9942061901092529,1,2.3588542600702585e-06,1.3464595993464092,13.903111237274448,1,1,0.7485938421328079,1,1,fold_5
1005,sub10,task02,28,76,0,1.1435646309845562,0.7583335082502751,0.5,1,6.134212493896484,0.997837245464325,1,2.3588542600702585e-06,1.3464595993464092,13.903111237274448,1,1,0.7560008483373831,1,1,fold_5
1006,sub10,task02,29,77,0,1.1417342858390143,0.7579979136576271,0.5,1,6.42628288269043,0.9983841180801392,1,2.3588542600702585e-06,1.3464595993464092,13.903111237274448,1,1,0.7557578898072402,1,1,fold_5
1007,sub10,task02,30,78,0,1.1075449078286868,0.751671123104247,0.5,1,6.291735649108887,0.9981518387794495,1,2.3588542600702585e-06,1.3464595993464092,13.903111237274448,1,1,0.7545984002327507,1,1,fold_5
1008,sub10,task02,31,79,0,1.1395915143889916,0.7576046326598463,0.5,1,6.368175029754639,0.9982876181602478,1,2.3588542600702585e-06,1.3464595993464092,13.903111237274448,1,1,0.7557638496496554,1,1,fold_5
1009,sub10,task02,32,80,0,1.122863311159806,0.7545194449341591,0.5,1,5.696786403656006,0.9966545104980469,1,2.3588542600702585e-06,1.3464595993464092,13.903111237274448,1,1,0.7439040421767182,1,1,fold_5
1010,sub10,task02,33,81,0,1.126365120753029,0.7551674713549605,0.5,1,5.4712018966674805,0.9958114624023438,1,2.3588542600702585e-06,1.3464595993464092,13.903111237274448,1,1,0.7178383854062469,1,1,fold_5
1011,sub10,task02,34,82,0,0.9545296302562893,0.7220252102410352,0.5,1,4.682036876678467,0.9908247590065002,1,2.3588542600702585e-06,1.3464595993464092,13.903111237274448,1,1,0.6769523933987155,1,1,fold_5
1012,sub10,task02,35,83,0,0.7369222676494731,0.6763224746227452,0.5,1,5.1458282470703125,0.9942101240158081,1,2.3588542600702585e-06,1.3464595993464092,13.903111237274448,1,1,0.6471138217624925,1,1,fold_5
1013,sub10,task02,36,84,0,0.5429977521921759,0.6325094953323662,0.5,1,6.460683822631836,0.9984387755393982,1,2.3588542600702585e-06,1.3464595993464092,13.903111237274448,1,1,0.6325094953323662,1,1,fold_5
1014,sub10,rest04,0,85,0,0.9943400831328302,0.7299443172070694,0.5,1,5.453348159790039,0.9957362413406372,1,2.3588542600702585e-06,1.3464595993464092,13.903111237274448,1,1,0.7255197598282438,1,1,fold_5
1015,sub10,rest04,1,86,0,0.951556986996206,0.7214281928592815,0.5,1,5.094781398773193,0.9939086437225342,1,2.3588542600702585e-06,1.3464595993464092,13.903111237274448,1,1,0.7247843227685379,1,1,fold_5
1016,sub10,rest04,2,87,0,0.9703375292584897,0.7251867694183803,0.5,1,5.14813232421875,0.9942232966423035,1,2.3588542600702585e-06,1.3464595993464092,13.903111237274448,1,1,0.7299987753615814,1,1,fold_5
1017,sub10,rest04,3,88,0,0.9831762857575168,0.7277380060279518,0.5,1,4.988527774810791,0.9932304620742798,1,2.3588542600702585e-06,1.3464595993464092,13.903111237274448,1,1,0.7362912995287937,1,1,fold_5
1018,sub10,rest04,4,89,0,1.0308030316066865,0.7370715506384122,0.5,1,5.4369916915893555,0.9956662654876709,1,2.3588542600702585e-06,1.3464595993464092,13.903111237274448,1,1,0.7426198580121471,1,1,fold_5
1019,sub10,rest04,5,90,0,1.067201434904708,0.7440643419200172,0.5,1,5.671988010406494,0.9965708255767822,1,2.3588542600702585e-06,1.3464595993464092,13.903111237274448,1,1,0.7396884660666321,1,1,fold_5
1020,sub10,rest04,6,91,0,1.0812141515711304,0.7467236814780119,0.5,1,6.0865797996521,0.9977319240570068,1,2.3588542600702585e-06,1.3464595993464092,13.903111237274448,1,1,0.7376179905637491,1,1,fold_5
1021,sub10,rest04,7,92,0,0.9859001992885603,0.7282773748018673,0.5,1,5.238954067230225,0.9947222471237183,1,2.3588542600702585e-06,1.3464595993464092,13.903111237274448,1,1,0.714894740888358,1,1,fold_5
1022,sub10,rest04,8,93,0,1.0348387653271838,0.737852915411368,0.5,1,5.4396820068359375,0.9956778883934021,1,2.3588542600702585e-06,1.3464595993464092,13.903111237274448,1,1,0.7058347189092627,1,1,fold_5
1023,sub10,rest04,9,94,0,0.74713418685196,0.6785539324518388,0.5,1,4.161871433258057,0.9846605658531189,1,2.3588542600702585e-06,1.3464595993464092,13.903111237274448,1,1,0.6898306633240927,1,1,fold_5
1024,sub10,rest04,10,95,0,0.8525286190447747,0.7010973088645818,0.5,1,5.096699237823486,0.9939203262329102,1,2.3588542600702585e-06,1.3464595993464092,13.903111237274448,1,1,0.7051358272636911,1,1,fold_5
1025,sub10,rest04,11,96,0,0.7993748923169397,0.6898407486558575,0.5,1,4.82869815826416,0.992066502571106,1,2.3588542600702585e-06,1.3464595993464092,13.903111237274448,1,1,0.7055032873171987,1,1,fold_5
1026,sub10,rest04,12,97,0,0.9667409532266071,0.7244694242706335,0.5,1,5.705045223236084,0.9966818690299988,1,2.3588542600702585e-06,1.3464595993464092,13.903111237274448,1,1,0.7133731493526015,1,1,fold_5
1027,sub10,rest04,13,98,0,0.8577946563861119,0.7021996890251052,0.5,1,5.323520183563232,0.9951481223106384,1,2.3588542600702585e-06,1.3464595993464092,13.903111237274448,1,1,0.715578755683044,1,1,fold_5
1028,sub10,rest04,14,99,0,0.9122009538453832,0.7134503347620658,0.5,1,5.53291654586792,0.9960611462593079,1,2.3588542600702585e-06,1.3464595993464092,13.903111237274448,1,1,0.7286585274271578,1,1,fold_5
1029,sub10,rest04,15,100,0,1.000140711354563,0.7310862432619607,0.5,1,5.65874719619751,0.996525228023529,1,2.3588542600702585e-06,1.3464595993464092,13.903111237274448,1,1,0.7289578592958148,1,1,fold_5
1030,sub10,rest04,16,101,0,1.05346127182486,0.7414390042574469,0.5,1,5.488171100616455,0.9958816766738892,1,2.3588542600702585e-06,1.3464595993464092,13.903111237274448,1,1,0.71821236583979,1,1,fold_5
1031,sub10,rest04,17,102,0,0.9165975708536491,0.7143483303680366,0.5,1,5.113321781158447,0.9940199851989746,1,2.3588542600702585e-06,1.3464595993464092,13.903111237274448,1,1,0.6860830125346924,1,1,fold_5
1032,sub10,rest04,18,103,0,0.8418265208254374,0.6988497628938866,0.5,1,4.959271430969238,0.993030846118927,1,2.3588542600702585e-06,1.3464595993464092,13.903111237274448,1,1,0.6735594469674989,1,1,fold_5
1033,sub10,rest04,19,104,0,0.5973550231645564,0.6450509443421544,0.5,1,4.266010761260986,0.9861565828323364,1,2.3588542600702585e-06,1.3464595993464092,13.903111237274448,1,1,0.6669651197236436,1,1,fold_5
1034,sub10,rest04,20,105,0,0.7390022335455928,0.6767776336664559,0.5,1,3.989142417907715,0.9818210005760193,1,2.3588542600702585e-06,1.3464595993464092,13.903111237274448,1,1,0.6902873892009702,1,1,fold_5
1035,sub10,rest04,21,106,0,0.7494864144673383,0.6790667811623204,0.5,1,4.112744331359863,0.9839006662368774,1,2.3588542600702585e-06,1.3464595993464092,13.903111237274448,1,1,0.6972417924426965,1,1,fold_5
1036,sub10,rest04,22,107,0,0.9198804835475425,0.7150177527741342,0.5,1,5.43760871887207,0.9956690073013306,1,2.3588542600702585e-06,1.3464595993464092,13.903111237274448,1,1,0.7034331465191347,1,1,fold_5
1037,sub10,rest04,23,108,0,0.8360888482630997,0.6976408433916349,0.5,1,5.797444820404053,0.9969738721847534,1,2.3588542600702585e-06,1.3464595993464092,13.903111237274448,1,1,0.6976408433916349,1,1,fold_5
1134,sub12,rest01,0,0,0,-1.3222790627635668,0.2104393667255849,0.5,0,-0.6096175909042358,0.3521464169025421,1,4.218369546195063e-06,1.8291267206903798,9.701244418499144,0,1,0.20737943359667158,0,1,fold_5
1135,sub12,rest01,1,1,0,-1.3623674128746446,0.20385580506177725,0.5,0,-0.6934908032417297,0.3332569897174835,1,4.218369546195063e-06,1.8291267206903798,9.701244418499144,0,1,0.20753640162585,0,1,fold_5
1136,sub12,rest01,2,2,0,-1.337975833970746,0.2078431290026526,0.5,0,-0.6549178957939148,0.3418821692466736,1,4.218369546195063e-06,1.8291267206903798,9.701244418499144,0,1,0.2145940703968657,0,1,fold_5
1137,sub12,rest01,3,3,0,-1.3194472533659352,0.2109102708131202,0.5,0,-0.5506731867790222,0.36570823192596436,1,4.218369546195063e-06,1.8291267206903798,9.701244418499144,0,1,0.2172631608875616,0,1,fold_5
1138,sub12,rest01,4,4,0,-1.2365974081333657,0.22502881137482436,0.5,0,-0.5058057904243469,0.37617725133895874,1,4.218369546195063e-06,1.8291267206903798,9.701244418499144,0,1,0.21761864170265552,0,1,fold_5
1139,sub12,rest01,5,5,0,-1.2900142405304804,0.21585040047474024,0.5,0,-0.567283570766449,0.3618638515472412,1,4.218369546195063e-06,1.8291267206903798,9.701244418499144,0,1,0.22193133188839342,0,1,fold_5
1140,sub12,rest01,6,6,0,-1.3130512156057021,0.21197671325840192,0.5,0,-0.7713286876678467,0.31619173288345337,1,4.218369546195063e-06,1.8291267206903798,9.701244418499144,0,1,0.22270461273790595,0,1,fold_5
1141,sub12,rest01,7,7,1,-1.3451538178437341,0.2066637926688753,0.5,0,-0.8165144920349121,0.3065040409564972,1,4.218369546195063e-06,1.8291267206903798,9.701244418499144,0,1,,,,fold_5
1142,sub12,rest01,8,8,0,-1.1638585043307041,0.23796688193203805,0.5,0,-0.6030005216598511,0.3536575138568878,1,4.218369546195063e-06,1.8291267206903798,9.701244418499144,0,1,0.2238131747848493,0,1,fold_5
1143,sub12,rest01,9,9,0,-1.2763613254486317,0.21817024302327787,0.5,0,-0.867870032787323,0.29569771885871887,1,4.218369546195063e-06,1.8291267206903798,9.701244418499144,0,1,0.20909317249888726,0,1,fold_5
1144,sub12,rest01,10,10,1,-1.224925002276064,0.2270709031624662,0.5,0,-0.7881951332092285,0.31255635619163513,1,4.218369546195063e-06,1.8291267206903798,9.701244418499144,0,1,,,,fold_5
1145,sub12,rest01,11,11,0,-1.2932548726464066,0.215302399399232,0.5,0,-0.7984985709190369,0.310346782207489,1,4.218369546195063e-06,1.8291267206903798,9.701244418499144,0,1,0.20617793776452187,0,1,fold_5
1146,sub12,rest01,12,12,0,-1.4254611489678337,0.19380687507415198,0.5,0,-0.8950247764587402,0.290073961019516,1,4.218369546195063e-06,1.8291267206903798,9.701244418499144,0,1,0.202881524895164,0,1,fold_5
1147,sub12,rest01,13,13,1,-1.368448334761727,0.20287065697633683,0.5,0,-0.8078141212463379,0.30835649371147156,1,4.218369546195063e-06,1.8291267206903798,9.701244418499144,0,1,,,,fold_5
1148,sub12,rest01,14,14,0,-1.328397634243076,0.20942453882018164,0.5,0,-0.8152076005935669,0.3067818880081177,1,4.218369546195063e-06,1.8291267206903798,9.701244418499144,0,1,0.2399984635655947,0,1,fold_5
1149,sub12,rest01,15,15,0,-1.3527989110548568,0.2054131607911585,0.5,0,-0.8354272246360779,0.3024987280368805,1,4.218369546195063e-06,1.8291267206903798,9.701244418499144,0,1,0.29338487988174355,0,1,fold_5
1150,sub12,rest01,16,16,1,-0.748889302873327,0.3210633643170559,0.5,0,-0.47256314754486084,0.3840097188949585,1,4.218369546195063e-06,1.8291267206903798,9.701244418499144,0,1,,,,fold_5
1151,sub12,rest01,17,17,0,-0.8228562632214919,0.30515769108544394,0.5,0,-0.46365654468536377,0.3861187696456909,1,4.218369546195063e-06,1.8291267206903798,9.701244418499144,0,1,0.3133204999987403,0,1,fold_5
1152,sub12,rest01,18,18,0,-0.5340027810419886,0.3695837877686282,0.5,0,-0.14470553398132324,0.4638865888118744,1,4.218369546195063e-06,1.8291267206903798,9.701244418499144,0,1,0.30146960973072146,0,1,fold_5
1153,sub12,rest01,19,19,0,-1.0190113559414498,0.2652200211421487,0.5,0,-0.480623722076416,0.38210487365722656,1,4.218369546195063e-06,1.8291267206903798,9.701244418499144,0,1,0.2589763337495859,0,1,fold_5
1154,sub12,rest01,20,20,0,-0.9966274558390124,0.2696050202813875,0.5,0,-0.447426438331604,0.38997286558151245,1,4.218369546195063e-06,1.8291267206903798,9.701244418499144,0,1,0.25006623579997517,0,1,fold_5
1155,sub12,rest01,21,21,0,-1.1411790061055789,0.2421039598252215,0.5,0,-0.4794544577598572,0.38238096237182617,1,4.218369546195063e-06,1.8291267206903798,9.701244418499144,0,1,0.25204789493849805,0,1,fold_5
1156,sub12,rest01,22,22,0,-1.16097742508302,0.23848972729331644,0.5,0,-0.2849329710006714,0.4292448163032532,1,4.218369546195063e-06,1.8291267206903798,9.701244418499144,0,1,0.2631965742290763,0,1,fold_5
1157,sub12,rest01,23,23,0,-0.9666436574744997,0.27554999769695615,0.5,0,0.10611855983734131,0.5265047550201416,1,4.218369546195063e-06,1.8291267206903798,9.701244418499144,0,1,0.27554999769695615,0,1,fold_5
1158,sub12,rest02,0,24,0,-1.294105885603796,0.21515865791261585,0.5,0,-0.6816568374633789,0.33589160442352295,1,4.218369546195063e-06,1.8291267206903798,9.701244418499144,0,1,0.20811484874144656,0,1,fold_5
1159,sub12,rest02,1,25,0,-1.330137547343178,0.20913661417991383,0.5,0,-0.6868646144866943,0.33473092317581177,1,4.218369546195063e-06,1.8291267206903798,9.701244418499144,0,1,0.20847557200084407,0,1,fold_5
1160,sub12,rest02,2,26,0,-1.3859864262434392,0.20004927413180998,0.5,0,-0.6823400259017944,0.33573922514915466,1,4.218369546195063e-06,1.8291267206903798,9.701244418499144,0,1,0.22380262206888635,0,1,fold_5
1161,sub12,rest02,3,27,0,-1.2877090653746623,0.21624082769080835,0.5,0,-0.656453013420105,0.34153684973716736,1,4.218369546195063e-06,1.8291267206903798,9.701244418499144,0,1,0.2396271486155391,0,1,fold_5
1162,sub12,rest02,4,28,0,-1.0715008732202325,0.2551177643840407,0.5,0,-0.4511573314666748,0.38908565044403076,1,4.218369546195063e-06,1.8291267206903798,9.701244418499144,0,1,0.23618267307953275,0,1,fold_5
1163,sub12,rest02,5,29,0,-1.111867709483416,0.2475228537717682,0.5,0,-0.49117857217788696,0.3796159625053406,1,4.218369546195063e-06,1.8291267206903798,9.701244418499144,0,1,0.23877760612626728,0,1,fold_5
1164,sub12,rest02,6,30,0,-1.349773519345451,0.2059074010827892,0.5,0,-0.6719965934753418,0.33804991841316223,1,4.218369546195063e-06,1.8291267206903798,9.701244418499144,0,1,0.2760820491801445,0,1,fold_5
1165,sub12,rest02,7,31,0,-1.0309366077014728,0.2629025635242444,0.5,0,-0.5093482136726379,0.3753463327884674,1,4.218369546195063e-06,1.8291267206903798,9.701244418499144,0,1,0.3597254891259853,0,1,fold_5
1166,sub12,rest02,8,32,0,-0.5778121074755581,0.35943618293339985,0.5,0,-0.1938713788986206,0.4516834020614624,1,4.218369546195063e-06,1.8291267206903798,9.701244418499144,0,1,0.43618837878134703,0,1,fold_5
1167,sub12,rest02,9,33,0,-0.1730799004075052,0.4568377209203115,0.5,0,0.0545046329498291,0.5136227607727051,1,4.218369546195063e-06,1.8291267206903798,9.701244418499144,0,1,0.4480907777383707,0,1,fold_5
1168,sub12,rest02,10,34,0,-0.030837513556536387,0.49229123249032974,0.5,0,0.3452417850494385,0.5854632258415222,1,4.218369546195063e-06,1.8291267206903798,9.701244418499144,0,1,0.3970343966142537,0,1,fold_5
1169,sub12,rest02,11,35,0,-0.425742752647495,0.3951433798044707,0.5,0,0.07484686374664307,0.5187029838562012,1,4.218369546195063e-06,1.8291267206903798,9.701244418499144,0,1,0.30980072507934314,0,1,fold_5
1170,sub12,rest02,12,36,0,-0.8298888274142012,0.30366857754796067,0.5,0,-0.258419394493103,0.435752272605896,1,4.218369546195063e-06,1.8291267206903798,9.701244418499144,0,1,0.25778075761843205,0,1,fold_5
1171,sub12,rest02,13,37,0,-1.2049815175244396,0.23059021788559805,0.5,0,-0.44141721725463867,0.39140334725379944,1,4.218369546195063e-06,1.8291267206903798,9.701244418499144,0,1,0.24785516157484092,0,1,fold_5
1172,sub12,rest02,14,38,0,-1.1577108886033147,0.23908347742173738,0.5,0,-0.4405045509338379,0.3916207551956177,1,4.218369546195063e-06,1.8291267206903798,9.701244418499144,0,1,0.25770901947189007,0,1,fold_5
1173,sub12,rest02,15,39,0,-0.9749659548587707,0.2738917894171874,0.5,0,-0.2982743978500366,0.4259793758392334,1,4.218369546195063e-06,1.8291267206903798,9.701244418499144,0,1,0.25402289342958156,0,1,fold_5
1174,sub12,rest02,16,40,0,-1.0451797669858136,0.26015179157674534,0.5,0,-0.41125762462615967,0.3986106216907501,1,4.218369546195063e-06,1.8291267206903798,9.701244418499144,0,1,0.2476763966367123,0,1,fold_5
1175,sub12,rest02,17,41,0,-1.219496329934395,0.228025099294812,0.5,0,-0.560590386390686,0.3634108603000641,1,4.218369546195063e-06,1.8291267206903798,9.701244418499144,0,1,0.24272701574227498,0,1,fold_5
1176,sub12,rest02,18,42,0,-1.0728982971639434,0.25485229903857953,0.5,0,-0.39736902713775635,0.4019446074962616,1,4.218369546195063e-06,1.8291267206903798,9.701244418499144,0,1,0.248861337699638,0,1,fold_5
1177,sub12,rest02,19,43,0,-1.123818658004721,0.24530364889343348,0.5,0,-0.39328229427337646,0.40292736887931824,1,4.218369546195063e-06,1.8291267206903798,9.701244418499144,0,1,0.2307011751262883,0,1,fold_5
1178,sub12,rest02,20,44,0,-1.1177543550923108,0.246428065166901,0.5,0,-0.39240801334381104,0.403137743473053,1,4.218369546195063e-06,1.8291267206903798,9.701244418499144,0,1,0.21755123439689142,0,1,fold_5
1179,sub12,rest02,21,45,0,-1.3839721582497426,0.2003718113185304,0.5,0,-0.6652587652206421,0.33955931663513184,1,4.218369546195063e-06,1.8291267206903798,9.701244418499144,0,1,0.21163657493139365,0,1,fold_5
1180,sub12,rest02,22,46,0,-1.3501012038334457,0.20585382670524288,0.5,0,-0.6277626156806946,0.3480180501937866,1,4.218369546195063e-06,1.8291267206903798,9.701244418499144,0,1,0.22107400008201938,0,1,fold_5
1181,sub12,rest02,23,47,0,-1.2157565170584925,0.22868408677040764,0.5,0,-0.4402652382850647,0.39167776703834534,1,4.218369546195063e-06,1.8291267206903798,9.701244418499144,0,1,0.22868408677040764,0,1,fold_5
1182,sub12,task02,0,48,0,0.47671080900108403,0.6169708799862184,0.5,1,1.1262127161026,0.7551392912864685,1,4.218369546195063e-06,1.8291267206903798,9.701244418499144,1,1,0.6058370321813561,1,1,fold_5
1183,sub12,task02,1,49,0,0.18351420490487333,0.5457502272689483,0.5,1,0.37265193462371826,0.5920996069908142,1,4.218369546195063e-06,1.8291267206903798,9.701244418499144,1,1,0.5731590677998524,1,1,fold_5
1184,sub12,task02,2,50,0,0.6401615986523161,0.6547899892889016,0.5,1,1.0251497030258179,0.7359744906425476,1,4.218369546195063e-06,1.8291267206903798,9.701244418499144,1,1,0.5523698181741107,1,1,fold_5
1185,sub12,task02,3,51,0,0.0757841971458574,0.5189369868417071,0.5,1,0.3361419439315796,0.5832530856132507,1,4.218369546195063e-06,1.8291267206903798,9.701244418499144,1,1,0.4370144722752127,0,0,fold_5
1186,sub12,task02,4,52,0,-0.0664945762445284,0.4833824783917233,0.5,0,0.25157630443573,0.562564492225647,1,4.218369546195063e-06,1.8291267206903798,9.701244418499144,1,0,0.4362551981957051,0,0,fold_5
1187,sub12,task02,5,53,0,-0.8060917181054273,0.3087239515922075,0.5,0,-0.22543549537658691,0.4438786208629608,1,4.218369546195063e-06,1.8291267206903798,9.701244418499144,1,0,0.49019261110054985,0,0,fold_5
1188,sub12,task02,6,54,0,0.06666133288018981,0.5166591646031844,0.5,1,0.2700258493423462,0.5670992732048035,1,4.218369546195063e-06,1.8291267206903798,9.701244418499144,1,1,0.6340132377593893,1,1,fold_5
1189,sub12,task02,7,55,0,0.597983018119506,0.6451947171062575,0.5,1,1.0181890726089478,0.7346197366714478,1,4.218369546195063e-06,1.8291267206903798,9.701244418499144,1,1,0.7163259888687806,1,1,fold_5
1190,sub12,task02,8,56,0,1.046934639746835,0.7401858315687262,0.5,1,1.624243140220642,0.835379421710968,1,4.218369546195063e-06,1.8291267206903798,9.701244418499144,1,1,0.7577160589281341,1,1,fold_5
1191,sub12,task02,9,57,0,1.1725045024760141,0.7635974179313584,0.5,1,1.5757659673690796,0.828603982925415,1,4.218369546195063e-06,1.8291267206903798,9.701244418499144,1,1,0.7561285545037063,1,1,fold_5
1192,sub12,task02,10,58,0,1.2047287152044037,0.7693649272843179,0.5,1,1.8024348020553589,0.8584450483322144,1,4.218369546195063e-06,1.8291267206903798,9.701244418499144,1,1,0.7537383054940272,1,1,fold_5
1193,sub12,task02,11,59,0,1.0223151554717718,0.7354233182954423,0.5,1,1.2415896654129028,0.7758405804634094,1,4.218369546195063e-06,1.8291267206903798,9.701244418499144,1,1,0.7420895376398732,1,1,fold_5
1194,sub12,task02,12,60,0,1.1331875530988167,0.7564266709023216,0.5,1,1.3307303190231323,0.7909614443778992,1,4.218369546195063e-06,1.8291267206903798,9.701244418499144,1,1,0.7546483928606748,1,1,fold_5
1195,sub12,task02,13,61,0,1.0171579023740327,0.7344186237218556,0.5,1,1.1574984788894653,0.7608779072761536,1,4.218369546195063e-06,1.8291267206903798,9.701244418499144,1,1,0.7595030849743329,1,1,fold_5
1196,sub12,task02,14,62,0,1.2258983530167487,0.7730998839578473,0.5,1,1.6432534456253052,0.8379771709442139,1,4.218369546195063e-06,1.8291267206903798,9.701244418499144,1,1,0.7736135616981296,1,1,fold_5
1197,sub12,task02,15,63,0,1.2139139647207742,0.7709907472432962,0.5,1,1.714241862297058,0.8473856449127197,1,4.218369546195063e-06,1.8291267206903798,9.701244418499144,1,1,0.7709751468897145,1,1,fold_5
1198,sub12,task02,16,64,0,1.2468266393026888,0.7767500538932451,0.5,1,1.6513694524765015,0.839076042175293,1,4.218369546195063e-06,1.8291267206903798,9.701244418499144,1,1,0.7672392153958073,1,1,fold_5
1199,sub12,task02,17,65,0,1.1813176583890173,0.7651846395326022,0.5,1,1.6651495695114136,0.8409280776977539,1,4.218369546195063e-06,1.8291267206903798,9.701244418499144,1,1,0.7403915310646457,1,1,fold_5
1200,sub12,task02,18,66,0,1.151489925875459,0.7597829527615744,0.5,1,1.5372825860977173,0.8230693340301514,1,4.218369546195063e-06,1.8291267206903798,9.701244418499144,1,1,0.6824241560697489,1,1,fold_5
1201,sub12,task02,19,67,0,0.8293004857413789,0.6962070008997604,0.5,1,0.7536171674728394,0.6799663305282593,1,4.218369546195063e-06,1.8291267206903798,9.701244418499144,1,1,0.6112296564445359,1,1,fold_5
1202,sub12,task02,20,68,0,0.3692697584340611,0.5912825145479121,0.5,1,0.35932934284210205,0.5888780355453491,1,4.218369546195063e-06,1.8291267206903798,9.701244418499144,1,1,0.6120905050893972,1,1,fold_5
1203,sub12,task02,21,69,0,0.18532643342686178,0.5461994538859353,0.5,1,0.29040610790252686,0.5720955729484558,1,4.218369546195063e-06,1.8291267206903798,9.701244418499144,1,1,0.6562932250743295,1,1,fold_5
1204,sub12,task02,22,70,0,0.8415404190218838,0.698789546834344,0.5,1,1.1877399682998657,0.7663366198539734,1,4.218369546195063e-06,1.8291267206903798,9.701244418499144,1,1,0.6812264347300577,1,1,fold_5
1205,sub12,task02,23,71,0,0.9638434847539011,0.7238906745027094,0.5,1,1.4383808374404907,0.8082037568092346,1,4.218369546195063e-06,1.8291267206903798,9.701244418499144,1,1,0.6359321135326629,1,1,fold_5
1206,sub12,task02,24,72,0,0.49379098005319105,0.6209990828531198,0.5,1,1.0619105100631714,0.7430554628372192,1,4.218369546195063e-06,1.8291267206903798,9.701244418499144,1,1,0.5856012209294684,1,1,fold_5
1207,sub12,task02,25,73,0,0.25296674705162947,0.5629065832421596,0.5,1,0.6325465440750122,0.6530666351318359,1,4.218369546195063e-06,1.8291267206903798,9.701244418499144,1,1,0.6110346483344039,1,1,fold_5
1208,sub12,task02,26,74,0,0.29368481630247273,0.5728979966931258,0.5,1,0.6480265855789185,0.6565656065940857,1,4.218369546195063e-06,1.8291267206903798,9.701244418499144,1,1,0.6615576950012834,1,1,fold_5
1209,sub12,task02,27,75,0,0.8344705100809191,0.6972993650679262,0.5,1,1.320447564125061,0.78925621509552,1,4.218369546195063e-06,1.8291267206903798,9.701244418499144,1,1,0.7111531107745956,1,1,fold_5
1210,sub12,task02,28,76,0,0.9172219616202409,0.7144757232427982,0.5,1,1.506212592124939,0.8184992671012878,1,4.218369546195063e-06,1.8291267206903798,9.701244418499144,1,1,0.7133176054742626,1,1,fold_5
1211,sub12,task02,29,77,0,0.9528314260261238,0.7216842440130623,0.5,1,1.4076968431472778,0.8034024238586426,1,4.218369546195063e-06,1.8291267206903798,9.701244418499144,1,1,0.7242207273485907,1,1,fold_5
1212,sub12,task02,30,78,0,0.8654250210660442,0.7037928491669273,0.5,1,1.2657262086868286,0.7800102829933167,1,4.218369546195063e-06,1.8291267206903798,9.701244418499144,1,1,0.7364611268334492,1,1,fold_5
1213,sub12,task02,31,79,0,1.0836552862505435,0.7471850888657823,0.5,1,1.4355288743972778,0.8077613711357117,1,4.218369546195063e-06,1.8291267206903798,9.701244418499144,1,1,0.7581023808522876,1,1,fold_5
1214,sub12,task02,32,80,0,1.1439571881276807,0.7584054424676377,0.5,1,1.7868047952651978,0.8565350770950317,1,4.218369546195063e-06,1.8291267206903798,9.701244418499144,1,1,0.7606510882556053,1,1,fold_5
1215,sub12,task02,33,81,0,1.2010786357538275,0.7687166112234428,0.5,1,1.8740524053573608,0.8669264912605286,1,4.218369546195063e-06,1.8291267206903798,9.701244418499144,1,1,0.7499922331727666,1,1,fold_5
1216,sub12,task02,34,82,0,1.1245472550432114,0.7548312110757356,0.5,1,1.827161431312561,0.8614231944084167,1,4.218369546195063e-06,1.8291267206903798,9.701244418499144,1,1,0.735896321837993,1,1,fold_5
1217,sub12,task02,35,83,0,0.9765789455913068,0.7264288772191217,0.5,1,1.9031506776809692,0.8702476620674133,1,4.218369546195063e-06,1.8291267206903798,9.701244418499144,1,1,0.7264288772191217,1,1,fold_5
1218,sub12,rest04,0,84,0,0.8093194273819659,0.691964459444059,0.5,1,1.0707603693008423,0.7447414994239807,1,4.218369546195063e-06,1.8291267206903798,9.701244418499144,1,1,0.7084172620083661,1,1,fold_5
1219,sub12,rest04,1,85,0,1.0249461750802016,0.7359349340099697,0.5,1,1.3674367666244507,0.7969657182693481,1,4.218369546195063e-06,1.8291267206903798,9.701244418499144,1,1,0.7077972445898476,1,1,fold_5
1220,sub12,rest04,2,86,0,0.83472175084544,0.6973523925710695,0.5,1,1.0750128030776978,0.7455490827560425,1,4.218369546195063e-06,1.8291267206903798,9.701244418499144,1,1,0.6811863330828635,1,1,fold_5
1221,sub12,rest04,3,87,0,0.8006074575423824,0.6901044071885037,0.5,1,1.1160577535629272,0.7532567381858826,1,4.218369546195063e-06,1.8291267206903798,9.701244418499144,1,1,0.674807047661861,1,1,fold_5
1222,sub12,rest04,4,88,0,0.6459720470186563,0.6561021994890172,0.5,1,0.8285354375839233,0.6960451602935791,1,4.218369546195063e-06,1.8291267206903798,9.701244418499144,1,1,0.6551260641216753,1,1,fold_5
1223,sub12,rest04,5,89,0,0.7455786014545341,0.6782145363080616,0.5,1,1.0349656343460083,0.7378774285316467,1,4.218369546195063e-06,1.8291267206903798,9.701244418499144,1,1,0.6422179313834295,1,1,fold_5
1224,sub12,rest04,6,90,0,0.5367731721052998,0.6310614565679474,0.5,1,0.7730940580368042,0.6841898560523987,1,4.218369546195063e-06,1.8291267206903798,9.701244418499144,1,1,0.6362184920191561,1,1,fold_5
1225,sub12,rest04,7,91,0,0.4784330802071245,0.6173778012742797,0.5,1,0.8111110925674438,0.6923462152481079,1,4.218369546195063e-06,1.8291267206903798,9.701244418499144,1,1,0.6629673671844328,1,1,fold_5
1226,sub12,rest04,8,92,0,0.6642579053366297,0.6602162182152417,0.5,1,0.9107712507247925,0.7131579518318176,1,4.218369546195063e-06,1.8291267206903798,9.701244418499144,1,1,0.6744574471127542,1,1,fold_5
1227,sub12,rest04,9,93,0,0.901745552460768,0.7113080820637775,0.5,1,1.239815592765808,0.7755319476127625,1,4.218369546195063e-06,1.8291267206903798,9.701244418499144,1,1,0.6848316409395898,1,1,fold_5
1228,sub12,rest04,10,94,0,0.6271724208150055,0.6518480410592433,0.5,1,0.9495660066604614,0.7210279107093811,1,4.218369546195063e-06,1.8291267206903798,9.701244418499144,1,1,0.6534343764102676,1,1,fold_5
1229,sub12,rest04,11,95,0,0.8063857708514804,0.6913387996957489,0.5,1,1.1542729139328003,0.7602905631065369,1,4.218369546195063e-06,1.8291267206903798,9.701244418499144,1,1,0.6708971757099421,1,1,fold_5
1230,sub12,rest04,12,96,0,0.47732616236130615,0.6171162884758107,0.5,1,1.1749275922775269,0.7640345692634583,1,4.218369546195063e-06,1.8291267206903798,9.701244418499144,1,1,0.6863677218483154,1,1,fold_5
1231,sub12,rest04,13,97,0,0.8675537957010803,0.7042364389582667,0.5,1,1.3300148248672485,0.79084312915802,1,4.218369546195063e-06,1.8291267206903798,9.701244418499144,1,1,0.7312817248987519,1,1,fold_5
1232,sub12,rest04,14,98,0,1.0343090309800114,0.7377504381108687,0.5,1,1.047118067741394,0.7402210831642151,1,4.218369546195063e-06,1.8291267206903798,9.701244418499144,1,1,0.7478626112219481,1,1,fold_5
1233,sub12,rest04,15,99,0,1.1085479086623495,0.7518582976271202,0.5,1,1.6472567319869995,0.8385199308395386,1,4.218369546195063e-06,1.8291267206903798,9.701244418499144,1,1,0.7529077391933946,1,1,fold_5
1234,sub12,rest04,16,100,0,1.11994814594686,0.7539790979278553,0.5,1,1.3499335050582886,0.7941187024116516,1,4.218369546195063e-06,1.8291267206903798,9.701244418499144,1,1,0.7216008351883078,1,1,fold_5
1235,sub12,rest04,17,101,0,1.1140630966997187,0.7528858220252083,0.5,1,1.4529622793197632,0.8104538917541504,1,4.218369546195063e-06,1.8291267206903798,9.701244418499144,1,1,0.659094796142428,1,1,fold_5
1236,sub12,rest04,18,102,0,0.6541168535103324,0.6579375856118592,0.5,1,0.7531837224960327,0.6798720359802246,1,4.218369546195063e-06,1.8291267206903798,9.701244418499144,1,1,0.6032119217269581,1,1,fold_5
1237,sub12,rest04,19,103,0,0.2674263985275968,0.5664609807902168,0.5,1,0.42581069469451904,0.6048728823661804,1,4.218369546195063e-06,1.8291267206903798,9.701244418499144,1,1,0.626037504955387,1,1,fold_5
1238,sub12,rest04,20,104,0,0.3443104395461576,0.5852371987787984,0.5,1,0.5012208223342896,0.6227461695671082,1,4.218369546195063e-06,1.8291267206903798,9.701244418499144,1,1,0.6914433818096236,1,1,fold_5
1239,sub12,rest04,21,105,0,0.9765057725237729,0.7264143352971458,0.5,1,1.158115267753601,0.7609900832176208,1,4.218369546195063e-06,1.8291267206903798,9.701244418499144,1,1,0.7420618478191562,1,1,fold_5
1240,sub12,rest04,22,106,0,1.1674214327048211,0.7626786113529266,0.5,1,2.1646361351013184,0.8970286250114441,1,4.218369546195063e-06,1.8291267206903798,9.701244418499144,1,1,0.7456212683225729,1,1,fold_5
1241,sub12,rest04,23,107,0,1.0309116334023418,0.737092596807396,0.5,1,2.539033889770508,0.9268333315849304,1,4.218369546195063e-06,1.8291267206903798,9.701244418499144,1,1,0.737092596807396,1,1,fold_5
1903,sub19,rest01,0,0,0,-1.3032170144384458,0.2136240965573033,0.5,0,-0.6525565385818481,0.34241366386413574,1,3.133827396114228e-06,1.8023548857355318,10.917299803623566,0,1,0.20806429556766934,0,1,fold_5
1904,sub19,rest01,1,1,0,-1.3710066069283366,0.20245726262056443,0.5,0,-0.7600658535957336,0.31863197684288025,1,3.133827396114228e-06,1.8023548857355318,10.917299803623566,0,1,0.2056307226787474,0,1,fold_5
1905,sub19,rest01,2,2,0,-1.336346438288928,0.20811152752514023,0.5,0,-0.5986143350601196,0.3546607494354248,1,3.133827396114228e-06,1.8023548857355318,10.917299803623566,0,1,0.20782117191025773,0,1,fold_5
1906,sub19,rest01,3,3,0,-1.3472313678135635,0.20632337789053762,0.5,0,-0.6704564094543457,0.3383946716785431,1,3.133827396114228e-06,1.8023548857355318,10.917299803623566,0,1,0.21936460703286384,0,1,fold_5
1907,sub19,rest01,4,4,0,-1.3307906632535285,0.20902861031509531,0.5,0,-0.5686144232749939,0.36155661940574646,1,3.133827396114228e-06,1.8023548857355318,10.917299803623566,0,1,0.2379871813156419,0,1,fold_5
1908,sub19,rest01,5,5,0,-1.1377057725699435,0.2427418328929586,0.5,0,-0.6202503442764282,0.34972453117370605,1,3.133827396114228e-06,1.8023548857355318,10.917299803623566,0,1,0.24189534927688217,0,1,fold_5
1909,sub19,rest01,6,6,0,-1.0346112169610195,0.26219110073887175,0.5,0,-0.5224108695983887,0.37228867411613464,1,3.133827396114228e-06,1.8023548857355318,10.917299803623566,0,1,0.22964261852116297,0,1,fold_5
1910,sub19,rest01,7,7,1,-0.9677867793985044,0.2753218637456763,0.5,0,-0.4008662700653076,0.40110424160957336,1,3.133827396114228e-06,1.8023548857355318,10.917299803623566,0,1,,,,fold_5
1911,sub19,rest01,8,8,0,-1.2612829754937114,0.22075311419881616,0.5,0,-0.7259835004806519,0.3260767459869385,1,3.133827396114228e-06,1.8023548857355318,10.917299803623566,0,1,0.21741815076110302,0,1,fold_5
1912,sub19,rest01,9,9,0,-1.3493073135824958,0.20598364062580096,0.5,0,-0.7669132351875305,0.31714722514152527,1,3.133827396114228e-06,1.8023548857355318,10.917299803623566,0,1,0.2184560067674163,0,1,fold_5
1913,sub19,rest01,10,10,0,-1.2337961725901656,0.22551769745869185,0.5,0,-0.6861913800239563,0.33488088846206665,1,3.133827396114228e-06,1.8023548857355318,10.917299803623566,0,1,0.21847831096285764,0,1,fold_5
1914,sub19,rest01,11,11,1,-1.2641037246503821,0.22026826783739878,0.5,0,-0.7226054668426514,0.326819509267807,1,3.133827396114228e-06,1.8023548857355318,10.917299803623566,0,1,,,,fold_5
1915,sub19,rest01,12,12,0,-1.2432736006917202,0.22386668221775619,0.5,0,-0.6765968203544617,0.3370212912559509,1,3.133827396114228e-06,1.8023548857355318,10.917299803623566,0,1,0.2149985047005941,0,1,fold_5
1916,sub19,rest01,13,13,0,-1.348898247561961,0.2060505532121249,0.5,0,-0.8175857663154602,0.3062763810157776,1,3.133827396114228e-06,1.8023548857355318,10.917299803623566,0,1,0.21242679482526539,0,1,fold_5
1917,sub19,rest01,14,14,0,-1.2945819460466732,0.21507827867190113,0.5,0,-0.772228479385376,0.31599724292755127,1,3.133827396114228e-06,1.8023548857355318,10.917299803623566,0,1,0.21299863899161,0,1,fold_5
1918,sub19,rest01,15,15,1,-1.3022500473638694,0.21378658121829644,0.5,0,-0.7986632585525513,0.31031152606010437,1,3.133827396114228e-06,1.8023548857355318,10.917299803623566,0,1,,,,fold_5
1919,sub19,rest01,16,16,0,-1.288235900762413,0.21615155259177007,0.5,0,-0.6414822340011597,0.3449115753173828,1,3.133827396114228e-06,1.8023548857355318,10.917299803623566,0,1,0.21193598039303607,0,1,fold_5
1920,sub19,rest01,17,17,0,-1.3384438355818742,0.2077660857111589,0.5,0,-0.6976510882377625,0.33233320713043213,1,3.133827396114228e-06,1.8023548857355318,10.917299803623566,0,1,0.2071124869926653,0,1,fold_5
1921,sub19,rest01,18,18,0,-1.3135685882263115,0.21189030287617933,0.5,0,-0.6098166704177856,0.35210099816322327,1,3.133827396114228e-06,1.8023548857355318,10.917299803623566,0,1,0.20307711857488087,0,1,fold_5
1922,sub19,rest01,19,19,1,-1.374253518595155,0.20193349571910185,0.5,0,-0.7075007557868958,0.33015134930610657,1,3.133827396114228e-06,1.8023548857355318,10.917299803623566,0,1,,,,fold_5
1923,sub19,rest01,20,20,0,-1.375820576112287,0.2016810723906577,0.5,0,-0.6970892548561096,0.33245790004730225,1,3.133827396114228e-06,1.8023548857355318,10.917299803623566,0,1,0.19893914613966368,0,1,fold_5
1924,sub19,rest01,21,21,0,-1.413643730505194,0.19565998045780558,0.5,0,-0.8252976536750793,0.3046402931213379,1,3.133827396114228e-06,1.8023548857355318,10.917299803623566,0,1,0.1999822597471964,0,1,fold_5
1925,sub19,rest01,22,22,0,-1.3895701703449201,0.19947638557052771,0.5,0,-0.778124988079071,0.3147241473197937,1,3.133827396114228e-06,1.8023548857355318,10.917299803623566,0,1,0.22508017100983144,0,1,fold_5
1926,sub19,rest01,23,23,0,-1.3564958225289285,0.20481041321325597,0.5,0,-0.6980235576629639,0.33225056529045105,1,3.133827396114228e-06,1.8023548857355318,10.917299803623566,0,1,0.2866652293066673,0,1,fold_5
1927,sub19,rest01,24,24,0,-0.989789211960396,0.2709537142457106,0.5,0,-0.2942972183227539,0.42695218324661255,1,3.133827396114228e-06,1.8023548857355318,10.917299803623566,0,1,0.3754757714782015,0,1,fold_5
1928,sub19,rest01,25,25,0,-0.47162559014541505,0.38423156046103535,0.5,0,0.6539539098739624,0.6579009294509888,1,3.133827396114228e-06,1.8023548857355318,10.917299803623566,0,1,0.44223854663891743,0,1,fold_5
1929,sub19,rest01,26,26,0,-0.11515893833999583,0.4712420397278585,0.5,0,1.6439288854599,0.8380688428878784,1,3.133827396114228e-06,1.8023548857355318,10.917299803623566,0,1,0.4712420397278585,0,1,fold_5
1930,sub19,rest02,0,27,0,-1.3139898874202351,0.21181995748271865,0.5,0,-0.3745296001434326,0.4074469804763794,1,3.133827396114228e-06,1.8023548857355318,10.917299803623566,0,1,0.20788572542843142,0,1,fold_5
1931,sub19,rest02,1,28,0,-1.317139599470926,0.21129458323597636,0.5,0,-0.33611464500427246,0.4167535901069641,1,3.133827396114228e-06,1.8023548857355318,10.917299803623566,0,1,0.2176389040938358,0,1,fold_5
1932,sub19,rest02,2,29,0,-1.3829063327058413,0.20054263556659924,0.5,0,-0.43262726068496704,0.39349913597106934,1,3.133827396114228e-06,1.8023548857355318,10.917299803623566,0,1,0.22697304091645717,0,1,fold_5
1933,sub19,rest02,3,30,0,-1.146770309856335,0.24107949347893173,0.5,0,-0.26450252532958984,0.4342572093009949,1,3.133827396114228e-06,1.8023548857355318,10.917299803623566,0,1,0.2427967230259552,0,1,fold_5
1934,sub19,rest02,4,31,0,-1.1565375820485804,0.23929699370384053,0.5,0,-0.31198346614837646,0.42263063788414,1,3.133827396114228e-06,1.8023548857355318,10.917299803623566,0,1,0.2310767101134242,0,1,fold_5
1935,sub19,rest02,5,32,0,-1.1092342161998336,0.24801368189509335,0.5,0,-0.2873077392578125,0.42866310477256775,1,3.133827396114228e-06,1.8023548857355318,10.917299803623566,0,1,0.2203140044319046,0,1,fold_5
1936,sub19,rest02,6,33,0,-1.3496998025641764,0.2059194547413387,0.5,0,-0.46515125036239624,0.3857645094394684,1,3.133827396114228e-06,1.8023548857355318,10.917299803623566,0,1,0.20617673367460862,0,1,fold_5
1937,sub19,rest02,7,34,0,-1.3430503530446771,0.2070088766592818,0.5,0,-0.4355607032775879,0.3927992880344391,1,3.133827396114228e-06,1.8023548857355318,10.917299803623566,0,1,0.20552162557148423,0,1,fold_5
1938,sub19,rest02,8,35,0,-1.3516431321869165,0.20560186962320542,0.5,0,-0.40462470054626465,0.4002017080783844,1,3.133827396114228e-06,1.8023548857355318,10.917299803623566,0,1,0.20349956235590497,0,1,fold_5
1939,sub19,rest02,9,36,0,-1.3617616915318111,0.20395413043196542,0.5,0,-0.39929378032684326,0.4014820158481598,1,3.133827396114228e-06,1.8023548857355318,10.917299803623566,0,1,0.2036441070023101,0,1,fold_5
1940,sub19,rest02,10,37,0,-1.3804129459336,0.2009426870125441,0.5,0,-0.3567754030227661,0.41174036264419556,1,3.133827396114228e-06,1.8023548857355318,10.917299803623566,0,1,0.20367186343191568,0,1,fold_5
1941,sub19,rest02,11,38,0,-1.3489902441033987,0.20603550356242076,0.5,0,-0.2656463384628296,0.4339762330055237,1,3.133827396114228e-06,1.8023548857355318,10.917299803623566,0,1,0.20461179364125845,0,1,fold_5
1942,sub19,rest02,12,39,0,-1.3612488911611427,0.20403739972078214,0.5,0,-0.3321375846862793,0.41772058606147766,1,3.133827396114228e-06,1.8023548857355318,10.917299803623566,0,1,0.20138234876724406,0,1,fold_5
1943,sub19,rest02,13,40,0,-1.3629425460577633,0.20376247764057245,0.5,0,-0.36331605911254883,0.41015708446502686,1,3.133827396114228e-06,1.8023548857355318,10.917299803623566,0,1,0.19841854564105735,0,1,fold_5
1944,sub19,rest02,14,41,0,-1.4092830112753871,0.19634716894037768,0.5,0,-0.47105008363723755,0.38436776399612427,1,3.133827396114228e-06,1.8023548857355318,10.917299803623566,0,1,0.19636137548539304,0,1,fold_5
1945,sub19,rest02,15,42,0,-1.416912959636473,0.19514599034222196,0.5,0,-0.4348512887954712,0.3929685056209564,1,3.133827396114228e-06,1.8023548857355318,10.917299803623566,0,1,0.1977271255791583,0,1,fold_5
1946,sub19,rest02,16,43,0,-1.4014194222610088,0.19759096717357946,0.5,0,-0.4179025888442993,0.39701876044273376,1,3.133827396114228e-06,1.8023548857355318,10.917299803623566,0,1,0.20027357285149905,0,1,fold_5
1947,sub19,rest02,17,44,0,-1.3835190518280744,0.20044441922167353,0.5,0,-0.3592848777770996,0.41113266348838806,1,3.133827396114228e-06,1.8023548857355318,10.917299803623566,0,1,0.20130544544276163,0,1,fold_5
1948,sub19,rest02,18,45,0,-1.3689760448971293,0.20278533215924419,0.5,0,-0.3071073293685913,0.42382097244262695,1,3.133827396114228e-06,1.8023548857355318,10.917299803623566,0,1,0.2082944355243008,0,1,fold_5
1949,sub19,rest02,19,46,0,-1.382008715742724,0.20068658494736713,0.5,0,-0.34606075286865234,0.41433802247047424,1,3.133827396114228e-06,1.8023548857355318,10.917299803623566,0,1,0.21720214349733694,0,1,fold_5
1950,sub19,rest02,20,47,0,-1.2574603450453037,0.22141138946629105,0.5,0,-0.31140589714050293,0.4227716028690338,1,3.133827396114228e-06,1.8023548857355318,10.917299803623566,0,1,0.22594854239425274,0,1,fold_5
1951,sub19,rest02,21,48,0,-1.2110888054273725,0.22950845607835263,0.5,0,-0.2890855073928833,0.4282277524471283,1,3.133827396114228e-06,1.8023548857355318,10.917299803623566,0,1,0.22146681597249693,0,1,fold_5
1952,sub19,rest02,22,49,0,-1.2257520464986844,0.22692578163811444,0.5,0,-0.2706068754196167,0.4327581524848938,1,3.133827396114228e-06,1.8023548857355318,10.917299803623566,0,1,0.21142683045043628,0,1,fold_5
1953,sub19,rest02,23,50,0,-1.3372284392438294,0.20796621020102365,0.5,0,-0.2779144048690796,0.4309651851654053,1,3.133827396114228e-06,1.8023548857355318,10.917299803623566,0,1,0.20313131452171,0,1,fold_5
1954,sub19,rest02,24,51,0,-1.390120630892558,0.19938849951217075,0.5,0,-0.34665513038635254,0.4141937494277954,1,3.133827396114228e-06,1.8023548857355318,10.917299803623566,0,1,0.20214967226410618,0,1,fold_5
1955,sub19,rest02,25,52,0,-1.3735975254818051,0.20203923385193553,0.5,0,-0.31774473190307617,0.42122548818588257,1,3.133827396114228e-06,1.8023548857355318,10.917299803623566,0,1,0.20553325330337202,0,1,fold_5
1956,sub19,rest02,26,53,0,-1.3552015473377979,0.20502128342821224,0.5,0,-0.26934897899627686,0.4330669045448303,1,3.133827396114228e-06,1.8023548857355318,10.917299803623566,0,1,0.21275822219202825,0,1,fold_5
1957,sub19,rest02,27,54,0,-1.327704975144645,0.2095392426299683,0.5,0,-0.1738492250442505,0.4566468298435211,1,3.133827396114228e-06,1.8023548857355318,10.917299803623566,0,1,0.21898917455525893,0,1,fold_5
1958,sub19,rest02,28,55,0,-1.2441517495015815,0.22371414051790428,0.5,0,0.02354574203491211,0.5058861970901489,1,3.133827396114228e-06,1.8023548857355318,10.917299803623566,0,1,0.22371414051790428,0,1,fold_5
1959,sub19,task02,0,56,0,-0.6664328540806165,0.33929604402299146,0.5,0,0.17829418182373047,0.544455885887146,1,3.133827396114228e-06,1.8023548857355318,10.917299803623566,1,0,0.361893614146032,0,0,fold_5
1960,sub19,task02,1,57,0,-0.524840633680738,0.37172103007197205,0.5,0,0.3772021532058716,0.5931981205940247,1,3.133827396114228e-06,1.8023548857355318,10.917299803623566,1,0,0.3482291574866098,0,0,fold_5
1961,sub19,task02,2,58,0,-0.5122604697164213,0.3746637683431324,0.5,0,0.4318426847457886,0.6063135862350464,1,3.133827396114228e-06,1.8023548857355318,10.917299803623566,1,0,0.3383304009546564,0,0,fold_5
1962,sub19,task02,3,59,0,-0.8553934956813841,0.29830267404472494,0.5,0,0.03583335876464844,0.5089573860168457,1,3.133827396114228e-06,1.8023548857355318,10.917299803623566,1,0,0.31708946938483,0,0,fold_5
1963,sub19,task02,4,60,0,-0.6542841672195107,0.34202476047611174,0.5,0,0.2100207805633545,0.5523130297660828,1,3.133827396114228e-06,1.8023548857355318,10.917299803623566,1,0,0.3229808718745765,0,0,fold_5
1964,sub19,task02,5,61,0,-0.7957238381859381,0.31094097363365336,0.5,0,0.0310671329498291,0.5077661871910095,1,3.133827396114228e-06,1.8023548857355318,10.917299803623566,1,0,0.32193663240112574,0,0,fold_5
1965,sub19,task02,6,62,0,-0.7723226648629,0.3159768815139645,0.5,0,0.0247725248336792,0.5061928033828735,1,3.133827396114228e-06,1.8023548857355318,10.917299803623566,1,0,0.3161811328329364,0,0,fold_5
1966,sub19,task02,7,63,0,-0.6682355550471926,0.33889204205575935,0.5,0,0.15691685676574707,0.5391489267349243,1,3.133827396114228e-06,1.8023548857355318,10.917299803623566,1,0,0.3277093853837418,0,0,fold_5
1967,sub19,task02,8,64,0,-0.8776042891202777,0.2936744749290853,0.5,0,-0.08268940448760986,0.4793393909931183,1,3.133827396114228e-06,1.8023548857355318,10.917299803623566,1,0,0.30729775102842694,0,0,fold_5
1968,sub19,task02,9,65,0,-0.6165713774310949,0.3505616391663807,0.5,0,0.2011549472808838,0.5501198172569275,1,3.133827396114228e-06,1.8023548857355318,10.917299803623566,1,0,0.3015641979619066,0,0,fold_5
1969,sub19,task02,10,66,0,-0.9561128633719519,0.27765713898981487,0.5,0,-0.11085975170135498,0.47231343388557434,1,3.133827396114228e-06,1.8023548857355318,10.917299803623566,1,0,0.26457283965952166,0,0,fold_5
1970,sub19,task02,11,67,0,-0.9620206190408667,0.27647381572952406,0.5,0,-0.11864197254180908,0.4703742265701294,1,3.133827396114228e-06,1.8023548857355318,10.917299803623566,1,0,0.24748756770022695,0,0,fold_5
1971,sub19,task02,12,68,0,-1.1549420018855823,0.239587564259226,0.5,0,-0.29201996326446533,0.4275093972682953,1,3.133827396114228e-06,1.8023548857355318,10.917299803623566,1,0,0.2771023144234852,0,0,fold_5
1972,sub19,task02,13,69,0,-1.2287440433608707,0.2264013231119307,0.5,0,-0.393915057182312,0.4027751684188843,1,3.133827396114228e-06,1.8023548857355318,10.917299803623566,1,0,0.3391447191371761,0,0,fold_5
1973,sub19,task02,14,70,0,-0.5523556378091511,0.3653180558992989,0.5,0,0.1704350709915161,0.5425059199333191,1,3.133827396114228e-06,1.8023548857355318,10.917299803623566,1,0,0.4043717396848514,0,0,fold_5
1974,sub19,task02,15,71,0,-0.2993565868868129,0.42571477840029864,0.5,0,0.5640374422073364,0.6373862028121948,1,3.133827396114228e-06,1.8023548857355318,10.917299803623566,1,0,0.40473988798808747,0,0,fold_5
1975,sub19,task02,16,72,0,-0.3142308048152968,0.4220823847549567,0.5,0,0.6270326375961304,0.6518163681030273,1,3.133827396114228e-06,1.8023548857355318,10.917299803623566,1,0,0.38749380840203546,0,0,fold_5
1976,sub19,task02,17,73,0,-0.5475952858097898,0.36642250080900707,0.5,0,0.3884774446487427,0.5959160923957825,1,3.133827396114228e-06,1.8023548857355318,10.917299803623566,1,0,0.42581731207996204,0,0,fold_5
1977,sub19,task02,18,74,0,-0.5151947797903952,0.3739765396421425,0.5,0,0.26522982120513916,0.565921425819397,1,3.133827396114228e-06,1.8023548857355318,10.917299803623566,1,0,0.4879366352703336,0,0,fold_5
1978,sub19,task02,19,75,0,0.14848379026202366,0.5370528957887365,0.5,1,1.3827155828475952,0.7994267344474792,1,3.133827396114228e-06,1.8023548857355318,10.917299803623566,1,1,0.5456899454458598,1,1,fold_5
1979,sub19,task02,20,76,0,0.2119113515114446,0.5527804703801217,0.5,1,1.291355013847351,0.7843764424324036,1,3.133827396114228e-06,1.8023548857355318,10.917299803623566,1,1,0.5475981508230533,1,1,fold_5
1980,sub19,task02,21,77,0,0.1895110328012415,0.5472364701687212,0.5,1,1.7020305395126343,0.8457997441291809,1,3.133827396114228e-06,1.8023548857355318,10.917299803623566,1,1,0.541122377333742,1,1,fold_5
1981,sub19,task02,22,78,0,0.17152938009447707,0.5427775119203169,0.5,1,1.6788991689682007,0.8427587151527405,1,3.133827396114228e-06,1.8023548857355318,10.917299803623566,1,1,0.5544175652583,1,1,fold_5
1982,sub19,task02,23,79,0,0.1336110130187763,0.5333531499121881,0.5,1,1.6001464128494263,0.8320388197898865,1,3.133827396114228e-06,1.8023548857355318,10.917299803623566,1,1,0.5773352333484515,1,1,fold_5
1983,sub19,task02,24,80,0,0.352080624904136,0.5871220339423951,0.5,1,1.9758230447769165,0.8782351613044739,1,3.133827396114228e-06,1.8023548857355318,10.917299803623566,1,1,0.6325638209999962,1,1,fold_5
1984,sub19,task02,25,81,0,0.45375023974099654,0.6115305161907713,0.5,1,2.1035103797912598,0.8912439346313477,1,3.133827396114228e-06,1.8023548857355318,10.917299803623566,1,1,0.672876805625271,1,1,fold_5
1985,sub19,task02,26,82,0,0.8427254322573426,0.6990389128668221,0.5,1,2.827049732208252,0.9441201686859131,1,3.133827396114228e-06,1.8023548857355318,10.917299803623566,1,1,0.7189337332931495,1,1,fold_5
1986,sub19,task02,27,83,0,0.885985312907651,0.7080609878182194,0.5,1,2.1079602241516113,0.8916745185852051,1,3.133827396114228e-06,1.8023548857355318,10.917299803623566,1,1,0.7043696491950927,1,1,fold_5
1987,sub19,task02,28,84,0,1.0970198515846166,0.749701299194407,0.5,1,2.2484679222106934,0.9045183658599854,1,3.133827396114228e-06,1.8023548857355318,10.917299803623566,1,1,0.6974983158566568,1,1,fold_5
1988,sub19,task02,29,85,0,0.6426252497990368,0.6553466605726521,0.5,1,1.8232053518295288,0.8609502911567688,1,3.133827396114228e-06,1.8023548857355318,10.917299803623566,1,1,0.6732170301148593,1,1,fold_5
1989,sub19,task02,30,86,0,0.788210624097324,0.6874469878029114,0.5,1,2.2424373626708984,0.9039961695671082,1,3.133827396114228e-06,1.8023548857355318,10.917299803623566,1,1,0.6646025910450786,1,1,fold_5
1990,sub19,task02,31,87,0,0.739367095589406,0.6768574419690148,0.5,1,2.0261740684509277,0.8835179209709167,1,3.133827396114228e-06,1.8023548857355318,10.917299803623566,1,1,0.6663556659113792,1,1,fold_5
1991,sub19,task02,32,88,0,0.5300867438385135,0.6295033433633094,0.5,1,1.568137764930725,0.8275179862976074,1,3.133827396114228e-06,1.8023548857355318,10.917299803623566,1,1,0.6695791018503799,1,1,fold_5
1992,sub19,task02,33,89,0,0.8128017205248484,0.6927062124018132,0.5,1,1.6573823690414429,0.8398863077163696,1,3.133827396114228e-06,1.8023548857355318,10.917299803623566,1,1,0.6994697608686589,1,1,fold_5
1993,sub19,task02,34,90,0,0.7839358064206549,0.6865277497860172,0.5,1,1.8631044626235962,0.8656584024429321,1,3.133827396114228e-06,1.8023548857355318,10.917299803623566,1,1,0.7082927968741032,1,1,fold_5
1994,sub19,task02,35,91,0,0.9403746087051659,0.719175320418146,0.5,1,3.0894737243652344,0.9564564228057861,1,3.133827396114228e-06,1.8023548857355318,10.917299803623566,1,1,0.719175320418146,1,1,fold_5
1995,sub19,rest04,0,92,0,1.1765526976044323,0.7643274035874733,0.5,1,2.280918598175049,0.9072843790054321,1,3.133827396114228e-06,1.8023548857355318,10.917299803623566,1,1,0.7717430974546226,1,1,fold_5
1996,sub19,rest04,1,93,0,1.259156896045936,0.7788809379869102,0.5,1,2.4136738777160645,0.9178641438484192,1,3.133827396114228e-06,1.8023548857355318,10.917299803623566,1,1,0.7731598486546774,1,1,fold_5
1997,sub19,rest04,2,94,0,1.2197579526801006,0.7720209507894844,0.5,1,2.9277477264404297,0.9492011666297913,1,3.133827396114228e-06,1.8023548857355318,10.917299803623566,1,1,0.7708412499963772,1,1,fold_5
1998,sub19,rest04,3,95,0,1.200297243179969,0.7685776571876374,0.5,1,2.877148151397705,0.9467052221298218,1,3.133827396114228e-06,1.8023548857355318,10.917299803623566,1,1,0.7757902968511271,1,1,fold_5
1999,sub19,rest04,4,96,0,1.2192136794410795,0.7719251420120096,0.5,1,3.1052751541137695,0.957109808921814,1,3.133827396114228e-06,1.8023548857355318,10.917299803623566,1,1,0.7767743365329473,1,1,fold_5
2000,sub19,rest04,5,97,0,1.3061493614598312,0.7868680913537343,0.5,1,2.974490165710449,0.951408326625824,1,3.133827396114228e-06,1.8023548857355318,10.917299803623566,1,1,0.7607130666031301,1,1,fold_5
2001,sub19,rest04,6,98,0,1.216969376204763,0.7715297762330979,0.5,1,2.666398048400879,0.9350144863128662,1,3.133827396114228e-06,1.8023548857355318,10.917299803623566,1,1,0.7252617502200319,1,1,fold_5
2002,sub19,rest04,7,99,0,0.9630964237021175,0.7237413322225583,0.5,1,1.9357177019119263,0.8738809823989868,1,3.133827396114228e-06,1.8023548857355318,10.917299803623566,1,1,0.6754716584402006,1,1,fold_5
2003,sub19,rest04,8,100,0,0.7561355946668474,0.6805141422044394,0.5,1,1.8810042142868042,0.8677263855934143,1,3.133827396114228e-06,1.8023548857355318,10.917299803623566,1,1,0.6433439217997785,1,1,fold_5
2004,sub19,rest04,9,101,0,0.49872434563745605,0.6221595008936044,0.5,1,1.697414755821228,0.8451968431472778,1,3.133827396114228e-06,1.8023548857355318,10.917299803623566,1,1,0.6603471241070733,1,1,fold_5
2005,sub19,rest04,10,102,0,0.5208997004918201,0.6273581223012918,0.5,1,1.8047481775283813,0.8587259650230408,1,3.133827396114228e-06,1.8023548857355318,10.917299803623566,1,1,0.6986334147530385,1,1,fold_5
2006,sub19,rest04,11,103,0,1.002367227356624,0.7315237491263238,0.5,1,1.8639167547225952,0.8657528162002563,1,3.133827396114228e-06,1.8023548857355318,10.917299803623566,1,1,0.7524472295864615,1,1,fold_5
2007,sub19,rest04,12,104,0,1.030528650031041,0.7370183728315001,0.5,1,1.9239639043807983,0.87257981300354,1,3.133827396114228e-06,1.8023548857355318,10.917299803623566,1,1,0.7445808202622147,1,1,fold_5
2008,sub19,rest04,13,105,0,1.317704651142634,0.7887995668015605,0.5,1,2.6552257537841797,0.9343323707580566,1,3.133827396114228e-06,1.8023548857355318,10.917299803623566,1,1,0.7569563550237949,1,1,fold_5
2009,sub19,rest04,14,106,0,0.8853252214047281,0.7079245211535835,0.5,1,1.751625657081604,0.852157711982727,1,3.133827396114228e-06,1.8023548857355318,10.917299803623566,1,1,0.7506704836647571,1,1,fold_5
2010,sub19,rest04,15,107,0,1.231865863221619,0.7741449771162404,0.5,1,2.6926865577697754,0.9365937113761902,1,3.133827396114228e-06,1.8023548857355318,10.917299803623566,1,1,0.7679722944908441,1,1,fold_5
2011,sub19,rest04,16,108,0,1.2079834693941285,0.7699419527244473,0.5,1,2.323021411895752,0.9107657670974731,1,3.133827396114228e-06,1.8023548857355318,10.917299803623566,1,1,0.7467737096107484,1,1,fold_5
2012,sub19,rest04,17,109,0,1.1517474640348784,0.7598299536318449,0.5,1,2.5422635078430176,0.9270520210266113,1,3.133827396114228e-06,1.8023548857355318,10.917299803623566,1,1,0.7330194352481209,1,1,fold_5
2013,sub19,rest04,18,110,0,0.8980529670472944,0.710549222475953,0.5,1,1.9723314046859741,0.8778612613677979,1,3.133827396114228e-06,1.8023548857355318,10.917299803623566,1,1,0.7276967742306603,1,1,fold_5
2014,sub19,rest04,19,111,0,0.9879313397654117,0.7286791296365646,0.5,1,2.1740517616271973,0.8978950381278992,1,3.133827396114228e-06,1.8023548857355318,10.917299803623566,1,1,0.7410574587286405,1,1,fold_5
2015,sub19,rest04,20,112,0,1.0661390176071799,0.7438619705794631,0.5,1,2.5540599822998047,0.9278457760810852,1,3.133827396114228e-06,1.8023548857355318,10.917299803623566,1,1,0.7334229894584698,1,1,fold_5
2016,sub19,rest04,21,113,0,1.101981933260787,0.7506312759698937,0.5,1,2.643195152282715,0.9335903525352478,1,3.133827396114228e-06,1.8023548857355318,10.917299803623566,1,1,0.7157106552117506,1,1,fold_5
2017,sub19,rest04,22,114,0,0.8749551851090762,0.7057757218260527,0.5,1,2.773314952850342,0.9412167072296143,1,3.133827396114228e-06,1.8023548857355318,10.917299803623566,1,1,0.6957418858348876,1,1,fold_5
2018,sub19,rest04,23,115,0,0.8035107713071795,0.690724967839305,0.5,1,3.2454538345336914,0.9625093936920166,1,3.133827396114228e-06,1.8023548857355318,10.917299803623566,1,1,0.690724967839305,1,1,fold_5
