sample_index,subject_id,session,window_index,local_index,calibration_anchor,logit,score,threshold,y_pred,network_logit,network_score,positive_above_threshold,anchor_embedding_norm,rest_cluster_center_norm,state_cluster_center_norm,y_true,correct,smoothed_score,smoothed_y_pred,smoothed_correct,fold_id
170,sub3,rest01,0,0,0,-0.8422512008812838,0.30106086701158014,0.5,0,-0.45806437730789185,0.3874450922012329,1,4.65966847124888e-06,2.302015714503079,10.478477105886741,0,1,0.3332675363722836,0,1,fold_1
171,sub3,rest01,1,1,0,-0.8414468350330921,0.30123015134423853,0.5,0,-0.561367392539978,0.3632311224937439,1,4.65966847124888e-06,2.302015714503079,10.478477105886741,0,1,0.34953259185366786,0,1,fold_1
172,sub3,rest01,2,2,0,-0.415844334585597,0.3975115907610322,0.5,0,-0.5180590748786926,0.37330618500709534,1,4.65966847124888e-06,2.302015714503079,10.478477105886741,0,1,0.347324032305711,0,1,fold_1
173,sub3,rest01,3,3,0,-0.619672088477019,0.34985603345573285,0.5,0,-0.6293230056762695,0.3476640582084656,1,4.65966847124888e-06,2.302015714503079,10.478477105886741,0,1,0.32388964030729755,0,1,fold_1
174,sub3,rest01,4,4,0,-0.873124990927956,0.2946044727003681,0.5,0,-0.7069974541664124,0.3302626609802246,1,4.65966847124888e-06,2.302015714503079,10.478477105886741,0,1,0.32645914085746663,0,1,fold_1
175,sub3,rest01,5,5,0,-0.7208382795997381,0.3272084147657918,0.5,0,-0.7457708120346069,0.32174351811408997,1,4.65966847124888e-06,2.302015714503079,10.478477105886741,0,1,0.29022999716043035,0,1,fold_1
176,sub3,rest01,6,6,0,-0.5859505043570625,0.35756453510624003,0.5,0,-0.7236689925193787,0.3265855610370636,1,4.65966847124888e-06,2.302015714503079,10.478477105886741,0,1,0.2406060463493497,0,1,fold_1
177,sub3,rest01,7,7,1,-1.0911402811444926,0.2514036168391477,0.5,0,-1.0570260286331177,0.2578781843185425,1,4.65966847124888e-06,2.302015714503079,10.478477105886741,0,1,,,,fold_1
178,sub3,rest01,8,8,0,-1.4767617139281135,0.18591704160925912,0.5,0,-0.8187882900238037,0.30602094531059265,1,4.65966847124888e-06,2.302015714503079,10.478477105886741,0,1,0.21769380480093536,0,1,fold_1
179,sub3,rest01,9,9,0,-1.5276583033828286,0.17833656233255007,0.5,0,-0.8201414346694946,0.3057336211204529,1,4.65966847124888e-06,2.302015714503079,10.478477105886741,0,1,0.27044229903017497,0,1,fold_1
180,sub3,rest01,10,10,0,-0.9010838808697494,0.2888278104609969,0.5,0,-0.8478959202766418,0.2998744249343872,1,4.65966847124888e-06,2.302015714503079,10.478477105886741,0,1,0.27061660348025357,0,1,fold_1
181,sub3,rest01,11,11,1,-0.4982778187871167,0.37794547304827236,0.5,0,-0.6866952776908875,0.3347686231136322,1,4.65966847124888e-06,2.302015714503079,10.478477105886741,0,1,,,,fold_1
182,sub3,rest01,12,12,0,-0.6447990076425038,0.34416252429697797,0.5,0,-0.8330799341201782,0.3029942214488983,1,4.65966847124888e-06,2.302015714503079,10.478477105886741,0,1,0.25157385578082353,0,1,fold_1
183,sub3,rest01,13,13,0,-1.5240938117152134,0.17885947568278582,0.5,0,-0.9648318290710449,0.2759118378162384,1,4.65966847124888e-06,2.302015714503079,10.478477105886741,0,1,0.21970803540994555,0,1,fold_1
184,sub3,rest01,14,14,1,-1.563593408504374,0.17313162083149164,0.5,0,-0.879658043384552,0.29324865341186523,1,4.65966847124888e-06,2.302015714503079,10.478477105886741,0,1,,,,fold_1
185,sub3,rest01,15,15,0,-1.198739280777129,0.23169956736270672,0.5,0,-0.8426438570022583,0.30097824335098267,1,4.65966847124888e-06,2.302015714503079,10.478477105886741,0,1,0.22463911774821999,0,1,fold_1
186,sub3,rest01,16,16,0,-1.1062799927417153,0.2485650631843441,0.5,0,-0.8353206515312195,0.3025212287902832,1,4.65966847124888e-06,2.302015714503079,10.478477105886741,0,1,0.2257719383309987,0,1,fold_1
187,sub3,rest01,17,17,0,-1.4264480490988807,0.1936527226976091,0.5,0,-0.9849528670310974,0.2719101309776306,1,4.65966847124888e-06,2.302015714503079,10.478477105886741,0,1,0.2808670202286639,0,1,fold_1
188,sub3,rest01,18,18,1,-1.4924636948644419,0.18355222823105716,0.5,0,-0.8230332136154175,0.3051201403141022,1,4.65966847124888e-06,2.302015714503079,10.478477105886741,0,1,,,,fold_1
189,sub3,rest01,19,19,0,-1.1797451106700718,0.23509802911104286,0.5,0,-0.8327944874763489,0.3030545115470886,1,4.65966847124888e-06,2.302015714503079,10.478477105886741,0,1,0.4034518673469491,0,1,fold_1
190,sub3,rest01,20,20,0,-0.3480708668760754,0.41385030887733965,0.5,0,-0.34174513816833496,0.4153856337070465,1,4.65966847124888e-06,2.302015714503079,10.478477105886741,0,1,0.5230535609131842,1,0,fold_1
191,sub3,rest01,21,21,0,0.2468753290788809,0.5614072640524648,0.5,1,-0.05324423313140869,0.48669207096099854,1,4.65966847124888e-06,2.302015714503079,10.478477105886741,0,0,0.5236372536917062,1,0,fold_1
192,sub3,rest01,22,22,0,0.38012441434042143,0.593903109809748,0.5,1,0.024416565895080566,0.5061038136482239,1,4.65966847124888e-06,2.302015714503079,10.478477105886741,0,0,0.4195673035256667,0,1,fold_1
193,sub3,rest01,23,23,0,-0.34085670905962423,0.4156013872129058,0.5,0,-0.5194249749183655,0.37298670411109924,1,4.65966847124888e-06,2.302015714503079,10.478477105886741,0,1,0.2888768192175761,0,1,fold_1
194,sub3,rest01,24,24,0,-1.102897341762009,0.24919741355434616,0.5,0,-0.8026902079582214,0.3094503581523895,1,4.65966847124888e-06,2.302015714503079,10.478477105886741,0,1,0.21762024244176614,0,1,fold_1
195,sub3,rest01,25,25,0,-1.3748855632950194,0.20183165688547616,0.5,0,-0.5194129943847656,0.3729895055294037,1,4.65966847124888e-06,2.302015714503079,10.478477105886741,0,1,0.2018316568854762,0,1,fold_1
196,sub3,rest02,0,26,0,-1.4619064053422084,0.1881759186444234,0.5,0,-0.4575241804122925,0.38757333159446716,1,4.65966847124888e-06,2.302015714503079,10.478477105886741,0,1,0.1923859453452085,0,1,fold_1
197,sub3,rest02,1,27,0,-1.4876145520917334,0.18428004008527568,0.5,0,-0.4903620481491089,0.3798082768917084,1,4.65966847124888e-06,2.302015714503079,10.478477105886741,0,1,0.20643164707433673,0,1,fold_1
198,sub3,rest02,2,28,0,-1.3571623778238884,0.2047018773059265,0.5,0,-0.5794311761856079,0.3590635061264038,1,4.65966847124888e-06,2.302015714503079,10.478477105886741,0,1,0.216621392500178,0,1,fold_1
199,sub3,rest02,3,29,0,-1.2065445509169697,0.23031302383180796,0.5,0,-0.5711106657981873,0.3609805703163147,1,4.65966847124888e-06,2.302015714503079,10.478477105886741,0,1,0.21008179360721604,0,1,fold_1
200,sub3,rest02,4,30,0,-1.2959389618741826,0.21484927636279966,0.5,0,-0.6806241869926453,0.3361220061779022,1,4.65966847124888e-06,2.302015714503079,10.478477105886741,0,1,0.21402148767855575,0,1,fold_1
201,sub3,rest02,5,31,0,-1.482281359884442,0.18508308062704054,0.5,0,-0.6677046418190002,0.339011013507843,1,4.65966847124888e-06,2.302015714503079,10.478477105886741,0,1,0.24824865915932168,0,1,fold_1
202,sub3,rest02,6,32,0,-1.1410256181082825,0.242132106045827,0.5,0,-0.6193158626556396,0.3499370515346527,1,4.65966847124888e-06,2.302015714503079,10.478477105886741,0,1,0.2895825724308128,0,1,fold_1
203,sub3,rest02,7,33,0,-0.7651426187643829,0.31753079080509744,0.5,0,-0.4418485164642334,0.39130058884620667,1,4.65966847124888e-06,2.302015714503079,10.478477105886741,0,1,0.2972122635499633,0,1,fold_1
204,sub3,rest02,8,34,0,-0.8044013269157929,0.309084820441514,0.5,0,-0.5084110498428345,0.3755660951137543,1,4.65966847124888e-06,2.302015714503079,10.478477105886741,0,1,0.2615258168596331,0,1,fold_1
205,sub3,rest02,9,35,0,-1.020031938213868,0.26502117940327835,0.5,0,-0.6314787268638611,0.3471753001213074,1,4.65966847124888e-06,2.302015714503079,10.478477105886741,0,1,0.3090070163638929,0,1,fold_1
206,sub3,rest02,10,36,0,-1.322085976281822,0.210471450734107,0.5,0,-0.7620407342910767,0.3182033896446228,1,4.65966847124888e-06,2.302015714503079,10.478477105886741,0,1,0.37928771708107084,0,1,fold_1
207,sub3,rest02,11,37,0,-0.19449715194464087,0.4515284189542932,0.5,0,-0.37335026264190674,0.4077317714691162,1,4.65966847124888e-06,2.302015714503079,10.478477105886741,0,1,0.5211280803098203,1,0,fold_1
208,sub3,rest02,12,38,0,-0.09662197400201213,0.4758632815548124,0.5,0,-0.20281481742858887,0.4494693875312805,1,4.65966847124888e-06,2.302015714503079,10.478477105886741,0,1,0.5754752352616131,1,0,fold_1
209,sub3,rest02,13,39,0,0.5580124735950989,0.6359925404203554,0.5,1,0.3966754674911499,0.5978885889053345,1,4.65966847124888e-06,2.302015714503079,10.478477105886741,0,0,0.5863833978756456,1,0,fold_1
210,sub3,rest02,14,40,0,0.46656275159879396,0.6145698838096715,0.5,1,0.39102113246917725,0.5965284705162048,1,4.65966847124888e-06,2.302015714503079,10.478477105886741,0,0,0.4882044693117151,0,1,fold_1
211,sub3,rest02,15,41,0,0.03435445603167721,0.5085877693969101,0.5,1,-0.12969112396240234,0.4676225483417511,1,4.65966847124888e-06,2.302015714503079,10.478477105886741,0,0,0.38053140643945965,0,1,fold_1
212,sub3,rest02,16,42,0,-0.6568136008621505,0.3414557547285634,0.5,0,-0.5418056845664978,0.36776766180992126,1,4.65966847124888e-06,2.302015714503079,10.478477105886741,0,1,0.38397624297593413,0,1,fold_1
213,sub3,rest02,17,43,0,-0.8878646015849252,0.29155069519290566,0.5,0,-0.6698386073112488,0.3385329842567444,1,4.65966847124888e-06,2.302015714503079,10.478477105886741,0,1,0.4870830900345829,0,1,fold_1
214,sub3,rest02,18,44,0,0.07572528135894588,0.5189222790063334,0.5,1,-0.1847764253616333,0.4539368748664856,1,4.65966847124888e-06,2.302015714503079,10.478477105886741,0,0,0.6038493337074172,1,0,fold_1
215,sub3,rest02,19,45,0,0.6224532488650119,0.6507762959045097,0.5,1,0.22738850116729736,0.5566034317016602,1,4.65966847124888e-06,2.302015714503079,10.478477105886741,0,0,0.6033520337242454,1,0,fold_1
216,sub3,rest02,20,46,0,0.5834002424206295,0.6418494262114088,0.5,1,0.144889235496521,0.5361590385437012,1,4.65966847124888e-06,2.302015714503079,10.478477105886741,0,0,0.49888664262616494,0,1,fold_1
217,sub3,rest02,21,47,0,0.06974978038541986,0.5174303790568177,0.5,1,-0.26856136322021484,0.43326032161712646,1,4.65966847124888e-06,2.302015714503079,10.478477105886741,0,0,0.37428675321096555,0,1,fold_1
218,sub3,rest02,22,48,0,-0.6749912335438125,0.33738012261026834,0.5,0,-0.5834861993789673,0.3581308126449585,1,4.65966847124888e-06,2.302015714503079,10.478477105886741,0,1,0.28796531840832884,0,1,fold_1
219,sub3,rest02,23,49,0,-1.0045399089588,0.26804975796581076,0.5,0,-0.5786752700805664,0.3592374622821808,1,4.65966847124888e-06,2.302015714503079,10.478477105886741,0,1,0.26166063575454185,0,1,fold_1
220,sub3,rest02,24,50,0,-1.0539564667925796,0.2584660746489074,0.5,0,-0.4530290961265564,0.38864079117774963,1,4.65966847124888e-06,2.302015714503079,10.478477105886741,0,1,0.2584660746489074,0,1,fold_1
221,sub3,task02,0,51,0,-1.0813032046757312,0.2532594765076825,0.5,0,-0.7108091711997986,0.3294200599193573,1,4.65966847124888e-06,2.302015714503079,10.478477105886741,1,0,0.23562043679847133,0,0,fold_1
222,sub3,task02,1,52,0,-1.4937346430699636,0.18336183950420668,0.5,0,-0.659826397895813,0.3407786190509796,1,4.65966847124888e-06,2.302015714503079,10.478477105886741,1,0,0.29431693318797963,0,0,fold_1
223,sub3,task02,2,53,0,-0.9934052883835179,0.2702399943835249,0.5,0,-0.5392903089523315,0.3683527112007141,1,4.65966847124888e-06,2.302015714503079,10.478477105886741,1,0,0.4470596554197737,0,0,fold_1
224,sub3,task02,3,54,0,-0.2845078464643414,0.42934896567620745,0.5,0,-0.36215972900390625,0.41043683886528015,1,4.65966847124888e-06,2.302015714503079,10.478477105886741,1,0,0.5943634128383666,1,1,fold_1
225,sub3,task02,4,55,0,0.5822719148590154,0.6415900061995888,0.5,1,0.21200978755950928,0.5528047680854797,1,4.65966847124888e-06,2.302015714503079,10.478477105886741,1,1,0.7136474513711016,1,1,fold_1
226,sub3,task02,5,56,0,0.9058552312249379,0.7121512666393035,0.5,1,0.499439001083374,0.6223275065422058,1,4.65966847124888e-06,2.302015714503079,10.478477105886741,1,1,0.769464630570098,1,1,fold_1
227,sub3,task02,6,57,0,1.3081360430294093,0.7872010812744127,0.5,1,0.7344663143157959,0.6757846474647522,1,4.65966847124888e-06,2.302015714503079,10.478477105886741,1,1,0.7932030186054888,1,1,fold_1
228,sub3,task02,7,58,0,1.4437943701751146,0.8090415437965779,0.5,1,0.8506331443786621,0.7006999254226685,1,4.65966847124888e-06,2.302015714503079,10.478477105886741,1,1,0.7917457338478641,1,1,fold_1
229,sub3,task02,8,59,0,1.285393264326825,0.7833664307454757,0.5,1,0.4430577754974365,0.6089873909950256,1,4.65966847124888e-06,2.302015714503079,10.478477105886741,1,1,0.7887541043880256,1,1,fold_1
230,sub3,task02,9,60,0,1.2822305549280792,0.7828292270015387,0.5,1,0.5361553430557251,0.6309176087379456,1,4.65966847124888e-06,2.302015714503079,10.478477105886741,1,1,0.8008990173451173,1,1,fold_1
231,sub3,task02,10,61,0,1.3867110095548236,0.8000666554170625,0.5,1,0.678687572479248,0.663445770740509,1,4.65966847124888e-06,2.302015714503079,10.478477105886741,1,1,0.8124145834389541,1,1,fold_1
232,sub3,task02,11,62,0,1.5150009802849085,0.8198011696167506,0.5,1,1.0937573909759521,0.7490885853767395,1,4.65966847124888e-06,2.302015714503079,10.478477105886741,1,1,0.7954440767627933,1,1,fold_1
233,sub3,task02,12,63,0,1.4986693144144232,0.8173759252830497,0.5,1,0.9242470264434814,0.7159066796302795,1,4.65966847124888e-06,2.302015714503079,10.478477105886741,1,1,0.7449198439957536,1,1,fold_1
234,sub3,task02,13,64,0,1.094111406648357,0.7491551353885793,0.5,1,0.4083656072616577,0.6006959080696106,1,4.65966847124888e-06,2.302015714503079,10.478477105886741,1,1,0.6330736862213869,1,1,fold_1
235,sub3,task02,14,65,0,0.7001835725799223,0.6682284713156317,0.5,1,0.022567391395568848,0.5056415796279907,1,4.65966847124888e-06,2.302015714503079,10.478477105886741,1,1,0.5844168664373405,1,1,fold_1
236,sub3,task02,15,66,0,-0.07268217176395766,0.4818374519599499,0.5,0,-0.25701165199279785,0.4360984265804291,1,4.65966847124888e-06,2.302015714503079,10.478477105886741,1,0,0.6011084792127974,1,1,fold_1
237,sub3,task02,16,67,0,0.4187524183973662,0.6031846760364395,0.5,1,-0.10850906372070312,0.47289931774139404,1,4.65966847124888e-06,2.302015714503079,10.478477105886741,1,1,0.7028160358432839,1,1,fold_1
238,sub3,task02,17,68,0,0.9360609906788026,0.7183033096420028,0.5,1,0.09023118019104004,0.5225425362586975,1,4.65966847124888e-06,2.302015714503079,10.478477105886741,1,1,0.7376080914993359,1,1,fold_1
239,sub3,task02,18,69,0,1.3066982065020354,0.7869601218514097,0.5,1,0.4978569746017456,0.6219555735588074,1,4.65966847124888e-06,2.302015714503079,10.478477105886741,1,1,0.7298418264511807,1,1,fold_1
240,sub3,task02,19,70,0,0.8835669882368333,0.7075608430045952,0.5,1,0.13936150074005127,0.5347840785980225,1,4.65966847124888e-06,2.302015714503079,10.478477105886741,1,1,0.6967973007267682,1,1,fold_1
241,sub3,task02,20,71,0,0.8236213663570066,0.6950045144975369,0.5,1,0.06250715255737305,0.5156216621398926,1,4.65966847124888e-06,2.302015714503079,10.478477105886741,1,1,0.7306183266451781,1,1,fold_1
242,sub3,task02,21,72,0,0.7899777109808129,0.6878265446781726,0.5,1,0.10312676429748535,0.5257588624954224,1,4.65966847124888e-06,2.302015714503079,10.478477105886741,1,1,0.7671791947285844,1,1,fold_1
243,sub3,task02,22,73,0,1.4436803043044275,0.8090239207598247,0.5,1,0.6884863376617432,0.6656301617622375,1,4.65966847124888e-06,2.302015714503079,10.478477105886741,1,1,0.8075276460497133,1,1,fold_1
244,sub3,task02,23,74,0,1.4158507375625424,0.804687118747756,0.5,1,0.5729184150695801,0.6394363641738892,1,4.65966847124888e-06,2.302015714503079,10.478477105886741,1,1,0.791004976506971,1,1,fold_1
245,sub3,task02,24,75,0,1.4426966682306237,0.8088718986415592,0.5,1,0.6423485279083252,0.6552841067314148,1,4.65966847124888e-06,2.302015714503079,10.478477105886741,1,1,0.784570404330784,1,1,fold_1
246,sub3,task02,25,76,0,1.1496988815226106,0.7594559121315977,0.5,1,0.4040583372116089,0.5996623039245605,1,4.65966847124888e-06,2.302015714503079,10.478477105886741,1,1,0.785390134884674,1,1,fold_1
247,sub3,task02,26,77,0,1.2973188389391488,0.785383402219195,0.5,1,0.6677954196929932,0.6610093712806702,1,4.65966847124888e-06,2.302015714503079,10.478477105886741,1,1,0.805627679514064,1,1,fold_1
248,sub3,task02,27,78,0,1.4586825419368494,0.8113310903032295,0.5,1,0.705925703048706,0.6695002913475037,1,4.65966847124888e-06,2.302015714503079,10.478477105886741,1,1,0.8163587802535827,1,1,fold_1
249,sub3,task02,28,79,0,1.517489817615086,0.8201685460197672,0.5,1,0.9322459697723389,0.7175307273864746,1,4.65966847124888e-06,2.302015714503079,10.478477105886741,1,1,0.8075831772645703,1,1,fold_1
250,sub3,task02,29,80,0,1.5000149400448246,0.817576704437751,0.5,1,0.8859455585479736,0.7080527544021606,1,4.65966847124888e-06,2.302015714503079,10.478477105886741,1,1,0.796281855050167,1,1,fold_1
251,sub3,task02,30,81,0,1.2950710569611945,0.7850042813361929,0.5,1,0.5014265775680542,0.6227945685386658,1,4.65966847124888e-06,2.302015714503079,10.478477105886741,1,1,0.7739736125135551,1,1,fold_1
252,sub3,task02,31,82,0,1.3025544528889892,0.786264579376557,0.5,1,0.45837414264678955,0.6126284003257751,1,4.65966847124888e-06,2.302015714503079,10.478477105886741,1,1,0.7696138291848671,1,1,fold_1
253,sub3,task02,32,83,0,1.1020925273066031,0.7506519768279155,0.5,1,0.38689088821411133,0.5955340266227722,1,4.65966847124888e-06,2.302015714503079,10.478477105886741,1,1,0.7508404342620706,1,1,fold_1
254,sub3,task02,33,84,0,1.2192124828845614,0.7719249313501286,0.5,1,0.5014700889587402,0.6228047609329224,1,4.65966847124888e-06,2.302015714503079,10.478477105886741,1,1,0.7289507619273993,1,1,fold_1
255,sub3,task02,34,85,0,0.9943404757814798,0.7299443946081674,0.5,1,0.4651641845703125,0.6142385601997375,1,4.65966847124888e-06,2.302015714503079,10.478477105886741,1,1,0.6999701047519903,1,1,fold_1
256,sub3,task02,35,86,0,0.7767672286236762,0.6849829598239018,0.5,1,0.5464708805084229,0.6333164572715759,1,4.65966847124888e-06,2.302015714503079,10.478477105886741,1,1,0.6849829598239018,1,1,fold_1
257,sub3,rest04,0,87,0,-1.4395635084386877,0.19161295088072072,0.5,0,-0.5251766443252563,0.3716425597667694,1,4.65966847124888e-06,2.302015714503079,10.478477105886741,1,0,0.22539402734961775,0,0,fold_1
258,sub3,rest04,1,88,0,-1.4654351070538298,0.18763744696566867,0.5,0,-0.6257015466690063,0.3484858572483063,1,4.65966847124888e-06,2.302015714503079,10.478477105886741,1,0,0.3340702609750645,0,0,fold_1
259,sub3,rest04,2,89,0,-0.8619519717867952,0.29693168420246385,0.5,0,-0.6019011735916138,0.35390883684158325,1,4.65966847124888e-06,2.302015714503079,10.478477105886741,1,0,0.4820433996857519,0,0,fold_1
260,sub3,rest04,3,90,0,0.07059591198096676,0.5176416517570608,0.5,1,-0.21813809871673584,0.44568073749542236,1,4.65966847124888e-06,2.302015714503079,10.478477105886741,1,1,0.5621428646950885,1,1,fold_1
261,sub3,rest04,4,91,0,0.5389015921354766,0.6315568630977311,0.5,1,0.09166419506072998,0.5229000449180603,1,4.65966847124888e-06,2.302015714503079,10.478477105886741,1,1,0.5724149664668783,1,1,fold_1
262,sub3,rest04,5,92,0,0.14919645650066254,0.5372300792304735,0.5,1,-0.09139025211334229,0.47716835141181946,1,4.65966847124888e-06,2.302015714503079,10.478477105886741,1,1,0.5501042281753187,1,1,fold_1
263,sub3,rest04,6,93,0,0.19444213918823494,0.5484579570724301,0.5,1,-0.08087718486785889,0.47979170083999634,1,4.65966847124888e-06,2.302015714503079,10.478477105886741,1,1,0.5930949848213314,1,1,fold_1
264,sub3,rest04,7,94,0,0.2599526342750555,0.5646246482230523,0.5,1,0.03664278984069824,0.5091596841812134,1,4.65966847124888e-06,2.302015714503079,10.478477105886741,1,1,0.6302210478171918,1,1,fold_1
265,sub3,rest04,8,95,0,0.691058478424336,0.6662023491685118,0.5,1,0.32635366916656494,0.5808718800544739,1,4.65966847124888e-06,2.302015714503079,10.478477105886741,1,1,0.6635724146224512,1,1,fold_1
266,sub3,rest04,9,96,0,0.6625641157771877,0.6598361460600115,0.5,1,0.1520681381225586,0.537943959236145,1,4.65966847124888e-06,2.302015714503079,10.478477105886741,1,1,0.6417105304055604,1,1,fold_1
267,sub3,rest04,10,97,0,0.6842148075747564,0.66467874863883,0.5,1,0.20483100414276123,0.5510294437408447,1,4.65966847124888e-06,2.302015714503079,10.478477105886741,1,1,0.6615140344193436,1,1,fold_1
268,sub3,rest04,11,98,0,0.4080353387855243,0.6006166965178397,0.5,1,-0.016420841217041016,0.4958949089050293,1,4.65966847124888e-06,2.302015714503079,10.478477105886741,1,1,0.6780055591089756,1,1,fold_1
269,sub3,rest04,12,99,0,0.9407278590393113,0.719246658101361,0.5,1,0.22525477409362793,0.5560767650604248,1,4.65966847124888e-06,2.302015714503079,10.478477105886741,1,1,0.6697920807461707,1,1,fold_1
270,sub3,rest04,13,100,0,0.9156421032858806,0.7141533227077262,0.5,1,0.33939552307128906,0.5840436816215515,1,4.65966847124888e-06,2.302015714503079,10.478477105886741,1,1,0.5234789509513743,1,1,fold_1
271,sub3,rest04,14,101,0,0.3062770061909964,0.5759762614294246,0.5,1,-0.16456782817840576,0.45895063877105713,1,4.65966847124888e-06,2.302015714503079,10.478477105886741,1,1,0.3783632994026085,0,0,fold_1
272,sub3,rest04,15,102,0,-0.9429379690605424,0.28030726871697204,0.5,0,-0.5890601277351379,0.3568505346775055,1,4.65966847124888e-06,2.302015714503079,10.478477105886741,1,0,0.3122197873528022,0,0,fold_1
273,sub3,rest04,16,103,0,-0.9503901418848675,0.2788063680614288,0.5,0,-0.5312681198120117,0.37022119760513306,1,4.65966847124888e-06,2.302015714503079,10.478477105886741,1,0,0.368455010300129,0,0,fold_1
274,sub3,rest04,17,104,0,-0.4999784834524962,0.37754572528000574,0.5,0,-0.28542256355285645,0.4291248917579651,1,4.65966847124888e-06,2.302015714503079,10.478477105886741,1,0,0.3906218225063334,0,0,fold_1
275,sub3,rest04,18,105,0,-0.2046596272443496,0.44901293755895266,0.5,0,-0.18082523345947266,0.45491647720336914,1,4.65966847124888e-06,2.302015714503079,10.478477105886741,1,0,0.4359502061384872,0,0,fold_1
276,sub3,rest04,19,106,0,-0.63973341103223,0.345306804680042,0.5,0,-0.30710363388061523,0.4238218665122986,1,4.65966847124888e-06,2.302015714503079,10.478477105886741,1,0,0.5267951801036445,1,1,fold_1
277,sub3,rest04,20,107,0,0.05413672275541345,0.5135308761764668,0.5,1,-0.17321324348449707,0.45680466294288635,1,4.65966847124888e-06,2.302015714503079,10.478477105886741,1,1,0.6451694245049048,1,1,fold_1
278,sub3,rest04,21,108,0,0.9521525119173478,0.7215478594544245,0.5,1,0.30310261249542236,0.5752007961273193,1,4.65966847124888e-06,2.302015714503079,10.478477105886741,1,1,0.6343357571154747,1,1,fold_1
279,sub3,rest04,22,109,0,0.8493441166854037,0.7004295378838232,0.5,1,0.1755584478378296,0.5437772274017334,1,4.65966847124888e-06,2.302015714503079,10.478477105886741,1,1,0.4863938722423667,0,0,fold_1
280,sub3,rest04,23,110,0,-0.0759169444975737,0.4810298740081764,0.5,0,-0.24684476852416992,0.4386002719402313,1,4.65966847124888e-06,2.302015714503079,10.478477105886741,1,0,0.34549142789279247,0,0,fold_1
281,sub3,rest04,24,111,0,-0.9557884718273838,0.2777222048351005,0.5,0,-0.32148802280426025,0.42031314969062805,1,4.65966847124888e-06,2.302015714503079,10.478477105886741,1,0,0.2777222048351005,0,0,fold_1
501,sub6,rest01,0,0,0,-1.6618992815097255,0.159507205724666,0.5,0,-0.14414262771606445,0.4640266001224518,1,5.827133823285048e-06,3.716580244258531,4.67190208898879,0,1,0.2199450421986265,0,1,fold_1
502,sub6,rest01,1,1,0,-1.4530150105112525,0.18953798660526583,0.5,0,-0.3830552101135254,0.405390202999115,1,5.827133823285048e-06,3.716580244258531,4.67190208898879,0,1,0.27441921665427654,0,1,fold_1
503,sub6,rest01,2,2,0,-0.7964288780634312,0.3107899342659477,0.5,0,-0.734079122543335,0.32430022954940796,1,5.827133823285048e-06,3.716580244258531,4.67190208898879,0,1,0.3338540348255794,0,1,fold_1
504,sub6,rest01,3,3,0,-0.7403403224651919,0.32292972909161616,0.5,0,-0.7421350479125977,0.32253745198249817,1,5.827133823285048e-06,3.716580244258531,4.67190208898879,0,1,0.36603878444336385,0,1,fold_1
505,sub6,rest01,4,4,0,-0.5414839677486517,0.3678424411191742,0.5,0,-0.8367974758148193,0.3022097051143646,1,5.827133823285048e-06,3.716580244258531,4.67190208898879,0,1,0.4053753898127459,0,1,fold_1
506,sub6,rest01,5,5,0,-0.37495533366823036,0.4073441831193012,0.5,0,-0.9257174134254456,0.2837943732738495,1,5.827133823285048e-06,3.716580244258531,4.67190208898879,0,1,0.46063840916954507,0,1,fold_1
507,sub6,rest01,6,6,0,-0.2373498350946678,0.44093954519976225,0.5,0,-0.9959300756454468,0.26974236965179443,1,5.827133823285048e-06,3.716580244258531,4.67190208898879,0,1,0.5284291137455859,1,0,fold_1
508,sub6,rest01,7,7,1,-0.2957810956702136,0.4265891518996674,0.5,0,-0.9133113622665405,0.2863227128982544,1,5.827133823285048e-06,3.716580244258531,4.67190208898879,0,1,,,,fold_1
509,sub6,rest01,8,8,0,0.1347294284241306,0.5336314991895718,0.5,1,-0.8959999084472656,0.2898731827735901,1,5.827133823285048e-06,3.716580244258531,4.67190208898879,0,0,0.4466921676564613,0,1,fold_1
510,sub6,rest01,9,9,0,0.4503241335785052,0.6107162968474237,0.5,1,-0.8499005436897278,0.2994537353515625,1,5.827133823285048e-06,3.716580244258531,4.67190208898879,0,0,0.3380098448226574,0,1,fold_1
511,sub6,rest01,10,10,1,-0.5519938584145397,0.3654019424361959,0.5,0,-0.8501143455505371,0.299408882856369,1,5.827133823285048e-06,3.716580244258531,4.67190208898879,0,1,,,,fold_1
512,sub6,rest01,11,11,0,-1.413207089342865,0.1957287069323886,0.5,0,-0.7124106287956238,0.3290663957595825,1,5.827133823285048e-06,3.716580244258531,4.67190208898879,0,1,0.3146589133615618,0,1,fold_1
513,sub6,rest01,12,12,0,-1.3395472032078317,0.20758453068815994,0.5,0,-0.6168375611305237,0.35050103068351746,1,5.827133823285048e-06,3.716580244258531,4.67190208898879,0,1,0.45478624831379594,0,1,fold_1
514,sub6,rest01,13,13,1,-0.6676621335862909,0.33902052568922625,0.5,0,-0.9595645666122437,0.2769653797149658,1,5.827133823285048e-06,3.716580244258531,4.67190208898879,0,1,,,,fold_1
515,sub6,rest01,14,14,0,0.16301404201448486,0.5406635024641369,0.5,1,-0.979629397392273,0.27296531200408936,1,5.827133823285048e-06,3.716580244258531,4.67190208898879,0,0,0.5335383523008553,1,0,fold_1
516,sub6,rest01,15,15,0,0.47307247524782425,0.616110711789091,0.5,1,-0.801260769367218,0.3097558915615082,1,5.827133823285048e-06,3.716580244258531,4.67190208898879,0,0,0.4257893906796693,0,1,fold_1
517,sub6,rest01,16,16,1,0.668583880642801,0.6611859939026525,0.5,0,-0.8277865648269653,0.3041132986545563,1,5.827133823285048e-06,3.716580244258531,4.67190208898879,0,1,,,,fold_1
518,sub6,rest01,17,17,0,-0.22558847184777348,0.4438408426493381,0.5,0,-0.9360410571098328,0.2817007303237915,1,5.827133823285048e-06,3.716580244258531,4.67190208898879,0,1,0.2986583889276522,0,1,fold_1
519,sub6,rest01,18,18,0,-1.2807850660431732,0.21741661760057868,0.5,0,-0.7167396545410156,0.32811135053634644,1,5.827133823285048e-06,3.716580244258531,4.67190208898879,0,1,0.2616402754323202,0,1,fold_1
520,sub6,rest01,19,19,0,-1.1818612335556913,0.23471770653303964,0.5,0,-0.5979207158088684,0.35481953620910645,1,5.827133823285048e-06,3.716580244258531,4.67190208898879,0,1,0.32492029563630354,0,1,fold_1
521,sub6,rest01,20,20,0,-0.6956089316893113,0.3327865021633423,0.5,0,-0.8542105555534363,0.2985503375530243,1,5.827133823285048e-06,3.716580244258531,4.67190208898879,0,1,0.3337881181533502,0,1,fold_1
522,sub6,rest01,21,21,0,-0.3753178127314457,0.4072566782125286,0.5,0,-0.916649341583252,0.2856411039829254,1,5.827133823285048e-06,3.716580244258531,4.67190208898879,0,1,0.2965815668169632,0,1,fold_1
523,sub6,rest01,22,22,0,-1.0391130172802159,0.26132117408417965,0.5,0,-0.4804811477661133,0.3821384906768799,1,5.827133823285048e-06,3.716580244258531,4.67190208898879,0,1,0.23455162346418068,0,1,fold_1
524,sub6,rest01,23,23,0,-1.2588794547520608,0.22116684815418117,0.5,0,0.04437518119812012,0.5110920071601868,1,5.827133823285048e-06,3.716580244258531,4.67190208898879,0,1,0.22116684815418117,0,1,fold_1
525,sub6,rest02,0,24,0,-0.1077556409494142,0.47308712579690043,0.5,0,-0.7796631455421448,0.3143925070762634,1,5.827133823285048e-06,3.716580244258531,4.67190208898879,0,1,0.5350247718829914,1,0,fold_1
526,sub6,rest02,1,25,0,-0.552948959251728,0.36518049892660154,0.5,0,-0.5408911108970642,0.36798030138015747,1,5.827133823285048e-06,3.716580244258531,4.67190208898879,0,1,0.6419137133985533,1,0,fold_1
527,sub6,rest02,2,26,0,1.1903669746354588,0.7668066909254724,0.5,1,-0.6598700881004333,0.3407687544822693,1,5.827133823285048e-06,3.716580244258531,4.67190208898879,0,0,0.7930736657098247,1,0,fold_1
528,sub6,rest02,3,27,0,1.3477036551549912,0.793753950343586,0.5,1,-0.6349579095840454,0.34638717770576477,1,5.827133823285048e-06,3.716580244258531,4.67190208898879,0,0,0.7924918110244773,1,0,fold_1
529,sub6,rest02,4,28,0,1.507297532107053,0.818660355860416,0.5,1,-0.5599825978279114,0.3635514974594116,1,5.827133823285048e-06,3.716580244258531,4.67190208898879,0,0,0.781695531611751,1,0,fold_1
530,sub6,rest02,5,29,0,1.1806303690682756,0.76506112686943,0.5,1,-0.6532347798347473,0.3422609567642212,1,5.827133823285048e-06,3.716580244258531,4.67190208898879,0,0,0.7563031299711289,1,0,fold_1
531,sub6,rest02,6,30,0,1.1601783040332367,0.7613651121054068,0.5,1,-0.596733033657074,0.35509148240089417,1,5.827133823285048e-06,3.716580244258531,4.67190208898879,0,0,0.7715915257621724,1,0,fold_1
532,sub6,rest02,7,31,0,1.0589150268692469,0.7424831509385499,0.5,1,-0.5634903311729431,0.36274027824401855,1,5.827133823285048e-06,3.716580244258531,4.67190208898879,0,0,0.7741839144233915,1,0,fold_1
533,sub6,rest02,8,32,0,1.4560403812750295,0.8109263142425607,0.5,1,-0.6386582851409912,0.34554991126060486,1,5.827133823285048e-06,3.716580244258531,4.67190208898879,0,0,0.763098268870786,1,0,fold_1
534,sub6,rest02,9,33,0,1.2034743711128448,0.7691422780890641,0.5,1,-0.695866584777832,0.332729309797287,1,5.827133823285048e-06,3.716580244258531,4.67190208898879,0,0,0.7243458107316295,1,0,fold_1
535,sub6,rest02,10,34,0,0.891628940486253,0.7092262142807331,0.5,1,-0.6815181970596313,0.3359225392341614,1,5.827133823285048e-06,3.716580244258531,4.67190208898879,0,0,0.7066734518498224,1,0,fold_1
536,sub6,rest02,11,35,0,0.8220387553644847,0.6946689398250916,0.5,1,-0.524788498878479,0.3717331886291504,1,5.827133823285048e-06,3.716580244258531,4.67190208898879,0,0,0.7444509158893499,1,0,fold_1
537,sub6,rest02,12,36,0,0.9253217232209257,0.7161252014436426,0.5,1,-0.44453585147857666,0.39066070318222046,1,5.827133823285048e-06,3.716580244258531,4.67190208898879,0,0,0.7388258475237794,1,0,fold_1
538,sub6,rest02,13,37,0,1.533779356584489,0.8225586063993156,0.5,1,-0.5811123251914978,0.3586766719818115,1,5.827133823285048e-06,3.716580244258531,4.67190208898879,0,0,0.6316727092935479,1,0,fold_1
539,sub6,rest02,14,38,0,0.7436510997486452,0.6777937347283802,0.5,1,-0.6879783868789673,0.33448293805122375,1,5.827133823285048e-06,3.716580244258531,4.67190208898879,0,0,0.45363692484553436,0,1,fold_1
540,sub6,rest02,15,39,0,-0.42774142683178634,0.39466578675294794,0.5,0,-0.46534717082977295,0.38571810722351074,1,5.827133823285048e-06,3.716580244258531,4.67190208898879,0,1,0.29725501246390423,0,1,fold_1
541,sub6,rest02,16,40,0,-0.9029178233138387,0.28845125305527497,0.5,0,-0.3658757209777832,0.4095379710197449,1,5.827133823285048e-06,3.716580244258531,4.67190208898879,0,1,0.23077878823210954,0,1,fold_1
542,sub6,rest02,17,41,0,-1.333094268176748,0.20864799758348973,0.5,0,-0.48280835151672363,0.38158920407295227,1,5.827133823285048e-06,3.716580244258531,4.67190208898879,0,1,0.2048664011181335,0,1,fold_1
543,sub6,rest02,18,42,0,-1.4163328930078811,0.19523711405756394,0.5,0,-0.5208221077919006,0.3726600110530853,1,5.827133823285048e-06,3.716580244258531,4.67190208898879,0,1,0.2048941899948266,0,1,fold_1
544,sub6,rest02,19,43,0,-1.3206264240878933,0.21071409171334687,0.5,0,-0.4820595383644104,0.3817659020423889,1,5.827133823285048e-06,3.716580244258531,4.67190208898879,0,1,0.22624993293843634,0,1,fold_1
545,sub6,rest02,20,44,0,-1.3325894390002946,0.208731364213569,0.5,0,-0.5138171911239624,0.37429913878440857,1,5.827133823285048e-06,3.716580244258531,4.67190208898879,0,1,0.23954747350052794,0,1,fold_1
546,sub6,rest02,21,45,0,-1.0495873808668459,0.2593043428883932,0.5,0,-0.673071026802063,0.3378095328807831,1,5.827133823285048e-06,3.716580244258531,4.67190208898879,0,1,0.2959450908295715,0,1,fold_1
547,sub6,rest02,22,46,0,-1.0953790965459747,0.25060671339962165,0.5,0,-0.5825157761573792,0.3583539128303528,1,5.827133823285048e-06,3.716580244258531,4.67190208898879,0,1,0.33548504860034023,0,1,fold_1
548,sub6,rest02,23,47,0,-0.49836823494505167,0.3779242162006995,0.5,0,-0.37565362453460693,0.40717563033103943,1,5.827133823285048e-06,3.716580244258531,4.67190208898879,0,1,0.3779242162006995,0,1,fold_1
549,sub6,task02,0,48,0,0.7060024621485212,0.6695172491450792,0.5,1,-0.7243592739105225,0.3264337480068207,1,5.827133823285048e-06,3.716580244258531,4.67190208898879,1,1,0.7038442732361371,1,1,fold_1
550,sub6,task02,1,49,0,0.7758961919118051,0.6847949761085245,0.5,1,-0.7740899920463562,0.31559500098228455,1,5.827133823285048e-06,3.716580244258531,4.67190208898879,1,1,0.641856528419488,1,1,fold_1
551,sub6,task02,2,50,0,1.1375013822021436,0.7572205944548078,0.5,1,-0.5355126261711121,0.36923208832740784,1,5.827133823285048e-06,3.716580244258531,4.67190208898879,1,1,0.5476766551881799,1,1,fold_1
552,sub6,task02,3,51,0,-0.0658076801123745,0.4835540146951318,0.5,0,-0.6803224086761475,0.3361893594264984,1,5.827133823285048e-06,3.716580244258531,4.67190208898879,1,0,0.3699616903003897,0,0,fold_1
553,sub6,task02,4,52,0,-0.39607654341992826,0.40225535641460014,0.5,0,-0.5971037149429321,0.355006605386734,1,5.827133823285048e-06,3.716580244258531,4.67190208898879,1,0,0.2924157435983068,0,0,fold_1
554,sub6,task02,5,53,0,-1.242071023885348,0.22407569979143727,0.5,0,-0.3705192804336548,0.4084155559539795,1,5.827133823285048e-06,3.716580244258531,4.67190208898879,1,0,0.23253317436639273,0,0,fold_1
555,sub6,task02,6,54,0,-1.0937319761203301,0.250916174588883,0.5,0,-0.5404008030891418,0.3680943548679352,1,5.827133823285048e-06,3.716580244258531,4.67190208898879,1,0,0.2288800109163329,0,0,fold_1
556,sub6,task02,7,55,0,-1.250534380451161,0.22260764871885788,0.5,0,-0.5410399436950684,0.36794567108154297,1,5.827133823285048e-06,3.716580244258531,4.67190208898879,1,0,0.2526603912372768,0,0,fold_1
557,sub6,task02,8,56,0,-1.306242975053025,0.21311620944125773,0.5,0,-0.6398743391036987,0.345274955034256,1,5.827133823285048e-06,3.716580244258531,4.67190208898879,1,0,0.2929754801307592,0,0,fold_1
558,sub6,task02,9,57,0,-0.7434173514002382,0.3222573155517148,0.5,0,-0.8421628475189209,0.3010794520378113,1,5.827133823285048e-06,3.716580244258531,4.67190208898879,1,0,0.42539711194305374,0,0,fold_1
559,sub6,task02,10,58,0,-0.6475009406704675,0.343552915399305,0.5,0,-0.7307878136634827,0.325021892786026,1,5.827133823285048e-06,3.716580244258531,4.67190208898879,1,0,0.516449920912986,1,1,fold_1
560,sub6,task02,11,59,0,0.4489144548149923,0.6103811048781415,0.5,1,-0.6360294818878174,0.3461446166038513,1,5.827133823285048e-06,3.716580244258531,4.67190208898879,1,1,0.6174901895047816,1,1,fold_1
561,sub6,task02,12,60,0,0.3863998731027663,0.5954157424615115,0.5,1,-0.6843763589859009,0.3352852761745453,1,5.827133823285048e-06,3.716580244258531,4.67190208898879,1,1,0.6519967915786931,1,1,fold_1
562,sub6,task02,13,61,0,0.6044499397128515,0.6466737211746917,0.5,1,-0.7390527129173279,0.32321131229400635,1,5.827133823285048e-06,3.716580244258531,4.67190208898879,1,1,0.7004905319698715,1,1,fold_1
563,sub6,task02,14,62,0,0.9144059572360197,0.713900911099876,0.5,1,-0.7791565656661987,0.31450170278549194,1,5.827133823285048e-06,3.716580244258531,4.67190208898879,1,1,0.7504431525017333,1,1,fold_1
564,sub6,task02,15,63,0,1.0506357588111053,0.740896963635047,0.5,1,-0.7317855358123779,0.32480302453041077,1,5.827133823285048e-06,3.716580244258531,4.67190208898879,1,1,0.7757255281763303,1,1,fold_1
565,sub6,task02,16,64,0,1.3647559855541993,0.7965315827702771,0.5,1,-0.5516441464424133,0.36548304557800293,1,5.827133823285048e-06,3.716580244258531,4.67190208898879,1,1,0.7919064522912432,1,1,fold_1
566,sub6,task02,17,65,0,1.3234073255359617,0.7897480381236668,0.5,1,-0.5481566190719604,0.36629217863082886,1,5.827133823285048e-06,3.716580244258531,4.67190208898879,1,1,0.7937120637202345,1,1,fold_1
567,sub6,task02,18,66,0,1.3215515968695002,0.7894397359797856,0.5,1,-0.5151759386062622,0.37398093938827515,1,5.827133823285048e-06,3.716580244258531,4.67190208898879,1,1,0.7835047898063507,1,1,fold_1
568,sub6,task02,19,67,0,1.398516771236314,0.801948417057251,0.5,1,-0.5742164850234985,0.36026445031166077,1,5.827133823285048e-06,3.716580244258531,4.67190208898879,1,1,0.7597832867995988,1,1,fold_1
569,sub6,task02,20,68,0,1.1478949796896307,0.7591262163820154,0.5,1,-0.6517386436462402,0.3425978422164917,1,5.827133823285048e-06,3.716580244258531,4.67190208898879,1,1,0.7178695155790714,1,1,fold_1
570,sub6,task02,21,69,0,0.9359222078228929,0.7182752269595298,0.5,1,-0.6739557385444641,0.3376116454601288,1,5.827133823285048e-06,3.716580244258531,4.67190208898879,1,1,0.6683132197952802,1,1,fold_1
571,sub6,task02,22,70,0,0.7363952916919522,0.676207103395669,0.5,1,-0.618618905544281,0.35009562969207764,1,5.827133823285048e-06,3.716580244258531,4.67190208898879,1,1,0.5825064685704021,1,1,fold_1
572,sub6,task02,23,71,0,0.4492349834852319,0.6104573290306422,0.5,1,-0.3125338554382324,0.42249637842178345,1,5.827133823285048e-06,3.716580244258531,4.67190208898879,1,1,0.4791376968983241,0,0,fold_1
573,sub6,task02,24,72,0,-0.1569011990495084,0.46085497328489533,0.5,0,-0.16277170181274414,0.4593966603279114,1,5.827133823285048e-06,3.716580244258531,4.67190208898879,1,0,0.36157246732373843,0,0,fold_1
574,sub6,task02,25,73,0,-0.5489812960148265,0.3661007883794348,0.5,0,-0.5225904583930969,0.37224671244621277,1,5.827133823285048e-06,3.716580244258531,4.67190208898879,1,0,0.316492066673786,0,0,fold_1
575,sub6,task02,26,74,0,-1.057635147952858,0.25776164030688514,0.5,0,-0.6052439212799072,0.35314488410949707,1,5.827133823285048e-06,3.716580244258531,4.67190208898879,1,0,0.33639160791016637,0,0,fold_1
576,sub6,task02,27,75,0,-0.7280910578610953,0.325613771335038,0.5,0,-0.7054444551467896,0.33060622215270996,1,5.827133823285048e-06,3.716580244258531,4.67190208898879,1,0,0.45365812682382467,0,0,fold_1
577,sub6,task02,28,76,0,-0.29901041982918325,0.425799412088576,0.5,0,-0.8318820595741272,0.30324727296829224,1,5.827133823285048e-06,3.716580244258531,4.67190208898879,1,0,0.5701415993285243,1,1,fold_1
578,sub6,task02,29,77,0,0.4454681068022414,0.6095611970478599,0.5,1,-0.7855598330497742,0.31312286853790283,1,5.827133823285048e-06,3.716580244258531,4.67190208898879,1,1,0.6208673299563515,1,1,fold_1
579,sub6,task02,30,78,0,0.7311801222706046,0.6750641888491367,0.5,1,-0.7226736545562744,0.3268044888973236,1,5.827133823285048e-06,3.716580244258531,4.67190208898879,1,1,0.5001032556054741,1,1,fold_1
580,sub6,task02,31,79,0,0.3144726369724123,0.577976603972058,0.5,1,-0.6673620939254761,0.33908775448799133,1,5.827133823285048e-06,3.716580244258531,4.67190208898879,1,1,0.3358871992411831,0,0,fold_1
581,sub6,task02,32,80,0,-1.1132312531260233,0.24726897399522765,0.5,0,-0.6830017566680908,0.3355916738510132,1,5.827133823285048e-06,3.716580244258531,4.67190208898879,1,0,0.20874121394516484,0,0,fold_1
582,sub6,task02,33,81,0,-1.5000637242274235,0.18241601975626368,0.5,0,-0.46941429376602173,0.38475486636161804,1,5.827133823285048e-06,3.716580244258531,4.67190208898879,1,0,0.2568396628652063,0,0,fold_1
583,sub6,task02,34,82,0,-1.4080699900205738,0.19653864808400315,0.5,0,-0.4785676598548889,0.3825903832912445,1,5.827133823285048e-06,3.716580244258531,4.67190208898879,1,0,0.3804983350971632,0,0,fold_1
584,sub6,task02,35,83,0,-0.4407414079986201,0.39156432075535214,0.5,0,-0.5000097155570984,0.3775383532047272,1,5.827133823285048e-06,3.716580244258531,4.67190208898879,1,0,0.4994494645532069,0,0,fold_1
585,sub6,task02,36,84,0,0.2143855062820714,0.5533920364521343,0.5,1,-0.28903889656066895,0.42823919653892517,1,5.827133823285048e-06,3.716580244258531,4.67190208898879,1,1,0.5533920364521343,1,1,fold_1
586,sub6,rest04,0,85,0,1.7120251857347255,0.8470987756584724,0.5,1,-0.4866502285003662,0.3806830048561096,1,5.827133823285048e-06,3.716580244258531,4.67190208898879,1,1,0.8445765756238423,1,1,fold_1
587,sub6,rest04,1,86,0,1.6886162789938413,0.8440421004157109,0.5,1,-0.493388295173645,0.3790956735610962,1,5.827133823285048e-06,3.716580244258531,4.67190208898879,1,1,0.8296993060812046,1,1,fold_1
588,sub6,rest04,2,87,0,1.6776179505162503,0.8425888507973431,0.5,1,-0.4808477759361267,0.3820519745349884,1,5.827133823285048e-06,3.716580244258531,4.67190208898879,1,1,0.8263415929806833,1,1,fold_1
589,sub6,rest04,3,88,0,1.401784865681228,0.8024669670305595,0.5,1,-0.5018506050109863,0.37710586190223694,1,5.827133823285048e-06,3.716580244258531,4.67190208898879,1,1,0.8195817480480332,1,1,fold_1
590,sub6,rest04,4,89,0,1.6140214326588613,0.8339689611141471,0.5,1,-0.5252413153648376,0.37162744998931885,1,5.827133823285048e-06,3.716580244258531,4.67190208898879,1,1,0.8220584663256588,1,1,fold_1
591,sub6,rest04,5,90,0,1.5320723127568947,0.8223093159993932,0.5,1,-0.42067593336105347,0.396355003118515,1,5.827133823285048e-06,3.716580244258531,4.67190208898879,1,1,0.8229580434085912,1,1,fold_1
592,sub6,rest04,6,91,0,1.4493418400564189,0.8098971218634364,0.5,1,-0.4362644553184509,0.3926314115524292,1,5.827133823285048e-06,3.716580244258531,4.67190208898879,1,1,0.8200825613087757,1,1,fold_1
593,sub6,rest04,7,92,0,1.6336401467450572,0.8366676923629442,0.5,1,-0.5934034585952759,0.355854332447052,1,5.827133823285048e-06,3.716580244258531,4.67190208898879,1,1,0.7932901256019264,1,1,fold_1
594,sub6,rest04,8,93,0,1.4741204716662974,0.8136828696999463,0.5,1,-0.7335942983627319,0.3244064748287201,1,5.827133823285048e-06,3.716580244258531,4.67190208898879,1,1,0.7468651972756656,1,1,fold_1
595,sub6,rest04,9,94,0,0.9921876863623245,0.7295198147428884,0.5,1,-0.7615239024162292,0.3183155059814453,1,5.827133823285048e-06,3.716580244258531,4.67190208898879,1,1,0.7045158536280094,1,1,fold_1
596,sub6,rest04,10,95,0,0.8349137241118068,0.6973929073841618,0.5,1,-0.6815330386161804,0.33591923117637634,1,5.827133823285048e-06,3.716580244258531,4.67190208898879,1,1,0.7080197436214131,1,1,fold_1
597,sub6,rest04,11,96,0,0.7844334608440944,0.6866348387569778,0.5,1,-0.7401807308197021,0.322964608669281,1,5.827133823285048e-06,3.716580244258531,4.67190208898879,1,1,0.7322317881434207,1,1,fold_1
598,sub6,rest04,12,97,0,1.0461322036221472,0.7400314847230994,0.5,1,-0.6120645999908447,0.3515883982181549,1,5.827133823285048e-06,3.716580244258531,4.67190208898879,1,1,0.743415882583604,1,1,fold_1
599,sub6,rest04,13,98,0,1.208475193705941,0.7700290409501845,0.5,1,-0.6504826545715332,0.3428807556629181,1,5.827133823285048e-06,3.716580244258531,4.67190208898879,1,1,0.7283458011759567,1,1,fold_1
600,sub6,rest04,14,99,0,0.9453899833906032,0.7201871220775279,0.5,1,-0.5979964733123779,0.3548021912574768,1,5.827133823285048e-06,3.716580244258531,4.67190208898879,1,1,0.672030760100856,1,1,fold_1
601,sub6,rest04,15,100,0,0.8227569029271172,0.6948212405001576,0.5,1,-0.7520114779472351,0.3203831613063812,1,5.827133823285048e-06,3.716580244258531,4.67190208898879,1,1,0.5911652091757004,1,1,fold_1
602,sub6,rest04,16,101,0,0.40998348028870074,0.6010839177248829,0.5,1,-0.62325119972229,0.3490423858165741,1,5.827133823285048e-06,3.716580244258531,4.67190208898879,1,1,0.5572350567863142,1,1,fold_1
603,sub6,rest04,17,102,0,-0.08969821537612094,0.47759046930206056,0.5,0,-0.5862640142440796,0.3574925363063812,1,5.827133823285048e-06,3.716580244258531,4.67190208898879,1,0,0.537207296238241,1,1,fold_1
604,sub6,rest04,18,103,0,0.3765087609744081,0.5930307833319992,0.5,1,-0.5764038562774658,0.35976049304008484,1,5.827133823285048e-06,3.716580244258531,4.67190208898879,1,1,0.6187672528038299,1,1,fold_1
605,sub6,rest04,19,104,0,0.16437163033269792,0.5410006360806635,0.5,1,-0.7658402323722839,0.3173796236515045,1,5.827133823285048e-06,3.716580244258531,4.67190208898879,1,1,0.6725754804413292,1,1,fold_1
606,sub6,rest04,20,105,0,0.9557513014375167,0.7222703389988273,0.5,1,-0.653302788734436,0.3422456681728363,1,5.827133823285048e-06,3.716580244258531,4.67190208898879,1,1,0.7512848248508815,1,1,fold_1
607,sub6,rest04,21,106,0,1.1225179212607848,0.754455466244497,0.5,1,-0.6489337682723999,0.34322986006736755,1,5.827133823285048e-06,3.716580244258531,4.67190208898879,1,1,0.7619736336216244,1,1,fold_1
608,sub6,rest04,22,107,0,1.2490113217071213,0.7771286693093207,0.5,1,-0.5061519145965576,0.3760960102081299,1,5.827133823285048e-06,3.716580244258531,4.67190208898879,1,1,0.7373196690051135,1,1,fold_1
609,sub6,rest04,23,108,0,1.1218772732732438,0.754336765311056,0.5,1,-0.3700718879699707,0.40852364897727966,1,5.827133823285048e-06,3.716580244258531,4.67190208898879,1,1,0.7051079700336612,1,1,fold_1
610,sub6,rest04,24,109,0,0.7560409853168484,0.6804935723949638,0.5,1,-0.15558648109436035,0.461181640625,1,5.827133823285048e-06,3.716580244258531,4.67190208898879,1,1,0.6804935723949638,1,1,fold_1
828,sub9,rest01,0,0,0,-0.9965421556661318,0.2696218177640153,0.5,0,-0.07141315937042236,0.4821542799472809,1,1.978788506179233e-06,8.992315376330644,20.55051084283148,0,1,0.26858503691946717,0,1,fold_1
829,sub9,rest01,1,1,0,-1.002850034798351,0.2683814396594827,0.5,0,-0.13955485820770264,0.4651677906513214,1,1.978788506179233e-06,8.992315376330644,20.55051084283148,0,1,0.2679044845473167,0,1,fold_1
830,sub9,rest01,2,2,0,-1.0060588235011438,0.2677518533349036,0.5,0,-0.08989667892456055,0.4775409698486328,1,1.978788506179233e-06,8.992315376330644,20.55051084283148,0,1,0.26786420363074187,0,1,fold_1
831,sub9,rest01,3,3,0,-1.0069347131543207,0.26758016064756385,0.5,0,-0.1474233865737915,0.4632107615470886,1,1.978788506179233e-06,8.992315376330644,20.55051084283148,0,1,0.267714505447588,0,1,fold_1
832,sub9,rest01,4,4,0,-1.003465559280569,0.2682605969097582,0.5,0,-0.34572410583496094,0.41441968083381653,1,1.978788506179233e-06,8.992315376330644,20.55051084283148,0,1,0.266483370183505,0,1,fold_1
833,sub9,rest01,5,5,0,-1.008350631902086,0.267302758785442,0.5,0,-0.4630681276321411,0.38625824451446533,1,1.978788506179233e-06,8.992315376330644,20.55051084283148,0,1,0.26539968684945986,0,1,fold_1
834,sub9,rest01,6,6,0,-1.0258639203427264,0.26388675485531476,0.5,0,-0.6655157804489136,0.33950164914131165,1,1.978788506179233e-06,8.992315376330644,20.55051084283148,0,1,0.2660699616842476,0,1,fold_1
835,sub9,rest01,7,7,1,-1.0250732485575278,0.2640403719434449,0.5,0,-0.5279051065444946,0.3710056245326996,1,1.978788506179233e-06,8.992315376330644,20.55051084283148,0,1,,,,fold_1
836,sub9,rest01,8,8,0,-1.0200916587347162,0.26500954690762274,0.5,0,-0.5843770503997803,0.35792607069015503,1,1.978788506179233e-06,8.992315376330644,20.55051084283148,0,1,0.2646627971526479,0,1,fold_1
837,sub9,rest01,9,9,0,-0.9981079514088291,0.26931358328980526,0.5,0,-0.40300464630126953,0.4005906581878662,1,1.978788506179233e-06,8.992315376330644,20.55051084283148,0,1,0.26299397986313927,0,1,fold_1
838,sub9,rest01,10,10,1,-1.0250175633713758,0.26405119300105645,0.5,0,-0.7288600206375122,0.32544493675231934,1,1.978788506179233e-06,8.992315376330644,20.55051084283148,0,1,,,,fold_1
839,sub9,rest01,11,11,0,-1.0477090887260956,0.25966526126051576,0.5,0,-0.778170645236969,0.3147142827510834,1,1.978788506179233e-06,8.992315376330644,20.55051084283148,0,1,0.26062799424172195,0,1,fold_1
840,sub9,rest01,12,12,0,-1.0459524687630006,0.26000309503909685,0.5,0,-0.6841587424278259,0.3353337347507477,1,1.978788506179233e-06,8.992315376330644,20.55051084283148,0,1,0.2608064367916811,0,1,fold_1
841,sub9,rest01,13,13,0,-1.0344844382749347,0.26221562642555324,0.5,0,-0.7002545595169067,0.33175578713417053,1,1.978788506179233e-06,8.992315376330644,20.55051084283148,0,1,0.2605455214012707,0,1,fold_1
842,sub9,rest01,14,14,1,-1.048349385249445,0.25954219010362406,0.5,0,-0.8297344446182251,0.3037012219429016,1,1.978788506179233e-06,8.992315376330644,20.55051084283148,0,1,,,,fold_1
843,sub9,rest01,15,15,0,-1.0449262539832171,0.26020058891039316,0.5,0,-0.8049024939537048,0.30897781252861023,1,1.978788506179233e-06,8.992315376330644,20.55051084283148,0,1,0.26105248958731697,0,1,fold_1
844,sub9,rest01,16,16,0,-1.0500247463492616,0.25922034886786566,0.5,0,-0.7304980158805847,0.32508546113967896,1,1.978788506179233e-06,8.992315376330644,20.55051084283148,0,1,0.26477500408534266,0,1,fold_1
845,sub9,rest01,17,17,1,-1.0350726286383776,0.2621018518622721,0.5,0,-0.4898068904876709,0.37993907928466797,1,1.978788506179233e-06,8.992315376330644,20.55051084283148,0,1,,,,fold_1
846,sub9,rest01,18,18,0,-1.0266374127524518,0.2637365309836921,0.5,0,-0.4400506019592285,0.3917289078235626,1,1.978788506179233e-06,8.992315376330644,20.55051084283148,0,1,0.26860791455645633,0,1,fold_1
847,sub9,rest01,19,19,0,-0.9876923005240013,0.2713681324044702,0.5,0,0.16290032863616943,0.5406352281570435,1,1.978788506179233e-06,8.992315376330644,20.55051084283148,0,1,0.2711225161960858,0,1,fold_1
848,sub9,rest01,20,20,0,-0.9909773280834691,0.2707190802812066,0.5,0,0.24722504615783691,0.5614933967590332,1,1.978788506179233e-06,8.992315376330644,20.55051084283148,0,1,0.2686128023173126,0,1,fold_1
849,sub9,rest01,21,21,0,-0.9881363734574888,0.27128033590258066,0.5,0,0.33525407314300537,0.583037257194519,1,1.978788506179233e-06,8.992315376330644,20.55051084283148,0,1,0.2674831214628495,0,1,fold_1
850,sub9,rest01,22,22,0,-1.0261098237093385,0.26383899076815054,0.5,0,-0.44977426528930664,0.3894144594669342,1,1.978788506179233e-06,8.992315376330644,20.55051084283148,0,1,0.26625976354359765,0,1,fold_1
851,sub9,rest01,23,23,0,-1.0082113530121104,0.2673300377178173,0.5,0,-0.3454970121383667,0.4144747853279114,1,1.978788506179233e-06,8.992315376330644,20.55051084283148,0,1,0.2675168540024892,0,1,fold_1
852,sub9,rest01,24,24,0,-1.006781124694316,0.2676102621448251,0.5,0,-0.13079571723937988,0.4673475921154022,1,1.978788506179233e-06,8.992315376330644,20.55051084283148,0,1,0.2676102621448251,0,1,fold_1
853,sub9,rest02,0,25,0,1.4233273506351656,0.805859510119693,0.5,1,6.663498878479004,0.9987249970436096,1,1.978788506179233e-06,8.992315376330644,20.55051084283148,0,0,0.8068798958364655,1,0,fold_1
854,sub9,rest02,1,26,0,1.432881724292685,0.8073499247263649,0.5,1,6.674469947814941,0.9987388253211975,1,1.978788506179233e-06,8.992315376330644,20.55051084283148,0,0,0.8074492304272253,1,0,fold_1
855,sub9,rest02,2,27,0,1.433398265024376,0.8074302526633385,0.5,1,6.6807708740234375,0.9987467527389526,1,1.978788506179233e-06,8.992315376330644,20.55051084283148,0,0,0.8082823964887722,1,0,fold_1
856,sub9,rest02,3,28,0,1.434281289442837,0.807567513891972,0.5,1,6.689436912536621,0.9987576007843018,1,1.978788506179233e-06,8.992315376330644,20.55051084283148,0,0,0.8027447126967182,1,0,fold_1
857,sub9,rest02,4,29,0,1.44903206346047,0.809849422911006,0.5,1,6.669196128845215,0.9987321496009827,1,1.978788506179233e-06,8.992315376330644,20.55051084283148,0,0,0.7975189452903888,1,0,fold_1
858,sub9,rest02,5,30,0,1.3298583381299445,0.7908172012871768,0.5,1,6.474041938781738,0.9984594583511353,1,1.978788506179233e-06,8.992315376330644,20.55051084283148,0,0,0.7932553838821229,1,0,fold_1
859,sub9,rest02,6,31,0,1.336356991636413,0.7918902116729837,0.5,1,6.475106239318848,0.9984610080718994,1,1.978788506179233e-06,8.992315376330644,20.55051084283148,0,0,0.7986780727048739,1,0,fold_1
860,sub9,rest02,7,32,0,1.3680117917692172,0.7970587386862084,0.5,1,6.483257293701172,0.9984734654426575,1,1.978788506179233e-06,8.992315376330644,20.55051084283148,0,0,0.8035652911197829,1,0,fold_1
861,sub9,rest02,8,33,0,1.4311810334160315,0.8070852677554297,0.5,1,6.6956892013549805,0.9987653493881226,1,1.978788506179233e-06,8.992315376330644,20.55051084283148,0,0,0.806953335501353,1,0,fold_1
862,sub9,rest02,9,34,0,1.427758776163983,0.8065518669177107,0.5,1,6.685418128967285,0.9987525939941406,1,1.978788506179233e-06,8.992315376330644,20.55051084283148,0,0,0.807038957613308,1,0,fold_1
863,sub9,rest02,10,35,0,1.4320650581026875,0.8072228718309182,0.5,1,6.676934242248535,0.9987419247627258,1,1.978788506179233e-06,8.992315376330644,20.55051084283148,0,0,0.8070149835345622,1,0,fold_1
864,sub9,rest02,11,36,0,1.432831636120511,0.8073421340912951,0.5,1,6.642919540405273,0.9986984729766846,1,1.978788506179233e-06,8.992315376330644,20.55051084283148,0,0,0.80657073698349,1,0,fold_1
865,sub9,rest02,12,37,0,1.4272978779970809,0.8064799446814732,0.5,1,6.635628700256348,0.9986889958381653,1,1.978788506179233e-06,8.992315376330644,20.55051084283148,0,0,0.8060337639287822,1,0,fold_1
866,sub9,rest02,13,38,0,1.4235230930401215,0.8058901321777019,0.5,1,6.631528854370117,0.9986836314201355,1,1.978788506179233e-06,8.992315376330644,20.55051084283148,0,0,0.806530438713697,1,0,fold_1
867,sub9,rest02,14,39,0,1.4225075164267946,0.8057312149271717,0.5,1,6.662824630737305,0.9987240433692932,1,1.978788506179233e-06,8.992315376330644,20.55051084283148,0,0,0.8059897366710667,1,0,fold_1
868,sub9,rest02,15,40,0,1.4368731197294857,0.8079699690362175,0.5,1,6.634757041931152,0.9986878037452698,1,1.978788506179233e-06,8.992315376330644,20.55051084283148,0,0,0.8023336362038463,1,0,fold_1
869,sub9,rest02,16,41,0,1.4131863358278458,0.804268026049811,0.5,1,6.624368667602539,0.9986741542816162,1,1.978788506179233e-06,8.992315376330644,20.55051084283148,0,0,0.8001911086048121,1,0,fold_1
870,sub9,rest02,17,42,0,1.353878017924026,0.7947629135255103,0.5,1,6.539270401000977,0.9985565543174744,1,1.978788506179233e-06,8.992315376330644,20.55051084283148,0,0,0.8000105483305336,1,0,fold_1
871,sub9,rest02,18,43,0,1.3959623096582425,0.8015423862391149,0.5,1,6.563819885253906,0.9985914826393127,1,1.978788506179233e-06,8.992315376330644,20.55051084283148,0,0,0.8043452282795139,1,0,fold_1
872,sub9,rest02,19,44,0,1.4097489613338037,0.8037263452269755,0.5,1,6.593924522399902,0.9986332058906555,1,1.978788506179233e-06,8.992315376330644,20.55051084283148,0,0,0.7997032795879963,1,0,fold_1
873,sub9,rest02,20,45,0,1.435565172369512,0.8077669533724512,0.5,1,6.590923309326172,0.998629093170166,1,1.978788506179233e-06,8.992315376330644,20.55051084283148,0,0,0.79404697411898,1,0,fold_1
874,sub9,rest02,21,46,0,1.3106179336402344,0.7876165401645618,0.5,1,6.509946823120117,0.9985136389732361,1,1.978788506179233e-06,8.992315376330644,20.55051084283148,0,0,0.7899538216141896,1,0,fold_1
875,sub9,rest02,22,47,0,1.3054896287511462,0.7867574288199267,0.5,1,6.487709999084473,0.9984802603721619,1,1.978788506179233e-06,8.992315376330644,20.55051084283148,0,0,0.7963190426066183,1,0,fold_1
876,sub9,rest02,23,48,0,1.3583260104979658,0.7954874958580801,0.5,1,6.546830177307129,0.9985673427581787,1,1.978788506179233e-06,8.992315376330644,20.55051084283148,0,0,0.8029706340472589,1,0,fold_1
877,sub9,rest02,24,49,0,1.4287867254275481,0.8067122031418482,0.5,1,6.619565010070801,0.99866783618927,1,1.978788506179233e-06,8.992315376330644,20.55051084283148,0,0,0.8067122031418482,1,0,fold_1
878,sub9,task01,0,50,0,-0.8452381402137601,0.30043271933959137,0.5,0,4.922298431396484,0.992770254611969,1,1.978788506179233e-06,8.992315376330644,20.55051084283148,1,0,0.29558784996950377,0,0,fold_1
879,sub9,task01,1,51,0,-0.87743195341512,0.2937102237571384,0.5,0,4.869314193725586,0.992379903793335,1,1.978788506179233e-06,8.992315376330644,20.55051084283148,1,0,0.2897656161500473,0,0,fold_1
880,sub9,task01,2,52,0,-0.8826902333266826,0.29262060681178154,0.5,0,4.8542890548706055,0.9922654032707214,1,1.978788506179233e-06,8.992315376330644,20.55051084283148,1,0,0.28630497808858774,0,0,fold_1
881,sub9,task01,3,53,0,-0.9297964220672653,0.28296601788122216,0.5,0,4.75228214263916,0.9914419054985046,1,1.978788506179233e-06,8.992315376330644,20.55051084283148,1,0,0.28724498816219235,0,0,fold_1
882,sub9,task01,4,54,0,-0.9280115125881194,0.28332830957275945,0.5,0,4.778881072998047,0.9916645884513855,1,1.978788506179233e-06,8.992315376330644,20.55051084283148,1,0,0.2923680072580208,0,0,fold_1
883,sub9,task01,5,55,0,-0.8691046635817062,0.29544063703259554,0.5,0,4.923064231872559,0.9927757978439331,1,1.978788506179233e-06,8.992315376330644,20.55051084283148,1,0,0.3000678534268318,0,0,fold_1
884,sub9,task01,6,56,0,-0.8552387068755516,0.29833507516870744,0.5,0,4.952558517456055,0.9929842948913574,1,1.978788506179233e-06,8.992315376330644,20.55051084283148,1,0,0.2979439784828864,0,0,fold_1
885,sub9,task01,7,57,0,-0.8168729528804971,0.3064278480791925,0.5,0,5.039493560791016,0.9935646653175354,1,1.978788506179233e-06,8.992315376330644,20.55051084283148,1,0,0.29721438049356935,0,0,fold_1
886,sub9,task01,8,58,0,-0.899909905371271,0.2890690122007592,0.5,0,4.829839706420898,0.9920754432678223,1,1.978788506179233e-06,8.992315376330644,20.55051084283148,1,0,0.289724767109542,0,0,fold_1
887,sub9,task01,9,59,0,-0.8657170232744605,0.29614628120075637,0.5,0,4.900387763977051,0.9926113486289978,1,1.978788506179233e-06,8.992315376330644,20.55051084283148,1,0,0.28824149979346064,0,0,fold_1
888,sub9,task01,10,60,0,-0.9249075273616799,0.2839590079271103,0.5,0,4.734432220458984,0.9912891387939453,1,1.978788506179233e-06,8.992315376330644,20.55051084283148,1,0,0.27936784291203337,0,0,fold_1
889,sub9,task01,11,61,0,-0.9216627914925049,0.28461921025251535,0.5,0,4.738374710083008,0.9913231134414673,1,1.978788506179233e-06,8.992315376330644,20.55051084283148,1,0,0.2761846898904799,0,0,fold_1
890,sub9,task01,12,62,0,-0.9970322796662412,0.26952531055647444,0.5,0,4.516958236694336,0.9891958236694336,1,1.978788506179233e-06,8.992315376330644,20.55051084283148,1,0,0.27301038129392236,0,0,fold_1
891,sub9,task01,13,63,0,-0.9723640444529081,0.27440954886244995,0.5,0,4.533145904541016,0.9893674254417419,1,1.978788506179233e-06,8.992315376330644,20.55051084283148,1,0,0.27846482338479156,0,0,fold_1
892,sub9,task01,14,64,0,-0.9689176781730783,0.27509628446284273,0.5,0,4.516157150268555,0.9891873002052307,1,1.978788506179233e-06,8.992315376330644,20.55051084283148,1,0,0.28011043646516204,0,0,fold_1
893,sub9,task01,15,65,0,-0.9154365677304046,0.28588863682908205,0.5,0,4.688071250915527,0.9908795356750488,1,1.978788506179233e-06,8.992315376330644,20.55051084283148,1,0,0.2859383014312434,0,0,fold_1
894,sub9,task01,16,66,0,-0.94770604833848,0.27934638810356127,0.5,0,4.647676467895508,0.9905071258544922,1,1.978788506179233e-06,8.992315376330644,20.55051084283148,1,0,0.28853024002291955,0,0,fold_1
895,sub9,task01,17,67,0,-0.8828869982308095,0.2925798793610868,0.5,0,4.847471237182617,0.9922129511833191,1,1.978788506179233e-06,8.992315376330644,20.55051084283148,1,0,0.29876522759687346,0,0,fold_1
896,sub9,task01,18,68,0,-0.8776526063146602,0.29366445260411045,0.5,0,4.835190773010254,0.9921174645423889,1,1.978788506179233e-06,8.992315376330644,20.55051084283148,1,0,0.3064850653648206,0,0,fold_1
897,sub9,task01,19,69,0,-0.7998792417507168,0.3100513508254231,0.5,0,4.978499412536621,0.9931627511978149,1,1.978788506179233e-06,8.992315376330644,20.55051084283148,1,0,0.3084279330936872,0,0,fold_1
898,sub9,task01,20,70,0,-0.7734216833618084,0.31573939266492834,0.5,0,5.003973960876465,0.9933335185050964,1,1.978788506179233e-06,8.992315376330644,20.55051084283148,1,0,0.3048773695315421,0,0,fold_1
899,sub9,task01,21,71,0,-0.8497130476669826,0.29949305579071017,0.5,0,4.808265686035156,0.991904079914093,1,1.978788506179233e-06,8.992315376330644,20.55051084283148,1,0,0.30101637793493385,0,0,fold_1
900,sub9,task01,22,72,0,-0.8501582590186382,0.2993996601389878,0.5,0,4.854743957519531,0.992268979549408,1,1.978788506179233e-06,8.992315376330644,20.55051084283148,1,0,0.3066130436253005,0,0,fold_1
901,sub9,task01,23,73,0,-0.8275827951870139,0.3041564178751036,0.5,0,4.962296485900879,0.9930517673492432,1,1.978788506179233e-06,8.992315376330644,20.55051084283148,1,0,0.31272421544760176,0,0,fold_1
902,sub9,task01,24,74,0,-0.7709064624435538,0.3162830528618101,0.5,0,5.1327714920043945,0.9941344857215881,1,1.978788506179233e-06,8.992315376330644,20.55051084283148,1,0,0.31536681093481156,0,0,fold_1
903,sub9,task01,25,75,0,-0.7642088593024858,0.3177331756058917,0.5,0,5.139299392700195,0.9941723942756653,1,1.978788506179233e-06,8.992315376330644,20.55051084283148,1,0,0.31471664971945085,0,0,fold_1
904,sub9,task01,26,76,0,-0.790393403327206,0.3120842043367329,0.5,0,5.1248369216918945,0.9940879344940186,1,1.978788506179233e-06,8.992315376330644,20.55051084283148,1,0,0.3124498282688744,0,0,fold_1
905,sub9,task01,27,77,0,-0.7799411523523675,0.3143325692157279,0.5,0,5.151905059814453,0.9942449927330017,1,1.978788506179233e-06,8.992315376330644,20.55051084283148,1,0,0.31228396824399307,0,0,fold_1
906,sub9,task01,28,78,0,-0.7957624014622632,0.3109327112541624,0.5,0,5.135817527770996,0.9941521286964417,1,1.978788506179233e-06,8.992315376330644,20.55051084283148,1,0,0.3096167894427085,0,0,fold_1
907,sub9,task01,29,79,0,-0.7927121072444394,0.31158662426208894,0.5,0,5.103305816650391,0.9939601421356201,1,1.978788506179233e-06,8.992315376330644,20.55051084283148,1,0,0.30609643118905305,0,0,fold_1
908,sub9,task01,30,80,0,-0.8173285303892944,0.30633103281187424,0.5,0,5.0291643142700195,0.9934983253479004,1,1.978788506179233e-06,8.992315376330644,20.55051084283148,1,0,0.3031290500103726,0,0,fold_1
909,sub9,task01,31,81,0,-0.8455287884834721,0.30037163649319604,0.5,0,4.8210649490356445,0.992006242275238,1,1.978788506179233e-06,8.992315376330644,20.55051084283148,1,0,0.2990573739102768,0,0,fold_1
910,sub9,task01,32,82,0,-0.8345470449905814,0.3026844807260475,0.5,0,4.779812812805176,0.9916723370552063,1,1.978788506179233e-06,8.992315376330644,20.55051084283148,1,0,0.2968764934028816,0,0,fold_1
911,sub9,task01,33,83,0,-0.8754766489693101,0.29411600451158687,0.5,0,4.672737121582031,0.9907399415969849,1,1.978788506179233e-06,8.992315376330644,20.55051084283148,1,0,0.29296643465165606,0,0,fold_1
912,sub9,task01,34,84,0,-0.8768594765620723,0.2938289949710104,0.5,0,4.756771087646484,0.9914798736572266,1,1.978788506179233e-06,8.992315376330644,20.55051084283148,1,0,0.28574691664581725,0,0,fold_1
913,sub9,task01,35,85,0,-0.8907537495924045,0.290954304472371,0.5,0,4.536306381225586,0.9894006848335266,1,1.978788506179233e-06,8.992315376330644,20.55051084283148,1,0,0.28552075682249023,0,0,fold_1
914,sub9,task01,36,86,0,-0.9821900276931929,0.2724574504940703,0.5,0,3.2107293605804443,0.9612360596656799,1,1.978788506179233e-06,8.992315376330644,20.55051084283148,1,0,0.28218416059826684,0,0,fold_1
915,sub9,task01,37,87,0,-0.8801315681217834,0.2931505155010295,0.5,0,2.8048765659332275,0.9429388046264648,1,1.978788506179233e-06,8.992315376330644,20.55051084283148,1,0,0.29474281573181105,0,0,fold_1
916,sub9,task01,38,88,0,-0.9397813261442807,0.28094451579970064,0.5,0,1.7668344974517822,0.8540635704994202,1,1.978788506179233e-06,8.992315376330644,20.55051084283148,1,0,0.300408586275639,0,0,fold_1
917,sub9,task01,39,89,0,-0.7994956437776093,0.31013341589470295,0.5,0,2.2919790744781494,0.9082105755805969,1,1.978788506179233e-06,8.992315376330644,20.55051084283148,1,0,0.3178865886024744,0,0,fold_1
918,sub9,task01,40,90,0,-0.7994282868825671,0.31014782713251343,0.5,0,2.1973414421081543,0.9000104665756226,1,1.978788506179233e-06,8.992315376330644,20.55051084283148,1,0,0.31308980772606054,0,0,fold_1
919,sub9,task01,41,91,0,-0.6929438349401218,0.33337852278020663,0.5,0,2.5240094661712646,0.9258079528808594,1,1.978788506179233e-06,8.992315376330644,20.55051084283148,1,0,0.3178692792899376,0,0,fold_1
920,sub9,task01,42,92,0,-0.8676521606540607,0.29574307326546156,0.5,0,2.647599458694458,0.9338628649711609,1,1.978788506179233e-06,8.992315376330644,20.55051084283148,1,0,0.30896307176822335,0,0,fold_1
921,sub9,task01,43,93,0,-0.7332303874199055,0.3244862418241445,0.5,0,3.8514692783355713,0.9791936278343201,1,1.978788506179233e-06,8.992315376330644,20.55051084283148,1,0,0.3049983894127432,0,0,fold_1
922,sub9,task01,44,94,0,-0.8157813266693731,0.30665990021506395,0.5,0,3.464764356613159,0.9696683883666992,1,1.978788506179233e-06,8.992315376330644,20.55051084283148,1,0,0.2955029903283614,0,0,fold_1
923,sub9,task01,45,95,0,-0.925448503075133,0.2838490261990212,0.5,0,2.450387716293335,0.9205898642539978,1,1.978788506179233e-06,8.992315376330644,20.55051084283148,1,0,0.29988694950670514,0,0,fold_1
924,sub9,task01,46,96,0,-0.8664186879452137,0.29600004457099904,0.5,0,2.385899543762207,0.915745735168457,1,1.978788506179233e-06,8.992315376330644,20.55051084283148,1,0,0.31285826602304606,0,0,fold_1
925,sub9,task01,47,97,0,-0.7546369290865892,0.3198117777500952,0.5,0,3.72257399559021,0.976398766040802,1,1.978788506179233e-06,8.992315376330644,20.55051084283148,1,0,0.32180849718148336,0,0,fold_1
926,sub9,task01,48,98,0,-0.7411030886855181,0.32276297574804386,0.5,0,3.7985212802886963,0.9780870676040649,1,1.978788506179233e-06,8.992315376330644,20.55051084283148,1,0,0.3228560496376563,0,0,fold_1
927,sub9,task01,49,99,0,-0.7407016190658864,0.3228507380463109,0.5,0,3.7993648052215576,0.9781051278114319,1,1.978788506179233e-06,8.992315376330644,20.55051084283148,1,0,0.3229198694278464,0,0,fold_1
928,sub9,task01,50,100,0,-0.740227329228416,0.3229544351186141,0.5,0,3.800615072250366,0.978131890296936,1,1.978788506179233e-06,8.992315376330644,20.55051084283148,1,0,0.3229544351186141,0,0,fold_1
1038,sub11,rest01,0,0,0,-1.4784276239531708,0.18566503488640787,0.5,0,-0.1746506690979004,0.456447958946228,1,1.9339116910544388e-06,3.0946788212532983,12.367092531246962,0,1,0.18218512513363685,0,1,fold_1
1039,sub11,rest01,1,1,0,-1.481961741785477,0.18513129262505018,0.5,0,-0.2997239828109741,0.42562493681907654,1,1.9339116910544388e-06,3.0946788212532983,12.367092531246962,0,1,0.17822448471945437,0,1,fold_1
1040,sub11,rest01,2,2,0,-1.5453488938179636,0.17575904788945249,0.5,0,-0.5635689496994019,0.3627220690250397,1,1.9339116910544388e-06,3.0946788212532983,12.367092531246962,0,1,0.17375766957141425,0,1,fold_1
1041,sub11,rest01,3,3,0,-1.559049264926052,0.17378311364386043,0.5,0,-0.4652950167655945,0.38573044538497925,1,1.9339116910544388e-06,3.0946788212532983,12.367092531246962,0,1,0.17301159025915558,0,1,fold_1
1042,sub11,rest01,4,4,0,-1.5734097561564955,0.17173084718092985,0.5,0,-0.4657157063484192,0.3856307864189148,1,1.9339116910544388e-06,3.0946788212532983,12.367092531246962,0,1,0.17839204805959216,0,1,fold_1
1043,sub11,rest01,5,5,0,-1.5608772042531647,0.17352080995267646,0.5,0,-0.7291613817214966,0.32537877559661865,1,1.9339116910544388e-06,3.0946788212532983,12.367092531246962,0,1,0.18116865366407028,0,1,fold_1
1044,sub11,rest01,6,6,0,-1.450500912634124,0.1899244870451702,0.5,0,-0.4296407699584961,0.39421209692955017,1,1.9339116910544388e-06,3.0946788212532983,12.367092531246962,0,1,0.18078435591452804,0,1,fold_1
1045,sub11,rest01,7,7,1,-1.4511487672015408,0.18982483258467076,0.5,0,-0.4758404493331909,0.38323482871055603,1,1.9339116910544388e-06,3.0946788212532983,12.367092531246962,0,1,,,,fold_1
1046,sub11,rest01,8,8,0,-1.5159365407387755,0.18006066399436416,0.5,0,-0.6901373267173767,0.3340025246143341,1,1.9339116910544388e-06,3.0946788212532983,12.367092531246962,0,1,0.17529968752405442,0,1,fold_1
1047,sub11,rest01,9,9,0,-1.5689374688829498,0.1723679167040498,0.5,0,-0.7011103630065918,0.33156609535217285,1,1.9339116910544388e-06,3.0946788212532983,12.367092531246962,0,1,0.17100017371597206,0,1,fold_1
1048,sub11,rest01,10,10,1,-1.5744057988088156,0.1715892170287679,0.5,0,-0.6695008277893066,0.33860862255096436,1,1.9339116910544388e-06,3.0946788212532983,12.367092531246962,0,1,,,,fold_1
1049,sub11,rest01,11,11,0,-1.5612281796145488,0.17347048187374925,0.5,0,-0.584659993648529,0.3578610420227051,1,1.9339116910544388e-06,3.0946788212532983,12.367092531246962,0,1,0.16957423518009918,0,1,fold_1
1050,sub11,rest01,12,12,0,-1.6058748629566297,0.16716212257011712,0.5,0,-0.6655737161636353,0.339488685131073,1,1.9339116910544388e-06,3.0946788212532983,12.367092531246962,0,1,0.169180981486586,0,1,fold_1
1051,sub11,rest01,13,13,0,-1.5992239886824775,0.16809010109643122,0.5,0,-0.6880269050598145,0.3344721496105194,1,1.9339116910544388e-06,3.0946788212532983,12.367092531246962,0,1,0.1707682765072871,0,1,fold_1
1052,sub11,rest01,14,14,1,-1.6133038531747155,0.16613042215040308,0.5,0,-0.82024085521698,0.3057125508785248,1,1.9339116910544388e-06,3.0946788212532983,12.367092531246962,0,1,,,,fold_1
1053,sub11,rest01,15,15,0,-1.5694786935218834,0.1722907207932097,0.5,0,-0.6927902102470398,0.33341267704963684,1,1.9339116910544388e-06,3.0946788212532983,12.367092531246962,0,1,0.17326336106851506,0,1,fold_1
1054,sub11,rest01,16,16,0,-1.5720523653036285,0.17192400763222032,0.5,0,-0.6035321354866028,0.3535360097885132,1,1.9339116910544388e-06,3.0946788212532983,12.367092531246962,0,1,0.17296717139612486,0,1,fold_1
1055,sub11,rest01,17,17,1,-1.5569325768913853,0.174087242982303,0.5,0,-0.6573516726493835,0.3413347899913788,1,1.9339116910544388e-06,3.0946788212532983,12.367092531246962,0,1,,,,fold_1
1056,sub11,rest01,18,18,0,-1.5466174205862666,0.17557535478011524,0.5,0,-0.7313159108161926,0.32490605115890503,1,1.9339116910544388e-06,3.0946788212532983,12.367092531246962,0,1,0.1723082578265911,0,1,fold_1
1057,sub11,rest01,19,19,0,-1.5757223725542713,0.17140215177603899,0.5,0,-0.8001043200492859,0.3100031912326813,1,1.9339116910544388e-06,3.0946788212532983,12.367092531246962,0,1,0.1859745188359356,0,1,fold_1
1058,sub11,rest01,20,20,0,-1.5860010382363916,0.16994726692361903,0.5,0,-0.6278533935546875,0.3479974567890167,1,1.9339116910544388e-06,3.0946788212532983,12.367092531246962,0,1,0.24165990774468218,0,1,fold_1
1059,sub11,rest01,21,21,0,-1.2857435067042997,0.2165741378081488,0.5,0,0.27144885063171387,0.5674485564231873,1,1.9339116910544388e-06,3.0946788212532983,12.367092531246962,0,1,0.3550322651603884,0,1,fold_1
1060,sub11,rest01,22,22,0,-0.6701720432649255,0.33845831850227875,0.5,0,1.0505740642547607,0.7408851385116577,1,1.9339116910544388e-06,3.0946788212532983,12.367092531246962,0,1,0.4748198593891118,0,1,fold_1
1061,sub11,rest01,23,23,0,0.04026279494479514,0.5100643391707377,0.5,1,2.6030356884002686,0.9310567378997803,1,1.9339116910544388e-06,3.0946788212532983,12.367092531246962,0,0,0.5539793933864585,1,0,fold_1
1062,sub11,rest01,24,24,0,0.3061159250827076,0.575936920494319,0.5,1,4.240340232849121,0.9858017563819885,1,1.9339116910544388e-06,3.0946788212532983,12.367092531246962,0,0,0.575936920494319,1,0,fold_1
1063,sub11,rest02,0,25,0,0.08480850016398524,0.5211894261831851,0.5,1,2.6213505268096924,0.9322231411933899,1,1.9339116910544388e-06,3.0946788212532983,12.367092531246962,0,0,0.554593995537383,1,0,fold_1
1064,sub11,rest02,1,26,0,0.6128281972163572,0.6485856818490625,0.5,1,3.4028942584991455,0.9677948951721191,1,1.9339116910544388e-06,3.0946788212532983,12.367092531246962,0,0,0.5387425221211642,1,0,fold_1
1065,sub11,rest02,2,27,0,-0.02397363382184749,0.4940068785799012,0.5,0,2.2618026733398438,0.9056637287139893,1,1.9339116910544388e-06,3.0946788212532983,12.367092531246962,0,1,0.4289785925282374,0,1,fold_1
1066,sub11,rest02,3,28,0,-0.10555788176838456,0.47363500593452895,0.5,0,1.9819304943084717,0.8788868188858032,1,1.9339116910544388e-06,3.0946788212532983,12.367092531246962,0,1,0.382352524664675,0,1,fold_1
1067,sub11,rest02,4,29,0,-0.7570186784128936,0.31929389307028194,0.5,0,1.2174513339996338,0.7716147303581238,1,1.9339116910544388e-06,3.0946788212532983,12.367092531246962,0,1,0.3331190745387031,0,1,fold_1
1068,sub11,rest02,5,30,0,-0.6009399608945055,0.35412867498921413,0.5,0,1.5368146896362305,0.8230012655258179,1,1.9339116910544388e-06,3.0946788212532983,12.367092531246962,0,1,0.32386544981133053,0,1,fold_1
1069,sub11,rest02,6,31,0,-0.7266301382282437,0.3259346555566131,0.5,0,1.40207839012146,0.8025135397911072,1,1.9339116910544388e-06,3.0946788212532983,12.367092531246962,0,1,0.27688513789046176,0,1,fold_1
1070,sub11,rest02,7,32,0,-0.8879501823900955,0.29153301888816435,0.5,0,1.1713004112243652,0.7633799910545349,1,1.9339116910544388e-06,3.0946788212532983,12.367092531246962,0,1,0.2333766458954253,0,1,fold_1
1071,sub11,rest02,8,33,0,-1.3058164871611282,0.21318773922660778,0.5,0,0.45385050773620605,0.6115543842315674,1,1.9339116910544388e-06,3.0946788212532983,12.367092531246962,0,1,0.20564516603862792,0,1,fold_1
1072,sub11,rest02,9,34,0,-1.4152381337221625,0.1954091795715039,0.5,0,0.235864520072937,0.5586943030357361,1,1.9339116910544388e-06,3.0946788212532983,12.367092531246962,0,1,0.19900145859322524,0,1,fold_1
1073,sub11,rest02,10,35,0,-1.3349692597954483,0.20833857931777208,0.5,0,0.37666940689086914,0.5930695533752441,1,1.9339116910544388e-06,3.0946788212532983,12.367092531246962,0,1,0.21412485233394365,0,1,fold_1
1074,sub11,rest02,11,36,0,-1.4289867020538773,0.19325661689039972,0.5,0,0.05121183395385742,0.5128001570701599,1,1.9339116910544388e-06,3.0946788212532983,12.367092531246962,0,1,0.22001004468649374,0,1,fold_1
1075,sub11,rest02,12,37,0,-1.1484114336214473,0.24077936079365922,0.5,0,0.49449968338012695,0.6211658716201782,1,1.9339116910544388e-06,3.0946788212532983,12.367092531246962,0,1,0.24131449329378196,0,1,fold_1
1076,sub11,rest02,13,38,0,-1.231070281271707,0.22599415637542225,0.5,0,0.23297059535980225,0.5579806566238403,1,1.9339116910544388e-06,3.0946788212532983,12.367092531246962,0,1,0.23385890957876687,0,1,fold_1
1077,sub11,rest02,14,39,0,-1.060730066760646,0.25716996271226444,0.5,0,0.7449133396148682,0.6780693531036377,1,1.9339116910544388e-06,3.0946788212532983,12.367092531246962,0,1,0.2321419505260005,0,1,fold_1
1078,sub11,rest02,15,40,0,-1.2749409887854548,0.21841260964861395,0.5,0,0.47190237045288086,0.6158339381217957,1,1.9339116910544388e-06,3.0946788212532983,12.367092531246962,0,1,0.21363000381372554,0,1,fold_1
1079,sub11,rest02,16,41,0,-1.2607589015002028,0.2208432792171231,0.5,0,0.5747203826904297,0.6398516297340393,1,1.9339116910544388e-06,3.0946788212532983,12.367092531246962,0,1,0.2018372247359832,0,1,fold_1
1080,sub11,rest02,17,42,0,-1.3761122047059353,0.2016341225754396,0.5,0,0.3280036449432373,0.5812735557556152,1,1.9339116910544388e-06,3.0946788212532983,12.367092531246962,0,1,0.18535527464811388,0,1,fold_1
1081,sub11,rest02,18,43,0,-1.4959237286143439,0.18303427241538694,0.5,0,0.013172388076782227,0.5032930374145508,1,1.9339116910544388e-06,3.0946788212532983,12.367092531246962,0,1,0.1911701833072977,0,1,fold_1
1082,sub11,rest02,19,44,0,-1.575755626738661,0.17139742895351517,0.5,0,-0.3152649402618408,0.4218301475048065,1,1.9339116910544388e-06,3.0946788212532983,12.367092531246962,0,1,0.20992853228046945,0,1,fold_1
1083,sub11,rest02,20,45,0,-1.2710424822157578,0.21907884855299095,0.5,0,0.3149077892303467,0.5780827403068542,1,1.9339116910544388e-06,3.0946788212532983,12.367092531246962,0,1,0.25131505077556165,0,1,fold_1
1084,sub11,rest02,21,46,0,-1.1564698726240419,0.2393093193349022,0.5,0,0.4525284767150879,0.6112402081489563,1,1.9339116910544388e-06,3.0946788212532983,12.367092531246962,0,1,0.27941415743431036,0,1,fold_1
1085,sub11,rest02,22,47,0,-0.868545782714673,0.2955569844387917,0.5,0,1.1321461200714111,0.7562347650527954,1,1.9339116910544388e-06,3.0946788212532983,12.367092531246962,0,1,0.300769773832422,0,1,fold_1
1086,sub11,rest02,23,48,0,-0.8312720526688281,0.30337616852923716,0.5,0,1.8413207530975342,0.8631048202514648,1,1.9339116910544388e-06,3.0946788212532983,12.367092531246962,0,1,0.30337616852923716,0,1,fold_1
1087,sub11,task02,0,49,0,-0.9837140696491045,0.27215545299629584,0.5,0,0.8675265312194824,0.7042307257652283,1,1.9339116910544388e-06,3.0946788212532983,12.367092531246962,1,0,0.24810627148125594,0,0,fold_1
1088,sub11,task02,1,50,0,-1.2776534277212979,0.21794992682924957,0.5,0,0.46158480644226074,0.6133900284767151,1,1.9339116910544388e-06,3.0946788212532983,12.367092531246962,1,0,0.266607105398121,0,0,fold_1
1089,sub11,task02,2,51,0,-1.0762652459395452,0.2542134346182224,0.5,0,0.7649860382080078,0.6824352741241455,1,1.9339116910544388e-06,3.0946788212532983,12.367092531246962,1,0,0.29794594665434976,0,0,fold_1
1090,sub11,task02,3,52,0,-0.7187969635665338,0.32765795474689097,0.5,0,1.3455255031585693,0.793397068977356,1,1.9339116910544388e-06,3.0946788212532983,12.367092531246962,1,0,0.31933696927821104,0,0,fold_1
1091,sub11,task02,4,53,0,-0.7909419485173427,0.3119664505979361,0.5,0,1.1522150039672852,0.7599152326583862,1,1.9339116910544388e-06,3.0946788212532983,12.367092531246962,1,0,0.29089266264972347,0,0,fold_1
1092,sub11,task02,5,54,0,-0.7611967166102485,0.31838650248980604,0.5,0,1.2312510013580322,0.7740374803543091,1,1.9339116910544388e-06,3.0946788212532983,12.367092531246962,1,0,0.3228847144677603,0,0,fold_1
1093,sub11,task02,6,55,0,-1.139974543552101,0.24232503486142834,0.5,0,0.5306471586227417,0.6296340227127075,1,1.9339116910544388e-06,3.0946788212532983,12.367092531246962,1,0,0.3963168064043667,0,0,fold_1
1094,sub11,task02,7,56,0,-0.372477086353196,0.4079426060520466,0.5,0,1.7975707054138184,0.8578529953956604,1,1.9339116910544388e-06,3.0946788212532983,12.367092531246962,1,0,0.5464164396565334,1,1,fold_1
1095,sub11,task02,8,57,0,0.155040937335564,0.538682778299625,0.5,1,2.834340810775757,0.9445035457611084,1,1.9339116910544388e-06,3.0946788212532983,12.367092531246962,1,1,0.6666067776648618,1,1,fold_1
1096,sub11,task02,9,58,0,0.8124152224096536,0.6926239346179287,0.5,1,4.555914878845215,0.9896043539047241,1,1.9339116910544388e-06,3.0946788212532983,12.367092531246962,1,1,0.7574808956455575,1,1,fold_1
1097,sub11,task02,10,59,0,1.1999372479890886,0.7685136200770318,0.5,1,4.428595542907715,0.9882094860076904,1,1.9339116910544388e-06,3.0946788212532983,12.367092531246962,1,1,0.7968997797604193,1,1,fold_1
1098,sub11,task02,11,60,0,1.458512971213806,0.8113051322417124,0.5,1,4.973036766052246,0.9931254386901855,1,1.9339116910544388e-06,3.0946788212532983,12.367092531246962,1,1,0.7735687405562685,1,1,fold_1
1099,sub11,task02,12,61,0,1.4557421709894007,0.810880586962514,0.5,1,4.053110122680664,0.9829282164573669,1,1.9339116910544388e-06,3.0946788212532983,12.367092531246962,1,1,0.7293649191879102,1,1,fold_1
1100,sub11,task02,13,62,0,0.8402625180846532,0.6985205024645792,0.5,1,3.392446756362915,0.9674676060676575,1,1.9339116910544388e-06,3.0946788212532983,12.367092531246962,1,1,0.704456974579679,1,1,fold_1
1101,sub11,task02,14,63,0,0.7477749013259097,0.6786936681366375,0.5,1,3.0914695262908936,0.9565394520759583,1,1.9339116910544388e-06,3.0946788212532983,12.367092531246962,1,1,0.7319388485314363,1,1,fold_1
1102,sub11,task02,15,64,0,1.0260879109444825,0.7361567531378205,0.5,1,3.7131378650665283,0.976180374622345,1,1.9339116910544388e-06,3.0946788212532983,12.367092531246962,1,1,0.7404108873253392,1,1,fold_1
1103,sub11,task02,16,65,0,1.2713053728232184,0.7809661243198512,0.5,1,4.464225769042969,0.988617479801178,1,1.9339116910544388e-06,3.0946788212532983,12.367092531246962,1,1,0.7311226399089062,1,1,fold_1
1104,sub11,task02,17,66,0,0.866945796035219,0.7041097845183462,0.5,1,3.8096463680267334,0.9783242344856262,1,1.9339116910544388e-06,3.0946788212532983,12.367092531246962,1,1,0.7176904668909238,1,1,fold_1
1105,sub11,task02,18,67,0,0.8871031888116451,0.7082920108885213,0.5,1,3.6975605487823486,0.9758154153823853,1,1.9339116910544388e-06,3.0946788212532983,12.367092531246962,1,1,0.7371578117647032,1,1,fold_1
1106,sub11,task02,19,68,0,1.0494517449427594,0.7406696052659036,0.5,1,3.8210155963897705,0.9785640239715576,1,1.9339116910544388e-06,3.0946788212532983,12.367092531246962,1,1,0.7319493352385882,1,1,fold_1
1107,sub11,task02,20,69,0,1.1665001514347817,0.7625118191396846,0.5,1,3.764955759048462,0.97735595703125,1,1.9339116910544388e-06,3.0946788212532983,12.367092531246962,1,1,0.6869138390616903,1,1,fold_1
1108,sub11,task02,21,70,0,0.8126155471411833,0.6926665813101763,0.5,1,3.5059783458709717,0.9708573818206787,1,1.9339116910544388e-06,3.0946788212532983,12.367092531246962,1,1,0.6345976049268653,1,1,fold_1
1109,sub11,task02,22,71,0,0.4286996608331849,0.6055631167352099,0.5,1,3.389897584915161,0.967387318611145,1,1.9339116910544388e-06,3.0946788212532983,12.367092531246962,1,1,0.6055631167352099,1,1,fold_1
1110,sub11,rest04,0,72,0,1.27023024139982,0.7807821588953355,0.5,1,4.087909698486328,0.9835024476051331,1,1.9339116910544388e-06,3.0946788212532983,12.367092531246962,1,1,0.7790932485900566,1,1,fold_1
1111,sub11,rest04,1,73,0,1.308218880754286,0.7872149575503984,0.5,1,4.197084426879883,0.9851834774017334,1,1.9339116910544388e-06,3.0946788212532983,12.367092531246962,1,1,0.7707364853767973,1,1,fold_1
1112,sub11,rest04,2,74,0,1.2042649725026706,0.7692826293244358,0.5,1,3.9905927181243896,0.9818468689918518,1,1.9339116910544388e-06,3.0946788212532983,12.367092531246962,1,1,0.7401558470630255,1,1,fold_1
1113,sub11,rest04,3,75,0,1.1293117858807,0.7557118692555576,0.5,1,4.663928985595703,0.9906587600708008,1,1.9339116910544388e-06,3.0946788212532983,12.367092531246962,1,1,0.7238969291460006,1,1,fold_1
1114,sub11,rest04,4,76,0,0.8258326376333542,0.6954730426090832,0.5,1,3.882521867752075,0.9798169732093811,1,1.9339116910544388e-06,3.0946788212532983,12.367092531246962,1,1,0.7088618592373677,1,1,fold_1
1115,sub11,rest04,5,77,0,0.9469722996169733,0.7205058755733611,0.5,1,3.941314935684204,0.9809473752975464,1,1.9339116910544388e-06,3.0946788212532983,12.367092531246962,1,1,0.7198961773890402,1,1,fold_1
1116,sub11,rest04,6,78,0,0.8983322528152762,0.7106066595296588,0.5,1,3.805280923843384,0.9782314896583557,1,1.9339116910544388e-06,3.0946788212532983,12.367092531246962,1,1,0.716844043835227,1,1,fold_1
1117,sub11,rest04,7,79,0,0.9874097554488045,0.7285759970641008,0.5,1,4.279809951782227,0.9863437414169312,1,1.9339116910544388e-06,3.0946788212532983,12.367092531246962,1,1,0.7112432448871037,1,1,fold_1
1118,sub11,rest04,8,80,0,0.9019471343176304,0.7113494749119214,0.5,1,4.423775672912598,0.9881531596183777,1,1.9339116910544388e-06,3.0946788212532983,12.367092531246962,1,1,0.6494340313642444,1,1,fold_1
1119,sub11,rest04,9,81,0,0.8179653166037412,0.693804262685289,0.5,1,4.094173431396484,0.9836037755012512,1,1.9339116910544388e-06,3.0946788212532983,12.367092531246962,1,1,0.5588645718600339,1,1,fold_1
1120,sub11,rest04,10,82,0,0.1730237920904829,0.5431483564955228,0.5,1,2.2565462589263916,0.9052137136459351,1,1.9339116910544388e-06,3.0946788212532983,12.367092531246962,1,1,0.4607852307857844,0,0,fold_1
1121,sub11,rest04,11,83,0,-0.24261877367335125,0.4396410963992898,0.5,0,1.843193531036377,0.8633260130882263,1,1.9339116910544388e-06,3.0946788212532983,12.367092531246962,1,0,0.42658416627737866,0,0,fold_1
1122,sub11,rest04,12,84,0,-0.40727277087837876,0.3995662394625406,0.5,0,1.4149718284606934,0.804548978805542,1,1.9339116910544388e-06,3.0946788212532983,12.367092531246962,1,0,0.4003554130874342,0,0,fold_1
1123,sub11,rest04,13,85,0,-0.2389498375334657,0.4405451629703057,0.5,0,1.800337553024292,0.8581900000572205,1,1.9339116910544388e-06,3.0946788212532983,12.367092531246962,1,0,0.3943456181843166,0,0,fold_1
1124,sub11,rest04,14,86,0,-0.5712222849972179,0.3609548368294563,0.5,0,1.4825897216796875,0.8149634599685669,1,1.9339116910544388e-06,3.0946788212532983,12.367092531246962,1,0,0.40463391356740835,0,0,fold_1
1125,sub11,rest04,15,87,0,-0.4830301518277923,0.38153685475318794,0.5,0,1.5181832313537598,0.8202707767486572,1,1.9339116910544388e-06,3.0946788212532983,12.367092531246962,1,0,0.4276505044805425,0,0,fold_1
1126,sub11,rest04,16,88,0,-0.11448468328818488,0.4714100491195808,0.5,0,2.2926619052886963,0.9082674980163574,1,1.9339116910544388e-06,3.0946788212532983,12.367092531246962,1,0,0.4209456243141409,0,0,fold_1
1127,sub11,rest04,17,89,0,-0.28183234527525775,0.4300046095688587,0.5,0,2.3203928470611572,0.910551905632019,1,1.9339116910544388e-06,3.0946788212532983,12.367092531246962,1,0,0.38477278332784254,0,0,fold_1
1128,sub11,rest04,18,90,0,-0.5691966503187452,0.36142221425398313,0.5,0,1.4888758659362793,0.8159095048904419,1,1.9339116910544388e-06,3.0946788212532983,12.367092531246962,1,0,0.37198398500225127,0,0,fold_1
1129,sub11,rest04,19,91,0,-0.5628359660726108,0.3628915261606858,0.5,0,1.3920633792877197,0.8009214997291565,1,1.9339116910544388e-06,3.0946788212532983,12.367092531246962,1,0,0.399054716191755,0,0,fold_1
1130,sub11,rest04,20,92,0,-0.4404312551115349,0.3916382145920849,0.5,0,1.5820403099060059,0.8294932246208191,1,1.9339116910544388e-06,3.0946788212532983,12.367092531246962,1,0,0.4129847070503425,0,0,fold_1
1131,sub11,rest04,21,93,0,-0.23047721918490985,0.4426344078224943,0.5,0,1.8205063343048096,0.8606269359588623,1,1.9339116910544388e-06,3.0946788212532983,12.367092531246962,1,0,0.41567636576891664,0,0,fold_1
1132,sub11,rest04,22,94,0,-0.3859962237260833,0.40468149873644826,0.5,0,1.8266429901123047,0.8613612651824951,1,1.9339116910544388e-06,3.0946788212532983,12.367092531246962,1,0,0.4013692934106876,0,0,fold_1
1133,sub11,rest04,23,95,0,-0.40666028963002215,0.39971319074780726,0.5,0,2.3131940364837646,0.9099639058113098,1,1.9339116910544388e-06,3.0946788212532983,12.367092531246962,1,0,0.39971319074780726,0,0,fold_1
1360,sub14,rest01,0,0,0,-1.1649608765963826,0.23776703698611296,0.5,0,-0.5836514234542847,0.3580928146839142,1,1.99478071102089e-06,1.011764809092863,11.398107064514189,0,1,0.23673425810645377,0,1,fold_1
1361,sub14,rest01,1,1,0,-1.1936007491908016,0.2326155632761367,0.5,0,-0.7539902925491333,0.31995245814323425,1,1.99478071102089e-06,1.011764809092863,11.398107064514189,0,1,0.24359532574917306,0,1,fold_1
1362,sub14,rest01,2,2,0,-1.1536656506413383,0.23982017405711162,0.5,0,-0.6734325885772705,0.3377286493778229,1,1.99478071102089e-06,1.011764809092863,11.398107064514189,0,1,0.25149306521311693,0,1,fold_1
1363,sub14,rest01,3,3,0,-1.0545609269091303,0.2583502399142709,0.5,0,-0.2683863639831543,0.4333032965660095,1,1.99478071102089e-06,1.011764809092863,11.398107064514189,0,1,0.2602034159140676,0,1,fold_1
1364,sub14,rest01,4,4,0,-1.065243023539732,0.2563087816679683,0.5,0,-0.27489304542541504,0.4317062199115753,1,1.99478071102089e-06,1.011764809092863,11.398107064514189,0,1,0.25738475536488337,0,1,fold_1
1365,sub14,rest01,5,5,0,-1.015262544111945,0.26595122615996364,0.5,0,-0.3421494960784912,0.41528740525245667,1,1.99478071102089e-06,1.011764809092863,11.398107064514189,0,1,0.2553775679346557,0,1,fold_1
1366,sub14,rest01,6,6,0,-1.0991763241166788,0.24989425826671816,0.5,0,-0.6678794622421265,0.3389718532562256,1,1.99478071102089e-06,1.011764809092863,11.398107064514189,0,1,0.2519866133479607,0,1,fold_1
1367,sub14,rest01,7,7,1,-1.143943610096979,0.2415970453978621,0.5,0,-0.8438143730163574,0.3007320463657379,1,1.99478071102089e-06,1.011764809092863,11.398107064514189,0,1,,,,fold_1
1368,sub14,rest01,8,8,0,-1.0970810380963905,0.2502872193772853,0.5,0,-0.5320242047309875,0.37004488706588745,1,1.99478071102089e-06,1.011764809092863,11.398107064514189,0,1,0.24402634490853037,0,1,fold_1
1369,sub14,rest01,9,9,0,-1.068027592862699,0.2557783623998786,0.5,0,-0.5008880496025085,0.37733200192451477,1,1.99478071102089e-06,1.011764809092863,11.398107064514189,0,1,0.23631514807678142,0,1,fold_1
1370,sub14,rest01,10,10,1,-1.085166550542814,0.2525295406747904,0.5,0,-0.29698646068573,0.42629432678222656,1,1.99478071102089e-06,1.011764809092863,11.398107064514189,0,1,,,,fold_1
1371,sub14,rest01,11,11,0,-1.2309599685472163,0.22601345294842715,0.5,0,-0.740982711315155,0.3227892816066742,1,1.99478071102089e-06,1.011764809092863,11.398107064514189,0,1,0.22935548018206475,0,1,fold_1
1372,sub14,rest01,12,12,0,-1.2244537173471137,0.22715362888203847,0.5,0,-0.7843267321586609,0.3133881390094757,1,1.99478071102089e-06,1.011764809092863,11.398107064514189,0,1,0.23301332705767128,0,1,fold_1
1373,sub14,rest01,13,13,1,-1.1093962077822308,0.24798347122918685,0.5,0,-0.6570653319358826,0.3413991332054138,1,1.99478071102089e-06,1.011764809092863,11.398107064514189,0,1,,,,fold_1
1374,sub14,rest01,14,14,0,-1.1808502207777982,0.2348993587157286,0.5,0,-0.9114038348197937,0.286712646484375,1,1.99478071102089e-06,1.011764809092863,11.398107064514189,0,1,0.23738885573138246,0,1,fold_1
1375,sub14,rest01,15,15,0,-1.1692698173675546,0.23698699357524675,0.5,0,-0.8335151672363281,0.30290234088897705,1,1.99478071102089e-06,1.011764809092863,11.398107064514189,0,1,0.24101649039215314,0,1,fold_1
1376,sub14,rest01,16,16,1,-1.191969608950439,0.23290685786414844,0.5,0,-0.8476265072822571,0.29993098974227905,1,1.99478071102089e-06,1.011764809092863,11.398107064514189,0,1,,,,fold_1
1377,sub14,rest01,17,17,0,-1.1511438571044545,0.24028021490317206,0.5,0,-0.6923543214797974,0.33350953459739685,1,1.99478071102089e-06,1.011764809092863,11.398107064514189,0,1,0.2424386954454373,0,1,fold_1
1378,sub14,rest01,18,18,0,-1.1212350695758926,0.24578226269804063,0.5,0,-0.5462412238121033,0.36673691868782043,1,1.99478071102089e-06,1.011764809092863,11.398107064514189,0,1,0.23817171820388747,0,1,fold_1
1379,sub14,rest01,19,19,0,-1.1458188876094355,0.24125360873509924,0.5,0,-0.5888872146606445,0.3568902313709259,1,1.99478071102089e-06,1.011764809092863,11.398107064514189,0,1,0.23127075890386387,0,1,fold_1
1380,sub14,rest01,20,20,0,-1.222599655011214,0.2274792831785225,0.5,0,-0.7458788156509399,0.3217199742794037,1,1.99478071102089e-06,1.011764809092863,11.398107064514189,0,1,0.2289271430367342,0,1,fold_1
1381,sub14,rest01,21,21,0,-1.2363074308075281,0.22507938479796982,0.5,0,-0.7461766004562378,0.3216549754142761,1,1.99478071102089e-06,1.011764809092863,11.398107064514189,0,1,0.23651283597955305,0,1,fold_1
1382,sub14,rest01,22,22,0,-1.1846186833895045,0.23422276113371027,0.5,0,-0.5648674964904785,0.3624219596385956,1,1.99478071102089e-06,1.011764809092863,11.398107064514189,0,1,0.24489849504922287,0,1,fold_1
1383,sub14,rest01,23,23,0,-1.0973520882820476,0.25023636200697913,0.5,0,-0.3005315065383911,0.42542755603790283,1,1.99478071102089e-06,1.011764809092863,11.398107064514189,0,1,0.25023636200697913,0,1,fold_1
1384,sub14,rest02,0,24,0,-1.1079276039670554,0.24825744908506445,0.5,0,-0.20423078536987305,0.44911906123161316,1,1.99478071102089e-06,1.011764809092863,11.398107064514189,0,1,0.23274585329285016,0,1,fold_1
1385,sub14,rest02,1,25,0,-1.245242792983115,0.2235247203431003,0.5,0,-0.5632181763648987,0.3628031611442566,1,1.99478071102089e-06,1.011764809092863,11.398107064514189,0,1,0.2302552133118961,0,1,fold_1
1386,sub14,rest02,2,26,0,-1.228435366811547,0.22645539045038576,0.5,0,-0.5288314819335938,0.37078946828842163,1,1.99478071102089e-06,1.011764809092863,11.398107064514189,0,1,0.2477008454460179,0,1,fold_1
1387,sub14,rest02,3,27,0,-1.1483776910758063,0.24078552914220225,0.5,0,-0.2982889413833618,0.42597582936286926,1,1.99478071102089e-06,1.011764809092863,11.398107064514189,0,1,0.2614755548165727,0,1,fold_1
1388,sub14,rest02,4,28,0,-0.9650831598367794,0.2758616167454657,0.5,0,0.13811087608337402,0.5344729423522949,1,1.99478071102089e-06,1.011764809092863,11.398107064514189,0,1,0.26358447025572473,0,1,fold_1
1389,sub14,rest02,5,29,0,-1.0059177227771734,0.26777951856205007,0.5,0,0.03659069538116455,0.5091466307640076,1,1.99478071102089e-06,1.011764809092863,11.398107064514189,0,1,0.24823310997139322,0,1,fold_1
1390,sub14,rest02,6,30,0,-1.1140733226213684,0.24711227545965844,0.5,0,-0.22431278228759766,0.444155752658844,1,1.99478071102089e-06,1.011764809092863,11.398107064514189,0,1,0.23247629831383743,0,1,fold_1
1391,sub14,rest02,7,31,0,-1.2093982788582616,0.22980753589247113,0.5,0,-0.4074382781982422,0.39952653646469116,1,1.99478071102089e-06,1.011764809092863,11.398107064514189,0,1,0.2337560312000809,0,1,fold_1
1392,sub14,rest02,8,32,0,-1.262702145877491,0.22050908358938273,0.5,0,-0.6298710703849792,0.3475397825241089,1,1.99478071102089e-06,1.011764809092863,11.398107064514189,0,1,0.24398016820766974,0,1,fold_1
1393,sub14,rest02,9,33,0,-1.0935441787420217,0.25095147411838875,0.5,0,-0.402132511138916,0.40080007910728455,1,1.99478071102089e-06,1.011764809092863,11.398107064514189,0,1,0.2539740502233944,0,1,fold_1
1394,sub14,rest02,10,34,0,-1.0434755198505097,0.2604799469152377,0.5,0,-0.21709275245666504,0.44593897461891174,1,1.99478071102089e-06,1.011764809092863,11.398107064514189,0,1,0.24511388632915357,0,1,fold_1
1395,sub14,rest02,11,35,0,-1.0959967737953384,0.25049072963655694,0.5,0,-0.3388333320617676,0.4160929322242737,1,1.99478071102089e-06,1.011764809092863,11.398107064514189,0,1,0.2366790832209755,0,1,fold_1
1396,sub14,rest02,12,36,0,-1.2403734822191639,0.2243709824356661,0.5,0,-0.4970850944519043,0.3782259225845337,1,1.99478071102089e-06,1.011764809092863,11.398107064514189,0,1,0.23669586617389612,0,1,fold_1
1397,sub14,rest02,13,37,0,-1.1793141428203369,0.23517553759070342,0.5,0,-0.3412477970123291,0.41550639271736145,1,1.99478071102089e-06,1.011764809092863,11.398107064514189,0,1,0.24642221240443188,0,1,fold_1
1398,sub14,rest02,14,38,0,-1.0957286150850374,0.25054107849531876,0.5,0,-0.11586916446685791,0.47106507420539856,1,1.99478071102089e-06,1.011764809092863,11.398107064514189,0,1,0.24739773998239936,0,1,fold_1
1399,sub14,rest02,15,39,0,-1.0797674816290386,0.25355002112727354,0.5,0,-0.17239868640899658,0.4570067822933197,1,1.99478071102089e-06,1.011764809092863,11.398107064514189,0,1,0.24092229021882464,0,1,fold_1
1400,sub14,rest02,16,40,0,-1.1631128718932457,0.2381021203246059,0.5,0,-0.4930996894836426,0.3791636526584625,1,1.99478071102089e-06,1.011764809092863,11.398107064514189,0,1,0.23155104791842715,0,1,fold_1
1401,sub14,rest02,17,41,0,-1.202027515202722,0.2311147292045945,0.5,0,-0.6335335969924927,0.3467097282409668,1,1.99478071102089e-06,1.011764809092863,11.398107064514189,0,1,0.22758687857226198,0,1,fold_1
1402,sub14,rest02,18,42,0,-1.2342623004856828,0.22543629422608108,0.5,0,-0.7108845114707947,0.32940343022346497,1,1.99478071102089e-06,1.011764809092863,11.398107064514189,0,1,0.22534834033357842,0,1,fold_1
1403,sub14,rest02,19,43,0,-1.2298389625923825,0.22620961228611036,0.5,0,-0.6060793995857239,0.35295405983924866,1,1.99478071102089e-06,1.011764809092863,11.398107064514189,0,1,0.22469583975972351,0,1,fold_1
1404,sub14,rest02,20,44,0,-1.2402118375680955,0.2243991144885438,0.5,0,-0.6820430755615234,0.3358054459095001,1,1.99478071102089e-06,1.011764809092863,11.398107064514189,0,1,0.22558387747520728,0,1,fold_1
1405,sub14,rest02,21,45,0,-1.2455074324363393,0.22347879250451638,0.5,0,-0.6014047861099243,0.354022353887558,1,1.99478071102089e-06,1.011764809092863,11.398107064514189,0,1,0.2291946786057026,0,1,fold_1
1406,sub14,rest02,22,46,0,-1.2146817062531834,0.22887372543256168,0.5,0,-0.46872925758361816,0.3849170506000519,1,1.99478071102089e-06,1.011764809092863,11.398107064514189,0,1,0.23311225373087371,0,1,fold_1
1407,sub14,rest02,23,47,0,-1.1790029386321956,0.2352315178800297,0.5,0,-0.25297045707702637,0.43709251284599304,1,1.99478071102089e-06,1.011764809092863,11.398107064514189,0,1,0.2352315178800297,0,1,fold_1
1408,sub14,task02,0,48,0,0.31655007670467683,0.5784832500881778,0.5,1,1.9351561069488525,0.8738189935684204,1,1.99478071102089e-06,1.011764809092863,11.398107064514189,1,1,0.6445483146030118,1,1,fold_1
1409,sub14,task02,1,49,0,0.48640380381702336,0.6192588952633556,0.5,1,2.3155477046966553,0.9101565480232239,1,1.99478071102089e-06,1.011764809092863,11.398107064514189,1,1,0.6953519917043299,1,1,fold_1
1410,sub14,task02,2,50,0,1.0247808196511945,0.735902798457502,0.5,1,3.836426019668579,0.9788848757743835,1,1.99478071102089e-06,1.011764809092863,11.398107064514189,1,1,0.7387132371155073,1,1,fold_1
1411,sub14,task02,3,51,0,0.9991645190200142,0.7308942813921323,0.5,1,3.7416088581085205,0.9768334627151489,1,1.99478071102089e-06,1.011764809092863,11.398107064514189,1,1,0.7330351225725918,1,1,fold_1
1412,sub14,task02,4,52,0,1.0951093899935846,0.7493426314968875,0.5,1,4.1285400390625,0.9841489195823669,1,1.99478071102089e-06,1.011764809092863,11.398107064514189,1,1,0.7182019407435072,1,1,fold_1
1413,sub14,task02,5,53,0,0.9388556931746735,0.718868454828756,0.5,1,3.5034964084625244,0.9707870483398438,1,1.99478071102089e-06,1.011764809092863,11.398107064514189,1,1,0.7058431130136938,1,1,fold_1
1414,sub14,task02,6,54,0,0.7833178046551164,0.6863947359048779,0.5,1,3.20052170753479,0.9608538746833801,1,1.99478071102089e-06,1.011764809092863,11.398107064514189,1,1,0.7026369677333028,1,1,fold_1
1415,sub14,task02,7,55,0,0.9064157185666638,0.7122661483074478,0.5,1,3.6189939975738525,0.9738903045654297,1,1.99478071102089e-06,1.011764809092863,11.398107064514189,1,1,0.7035352983282358,1,1,fold_1
1416,sub14,task02,8,56,0,0.8917443743670701,0.7092500189875823,0.5,1,3.3998048305511475,0.9676984548568726,1,1.99478071102089e-06,1.011764809092863,11.398107064514189,1,1,0.6903849400394133,1,1,fold_1
1417,sub14,task02,9,57,0,0.7958671343224876,0.6890897276896772,0.5,1,2.9173643589019775,0.948698103427887,1,1.99478071102089e-06,1.011764809092863,11.398107064514189,1,1,0.6688887919381852,1,1,fold_1
1418,sub14,task02,10,58,0,0.7209449767582604,0.6728150734409802,0.5,1,2.9626471996307373,0.9508578777313232,1,1.99478071102089e-06,1.011764809092863,11.398107064514189,1,1,0.6797246285914681,1,1,fold_1
1419,sub14,task02,11,59,0,0.596091412156923,0.6447615746838982,0.5,1,2.576352834701538,0.9293240904808044,1,1.99478071102089e-06,1.011764809092863,11.398107064514189,1,1,0.7012778867139589,1,1,fold_1
1420,sub14,task02,12,60,0,0.9523982900031371,0.7215972376495259,0.5,1,3.534151315689087,0.9716440439224243,1,1.99478071102089e-06,1.011764809092863,11.398107064514189,1,1,0.7340421403980614,1,1,fold_1
1421,sub14,task02,13,61,0,1.032885087651891,0.7374748478084524,0.5,1,3.7156898975372314,0.9762396812438965,1,1.99478071102089e-06,1.011764809092863,11.398107064514189,1,1,0.7181612704956799,1,1,fold_1
1422,sub14,task02,14,62,0,1.0619045327965257,0.7430543357362058,0.5,1,4.039948463439941,0.9827059507369995,1,1.99478071102089e-06,1.011764809092863,11.398107064514189,1,1,0.6846142567868609,1,1,fold_1
1423,sub14,task02,15,63,0,0.7261262412802798,0.6739546279423814,0.5,1,2.731912851333618,0.9388836622238159,1,1.99478071102089e-06,1.011764809092863,11.398107064514189,1,1,0.6741304430765872,1,1,fold_1
1424,sub14,task02,16,64,0,0.5616481591802205,0.6368338066819957,0.5,1,2.528003692626953,0.9260817766189575,1,1.99478071102089e-06,1.011764809092863,11.398107064514189,1,1,0.7084291975186986,1,1,fold_1
1425,sub14,task02,17,65,0,0.9031816549384099,0.7116028946053847,0.5,1,3.0727007389068604,0.9557524919509888,1,1.99478071102089e-06,1.011764809092863,11.398107064514189,1,1,0.7522192271620479,1,1,fold_1
1426,sub14,task02,18,66,0,1.2474082317896418,0.7768508912687151,0.5,1,4.714381217956543,0.9911143183708191,1,1.99478071102089e-06,1.011764809092863,11.398107064514189,1,1,0.7514194000910615,1,1,fold_1
1427,sub14,task02,19,67,0,1.1981970621445193,0.7682038956120437,0.5,1,4.408914566040039,0.9879778623580933,1,1.99478071102089e-06,1.011764809092863,11.398107064514189,1,1,0.7171813846479457,1,1,fold_1
1428,sub14,task02,20,68,0,0.8915183795542706,0.7092034133924255,0.5,1,3.3723604679107666,0.9668294787406921,1,1.99478071102089e-06,1.011764809092863,11.398107064514189,1,1,0.7044297935682694,1,1,fold_1
1429,sub14,task02,21,69,0,0.7269556008522974,0.6741368449393679,0.5,1,2.9329988956451416,0.9494537711143494,1,1.99478071102089e-06,1.011764809092863,11.398107064514189,1,1,0.7081470194163476,1,1,fold_1
1430,sub14,task02,22,70,0,0.9943644594320612,0.7299491223730147,0.5,1,3.422743558883667,0.9684078097343445,1,1.99478071102089e-06,1.011764809092863,11.398107064514189,1,1,0.7250576131040459,1,1,fold_1
1431,sub14,task02,23,71,0,0.946223655862969,0.7203550909366606,0.5,1,3.7348825931549072,0.9766808152198792,1,1.99478071102089e-06,1.011764809092863,11.398107064514189,1,1,0.7262562466199375,1,1,fold_1
1432,sub14,task02,24,72,0,0.9687417257007489,0.7248686260024624,0.5,1,3.4786570072174072,0.9700742959976196,1,1.99478071102089e-06,1.011764809092863,11.398107064514189,1,1,0.7199659608220036,1,1,fold_1
1433,sub14,task02,25,73,0,1.012683688848315,0.733545022920689,0.5,1,3.7661521434783936,0.977382481098175,1,1.99478071102089e-06,1.011764809092863,11.398107064514189,1,1,0.6617953186196229,1,1,fold_1
1434,sub14,task02,26,74,0,0.8543756735515232,0.7014842335428596,0.5,1,2.9311797618865967,0.9493663907051086,1,1.99478071102089e-06,1.011764809092863,11.398107064514189,1,1,0.5710645673402427,1,1,fold_1
1435,sub14,task02,27,75,0,0.20211200925147707,0.5503566993953202,0.5,1,1.7073330879211426,0.8464900255203247,1,1.99478071102089e-06,1.011764809092863,11.398107064514189,1,1,0.5611222251253611,1,1,fold_1
1436,sub14,task02,28,76,0,-0.1548978924081102,0.46135276908254824,0.5,0,1.2790277004241943,0.7822842001914978,1,1.99478071102089e-06,1.011764809092863,11.398107064514189,1,0,0.6302421528077523,1,1,fold_1
1437,sub14,task02,29,77,0,0.7156899380245294,0.6716572068982148,0.5,1,2.972576379776001,0.9513197541236877,1,1.99478071102089e-06,1.011764809092863,11.398107064514189,1,1,0.7309901412812909,1,1,fold_1
1438,sub14,task02,30,78,0,1.1402006813866765,0.757716482442494,0.5,1,4.392967224121094,0.9877869486808777,1,1.99478071102089e-06,1.011764809092863,11.398107064514189,1,1,0.7616206932387116,1,1,fold_1
1439,sub14,task02,31,79,0,1.1725007165180181,0.7635967345031636,0.5,1,4.876463890075684,0.9924337863922119,1,1.99478071102089e-06,1.011764809092863,11.398107064514189,1,1,0.7596790289512122,1,1,fold_1
1440,sub14,task02,32,80,0,1.172235542323863,0.7635488627704775,0.5,1,4.920207977294922,0.9927552342414856,1,1.99478071102089e-06,1.011764809092863,11.398107064514189,1,1,0.737364976086333,1,1,fold_1
1441,sub14,task02,33,81,0,1.108725825279386,0.7518914895799952,0.5,1,4.02229118347168,0.9824032783508301,1,1.99478071102089e-06,1.011764809092863,11.398107064514189,1,1,0.6826175770027042,1,1,fold_1
1442,sub14,task02,34,82,0,0.8314175312942865,0.6966545759085263,0.5,1,3.7761409282684326,0.9776021838188171,1,1.99478071102089e-06,1.011764809092863,11.398107064514189,1,1,0.6317559689825694,1,1,fold_1
1443,sub14,task02,35,83,0,0.40257704676200934,0.5993066655195908,0.5,1,3.413466215133667,0.9681227207183838,1,1.99478071102089e-06,1.011764809092863,11.398107064514189,1,1,0.5993066655195908,1,1,fold_1
1444,sub14,rest04,0,84,0,1.1202404919405085,0.754033322509668,0.5,1,4.391507148742676,0.9877694249153137,1,1.99478071102089e-06,1.011764809092863,11.398107064514189,1,1,0.7435878127882556,1,1,fold_1
1445,sub14,rest04,1,85,0,0.9875263115380892,0.7285990457679185,0.5,1,4.046578407287598,0.9828183054924011,1,1.99478071102089e-06,1.011764809092863,11.398107064514189,1,1,0.7426389876952508,1,1,fold_1
1446,sub14,rest04,2,86,0,1.0886693572043915,0.7481310700871804,0.5,1,4.157619476318359,0.9845961928367615,1,1.99478071102089e-06,1.011764809092863,11.398107064514189,1,1,0.7549452777801958,1,1,fold_1
1447,sub14,rest04,3,87,0,1.1049521944331002,0.7511868472306537,0.5,1,4.124890327453613,0.9840918779373169,1,1.99478071102089e-06,1.011764809092863,11.398107064514189,1,1,0.7568401522877637,1,1,fold_1
1448,sub14,rest04,4,88,0,1.183173435146767,0.7655179160227533,0.5,1,4.718018531799316,0.9911462664604187,1,1.99478071102089e-06,1.011764809092863,11.398107064514189,1,1,0.7446253386515109,1,1,fold_1
1449,sub14,rest04,5,89,0,1.1190674315645144,0.7538156936098841,0.5,1,5.088981628417969,0.9938734769821167,1,1.99478071102089e-06,1.011764809092863,11.398107064514189,1,1,0.6975078402730702,1,1,fold_1
1450,sub14,rest04,6,90,0,0.91754886211697,0.7145424063218956,0.5,1,3.3650734424591064,0.9665949940681458,1,1.99478071102089e-06,1.011764809092863,11.398107064514189,1,1,0.6420812414060801,1,1,fold_1
1451,sub14,rest04,7,91,0,0.507266333398122,0.6241654208874314,0.5,1,2.6496031284332275,0.933986485004425,1,1.99478071102089e-06,1.011764809092863,11.398107064514189,1,1,0.6372073317459498,1,1,fold_1
1452,sub14,rest04,8,92,0,0.35378816650737427,0.5875358970089134,0.5,1,2.4300155639648438,0.9190877079963684,1,1.99478071102089e-06,1.011764809092863,11.398107064514189,1,1,0.6686578767473256,1,1,fold_1
1453,sub14,rest04,9,93,0,0.8469201619708707,0.6999206773415045,0.5,1,4.77358341217041,0.9916207790374756,1,1.99478071102089e-06,1.011764809092863,11.398107064514189,1,1,0.7146435902340184,1,1,fold_1
1454,sub14,rest04,10,94,0,0.9371175869988592,0.7185170558915588,0.5,1,4.162494659423828,0.9846700429916382,1,1.99478071102089e-06,1.011764809092863,11.398107064514189,1,1,0.710883939964126,1,1,fold_1
1455,sub14,rest04,11,95,0,0.9718748503660786,0.725493037468992,0.5,1,4.232697486877441,0.9856944680213928,1,1.99478071102089e-06,1.011764809092863,11.398107064514189,1,1,0.6971596981549636,1,1,fold_1
1456,sub14,rest04,12,96,0,0.7937768914000756,0.6886417265318272,0.5,1,3.508507490158081,0.9709288477897644,1,1.99478071102089e-06,1.011764809092863,11.398107064514189,1,1,0.6598134524536,1,1,fold_1
1457,sub14,rest04,13,97,0,0.7415940398089149,0.6773443304640714,0.5,1,3.3708579540252686,0.9667812585830688,1,1.99478071102089e-06,1.011764809092863,11.398107064514189,1,1,0.6070307488709963,1,1,fold_1
1458,sub14,rest04,14,98,0,0.46185567062912836,0.6134543003649013,0.5,1,2.2994368076324463,0.9088304042816162,1,1.99478071102089e-06,1.011764809092863,11.398107064514189,1,1,0.6062216306586136,1,1,fold_1
1459,sub14,rest04,15,99,0,0.1213230601398812,0.5302936157840162,0.5,1,1.7846283912658691,0.8562674522399902,1,1.99478071102089e-06,1.011764809092863,11.398107064514189,1,1,0.6434999436246649,1,1,fold_1
1460,sub14,rest04,16,100,0,0.7305090758329047,0.6749169758269233,0.5,1,3.3545029163360596,0.9662519097328186,1,1.99478071102089e-06,1.011764809092863,11.398107064514189,1,1,0.7028471843918171,1,1,fold_1
1461,sub14,rest04,17,101,0,0.970851760982299,0.7252892392630553,0.5,1,4.396218299865723,0.9878261685371399,1,1.99478071102089e-06,1.011764809092863,11.398107064514189,1,1,0.6760087575240856,1,1,fold_1
1462,sub14,rest04,18,102,0,0.887312898694742,0.7083353380854729,0.5,1,3.5525496006011963,0.9721465706825256,1,1.99478071102089e-06,1.011764809092863,11.398107064514189,1,1,0.5847448969721176,1,1,fold_1
1463,sub14,rest04,19,103,0,0.38219207266839356,0.5944016952237285,0.5,1,2.5173962116241455,0.9253523945808411,1,1.99478071102089e-06,1.011764809092863,11.398107064514189,1,1,0.5488446923204489,1,1,fold_1
1464,sub14,rest04,20,104,0,-0.19462136542963585,0.4514976576071514,0.5,0,1.3300807476043701,0.7908539772033691,1,1.99478071102089e-06,1.011764809092863,11.398107064514189,1,0,0.5711193731612894,1,1,fold_1
1465,sub14,rest04,21,105,0,0.40811049314812925,0.6006347241304665,0.5,1,2.8128821849823,0.9433679580688477,1,1.99478071102089e-06,1.011764809092863,11.398107064514189,1,1,0.6479545709026711,1,1,fold_1
1466,sub14,rest04,22,106,0,0.6687612984818925,0.6612257377462502,0.5,1,3.8910772800445557,0.9799854755401611,1,1.99478071102089e-06,1.011764809092863,11.398107064514189,1,1,0.6750774131362811,1,1,fold_1
1467,sub14,rest04,23,107,0,0.7629932644589084,0.6820032508312965,0.5,1,5.740316390991211,0.9967965483665466,1,1.99478071102089e-06,1.011764809092863,11.398107064514189,1,1,0.6820032508312965,1,1,fold_1
392,sub5,rest01,0,0,0,-1.2498331983770652,0.22272901432025913,0.5,0,-0.6043546199798584,0.353348046541214,1,2.3748337141913403e-06,2.172934133841555,9.479438613761568,0,1,0.21495462111204441,0,1,fold_2
393,sub5,rest01,1,1,0,-1.3170956830080929,0.2113019019713909,0.5,0,-0.6650871634483337,0.33959776163101196,1,2.3748337141913403e-06,2.172934133841555,9.479438613761568,0,1,0.21763756541918233,0,1,fold_2
394,sub5,rest01,2,2,0,-1.3199119261497638,0.2108329470444832,0.5,0,-0.8132014870643616,0.30720868706703186,1,2.3748337141913403e-06,2.172934133841555,9.479438613761568,0,1,0.23926300142185064,0,1,fold_2
395,sub5,rest01,3,3,0,-1.203924265498823,0.23077784724167294,0.5,0,-0.8928209543228149,0.2905280292034149,1,2.3748337141913403e-06,2.172934133841555,9.479438613761568,0,1,0.27639612695973054,0,1,fold_2
396,sub5,rest01,4,4,0,-0.963498870025071,0.27617820997939574,0.5,0,-0.7635776996612549,0.31787002086639404,1,2.3748337141913403e-06,2.172934133841555,9.479438613761568,0,1,0.3143154553530915,0,1,fold_2
397,sub5,rest01,5,5,0,-0.7435317815254382,0.3222323236581228,0.5,0,-0.38607239723205566,0.4046631455421448,1,2.3748337141913403e-06,2.172934133841555,9.479438613761568,0,1,0.3048884212966853,0,1,fold_2
398,sub5,rest01,6,6,0,-0.6431455395705982,0.34453583242175606,0.5,0,-0.15895497798919678,0.46034473180770874,1,2.3748337141913403e-06,2.172934133841555,9.479438613761568,0,1,0.2742209157969652,0,1,fold_2
399,sub5,rest01,7,7,1,-0.9928295316576209,0.2703535545823647,0.5,0,-0.6663128137588501,0.339322954416275,1,2.3748337141913403e-06,2.172934133841555,9.479438613761568,0,1,,,,fold_2
400,sub5,rest01,8,8,0,-1.1098593670976893,0.2478971078101771,0.5,0,-0.9496797919273376,0.27894920110702515,1,2.3748337141913403e-06,2.172934133841555,9.479438613761568,0,1,0.22805946177694783,0,1,fold_2
401,sub5,rest01,9,9,0,-1.2070140477923776,0.2302298071589625,0.5,0,-0.955451488494873,0.27778980135917664,1,2.3748337141913403e-06,2.172934133841555,9.479438613761568,0,1,0.24322917240243602,0,1,fold_2
402,sub5,rest01,10,10,1,-1.1341770662148438,0.24339106215780645,0.5,0,-0.7109440565109253,0.329390287399292,1,2.3748337141913403e-06,2.172934133841555,9.479438613761568,0,1,,,,fold_2
403,sub5,rest01,11,11,0,-1.3488926413073186,0.20605147036170388,0.5,0,-0.8796401619911194,0.2932523488998413,1,2.3748337141913403e-06,2.172934133841555,9.479438613761568,0,1,0.28242086771941993,0,1,fold_2
404,sub5,rest01,12,12,0,-0.8788977719993517,0.29340623968664176,0.5,0,-0.8680237531661987,0.2956656813621521,1,2.3748337141913403e-06,2.172934133841555,9.479438613761568,0,1,0.29342938377777,0,1,fold_2
405,sub5,rest01,13,13,1,-0.7573378590032629,0.31922452466979384,0.5,0,-0.6872383952140808,0.33464768528938293,1,2.3748337141913403e-06,2.172934133841555,9.479438613761568,0,1,,,,fold_2
406,sub5,rest01,14,14,0,-0.6287020902912607,0.3478048931099142,0.5,0,-0.555252730846405,0.3646465837955475,1,2.3748337141913403e-06,2.172934133841555,9.479438613761568,0,1,0.2719930894437173,0,1,fold_2
407,sub5,rest01,15,15,0,-1.1577463924161637,0.23907701853675414,0.5,0,-0.9531254172325134,0.27825671434402466,1,2.3748337141913403e-06,2.172934133841555,9.479438613761568,0,1,0.22778043656002037,0,1,fold_2
408,sub5,rest01,16,16,1,-1.1960557172761013,0.2321776255071015,0.5,0,-0.8175008296966553,0.30629444122314453,1,2.3748337141913403e-06,2.172934133841555,9.479438613761568,0,1,,,,fold_2
409,sub5,rest01,17,17,0,-1.2134150407601398,0.22909735668448353,0.5,0,-0.7526388764381409,0.3202465772628784,1,2.3748337141913403e-06,2.172934133841555,9.479438613761568,0,1,0.21881548209812265,0,1,fold_2
410,sub5,rest01,18,18,0,-1.294056873608555,0.21516693445882348,0.5,0,-0.8253024816513062,0.3046392500400543,1,2.3748337141913403e-06,2.172934133841555,9.479438613761568,0,1,0.2098323858990939,0,1,fold_2
411,sub5,rest01,19,19,0,-1.3118217736143498,0.21218215515106095,0.5,0,-0.8686803579330444,0.29552897810935974,1,2.3748337141913403e-06,2.172934133841555,9.479438613761568,0,1,0.20828864150008478,0,1,fold_2
412,sub5,rest01,20,20,0,-1.3729225920377757,0.20214806808739716,0.5,0,-0.7082595229148865,0.32998353242874146,1,2.3748337141913403e-06,2.172934133841555,9.479438613761568,0,1,0.21382190678647903,0,1,fold_2
413,sub5,rest01,21,21,0,-1.3216993716468821,0.21053570126179627,0.5,0,-0.7965537309646606,0.3107631802558899,1,2.3748337141913403e-06,2.172934133841555,9.479438613761568,0,1,0.2355831207329289,0,1,fold_2
414,sub5,rest01,22,22,0,-1.2152017758462133,0.22878195101024362,0.5,0,-0.7385929822921753,0.32331186532974243,1,2.3748337141913403e-06,2.172934133841555,9.479438613761568,0,1,0.25454845695457906,0,1,fold_2
415,sub5,rest01,23,23,0,-1.0076923215640832,0.2674317099267468,0.5,0,-0.5851678252220154,0.35774433612823486,1,2.3748337141913403e-06,2.172934133841555,9.479438613761568,0,1,0.2674317099267468,0,1,fold_2
416,sub5,rest02,0,24,0,-0.7790378010391172,0.3145272990082848,0.5,0,-0.48315584659576416,0.3815072178840637,1,2.3748337141913403e-06,2.172934133841555,9.479438613761568,0,1,0.2883045241297906,0,1,fold_2
417,sub5,rest02,1,25,0,-0.9367221155303918,0.28156293524168285,0.5,0,-0.6206945180892944,0.34962353110313416,1,2.3748337141913403e-06,2.172934133841555,9.479438613761568,0,1,0.2573221298334017,0,1,fold_2
418,sub5,rest02,2,26,0,-1.0006006737285094,0.2688233381394041,0.5,0,-0.6675945520401001,0.33903568983078003,1,2.3748337141913403e-06,2.172934133841555,9.479438613761568,0,1,0.23695963270840537,0,1,fold_2
419,sub5,rest02,3,27,0,-1.256481852956673,0.22158011611911824,0.5,0,-0.7080451846122742,0.3300309181213379,1,2.3748337141913403e-06,2.172934133841555,9.479438613761568,0,1,0.22313953929416594,0,1,fold_2
420,sub5,rest02,4,28,0,-1.262897867416331,0.22047544386669368,0.5,0,-0.41174042224884033,0.3984948694705963,1,2.3748337141913403e-06,2.172934133841555,9.479438613761568,0,1,0.22435575117089257,0,1,fold_2
421,sub5,rest02,5,29,0,-1.2232611505532212,0.2273630578966859,0.5,0,0.1151052713394165,0.5287445783615112,1,2.3748337141913403e-06,2.172934133841555,9.479438613761568,0,1,0.22181736945076716,0,1,fold_2
422,sub5,rest02,6,30,0,-1.2354512620542262,0.22522875174929813,0.5,0,0.07173216342926025,0.5179253220558167,1,2.3748337141913403e-06,2.172934133841555,9.479438613761568,0,1,0.21688016549606423,0,1,fold_2
423,sub5,rest02,7,31,0,-1.3077696679264865,0.21286029870631754,0.5,0,-0.06667184829711914,0.48333820700645447,1,2.3748337141913403e-06,2.172934133841555,9.479438613761568,0,1,0.21357192953177573,0,1,fold_2
424,sub5,rest02,8,32,0,-1.3096139822303896,0.21255144603257703,0.5,0,-0.07627463340759277,0.480940580368042,1,2.3748337141913403e-06,2.172934133841555,9.479438613761568,0,1,0.21333895071459882,0,1,fold_2
425,sub5,rest02,9,33,0,-1.2932451391207733,0.2153040438564326,0.5,0,-0.044623374938964844,0.4888460040092468,1,2.3748337141913403e-06,2.172934133841555,9.479438613761568,0,1,0.2159004630751186,0,1,fold_2
426,sub5,rest02,10,34,0,-1.311946166592663,0.21216136225478682,0.5,0,-0.11347198486328125,0.47166237235069275,1,2.3748337141913403e-06,2.172934133841555,9.479438613761568,0,1,0.22019119902216486,0,1,fold_2
427,sub5,rest02,11,35,0,-1.264291709461761,0.22023598311413634,0.5,0,-0.030843377113342285,0.49228978157043457,1,2.3748337141913403e-06,2.172934133841555,9.479438613761568,0,1,0.22604643765792987,0,1,fold_2
428,sub5,rest02,12,36,0,-1.2186378545724021,0.22817625169757136,0.5,0,0.057293057441711426,0.5143193602561951,1,2.3748337141913403e-06,2.172934133841555,9.479438613761568,0,1,0.2261121505876916,0,1,fold_2
429,sub5,rest02,13,37,0,-1.2098529083430856,0.22972707816208188,0.5,0,0.07943570613861084,0.5198484659194946,1,2.3748337141913403e-06,2.172934133841555,9.479438613761568,0,1,0.22308056081891423,0,1,fold_2
430,sub5,rest02,14,38,0,-1.2631441341083025,0.22043312190342151,0.5,0,-0.010724902153015137,0.4973187744617462,1,2.3748337141913403e-06,2.172934133841555,9.479438613761568,0,1,0.2149400763505754,0,1,fold_2
431,sub5,rest02,15,39,0,-1.2710270872195493,0.21908148239123923,0.5,0,-0.06030106544494629,0.48492932319641113,1,2.3748337141913403e-06,2.172934133841555,9.479438613761568,0,1,0.20857418454756893,0,1,fold_2
432,sub5,rest02,16,40,0,-1.3534578856894244,0.2053056247570655,0.5,0,-0.32589638233184814,0.41923943161964417,1,2.3748337141913403e-06,2.172934133841555,9.479438613761568,0,1,0.20244840525747185,0,1,fold_2
433,sub5,rest02,17,41,0,-1.3779686196578782,0.20133544649440208,0.5,0,-0.6188971996307373,0.3500322997570038,1,2.3748337141913403e-06,2.172934133841555,9.479438613761568,0,1,0.20352513097269273,0,1,fold_2
434,sub5,rest02,18,42,0,-1.3818992535126384,0.20070414452094798,0.5,0,-0.6231124401092529,0.3490739166736603,1,2.3748337141913403e-06,2.172934133841555,9.479438613761568,0,1,0.21115974923785127,0,1,fold_2
435,sub5,rest02,19,43,0,-1.3337739070574524,0.20853580190272808,0.5,0,-0.35299861431121826,0.41265541315078735,1,2.3748337141913403e-06,2.172934133841555,9.479438613761568,0,1,0.22336293480043948,0,1,fold_2
436,sub5,rest02,20,44,0,-1.2411303037255585,0.22423930128987776,0.5,0,-0.03592038154602051,0.4910208582878113,1,2.3748337141913403e-06,2.172934133841555,9.479438613761568,0,1,0.23730901353018372,0,1,fold_2
437,sub5,rest02,21,45,0,-1.167463905226218,0.23731370120871267,0.5,0,0.09021532535552979,0.5225385427474976,1,2.3748337141913403e-06,2.172934133841555,9.479438613761568,0,1,0.2469380055345712,0,1,fold_2
438,sub5,rest02,22,46,0,-1.0966184125642464,0.25037403809196074,0.5,0,0.2274395227432251,0.5566160678863525,1,2.3748337141913403e-06,2.172934133841555,9.479438613761568,0,1,0.2522088642326803,0,1,fold_2
439,sub5,rest02,23,47,0,-1.082007640938335,0.2531262773030401,0.5,0,0.27807164192199707,0.5690733790397644,1,2.3748337141913403e-06,2.172934133841555,9.479438613761568,0,1,0.2531262773030401,0,1,fold_2
440,sub5,task01,0,48,0,0.175158812868468,0.5436780877481446,0.5,1,0.49345552921295166,0.6209200620651245,1,2.3748337141913403e-06,2.172934133841555,9.479438613761568,1,1,0.6220268612748521,1,1,fold_2
441,sub5,task01,1,49,0,0.4132839079033077,0.60187503634515,0.5,1,0.9016026258468628,0.7112787365913391,1,2.3748337141913403e-06,2.172934133841555,9.479438613761568,1,1,0.6886742747667564,1,1,fold_2
442,sub5,task01,2,50,0,0.9470794849014745,0.7205274597312614,0.5,1,1.6876157522201538,0.8439103364944458,1,2.3748337141913403e-06,2.172934133841555,9.479438613761568,1,1,0.7457889035016355,1,1,fold_2
443,sub5,task01,3,51,0,1.0648711543937182,0.7436203282238576,0.5,1,2.21976375579834,0.9020102620124817,1,2.3748337141913403e-06,2.172934133841555,9.479438613761568,1,1,0.7636014199018027,1,1,fold_2
444,sub5,task01,4,52,0,1.226577084454899,0.7732189225497876,0.5,1,2.248645305633545,0.9045336246490479,1,2.3748337141913403e-06,2.172934133841555,9.479438613761568,1,1,0.7647652663700598,1,1,fold_2
445,sub5,task01,5,53,0,1.2308368494460424,0.7739650089317631,0.5,1,2.3535261154174805,0.9132141470909119,1,2.3748337141913403e-06,2.172934133841555,9.479438613761568,1,1,0.7444494401431431,1,1,fold_2
446,sub5,task01,6,54,0,1.0832677033782245,0.7471118676286286,0.5,1,1.384140133857727,0.7996551394462585,1,2.3748337141913403e-06,2.172934133841555,9.479438613761568,1,1,0.6687174163554342,1,1,fold_2
447,sub5,task01,7,55,0,0.9064415578903241,0.7122714438690374,0.5,1,1.2402154207229614,0.7756015062332153,1,2.3748337141913403e-06,2.172934133841555,9.479438613761568,1,1,0.6133118097519475,1,1,fold_2
448,sub5,task01,8,56,0,0.18762422853776844,0.5467689375686368,0.5,1,0.5050678253173828,0.623649537563324,1,2.3748337141913403e-06,2.172934133841555,9.479438613761568,1,1,0.5756639226222765,1,1,fold_2
449,sub5,task01,9,57,0,0.32644872885525555,0.5808950478181685,0.5,1,0.700635552406311,0.6683286428451538,1,2.3748337141913403e-06,2.172934133841555,9.479438613761568,1,1,0.6232179118643928,1,1,fold_2
450,sub5,task01,10,58,0,0.40266498423331504,0.5993277824800244,0.5,1,0.9738301038742065,0.7258822321891785,1,2.3748337141913403e-06,2.172934133841555,9.479438613761568,1,1,0.6748851275340106,1,1,fold_2
451,sub5,task01,11,59,0,0.7974600784941773,0.6894309052949853,0.5,1,1.8590911626815796,0.8651909828186035,1,2.3748337141913403e-06,2.172934133841555,9.479438613761568,1,1,0.7214480592668324,1,1,fold_2
452,sub5,task01,12,60,0,1.0247494145091638,0.7358966948270224,0.5,1,2.760606288909912,0.940509557723999,1,2.3748337141913403e-06,2.172934133841555,9.479438613761568,1,1,0.7229614084918876,1,1,fold_2
453,sub5,task01,13,61,0,1.0408634639831973,0.7390165776784896,0.5,1,1.9334367513656616,0.8736293315887451,1,2.3748337141913403e-06,2.172934133841555,9.479438613761568,1,1,0.7187136420008068,1,1,fold_2
454,sub5,task01,14,62,0,0.8187500827395703,0.6939709529701511,0.5,1,2.2362141609191895,0.9034547209739685,1,2.3748337141913403e-06,2.172934133841555,9.479438613761568,1,1,0.7162661742282591,1,1,fold_2
455,sub5,task01,15,63,0,0.9601577857786219,0.7231533953537795,0.5,1,1.598404049873352,0.8317952156066895,1,2.3748337141913403e-06,2.172934133841555,9.479438613761568,1,1,0.7301217183640757,1,1,fold_2
456,sub5,task01,16,64,0,1.0031332884994462,0.731674174360847,0.5,1,1.844478726387024,0.8634775280952454,1,2.3748337141913403e-06,2.172934133841555,9.479438613761568,1,1,0.7155440093194848,1,1,fold_2
457,sub5,task01,17,65,0,1.0229024990659175,0.7355375853776005,0.5,1,1.592765212059021,0.831004798412323,1,2.3748337141913403e-06,2.172934133841555,9.479438613761568,1,1,0.6972458969704959,1,1,fold_2
458,sub5,task01,18,66,0,0.7511088692838865,0.6794202682200072,0.5,1,1.3880075216293335,0.8002740144729614,1,2.3748337141913403e-06,2.172934133841555,9.479438613761568,1,1,0.6863665218545769,1,1,fold_2
459,sub5,task01,19,67,0,0.7390123073956066,0.6767798373138799,0.5,1,1.7359040975570679,0.8501660823822021,1,2.3748337141913403e-06,2.172934133841555,9.479438613761568,1,1,0.6960796474915184,1,1,fold_2
460,sub5,task01,20,68,0,0.8611432660418805,0.7028994600298435,0.5,1,1.774755597114563,0.8550480604171753,1,2.3748337141913403e-06,2.172934133841555,9.479438613761568,1,1,0.7086982019023709,1,1,fold_2
461,sub5,task01,21,69,0,0.888398870329564,0.7085596451308321,0.5,1,1.8526018857955933,0.8644322752952576,1,2.3748337141913403e-06,2.172934133841555,9.479438613761568,1,1,0.7319084242080892,1,1,fold_2
462,sub5,task01,22,70,0,0.918005314695975,0.714635500546437,0.5,1,1.5723971128463745,0.8281250596046448,1,2.3748337141913403e-06,2.172934133841555,9.479438613761568,1,1,0.7501094815971023,1,1,fold_2
463,sub5,task01,23,71,0,1.2226532038143507,0.7725301269469984,0.5,1,1.8086682558059692,0.8592008352279663,1,2.3748337141913403e-06,2.172934133841555,9.479438613761568,1,1,0.7625018041271955,1,1,fold_2
464,sub5,task01,24,72,0,1.170098487244397,0.7631628172978714,0.5,1,1.7628306150436401,0.8535638451576233,1,2.3748337141913403e-06,2.172934133841555,9.479438613761568,1,1,0.7330716688692037,1,1,fold_2
465,sub5,task01,25,73,0,1.108302278096957,0.7518124681367166,0.5,1,1.9971011877059937,0.8804923892021179,1,2.3748337141913403e-06,2.172934133841555,9.479438613761568,1,1,0.73226967600819,1,1,fold_2
466,sub5,task01,26,74,0,0.7733250113849328,0.6842397211730228,0.5,1,1.4001215696334839,0.8022031784057617,1,2.3748337141913403e-06,2.172934133841555,9.479438613761568,1,1,0.7343299449235516,1,1,fold_2
467,sub5,task01,27,75,0,1.1568333322200066,0.7607568387148305,0.5,1,1.9308422803878784,0.8733426332473755,1,2.3748337141913403e-06,2.172934133841555,9.479438613761568,1,1,0.7589244916564609,1,1,fold_2
468,sub5,task01,28,76,0,1.1417089979056898,0.757993274882802,0.5,1,1.5686370134353638,0.827589213848114,1,2.3748337141913403e-06,2.172934133841555,9.479438613761568,1,1,0.7235553745086287,1,1,fold_2
469,sub5,task01,29,77,0,1.1418730180161905,0.7580233613717505,0.5,1,1.8746503591537476,0.8669953942298889,1,2.3748337141913403e-06,2.172934133841555,9.479438613761568,1,1,0.714110697764625,1,1,fold_2
470,sub5,task01,30,78,0,0.6395400782653412,0.6546494872713333,0.5,1,0.9791003465652466,0.7269296050071716,1,2.3748337141913403e-06,2.172934133841555,9.479438613761568,1,1,0.708040132187817,1,1,fold_2
471,sub5,task01,31,79,0,0.9928944168903517,0.7296592446507911,0.5,1,1.5709315538406372,0.8279163837432861,1,2.3748337141913403e-06,2.172934133841555,9.479438613761568,1,1,0.7415847063001891,1,1,fold_2
472,sub5,task01,32,80,0,1.0449899110116243,0.7398116646413266,0.5,1,1.6818357706069946,0.8431474566459656,1,2.3748337141913403e-06,2.172934133841555,9.479438613761568,1,1,0.7429133157154797,1,1,fold_2
473,sub5,task01,33,81,0,1.1269912066513315,0.7552832096084496,0.5,1,2.2098536491394043,0.9011309146881104,1,2.3748337141913403e-06,2.172934133841555,9.479438613761568,1,1,0.7265542979882188,1,1,fold_2
474,sub5,task01,34,82,0,1.013195627957165,0.7336450728966627,0.5,1,2.255953311920166,0.9051628112792969,1,2.3748337141913403e-06,2.172934133841555,9.479438613761568,1,1,0.7050380986052504,1,1,fold_2
475,sub5,task01,35,83,0,0.8035559146612732,0.6907346114595442,0.5,1,2.2379021644592285,0.903601884841919,1,2.3748337141913403e-06,2.172934133841555,9.479438613761568,1,1,0.6907346114595442,1,1,fold_2
476,sub5,rest03,0,84,0,0.3220782640502879,0.5798306573570019,0.5,1,1.6061712503433228,0.8328791260719299,1,2.3748337141913403e-06,2.172934133841555,9.479438613761568,1,1,0.5664165614304086,1,1,fold_2
477,sub5,rest03,1,85,0,0.20992986650783949,0.5522905680311426,0.5,1,1.4137223958969116,0.8043524026870728,1,2.3748337141913403e-06,2.172934133841555,9.479438613761568,1,1,0.5560433069425962,1,1,fold_2
478,sub5,rest03,2,86,0,0.27014482482401814,0.5671284589030814,0.5,1,0.8541549444198608,0.7014380097389221,1,2.3748337141913403e-06,2.172934133841555,9.479438613761568,1,1,0.5501247130677289,1,1,fold_2
479,sub5,rest03,3,87,0,0.19546353025081054,0.5487108938935648,0.5,1,0.6890372037887573,0.6657527089118958,1,2.3748337141913403e-06,2.172934133841555,9.479438613761568,1,1,0.5060295883886656,1,1,fold_2
480,sub5,rest03,4,88,0,0.1383594456901948,0.5345347864065406,0.5,1,0.6552027463912964,0.6581819653511047,1,2.3748337141913403e-06,2.172934133841555,9.479438613761568,1,1,0.467984934686353,0,0,fold_2
481,sub5,rest03,5,89,0,-0.2621181769230748,0.4348430848658914,0.5,0,0.5049542188644409,0.6236228346824646,1,2.3748337141913403e-06,2.172934133841555,9.479438613761568,1,0,0.4795457764727511,0,0,fold_2
482,sub5,rest03,6,90,0,-0.26320125293937324,0.43457693278662707,0.5,0,0.4434199333190918,0.6090736389160156,1,2.3748337141913403e-06,2.172934133841555,9.479438613761568,1,0,0.5320473772663575,1,1,fold_2
483,sub5,rest03,7,91,0,0.2786585206410741,0.5692173117657349,0.5,1,1.0765763521194458,0.7458454966545105,1,2.3748337141913403e-06,2.172934133841555,9.479438613761568,1,1,0.6039248386513539,1,1,fold_2
484,sub5,rest03,8,92,0,0.3736799638047282,0.5923478872467107,0.5,1,1.8705800771713257,0.866525411605835,1,2.3748337141913403e-06,2.172934133841555,9.479438613761568,1,1,0.6050545851529798,1,1,fold_2
485,sub5,rest03,9,93,0,0.6199594099378812,0.6502093169416163,0.5,1,2.0961732864379883,0.8905307054519653,1,2.3748337141913403e-06,2.172934133841555,9.479438613761568,1,1,0.5796306317869292,1,1,fold_2
486,sub5,rest03,10,94,0,0.292493819295127,0.5726065512706123,0.5,1,1.0631269216537476,0.7432876825332642,1,2.3748337141913403e-06,2.172934133841555,9.479438613761568,1,1,0.49464700776434906,0,0,fold_2
487,sub5,rest03,11,95,0,0.06432628057068172,0.5160760271485592,0.5,1,0.4069112539291382,0.6003470420837402,1,2.3748337141913403e-06,2.172934133841555,9.479438613761568,1,1,0.4618616716282446,0,0,fold_2
488,sub5,rest03,12,96,0,-0.42526134338693045,0.3952584448738756,0.5,0,0.32798683643341064,0.5812695026397705,1,2.3748337141913403e-06,2.172934133841555,9.479438613761568,1,0,0.4676559798570811,0,0,fold_2
489,sub5,rest03,13,97,0,-0.10308902854406983,0.47425054286229906,0.5,0,0.7286030054092407,0.6744986176490784,1,2.3748337141913403e-06,2.172934133841555,9.479438613761568,1,0,0.5413723935993217,1,1,fold_2
490,sub5,rest03,14,98,0,0.13403611832116796,0.5334589518350688,0.5,1,1.1337684392929077,0.756533682346344,1,2.3748337141913403e-06,2.172934133841555,9.479438613761568,1,1,0.5811374893091387,1,1,fold_2
491,sub5,rest03,15,99,0,0.47432826665733074,0.6164076861005972,0.5,1,1.2474430799484253,0.7768568992614746,1,2.3748337141913403e-06,2.172934133841555,9.479438613761568,1,1,0.6399113901029655,1,1,fold_2
492,sub5,rest03,16,100,0,0.37864325121180664,0.5935458299917503,0.5,1,1.3135493993759155,0.7881065011024475,1,2.3748337141913403e-06,2.172934133841555,9.479438613761568,1,1,0.6828262152042033,1,1,fold_2
493,sub5,rest03,17,101,0,0.8943189827297396,0.7097806542165489,0.5,1,1.8057996034622192,0.8588534593582153,1,2.3748337141913403e-06,2.172934133841555,9.479438613761568,1,1,0.7480468010977832,1,1,fold_2
494,sub5,rest03,18,102,0,1.072921785354539,0.7451521614043108,0.5,1,2.38424015045166,0.9156175851821899,1,2.3748337141913403e-06,2.172934133841555,9.479438613761568,1,1,0.7764529886603254,1,1,fold_2
495,sub5,rest03,19,103,0,1.3201555671189453,0.7892075876724898,0.5,1,3.018620491027832,0.9534083008766174,1,2.3748337141913403e-06,2.172934133841555,9.479438613761568,1,1,0.7877002006580459,1,1,fold_2
496,sub5,rest03,20,104,0,1.3553273305169087,0.7949992169041755,0.5,1,2.8787031173706055,0.9467835426330566,1,2.3748337141913403e-06,2.172934133841555,9.479438613761568,1,1,0.7793289434630157,1,1,fold_2
497,sub5,rest03,21,105,0,1.2592315637585405,0.7788937973974726,0.5,1,2.500141143798828,0.9241516590118408,1,2.3748337141913403e-06,2.172934133841555,9.479438613761568,1,1,0.7606456274633068,1,1,fold_2
498,sub5,rest03,22,106,0,1.1752563773564129,0.7640938160873993,0.5,1,2.212136745452881,0.9013340473175049,1,2.3748337141913403e-06,2.172934133841555,9.479438613761568,1,1,0.7410330248250726,1,1,fold_2
499,sub5,rest03,23,107,0,1.040514509843896,0.7389492689050485,0.5,1,2.27838134765625,0.9070706963539124,1,2.3748337141913403e-06,2.172934133841555,9.479438613761568,1,1,0.7263537492901962,1,1,fold_2
500,sub5,rest03,24,108,0,0.9447393514215859,0.7200559894827702,0.5,1,2.6241698265075684,0.9324010610580444,1,2.3748337141913403e-06,2.172934133841555,9.479438613761568,1,1,0.7200559894827702,1,1,fold_2
1242,sub13,rest01,0,0,0,-1.3574009901493929,0.20466303419061577,0.5,0,-0.20793664455413818,0.44820234179496765,1,1.996830475777309e-06,3.9577046934381794,12.775863836896885,0,1,0.20633988351211419,0,1,fold_2
1243,sub13,rest01,1,1,0,-1.3198868206582095,0.2108371241871344,0.5,0,0.1773468255996704,0.5442208647727966,1,1.996830475777309e-06,3.9577046934381794,12.775863836896885,0,1,0.20365684508876225,0,1,fold_2
1244,sub13,rest01,2,2,0,-1.364440871927546,0.20351949215859244,0.5,0,0.23367094993591309,0.5581533908843994,1,1.996830475777309e-06,3.9577046934381794,12.775863836896885,0,1,0.1947147651477995,0,1,fold_2
1245,sub13,rest01,3,3,0,-1.4075933933770215,0.19661391892055993,0.5,0,0.2924649715423584,0.5725995302200317,1,1.996830475777309e-06,3.9577046934381794,12.775863836896885,0,1,0.1892638239026915,0,1,fold_2
1246,sub13,rest01,4,4,0,-1.4894061061805124,0.18401088436424617,0.5,0,-0.6533160209655762,0.34224265813827515,1,1.996830475777309e-06,3.9577046934381794,12.775863836896885,0,1,0.18667590724932137,0,1,fold_2
1247,sub13,rest01,5,5,0,-1.4685265894252968,0.18716666842326848,0.5,0,-0.8408233523368835,0.30136141180992126,1,1.996830475777309e-06,3.9577046934381794,12.775863836896885,0,1,0.18892421531665682,0,1,fold_2
1248,sub13,rest01,6,6,0,-1.4574988417202075,0.18885016896044954,0.5,0,-0.816586971282959,0.30648863315582275,1,1.996830475777309e-06,3.9577046934381794,12.775863836896885,0,1,0.1925729080261249,0,1,fold_2
1249,sub13,rest01,7,7,1,-1.4623809172797784,0.18810344020163494,0.5,0,-0.831689715385437,0.30328789353370667,1,1.996830475777309e-06,3.9577046934381794,12.775863836896885,0,1,,,,fold_2
1250,sub13,rest01,8,8,0,-1.4451065941649495,0.19075580856625238,0.5,0,-0.6994150876998901,0.3319419324398041,1,1.996830475777309e-06,3.9577046934381794,12.775863836896885,0,1,0.19415006212575292,0,1,fold_2
1251,sub13,rest01,9,9,0,-1.3981317205875896,0.19811274655167274,0.5,0,-0.6798321604728699,0.33629876375198364,1,1.996830475777309e-06,3.9577046934381794,12.775863836896885,0,1,0.19302926387422703,0,1,fold_2
1252,sub13,rest01,10,10,1,-1.369381731109765,0.202719755437925,0.5,0,-0.5685513019561768,0.36157119274139404,1,1.996830475777309e-06,3.9577046934381794,12.775863836896885,0,1,,,,fold_2
1253,sub13,rest01,11,11,0,-1.426903385271652,0.19358163125933367,0.5,0,-0.8441163897514343,0.30066853761672974,1,1.996830475777309e-06,3.9577046934381794,12.775863836896885,0,1,0.19093576064350845,0,1,fold_2
1254,sub13,rest01,12,12,0,-1.4670368644962302,0.18739341381167474,0.5,0,-0.7155777215957642,0.32836753129959106,1,1.996830475777309e-06,3.9577046934381794,12.775863836896885,0,1,0.1889647238840397,0,1,fold_2
1255,sub13,rest01,13,13,1,-1.4232329149824101,0.19415526476115694,0.5,0,-0.6100975275039673,0.3520369529724121,1,1.996830475777309e-06,3.9577046934381794,12.775863836896885,0,1,,,,fold_2
1256,sub13,rest01,14,14,0,-1.4381484409038052,0.1918322368595169,0.5,0,-0.6663868427276611,0.3393063545227051,1,1.996830475777309e-06,3.9577046934381794,12.775863836896885,0,1,0.18752726814842316,0,1,fold_2
1257,sub13,rest01,15,15,0,-1.4652312619375019,0.18766852098092748,0.5,0,-0.8198628425598145,0.30579277873039246,1,1.996830475777309e-06,3.9577046934381794,12.775863836896885,0,1,0.18507889731233754,0,1,fold_2
1258,sub13,rest01,16,16,1,-1.5116068342281324,0.1807007824800013,0.5,0,-0.4989132881164551,0.3777960538864136,1,1.996830475777309e-06,3.9577046934381794,12.775863836896885,0,1,,,,fold_2
1259,sub13,rest01,17,17,0,-1.4956109572665606,0.18308104660482516,0.5,0,-0.5443238615989685,0.36718231439590454,1,1.996830475777309e-06,3.9577046934381794,12.775863836896885,0,1,0.1851929974634312,0,1,fold_2
1260,sub13,rest01,18,18,0,-1.4862375362608116,0.18448712435126,0.5,0,-0.6402029395103455,0.34520065784454346,1,1.996830475777309e-06,3.9577046934381794,12.775863836896885,0,1,0.18766541872376727,0,1,fold_2
1261,sub13,rest01,19,19,0,-1.4629874911898084,0.18801082143420847,0.5,0,-0.360958456993103,0.4107275903224945,1,1.996830475777309e-06,3.9577046934381794,12.775863836896885,0,1,0.18968800765148083,0,1,fold_2
1262,sub13,rest01,20,20,0,-1.4467755351856235,0.19049831038583334,0.5,0,-0.3317493200302124,0.41781502962112427,1,1.996830475777309e-06,3.9577046934381794,12.775863836896885,0,1,0.18836561511046404,0,1,fold_2
1263,sub13,rest01,21,21,0,-1.4464086666292724,0.1905548911344007,0.5,0,0.029207468032836914,0.5073013305664062,1,1.996830475777309e-06,3.9577046934381794,12.775863836896885,0,1,0.1884175265335073,0,1,fold_2
1264,sub13,rest01,22,22,0,-1.4891879443623892,0.1840436438111581,0.5,0,-0.03410136699676514,0.49147549271583557,1,1.996830475777309e-06,3.9577046934381794,12.775863836896885,0,1,0.18845057770702808,0,1,fold_2
1265,sub13,rest01,23,23,0,-1.4457659577976931,0.19065404465496305,0.5,0,0.46822845935821533,0.6149643659591675,1,1.996830475777309e-06,3.9577046934381794,12.775863836896885,0,1,0.19065404465496305,0,1,fold_2
1266,sub13,rest02,0,24,0,-0.497506060281791,0.378126932634669,0.5,0,2.9143218994140625,0.9485498666763306,1,1.996830475777309e-06,3.9577046934381794,12.775863836896885,0,1,0.3178280472629545,0,1,fold_2
1267,sub13,rest02,1,25,0,-0.915623895802973,0.28585039415236435,0.5,0,2.1620349884033203,0.8967881202697754,1,1.996830475777309e-06,3.9577046934381794,12.775863836896885,0,1,0.284761643979361,0,1,fold_2
1268,sub13,rest02,2,26,0,-0.8977805183223277,0.28950681500183006,0.5,0,2.109178066253662,0.8917920589447021,1,1.996830475777309e-06,3.9577046934381794,12.775863836896885,0,1,0.284542698361356,0,1,fold_2
1269,sub13,rest02,3,27,0,-0.9497866879150347,0.2789277227838886,0.5,0,2.032439708709717,0.8841611742973328,1,1.996830475777309e-06,3.9577046934381794,12.775863836896885,0,1,0.29273327756066503,0,1,fold_2
1270,sub13,rest02,4,28,0,-0.9188436983704031,0.28519355729834933,0.5,0,1.7518731355667114,0.8521888852119446,1,1.996830475777309e-06,3.9577046934381794,12.775863836896885,0,1,0.38529498035659976,0,1,fold_2
1271,sub13,rest02,5,29,0,-0.7811199908696851,0.31407855259975714,0.5,0,2.1122589111328125,0.8920890092849731,1,1.996830475777309e-06,3.9577046934381794,12.775863836896885,0,1,0.4690995691943387,0,1,fold_2
1272,sub13,rest02,6,30,0,0.22742654297336504,0.556612831171693,0.5,1,4.076288223266602,0.9833127856254578,1,1.996830475777309e-06,3.9577046934381794,12.775863836896885,0,0,0.5155313191767631,1,0,fold_2
1273,sub13,rest02,7,31,0,0.14669177908784345,0.5366073238115661,0.5,1,4.082311630249023,0.9834113717079163,1,1.996830475777309e-06,3.9577046934381794,12.775863836896885,0,0,0.42704014219035485,0,1,fold_2
1274,sub13,rest02,8,32,0,-0.18704824395844213,0.4533738025470303,0.5,0,3.241644859313965,0.9623717069625854,1,1.996830475777309e-06,3.9577046934381794,12.775863836896885,0,1,0.3437287291648949,0,1,fold_2
1275,sub13,rest02,9,33,0,-0.889857185500106,0.2911393002124681,0.5,0,2.327507495880127,0.9111297130584717,1,1.996830475777309e-06,3.9577046934381794,12.775863836896885,0,1,0.3268448656414807,0,1,fold_2
1276,sub13,rest02,10,34,0,-0.9115973330750573,0.2866730847351862,0.5,0,2.2680106163024902,0.9061928391456604,1,1.996830475777309e-06,3.9577046934381794,12.775863836896885,0,1,0.35378471316381616,0,1,fold_2
1277,sub13,rest02,11,35,0,-0.39413528777835044,0.40272221197678787,0.5,0,3.391216278076172,0.9674289226531982,1,1.996830475777309e-06,3.9577046934381794,12.775863836896885,0,1,0.37402572708907167,0,1,fold_2
1278,sub13,rest02,12,36,0,-0.5238224908333429,0.3719588427794745,0.5,0,3.3809237480163574,0.9671030044555664,1,1.996830475777309e-06,3.9577046934381794,12.775863836896885,0,1,0.32215999968238357,0,1,fold_2
1279,sub13,rest02,13,37,0,-0.6305046158084805,0.34739612651095253,0.5,0,3.0052151679992676,0.9528091549873352,1,1.996830475777309e-06,3.9577046934381794,12.775863836896885,0,1,0.2662823037459937,0,1,fold_2
1280,sub13,rest02,14,38,0,-1.1140047699373608,0.2471250297567235,0.5,0,1.914781928062439,0.8715554475784302,1,1.996830475777309e-06,3.9577046934381794,12.775863836896885,0,1,0.2194934441227019,0,1,fold_2
1281,sub13,rest02,15,39,0,-1.3594743038267967,0.20432575497030517,0.5,0,1.2498935461044312,0.7772814631462097,1,1.996830475777309e-06,3.9577046934381794,12.775863836896885,0,1,0.20684782938348945,0,1,fold_2
1282,sub13,rest02,16,40,0,-1.3429244350531304,0.2070295476410769,0.5,0,1.3096147775650024,0.7874486446380615,1,1.996830475777309e-06,3.9577046934381794,12.775863836896885,0,1,0.21371391701876816,0,1,fold_2
1283,sub13,rest02,17,41,0,-1.3298257749522113,0.20918818553908622,0.5,0,1.1699551343917847,0.7631368637084961,1,1.996830475777309e-06,3.9577046934381794,12.775863836896885,0,1,0.2274961040540012,0,1,fold_2
1284,sub13,rest02,18,42,0,-1.2371984191545,0.2249240178761413,0.5,0,1.2973698377609253,0.7853920459747314,1,1.996830475777309e-06,3.9577046934381794,12.775863836896885,0,1,0.28367953551651875,0,1,fold_2
1285,sub13,rest02,19,43,0,-1.1072918893605892,0.24837610874677613,0.5,0,1.612937569618225,0.8338188529014587,1,1.996830475777309e-06,3.9577046934381794,12.775863836896885,0,1,0.350283956038965,0,1,fold_2
1286,sub13,rest02,20,44,0,-0.49915835051985674,0.37773847992663884,0.5,0,3.0819106101989746,0.956140398979187,1,1.996830475777309e-06,3.9577046934381794,12.775863836896885,0,1,0.3941808344926347,0,1,fold_2
1287,sub13,rest02,21,45,0,-0.3033560299978996,0.42473727944347994,0.5,0,3.781996726989746,0.9777300357818604,1,1.996830475777309e-06,3.9577046934381794,12.775863836896885,0,1,0.34773167554975276,0,1,fold_2
1288,sub13,rest02,22,46,0,-0.4892649407714956,0.3800667441077853,0.5,0,3.3008995056152344,0.9644596576690674,1,1.996830475777309e-06,3.9577046934381794,12.775863836896885,0,1,0.28097874058761657,0,1,fold_2
1289,sub13,rest02,23,47,0,-1.1615211007703712,0.23839100309799302,0.5,0,1.8441451787948608,0.8634382486343384,1,1.996830475777309e-06,3.9577046934381794,12.775863836896885,0,1,0.22643878507734025,0,1,fold_2
1290,sub13,rest02,24,48,0,-1.2397559182091291,0.22447847455707143,0.5,0,1.4402774572372437,0.8084976077079773,1,1.996830475777309e-06,3.9577046934381794,12.775863836896885,0,1,0.218730238372154,0,1,fold_2
1291,sub13,rest02,25,49,0,-1.2864937127559788,0.2164468775769562,0.5,0,1.0943723917007446,0.749204158782959,1,1.996830475777309e-06,3.9577046934381794,12.775863836896885,0,1,0.20871319488269516,0,1,fold_2
1292,sub13,rest02,26,50,0,-1.2934741051158654,0.21526536298243437,0.5,0,1.0702489614486694,0.7446442246437073,1,1.996830475777309e-06,3.9577046934381794,12.775863836896885,0,1,0.2185817586379997,0,1,fold_2
1293,sub13,rest02,27,51,0,-1.421494857287749,0.19442734408869491,0.5,0,0.9585133790969849,0.7228240370750427,1,1.996830475777309e-06,3.9577046934381794,12.775863836896885,0,1,0.2782934356240829,0,1,fold_2
1294,sub13,rest02,28,52,0,-1.1197774380404915,0.24605256884286988,0.5,0,1.6672834157943726,0.8412133455276489,1,1.996830475777309e-06,3.9577046934381794,12.775863836896885,0,1,0.3362332560435774,0,1,fold_2
1295,sub13,rest02,29,53,0,-0.4288524300631347,0.3944003939406839,0.5,0,2.8584866523742676,0.945755660533905,1,1.996830475777309e-06,3.9577046934381794,12.775863836896885,0,1,0.3558441258908174,0,1,fold_2
1296,sub13,rest02,30,54,0,-0.5397454230094514,0.36824680534717835,0.5,0,2.516237258911133,0.9252722263336182,1,1.996830475777309e-06,3.9577046934381794,12.775863836896885,0,1,0.2944157432423823,0,1,fold_2
1297,sub13,rest02,31,55,0,-0.8241418014622773,0.30488517838458984,0.5,0,1.9481381177902222,0.8752434253692627,1,1.996830475777309e-06,3.9577046934381794,12.775863836896885,0,1,0.24170522345844905,0,1,fold_2
1298,sub13,rest02,32,56,0,-1.3242308831713476,0.21011524599537865,0.5,0,1.1096185445785522,0.7520579695701599,1,1.996830475777309e-06,3.9577046934381794,12.775863836896885,0,1,0.21011524599537865,0,1,fold_2
1299,sub13,task02,0,57,0,0.3341114107859472,0.5827594088536252,0.5,1,4.682219982147217,0.9908265471458435,1,1.996830475777309e-06,3.9577046934381794,12.775863836896885,1,1,0.6021145727618246,1,1,fold_2
1300,sub13,task02,1,58,0,0.519918589282336,0.6271287295675394,0.5,1,5.180494785308838,0.9944062232971191,1,1.996830475777309e-06,3.9577046934381794,12.775863836896885,1,1,0.6239526294494863,1,1,fold_2
1301,sub13,task02,2,59,0,0.39071820208103375,0.5964555798643091,0.5,1,4.737107753753662,0.9913122057914734,1,1.996830475777309e-06,3.9577046934381794,12.775863836896885,1,1,0.5982874500791443,1,1,fold_2
1302,sub13,task02,3,60,0,0.6114591363610727,0.6482735789166103,0.5,1,4.7688751220703125,0.9915814995765686,1,1.996830475777309e-06,3.9577046934381794,12.775863836896885,1,1,0.5221120646087786,1,1,fold_2
1303,sub13,task02,4,61,0,0.2012088572546989,0.5501331914565134,0.5,1,3.7582898139953613,0.9772080779075623,1,1.996830475777309e-06,3.9577046934381794,12.775863836896885,1,1,0.3813919647233253,0,0,fold_2
1304,sub13,task02,5,62,0,-0.5411099239818014,0.367929423453212,0.5,0,2.3461904525756836,0.9126309752464294,1,1.996830475777309e-06,3.9577046934381794,12.775863836896885,1,0,0.3004290466651138,0,0,fold_2
1305,sub13,task02,6,63,0,-1.2303893978848217,0.22611327926025054,0.5,0,1.449752688407898,0.8099603652954102,1,1.996830475777309e-06,3.9577046934381794,12.775863836896885,1,0,0.33688323679950294,0,0,fold_2
1306,sub13,task02,7,64,0,-0.8130335701952961,0.30724443728187883,0.5,0,2.1088976860046387,0.8917649984359741,1,1.996830475777309e-06,3.9577046934381794,12.775863836896885,1,0,0.47631240855749385,0,0,fold_2
1307,sub13,task02,8,65,0,-0.0908945524489921,0.47729199385637955,0.5,0,3.814413070678711,0.978425145149231,1,1.996830475777309e-06,3.9577046934381794,12.775863836896885,1,0,0.6123401428450675,1,1,fold_2
1308,sub13,task02,9,66,0,0.5945166149959814,0.6444007945342233,0.5,1,4.6164069175720215,0.9902085065841675,1,1.996830475777309e-06,3.9577046934381794,12.775863836896885,1,1,0.6527174303556881,1,1,fold_2
1309,sub13,task02,10,67,0,0.9214017712870177,0.7153276401445996,0.5,1,5.32091760635376,0.995135486125946,1,1.996830475777309e-06,3.9577046934381794,12.775863836896885,1,1,0.6377995716832231,1,1,fold_2
1310,sub13,task02,11,68,0,0.39890212956866633,0.5984238563882415,0.5,1,3.8457765579223633,0.9790772795677185,1,1.996830475777309e-06,3.9577046934381794,12.775863836896885,1,1,0.6126580127160876,1,1,fold_2
1311,sub13,task02,12,69,0,0.40399540103262654,0.5996472185168285,0.5,1,4.466445446014404,0.9886423945426941,1,1.996830475777309e-06,3.9577046934381794,12.775863836896885,1,1,0.6795761725332672,1,1,fold_2
1312,sub13,task02,13,70,0,0.5749430032500449,0.6399029632431931,0.5,1,4.091406345367432,0.9835590720176697,1,1.996830475777309e-06,3.9577046934381794,12.775863836896885,1,1,0.7436134459431112,1,1,fold_2
1313,sub13,task02,14,71,0,1.381166848417279,0.7991783358397799,0.5,1,6.7627482414245605,0.9988452196121216,1,1.996830475777309e-06,3.9577046934381794,12.775863836896885,1,1,0.7977087808525353,1,1,fold_2
1314,sub13,task02,15,72,0,1.3355612247545778,0.7917590387463608,0.5,1,7.160157680511475,0.9992237091064453,1,1.996830475777309e-06,3.9577046934381794,12.775863836896885,1,1,0.7851809894704301,1,1,fold_2
1315,sub13,task02,16,73,0,1.4000320097381456,0.8021889679714655,0.5,1,7.557420253753662,0.9994780421257019,1,1.996830475777309e-06,3.9577046934381794,12.775863836896885,1,1,0.7682349413448865,1,1,fold_2
1316,sub13,task02,17,74,0,1.1614437992277575,0.7615949616934642,0.5,1,7.296189785003662,0.9993224143981934,1,1.996830475777309e-06,3.9577046934381794,12.775863836896885,1,1,0.7583498084547345,1,1,fold_2
1317,sub13,task02,18,75,0,1.050760422150743,0.7409208943697292,0.5,1,6.878397464752197,0.9989712238311768,1,1.996830475777309e-06,3.9577046934381794,12.775863836896885,1,1,0.7341086105930956,1,1,fold_2
1318,sub13,task02,19,76,0,1.2226727930973116,0.77253356930101,0.5,1,6.66847562789917,0.9987313151359558,1,1.996830475777309e-06,3.9577046934381794,12.775863836896885,1,1,0.6918671907690584,1,1,fold_2
1319,sub13,task02,20,77,0,0.7948481259474136,0.6888713681085478,0.5,1,4.73199462890625,0.9912680387496948,1,1.996830475777309e-06,3.9577046934381794,12.775863836896885,1,1,0.5436464604422562,1,1,fold_2
1320,sub13,task02,21,78,0,0.4649873063187895,0.6141966348976172,0.5,1,3.892613410949707,0.9800155758857727,1,1.996830475777309e-06,3.9577046934381794,12.775863836896885,1,1,0.472642541992214,0,0,fold_2
1321,sub13,task02,22,79,0,-0.7178283313058994,0.3278713783206034,0.5,0,1.9065934419631958,0.870635986328125,1,1.996830475777309e-06,3.9577046934381794,12.775863836896885,1,0,0.44627868538653015,0,0,fold_2
1322,sub13,task02,23,80,0,-0.09663668347062561,0.4758596127584213,0.5,0,3.086461067199707,0.9563308358192444,1,1.996830475777309e-06,3.9577046934381794,12.775863836896885,1,0,0.5725786340477744,1,1,fold_2
1323,sub13,task02,24,81,0,0.14065167729568395,0.5351050650805659,0.5,1,3.6277337074279785,0.9741116166114807,1,1.996830475777309e-06,3.9577046934381794,12.775863836896885,1,1,0.6359644725273291,1,1,fold_2
1324,sub13,task02,25,82,0,0.8797539182044007,0.7067712243043361,0.5,1,5.096510410308838,0.9939191341400146,1,1.996830475777309e-06,3.9577046934381794,12.775863836896885,1,1,0.7073867184563855,1,1,fold_2
1325,sub13,task02,26,83,0,0.6902256785887968,0.6660171281970853,0.5,1,4.675876140594482,0.9907686114311218,1,1.996830475777309e-06,3.9577046934381794,12.775863836896885,1,1,0.7325516293809912,1,1,fold_2
1326,sub13,task02,27,84,0,1.095264704757391,0.749371802867735,0.5,1,6.044926166534424,0.9976357221603394,1,1.996830475777309e-06,3.9577046934381794,12.775863836896885,1,1,0.7831917708624561,1,1,fold_2
1327,sub13,task02,28,85,0,1.2789204498877262,0.7822659570781532,0.5,1,6.624501705169678,0.9986743927001953,1,1.996830475777309e-06,3.9577046934381794,12.775863836896885,1,1,0.8066328212962858,1,1,fold_2
1328,sub13,task02,29,86,0,1.5024362465945003,0.81793755264148,0.5,1,8.650259971618652,0.9998249411582947,1,1.996830475777309e-06,3.9577046934381794,12.775863836896885,1,1,0.8183453130525367,1,1,fold_2
1329,sub13,task02,30,87,0,1.5142821483678266,0.8196949541692242,0.5,1,8.448948860168457,0.9997859597206116,1,1.996830475777309e-06,3.9577046934381794,12.775863836896885,1,1,0.8167863291545615,1,1,fold_2
1330,sub13,task02,31,88,0,1.4988535993208343,0.8174034323469057,0.5,1,8.582864761352539,0.9998127818107605,1,1.996830475777309e-06,3.9577046934381794,12.775863836896885,1,1,0.8116024412451442,1,1,fold_2
1331,sub13,task02,32,89,0,1.4713375436030423,0.8132606009475548,0.5,1,8.53620433807373,0.9998038411140442,1,1.996830475777309e-06,3.9577046934381794,12.775863836896885,1,1,0.8055729826394756,1,1,fold_2
1332,sub13,task02,33,90,0,1.4123941570534233,0.8041432904409725,0.5,1,8.786360740661621,0.9998471736907959,1,1.996830475777309e-06,3.9577046934381794,12.775863836896885,1,1,0.795534582283732,1,1,fold_2
1333,sub13,task02,34,91,0,1.3820189486905083,0.7993150565298996,0.5,1,8.668085098266602,0.9998279809951782,1,1.996830475777309e-06,3.9577046934381794,12.775863836896885,1,1,0.785224442316781,1,1,fold_2
1334,sub13,task02,35,92,0,1.2840912912112996,0.7831453998803237,0.5,1,9.064213752746582,0.9998842477798462,1,1.996830475777309e-06,3.9577046934381794,12.775863836896885,1,1,0.7765237136535211,1,1,fold_2
1335,sub13,task02,36,93,0,1.226542571175295,0.7732128705401198,0.5,1,9.308920860290527,0.9999094009399414,1,1.996830475777309e-06,3.9577046934381794,12.775863836896885,1,1,0.7732128705401197,1,1,fold_2
1336,sub13,rest04,0,94,0,-1.287134080640102,0.21633829242397246,0.5,0,1.0008739233016968,0.7312303185462952,1,1.996830475777309e-06,3.9577046934381794,12.775863836896885,1,0,0.3298665687455626,0,0,fold_2
1337,sub13,rest04,1,95,0,-0.5400209172226959,0.36818271639820793,0.5,0,2.383652687072754,0.9155722260475159,1,1.996830475777309e-06,3.9577046934381794,12.775863836896885,1,0,0.48732344511981607,0,0,fold_2
1338,sub13,rest04,2,96,0,-0.3843477694020802,0.40507869741450736,0.5,0,2.6751627922058105,0.9355450868606567,1,1.996830475777309e-06,3.9577046934381794,12.775863836896885,1,0,0.5353503354612789,1,1,fold_2
1339,sub13,rest04,3,97,0,0.7940902986142768,0.688708921546733,0.5,1,4.717430114746094,0.9911410808563232,1,1.996830475777309e-06,3.9577046934381794,12.775863836896885,1,1,0.5866581153138104,1,1,fold_2
1340,sub13,rest04,4,98,0,0.0490633895038626,0.512263387422596,0.5,1,3.1052193641662598,0.9571074843406677,1,1.996830475777309e-06,3.9577046934381794,12.775863836896885,1,1,0.5644942546828597,1,1,fold_2
1341,sub13,rest04,5,99,0,0.23711286065388923,0.5590020369721023,0.5,1,3.6332669258117676,0.9742509126663208,1,1.996830475777309e-06,3.9577046934381794,12.775863836896885,1,1,0.6085246955012601,1,1,fold_2
1342,sub13,rest04,6,100,0,0.4989703947412761,0.6222173396538808,0.5,1,3.8157782554626465,0.9784538745880127,1,1.996830475777309e-06,3.9577046934381794,12.775863836896885,1,1,0.6117039829723935,1,1,fold_2
1343,sub13,rest04,7,101,0,0.5943155081317637,0.644354709877797,0.5,1,4.212430477142334,0.9854058027267456,1,1.996830475777309e-06,3.9577046934381794,12.775863836896885,1,1,0.6086473546856762,1,1,fold_2
1344,sub13,rest04,8,102,0,0.2758964548056405,0.5685398993855023,0.5,1,3.3488144874572754,0.9660660028457642,1,1.996830475777309e-06,3.9577046934381794,12.775863836896885,1,1,0.6097460033601253,1,1,fold_2
1345,sub13,rest04,9,103,0,0.4601402836539896,0.6130474547937294,0.5,1,3.5598368644714355,0.9723432064056396,1,1.996830475777309e-06,3.9577046934381794,12.775863836896885,1,1,0.6337788098706166,1,1,fold_2
1346,sub13,rest04,10,104,0,0.608728301449178,0.6476506559011443,0.5,1,4.0001397132873535,0.9820162653923035,1,1.996830475777309e-06,3.9577046934381794,12.775863836896885,1,1,0.5230030991124155,1,1,fold_2
1347,sub13,rest04,11,105,0,0.5781357030845699,0.6406383189169762,0.5,1,3.913276195526123,0.9804162383079529,1,1.996830475777309e-06,3.9577046934381794,12.775863836896885,1,1,0.46979019917138626,0,0,fold_2
1348,sub13,rest04,12,106,0,-0.9408913831107871,0.280720322519126,0.5,0,1.7464851140975952,0.8515089154243469,1,1.996830475777309e-06,3.9577046934381794,12.775863836896885,1,0,0.48756632541194683,0,0,fold_2
1349,sub13,rest04,13,107,0,-0.04796136733892261,0.48801195607805664,0.5,0,2.8924760818481445,0.9474732875823975,1,1.996830475777309e-06,3.9577046934381794,12.775863836896885,1,0,0.6251338011041083,1,1,fold_2
1350,sub13,rest04,14,108,0,0.8187300459670839,0.6939666976386578,0.5,1,4.685173988342285,0.9908533692359924,1,1.996830475777309e-06,3.9577046934381794,12.775863836896885,1,1,0.6775496352189005,1,1,fold_2
1351,sub13,rest04,15,109,0,0.8161700773842908,0.6934227495956106,0.5,1,4.888153076171875,0.9925210475921631,1,1.996830475777309e-06,3.9577046934381794,12.775863836896885,1,1,0.6307817110527992,1,1,fold_2
1352,sub13,rest04,16,110,0,0.5982658435654856,0.6452594584224329,0.5,1,4.4609198570251465,0.9885801672935486,1,1.996830475777309e-06,3.9577046934381794,12.775863836896885,1,1,0.6436094946930936,1,1,fold_2
1353,sub13,rest04,17,111,0,0.21548162340353003,0.5536629251403543,0.5,1,3.6367783546447754,0.9743388295173645,1,1.996830475777309e-06,3.9577046934381794,12.775863836896885,1,1,0.6662305120156331,1,1,fold_2
1354,sub13,rest04,18,112,0,1.0043149373977416,0.7319061005164934,0.5,1,5.6947922706604,0.9966477751731873,1,1.996830475777309e-06,3.9577046934381794,12.775863836896885,1,1,0.6939183639019669,1,1,fold_2
1355,sub13,rest04,19,113,0,0.910597970327179,0.7131225103900516,0.5,1,5.292530536651611,0.994996190071106,1,1.996830475777309e-06,3.9577046934381794,12.775863836896885,1,1,0.5588038496101201,1,1,fold_2
1356,sub13,rest04,20,114,0,0.5611841299097058,0.6367264807993559,0.5,1,4.47861909866333,0.988778293132782,1,1.996830475777309e-06,3.9577046934381794,12.775863836896885,1,1,0.39801799494279594,0,0,fold_2
1357,sub13,rest04,21,115,0,-0.7237735760386337,0.3265625576409528,0.5,0,2.082472801208496,0.8891879320144653,1,1.996830475777309e-06,3.9577046934381794,12.775863836896885,1,0,0.27335402198937403,0,0,fold_2
1358,sub13,rest04,22,116,0,-1.203996939829924,0.230764946388079,0.5,0,1.123426079750061,0.7546236515045166,1,1.996830475777309e-06,3.9577046934381794,12.775863836896885,1,0,0.2520780234220866,0,0,fold_2
1359,sub13,rest04,23,117,0,-1.0318037352103364,0.26273456193909034,0.5,0,1.6826237440109253,0.8432515859603882,1,1.996830475777309e-06,3.9577046934381794,12.775863836896885,1,0,0.26273456193909034,0,0,fold_2
1468,sub15,rest01,0,0,0,-1.2841372539511524,0.21684679442970745,0.5,0,-0.8471692800521851,0.3000270128250122,1,4.2989464681579285e-06,2.8507133667897153,9.812113707152447,0,1,0.24001653649541396,0,1,fold_2
1469,sub15,rest01,1,1,0,-1.3302240984852929,0.2091222991120164,0.5,0,-0.8696396946907043,0.2953292727470398,1,4.2989464681579285e-06,2.8507133667897153,9.812113707152447,0,1,0.26145157814691683,0,1,fold_2
1470,sub15,rest01,2,2,0,-0.8756475921406832,0.29408051594451806,0.5,0,-0.9615075588226318,0.2765764594078064,1,4.2989464681579285e-06,2.8507133667897153,9.812113707152447,0,1,0.29904949552006094,0,1,fold_2
1471,sub15,rest01,3,3,0,-0.9387548811694566,0.2811519193842161,0.5,0,-1.0447334051132202,0.2602377235889435,1,4.2989464681579285e-06,2.8507133667897153,9.812113707152447,0,1,0.26811880067019184,0,1,fold_2
1472,sub15,rest01,4,4,0,-0.7449802974260618,0.3219160512314488,0.5,0,-0.9923557043075562,0.2704470157623291,1,4.2989464681579285e-06,2.8507133667897153,9.812113707152447,0,1,0.23647392815858756,0,1,fold_2
1473,sub15,rest01,5,5,0,-1.378261028591339,0.20128843139491073,0.5,0,-1.0436241626739502,0.2604513168334961,1,4.2989464681579285e-06,2.8507133667897153,9.812113707152447,0,1,0.1821542283059107,0,1,fold_2
1474,sub15,rest01,6,6,0,-1.474779093467611,0.1862173018494031,0.5,0,-1.0413093566894531,0.2608974277973175,1,4.2989464681579285e-06,2.8507133667897153,9.812113707152447,0,1,0.17116871385909285,0,1,fold_2
1475,sub15,rest01,7,7,1,-1.5342513846471977,0.17737250878797284,0.5,0,-1.036272406578064,0.261869877576828,1,4.2989464681579285e-06,2.8507133667897153,9.812113707152447,0,1,,,,fold_2
1476,sub15,rest01,8,8,0,-1.6660094243637125,0.15895695167341833,0.5,0,-1.0154367685317993,0.26591721177101135,1,4.2989464681579285e-06,2.8507133667897153,9.812113707152447,0,1,0.1692580210236608,0,1,fold_2
1477,sub15,rest01,9,9,0,-1.5974959025709858,0.16833188805445712,0.5,0,-1.0608909130096436,0.2571392357349396,1,4.2989464681579285e-06,2.8507133667897153,9.812113707152447,0,1,0.22097361785429795,0,1,fold_2
1478,sub15,rest01,10,10,1,-1.4689374396493111,0.18710417163189344,0.5,0,-1.0499298572540283,0.2592385709285736,1,4.2989464681579285e-06,2.8507133667897153,9.812113707152447,0,1,,,,fold_2
1479,sub15,rest01,11,11,0,-1.5130635200426457,0.18048522334310693,0.5,0,-1.116373896598816,0.24668452143669128,1,4.2989464681579285e-06,2.8507133667897153,9.812113707152447,0,1,0.3429228288257824,0,1,fold_2
1480,sub15,rest01,12,12,0,-0.7810030682402128,0.31410374216532977,0.5,0,-1.060988426208496,0.25712060928344727,1,4.2989464681579285e-06,2.8507133667897153,9.812113707152447,0,1,0.38351600252437285,0,1,fold_2
1481,sub15,rest01,13,13,1,0.11505615384399402,0.5287323490773227,0.5,0,-0.8139929175376892,0.3070403039455414,1,4.2989464681579285e-06,2.8507133667897153,9.812113707152447,0,1,,,,fold_2
1482,sub15,rest01,14,14,0,0.13693164228188098,0.5341795209689105,0.5,1,-0.8102976679801941,0.30782705545425415,1,4.2989464681579285e-06,2.8507133667897153,9.812113707152447,0,0,0.3477741540714223,0,1,fold_2
1483,sub15,rest01,15,15,0,-0.8365364702189602,0.3022647444388782,0.5,0,-1.0397334098815918,0.2612014412879944,1,4.2989464681579285e-06,2.8507133667897153,9.812113707152447,0,1,0.2240241399067107,0,1,fold_2
1484,sub15,rest01,16,16,1,-1.3539104816971508,0.2052317912024953,0.5,0,-1.0341227054595947,0.26228559017181396,1,4.2989464681579285e-06,2.8507133667897153,9.812113707152447,0,1,,,,fold_2
1485,sub15,rest01,17,17,0,-1.343846608961148,0.20687819680647815,0.5,0,-1.0756711959838867,0.25432607531547546,1,4.2989464681579285e-06,2.8507133667897153,9.812113707152447,0,1,0.1769326705851206,0,1,fold_2
1486,sub15,rest01,18,18,0,-1.6365908622541465,0.1629294784747758,0.5,0,-1.0474343299865723,0.25971806049346924,1,4.2989464681579285e-06,2.8507133667897153,9.812113707152447,0,1,0.16155958718875185,0,1,fold_2
1487,sub15,rest01,19,19,0,-1.6508778830270374,0.16099033647410788,0.5,0,-0.9616633057594299,0.27654531598091125,1,4.2989464681579285e-06,2.8507133667897153,9.812113707152447,0,1,0.1599811528326611,0,1,fold_2
1488,sub15,rest01,20,20,0,-1.6525919585077116,0.16075894661737186,0.5,0,-0.9107731580734253,0.28684163093566895,1,4.2989464681579285e-06,2.8507133667897153,9.812113707152447,0,1,0.15903850009946272,0,1,fold_2
1489,sub15,rest01,21,21,0,-1.6717261387806168,0.15819417540650352,0.5,0,-0.9696662425994873,0.27494701743125916,1,4.2989464681579285e-06,2.8507133667897153,9.812113707152447,0,1,0.16153851807988315,0,1,fold_2
1490,sub15,rest01,22,22,0,-1.6719649314455267,0.1581623782745127,0.5,0,-0.9830021858215332,0.2722964882850647,1,4.2989464681579285e-06,2.8507133667897153,9.812113707152447,0,1,0.16489345979725967,0,1,fold_2
1491,sub15,rest01,23,23,0,-1.5980166313674213,0.16825900055863316,0.5,0,-0.9453827738761902,0.27981433272361755,1,4.2989464681579285e-06,2.8507133667897153,9.812113707152447,0,1,0.16825900055863316,0,1,fold_2
1492,sub15,rest02,0,24,0,-0.9154139367502356,0.28589325710919317,0.5,0,-0.9143155217170715,0.2861175537109375,1,4.2989464681579285e-06,2.8507133667897153,9.812113707152447,0,1,0.29870234354179775,0,1,fold_2
1493,sub15,rest02,1,25,0,-0.7855443250260653,0.31312618901389533,0.5,0,-0.9356157183647156,0.28178679943084717,1,4.2989464681579285e-06,2.8507133667897153,9.812113707152447,0,1,0.272896187701938,0,1,fold_2
1494,sub15,rest02,2,26,0,-0.8612053046316366,0.29708758450230494,0.5,0,-0.9764404296875,0.27359864115715027,1,4.2989464681579285e-06,2.8507133667897153,9.812113707152447,0,1,0.3134057666483308,0,1,fold_2
1495,sub15,rest02,3,27,0,-1.3341436095592962,0.20847478958961374,0.5,0,-1.0627766847610474,0.25677916407585144,1,4.2989464681579285e-06,2.8507133667897153,9.812113707152447,0,1,0.44867518506436904,0,1,fold_2
1496,sub15,rest02,4,28,0,-0.2628838530371939,0.43465492585307375,0.5,0,-0.8496346473693848,0.2995094954967499,1,4.2989464681579285e-06,2.8507133667897153,9.812113707152447,0,1,0.6498606673545885,1,0,fold_2
1497,sub15,rest02,5,29,0,0.8611259302408591,0.7028958397504197,0.5,1,-0.4750230312347412,0.38342803716659546,1,4.2989464681579285e-06,2.8507133667897153,9.812113707152447,0,0,0.761100154171317,1,0,fold_2
1498,sub15,rest02,6,30,0,1.4632630103280628,0.8120312364602721,0.5,1,-0.17397737503051758,0.45661503076553345,1,4.2989464681579285e-06,2.8507133667897153,9.812113707152447,0,0,0.7532211721707345,1,0,fold_2
1499,sub15,rest02,7,31,0,1.1991491436510715,0.7683733863032598,0.5,1,-0.4555790424346924,0.3880350887775421,1,4.2989464681579285e-06,2.8507133667897153,9.812113707152447,0,0,0.6096334013729106,1,0,fold_2
1500,sub15,rest02,8,32,0,0.7503680665700778,0.6792588937486715,0.5,1,-0.3808763027191162,0.4059155583381653,1,4.2989464681579285e-06,2.8507133667897153,9.812113707152447,0,0,0.4365210718238313,0,1,fold_2
1501,sub15,rest02,9,33,0,-0.4841700045123402,0.38126792406680016,0.5,0,-0.7583124041557312,0.31901276111602783,1,4.2989464681579285e-06,2.8507133667897153,9.812113707152447,0,1,0.332823899105208,0,1,fold_2
1502,sub15,rest02,10,34,0,-1.1037581238948666,0.24903639765602237,0.5,0,-0.9517494440078735,0.27853310108184814,1,4.2989464681579285e-06,2.8507133667897153,9.812113707152447,0,1,0.4011035490693094,0,1,fold_2
1503,sub15,rest02,11,35,0,-0.5400868645253526,0.36816737559280144,0.5,0,-0.9376649260520935,0.2813722491264343,1,4.2989464681579285e-06,2.8507133667897153,9.812113707152447,0,1,0.5761153954318113,1,0,fold_2
1504,sub15,rest02,12,36,0,0.34789436087854664,0.5861068739591044,0.5,1,-0.7821363806724548,0.31385964155197144,1,4.2989464681579285e-06,2.8507133667897153,9.812113707152447,0,0,0.7093288752968664,1,0,fold_2
1505,sub15,rest02,13,37,0,1.2314481663721801,0.7740719367435279,0.5,1,-0.4549429416656494,0.38818615674972534,1,4.2989464681579285e-06,2.8507133667897153,9.812113707152447,0,0,0.7568904174380164,1,0,fold_2
1506,sub15,rest02,14,38,0,1.1959740496344664,0.7678078151879667,0.5,1,-0.5126873850822449,0.37456372380256653,1,4.2989464681579285e-06,2.8507133667897153,9.812113707152447,0,0,0.7472858734394247,1,0,fold_2
1507,sub15,rest02,15,39,0,0.9884997870475482,0.7287915003825548,0.5,1,-0.21010041236877441,0.44766727089881897,1,4.2989464681579285e-06,2.8507133667897153,9.812113707152447,0,0,0.7467622554437171,1,0,fold_2
1508,sub15,rest02,16,40,0,1.073480804096237,0.7452583047477525,0.5,1,-0.32018816471099854,0.4206298589706421,1,4.2989464681579285e-06,2.8507133667897153,9.812113707152447,0,0,0.7186370982609191,1,0,fold_2
1509,sub15,rest02,17,41,0,1.1871835231562229,0.766236961200844,0.5,1,-0.2299124002456665,0.4427737891674042,1,4.2989464681579285e-06,2.8507133667897153,9.812113707152447,0,0,0.6009747089894649,1,0,fold_2
1510,sub15,rest02,18,42,0,0.5945830978756109,0.6444160288341608,0.5,1,-0.6581988334655762,0.341144323348999,1,4.2989464681579285e-06,2.8507133667897153,9.812113707152447,0,0,0.4573723634704947,0,1,fold_2
1511,sub15,rest02,19,43,0,-0.4377755570543293,0.39227113693338994,0.5,0,-0.8688715100288391,0.29548919200897217,1,4.2989464681579285e-06,2.8507133667897153,9.812113707152447,0,1,0.45523119426632935,0,1,fold_2
1512,sub15,rest02,20,44,0,-0.6837272621863266,0.33542992464393345,0.5,0,-0.8438916206359863,0.3007158041000366,1,4.2989464681579285e-06,2.8507133667897153,9.812113707152447,0,1,0.5316372628016562,1,0,fold_2
1513,sub15,rest02,21,45,0,0.5666616898319629,0.6379925212216647,0.5,1,-0.5251661539077759,0.3716450333595276,1,4.2989464681579285e-06,2.8507133667897153,9.812113707152447,0,0,0.6011337067412966,1,0,fold_2
1514,sub15,rest02,22,46,0,0.49587453326156933,0.6214893425393706,0.5,1,-0.6380478739738464,0.34568795561790466,1,4.2989464681579285e-06,2.8507133667897153,9.812113707152447,0,0,0.5498163364714738,1,0,fold_2
1515,sub15,rest02,23,47,0,0.17613094722011827,0.5439192564628546,0.5,1,-0.6769289374351501,0.33694708347320557,1,4.2989464681579285e-06,2.8507133667897153,9.812113707152447,0,0,0.5456993081588649,1,0,fold_2
1516,sub15,rest02,24,48,0,-0.06386005184398319,0.48404041041219603,0.5,0,-0.6438108682632446,0.3443855941295624,1,4.2989464681579285e-06,2.8507133667897153,9.812113707152447,0,1,0.5674389752050949,1,0,fold_2
1517,sub15,rest02,25,49,0,0.44369136846992285,0.6091382576015443,0.5,1,-0.13123857975006104,0.4672373831272125,1,4.2989464681579285e-06,2.8507133667897153,9.812113707152447,0,0,0.6091382576015443,1,0,fold_2
1518,sub15,task02,0,50,0,1.0941387812981604,0.749160279644727,0.5,1,-0.23887968063354492,0.4405624568462372,1,4.2989464681579285e-06,2.8507133667897153,9.812113707152447,1,1,0.7504833893760461,1,1,fold_2
1519,sub15,task02,1,51,0,1.056830089140569,0.7420843053417914,0.5,1,-0.2814619541168213,0.430095374584198,1,4.2989464681579285e-06,2.8507133667897153,9.812113707152447,1,1,0.7584010270083801,1,1,fold_2
1520,sub15,task02,2,52,0,1.1538069410042289,0.7602055831416201,0.5,1,-0.3283698558807373,0.41863733530044556,1,4.2989464681579285e-06,2.8507133667897153,9.812113707152447,1,1,0.7700753606978807,1,1,fold_2
1521,sub15,task02,3,53,0,1.2248343867616904,0.7729131925417287,0.5,1,-0.2962667942047119,0.4264703094959259,1,4.2989464681579285e-06,2.8507133667897153,9.812113707152447,1,1,0.7824350963228289,1,1,fold_2
1522,sub15,task02,4,54,0,1.2488879833365707,0.7771073064102936,0.5,1,-0.2704256772994995,0.43280261754989624,1,4.2989464681579285e-06,2.8507133667897153,9.812113707152447,1,1,0.7997857390827144,1,1,fold_2
1523,sub15,task02,5,55,0,1.3694098549005553,0.7972847900164644,0.5,1,-0.3023492097854614,0.42498332262039185,1,4.2989464681579285e-06,2.8507133667897153,9.812113707152447,1,1,0.815308943286711,1,1,fold_2
1524,sub15,task02,6,56,0,1.5503558439926095,0.8249651208213853,0.5,1,-0.13099992275238037,0.4672967791557312,1,4.2989464681579285e-06,2.8507133667897153,9.812113707152447,1,1,0.7952641138835098,1,1,fold_2
1525,sub15,task02,7,57,0,1.5414603648608862,0.8236769190222833,0.5,1,-0.2245863676071167,0.4440882205963135,1,4.2989464681579285e-06,2.8507133667897153,9.812113707152447,1,1,0.732038178368471,1,1,fold_2
1526,sub15,task02,8,58,0,1.0312094296643692,0.737150301806861,0.5,1,-0.44767123460769653,0.3899146020412445,1,4.2989464681579285e-06,2.8507133667897153,9.812113707152447,1,1,0.6460914663344614,1,1,fold_2
1527,sub15,task02,9,59,0,0.5549674787824201,0.6352873142762685,0.5,1,-0.46489036083221436,0.38582634925842285,1,4.2989464681579285e-06,2.8507133667897153,9.812113707152447,1,1,0.564287834426905,1,1,fold_2
1528,sub15,task02,10,60,0,0.2648851275958094,0.5658367829202545,0.5,1,-0.6421126127243042,0.34476912021636963,1,4.2989464681579285e-06,2.8507133667897153,9.812113707152447,1,1,0.5710412252631262,1,1,fold_2
1529,sub15,task02,11,61,0,-0.033045382457264294,0.49173940608419203,0.5,0,-0.8055233955383301,0.30884525179862976,1,4.2989464681579285e-06,2.8507133667897153,9.812113707152447,1,0,0.6369702277669212,1,1,fold_2
1530,sub15,task02,12,62,0,0.6435145058619255,0.6555474867849321,0.5,1,-0.6873328685760498,0.3346266448497772,1,4.2989464681579285e-06,2.8507133667897153,9.812113707152447,1,1,0.7335596888962419,1,1,fold_2
1531,sub15,task02,13,63,0,1.1726506028624253,0.7636237904316396,0.5,1,-0.4945491552352905,0.3788224756717682,1,4.2989464681579285e-06,2.8507133667897153,9.812113707152447,1,1,0.7343928879867802,1,1,fold_2
1532,sub15,task02,14,64,0,1.2744747530046328,0.781507789472154,0.5,1,-0.4621179699897766,0.3864835202693939,1,4.2989464681579285e-06,2.8507133667897153,9.812113707152447,1,1,0.7230478863518406,1,1,fold_2
1533,sub15,task02,15,65,0,0.6546034301773357,0.6580470840565467,0.5,1,-0.6438331604003906,0.34438058733940125,1,4.2989464681579285e-06,2.8507133667897153,9.812113707152447,1,1,0.7248685025025384,1,1,fold_2
1534,sub15,task02,16,66,0,0.9925372509754411,0.729588785526821,0.5,1,-0.611362099647522,0.3517485558986664,1,4.2989464681579285e-06,2.8507133667897153,9.812113707152447,1,1,0.7642304016235597,1,1,fold_2
1535,sub15,task02,17,67,0,1.3067549676539953,0.7869696379242476,0.5,1,-0.49213945865631104,0.3793896734714508,1,4.2989464681579285e-06,2.8507133667897153,9.812113707152447,1,1,0.7642806228811954,1,1,fold_2
1536,sub15,task02,18,68,0,1.2432705137221112,0.7761327814196106,0.5,1,-0.45992016792297363,0.3870047330856323,1,4.2989464681579285e-06,2.8507133667897153,9.812113707152447,1,1,0.7714071219395265,1,1,fold_2
1537,sub15,task02,19,69,0,0.9933010553879759,0.729739449299728,0.5,1,-0.41311097145080566,0.39816638827323914,1,4.2989464681579285e-06,2.8507133667897153,9.812113707152447,1,1,0.788050026322657,1,1,fold_2
1538,sub15,task02,20,70,0,1.4393187583542781,0.8083491350992413,0.5,1,-0.17705702781677246,0.4558510184288025,1,4.2989464681579285e-06,2.8507133667897153,9.812113707152447,1,1,0.8043731134079745,1,1,fold_2
1539,sub15,task02,21,71,0,1.5579673996957943,0.8260614945690014,0.5,1,-0.21083533763885498,0.4474855661392212,1,4.2989464681579285e-06,2.8507133667897153,9.812113707152447,1,1,0.771529919518707,1,1,fold_2
1540,sub15,task02,22,72,0,1.2581571631085624,0.7787087105556806,0.5,1,-0.2981919050216675,0.4259995222091675,1,4.2989464681579285e-06,2.8507133667897153,9.812113707152447,1,1,0.730805902217373,1,1,fold_2
1541,sub15,task02,23,73,0,0.8945078286144436,0.7098195534314388,0.5,1,-0.3514167070388794,0.4130389094352722,1,4.2989464681579285e-06,2.8507133667897153,9.812113707152447,1,1,0.7207965130487203,1,1,fold_2
1542,sub15,task02,24,74,0,0.8658884130579223,0.7038894426649995,0.5,1,-0.24457621574401855,0.43915891647338867,1,4.2989464681579285e-06,2.8507133667897153,9.812113707152447,1,1,0.7313331483145639,1,1,fold_2
1543,sub15,task02,25,75,0,1.091587514510839,0.7486805430497222,0.5,1,-0.3123159408569336,0.4225495457649231,1,4.2989464681579285e-06,2.8507133667897153,9.812113707152447,1,1,0.7060861498897192,1,1,fold_2
1544,sub15,task02,26,76,0,1.0534114828060912,0.7414294592289694,0.5,1,-0.415432333946228,0.39761027693748474,1,4.2989464681579285e-06,2.8507133667897153,9.812113707152447,1,1,0.5817471547916689,1,1,fold_2
1545,sub15,task02,27,77,0,0.5242817972238252,0.628148447390466,0.5,1,-0.6216030120849609,0.34941694140434265,1,4.2989464681579285e-06,2.8507133667897153,9.812113707152447,1,1,0.447529244356425,0,0,fold_2
1546,sub15,task02,28,78,0,-0.5079954437126526,0.3756635577555713,0.5,0,-0.8179578185081482,0.3061973452568054,1,4.2989464681579285e-06,2.8507133667897153,9.812113707152447,1,0,0.35630591404225825,0,0,fold_2
1547,sub15,task02,29,79,0,-0.6687547555043349,0.3387757279232377,0.5,0,-0.7899707555770874,0.3121749460697174,1,4.2989464681579285e-06,2.8507133667897153,9.812113707152447,1,0,0.41016247829345565,0,0,fold_2
1548,sub15,task02,30,80,0,-0.599411012243991,0.3544784564479658,0.5,0,-0.834892213344574,0.3026116192340851,1,4.2989464681579285e-06,2.8507133667897153,9.812113707152447,1,0,0.49573477781119496,0,0,fold_2
1549,sub15,task02,31,81,0,0.14920921234386142,0.5372332505091634,0.5,1,-0.6466727256774902,0.34373974800109863,1,4.2989464681579285e-06,2.8507133667897153,9.812113707152447,1,1,0.6099070993212083,1,1,fold_2
1550,sub15,task02,32,82,0,0.3867190415792633,0.5954926264764558,0.5,1,-0.612708330154419,0.3514416217803955,1,4.2989464681579285e-06,2.8507133667897153,9.812113707152447,1,1,0.6467306143355106,1,1,fold_2
1551,sub15,task02,33,83,0,0.8330309234444677,0.6969954209780057,0.5,1,-0.4693262577056885,0.38477572798728943,1,4.2989464681579285e-06,2.8507133667897153,9.812113707152447,1,1,0.6763276046400842,1,1,fold_2
1552,sub15,task02,34,84,0,0.6089611745652771,0.6477037955520704,0.5,1,-0.40052056312561035,0.40118730068206787,1,4.2989464681579285e-06,2.8507133667897153,9.812113707152447,1,1,0.6720903301108079,1,1,fold_2
1553,sub15,task02,35,85,0,0.773528097227576,0.6842835973901767,0.5,1,-0.27080237865448,0.43271011114120483,1,4.2989464681579285e-06,2.8507133667897153,9.812113707152447,1,1,0.6842835973901767,1,1,fold_2
1554,sub15,rest04,0,86,0,-1.1878872113385992,0.23363701927808314,0.5,0,-0.8841525316238403,0.2923180162906647,1,4.2989464681579285e-06,2.8507133667897153,9.812113707152447,1,0,0.3278627750128028,0,0,fold_2
1555,sub15,rest04,1,87,0,-0.9669676907988536,0.2754853181576827,0.5,0,-0.8648474812507629,0.2963275611400604,1,4.2989464681579285e-06,2.8507133667897153,9.812113707152447,1,0,0.437639795417951,0,0,fold_2
1556,sub15,rest04,2,88,0,-0.10222497711890823,0.4744659876026426,0.5,0,-0.7438578605651855,0.32216113805770874,1,4.2989464681579285e-06,2.8507133667897153,9.812113707152447,1,0,0.4960846633756812,0,0,fold_2
1557,sub15,rest04,3,89,0,0.2532166963620326,0.5629680804935278,0.5,1,-0.6056057810783386,0.3530622124671936,1,4.2989464681579285e-06,2.8507133667897153,9.812113707152447,1,1,0.4553488265212577,0,0,fold_2
1558,sub15,rest04,4,90,0,-0.19735842479422572,0.4508199220308733,0.5,0,-0.7154165506362915,0.3284030854701996,1,4.2989464681579285e-06,2.8507133667897153,9.812113707152447,1,0,0.3861752284258102,0,0,fold_2
1559,sub15,rest04,5,91,0,-0.6091265165612134,0.3522584770393721,0.5,0,-0.7823919653892517,0.31380459666252136,1,4.2989464681579285e-06,2.8507133667897153,9.812113707152447,1,0,0.43024774923601594,0,0,fold_2
1560,sub15,rest04,6,92,0,-0.5951796517109654,0.35544728620718524,0.5,0,-0.825136661529541,0.304674357175827,1,4.2989464681579285e-06,2.8507133667897153,9.812113707152447,1,0,0.5059548680374926,1,1,fold_2
1561,sub15,rest04,7,93,0,0.3352551531374722,0.5830374844614904,0.5,1,-0.6902564764022827,0.33397603034973145,1,4.2989464681579285e-06,2.8507133667897153,9.812113707152447,1,1,0.5600474072307993,1,1,fold_2
1562,sub15,rest04,8,94,0,0.320228069565604,0.5793798334438021,0.5,1,-0.5342320203781128,0.3695303797721863,1,4.2989464681579285e-06,2.8507133667897153,9.812113707152447,1,1,0.5020443781393308,1,1,fold_2
1563,sub15,rest04,9,95,0,0.07092933714786777,0.5177249037871055,0.5,1,-0.6576194763183594,0.34127455949783325,1,4.2989464681579285e-06,2.8507133667897153,9.812113707152447,1,1,0.5152756746585568,1,1,fold_2
1564,sub15,rest04,10,96,0,-0.36798338245789264,0.40902839718708506,0.5,0,-0.8148564100265503,0.30685660243034363,1,4.2989464681579285e-06,2.8507133667897153,9.812113707152447,1,0,0.5332954138350693,1,1,fold_2
1565,sub15,rest04,11,97,0,0.4856185080448109,0.6190737230014799,0.5,1,-0.6544833183288574,0.3419799506664276,1,4.2989464681579285e-06,2.8507133667897153,9.812113707152447,1,1,0.5784388581423757,1,1,fold_2
1566,sub15,rest04,12,98,0,0.28913405198972875,0.5717841213166428,0.5,1,-0.7683743834495544,0.3168308734893799,1,4.2989464681579285e-06,2.8507133667897153,9.812113707152447,1,1,0.5298352688336155,1,1,fold_2
1567,sub15,rest04,13,99,0,0.17830582930536598,0.5444587301090046,0.5,1,-0.8033261299133301,0.309314489364624,1,4.2989464681579285e-06,2.8507133667897153,9.812113707152447,1,1,0.5737089376771788,1,1,fold_2
1568,sub15,rest04,14,100,0,-0.10705029361789269,0.47326295507519917,0.5,0,-0.7647889852523804,0.31760743260383606,1,4.2989464681579285e-06,2.8507133667897153,9.812113707152447,1,0,0.6557982193852304,1,1,fold_2
1569,sub15,rest04,15,101,0,0.8635658693098902,0.7034051278473328,0.5,1,-0.48057234287261963,0.38211697340011597,1,4.2989464681579285e-06,2.8507133667897153,9.812113707152447,1,1,0.7504855633299963,1,1,fold_2
1570,sub15,rest04,16,102,0,1.3293105888458334,0.7907265752331595,0.5,1,-0.2576572895050049,0.4359396994113922,1,4.2989464681579285e-06,2.8507133667897153,9.812113707152447,1,1,0.7142763870069059,1,1,fold_2
1571,sub15,rest04,17,103,0,1.13806931676526,0.7573249869094962,0.5,1,-0.22888648509979248,0.44302690029144287,1,4.2989464681579285e-06,2.8507133667897153,9.812113707152447,1,1,0.5596539919248266,1,1,fold_2
1572,sub15,rest04,18,104,0,0.38375149731517216,0.5947775988780618,0.5,1,-0.6361167430877686,0.34612488746643066,1,4.2989464681579285e-06,2.8507133667897153,9.812113707152447,1,1,0.38615859293781113,0,0,fold_2
1573,sub15,rest04,19,105,0,-0.7224241596240062,0.32685938998692177,0.5,0,-0.8595767021179199,0.29742780327796936,1,4.2989464681579285e-06,2.8507133667897153,9.812113707152447,1,0,0.2901303440780788,0,0,fold_2
1574,sub15,rest04,20,106,0,-1.1700895949397052,0.2368387899484498,0.5,0,-0.9084327220916748,0.28732064366340637,1,4.2989464681579285e-06,2.8507133667897153,9.812113707152447,1,0,0.30210826969243537,0,0,fold_2
1575,sub15,rest04,21,107,0,-0.8156263499145718,0.3066928522988649,0.5,0,-0.8302866816520691,0.3035844564437866,1,4.2989464681579285e-06,2.8507133667897153,9.812113707152447,1,0,0.35280470791566404,0,0,fold_2
1576,sub15,rest04,22,108,0,-0.5632614181962637,0.3627931668299916,0.5,0,-0.5809450745582581,0.35871514678001404,1,4.2989464681579285e-06,2.8507133667897153,9.812113707152447,1,0,0.38021645868875437,0,0,fold_2
1577,sub15,rest04,23,109,0,-0.45182011512810666,0.3889281046181357,0.5,0,-0.3820723295211792,0.40562716126441956,1,4.2989464681579285e-06,2.8507133667897153,9.812113707152447,1,0,0.3889281046181357,0,0,fold_2
1795,sub18,rest01,0,0,0,-0.21553497952775855,0.44632388951648416,0.5,0,-0.5620508193969727,0.36307308077812195,1,4.502775258980762e-06,2.6553821935754756,8.128692836609913,0,1,0.3555419866179807,0,1,fold_2
1796,sub18,rest01,1,1,0,-0.5562144074961874,0.3644238244208364,0.5,0,-0.6638158559799194,0.3398829698562622,1,4.502775258980762e-06,2.6553821935754756,8.128692836609913,0,1,0.2930554763026203,0,1,fold_2
1797,sub18,rest01,2,2,0,-1.06750293994884,0.2558782459166216,0.5,0,-0.8532312512397766,0.2987554669380188,1,4.502775258980762e-06,2.6553821935754756,8.128692836609913,0,1,0.23975291065067406,0,1,fold_2
1798,sub18,rest01,3,3,0,-1.0518794479748643,0.25886435857040296,0.5,0,-0.8599876165390015,0.2973419427871704,1,4.502775258980762e-06,2.6553821935754756,8.128692836609913,0,1,0.22324158617040887,0,1,fold_2
1799,sub18,rest01,4,4,0,-1.3583037389205224,0.2045161274649976,0.5,0,-0.6746653318405151,0.3374529778957367,1,4.502775258980762e-06,2.6553821935754756,8.128692836609913,0,1,0.22348424717880402,0,1,fold_2
1800,sub18,rest01,5,5,0,-1.3471037752230592,0.20634427247582607,0.5,0,-0.768195629119873,0.3168695569038391,1,4.502775258980762e-06,2.6553821935754756,8.128692836609913,0,1,0.25314459994329036,0,1,fold_2
1801,sub18,rest01,6,6,0,-1.048088440642493,0.25959234159558836,0.5,0,-0.8964312076568604,0.28978443145751953,1,4.502775258980762e-06,2.6553821935754756,8.128692836609913,0,1,0.27544045949937296,0,1,fold_2
1802,sub18,rest01,7,7,1,-0.7290095170006986,0.32541211971595774,0.5,0,-0.6145651936531067,0.3510185480117798,1,4.502775258980762e-06,2.6553821935754756,8.128692836609913,0,1,,,,fold_2
1803,sub18,rest01,8,8,0,-0.8784591348084344,0.29349718575845674,0.5,0,-0.5675525665283203,0.36180174350738525,1,4.502775258980762e-06,2.6553821935754756,8.128692836609913,0,1,0.3171944233876723,0,1,fold_2
1804,sub18,rest01,9,9,0,-0.9782868054052384,0.27323185114407383,0.5,0,-0.9781394004821777,0.2732611298561096,1,4.502775258980762e-06,2.6553821935754756,8.128692836609913,0,1,0.3114111975981755,0,1,fold_2
1805,sub18,rest01,10,10,1,-1.3167797887689887,0.21135455162407532,0.5,0,-0.9679974317550659,0.27527984976768494,1,4.502775258980762e-06,2.6553821935754756,8.128692836609913,0,1,,,,fold_2
1806,sub18,rest01,11,11,0,-0.46899461112333585,0.3848542332604863,0.5,0,-0.6004652976989746,0.35423722863197327,1,4.502775258980762e-06,2.6553821935754756,8.128692836609913,0,1,0.28698061319182994,0,1,fold_2
1807,sub18,rest01,12,12,0,-0.9636524571200761,0.27614750838996627,0.5,0,-0.9110966920852661,0.28677546977996826,1,4.502775258980762e-06,2.6553821935754756,8.128692836609913,0,1,0.2230087787047803,0,1,fold_2
1808,sub18,rest01,13,13,1,-0.9971362310653633,0.26950484494799837,0.5,0,-0.922561764717102,0.2844361960887909,1,4.502775258980762e-06,2.6553821935754756,8.128692836609913,0,1,,,,fold_2
1809,sub18,rest01,14,14,0,-1.3866687911474112,0.19994009792503722,0.5,0,-0.5795315504074097,0.35904037952423096,1,4.502775258980762e-06,2.6553821935754756,8.128692836609913,0,1,0.3044887294078588,0,1,fold_2
1810,sub18,rest01,15,15,0,-1.4310269124853052,0.1929387297993375,0.5,0,-0.5059325695037842,0.3761475086212158,1,4.502775258980762e-06,2.6553821935754756,8.128692836609913,0,1,0.4225518486493862,0,1,fold_2
1811,sub18,rest01,16,16,1,-1.0116925409541282,0.2666487484358694,0.5,0,-1.005993366241455,0.267764687538147,1,4.502775258980762e-06,2.6553821935754756,8.128692836609913,0,1,,,,fold_2
1812,sub18,rest01,17,17,0,0.08239602664471417,0.5205873604992016,0.5,1,-0.4256191849708557,0.3951728940010071,1,4.502775258980762e-06,2.6553821935754756,8.128692836609913,0,0,0.4923111956440484,0,1,fold_2
1813,sub18,rest01,18,18,0,0.21736968332485834,0.5541294556496197,0.5,1,-0.3433377742767334,0.4149989187717438,1,4.502775258980762e-06,2.6553821935754756,8.128692836609913,0,0,0.41895191418333044,0,1,fold_2
1814,sub18,rest01,19,19,0,-0.3962370211948577,0.4022167707833237,0.5,0,-0.5793092250823975,0.35909152030944824,1,4.502775258980762e-06,2.6553821935754756,8.128692836609913,0,1,0.32480179751404276,0,1,fold_2
1815,sub18,rest01,20,20,0,-0.844872768758146,0.3005095161170479,0.5,0,-0.7495615482330322,0.3209168314933777,1,4.502775258980762e-06,2.6553821935754756,8.128692836609913,0,1,0.2726181711650823,0,1,fold_2
1816,sub18,rest01,21,21,0,-0.9861201288685055,0.2716791056417566,0.5,0,-0.6708255410194397,0.3383120000362396,1,4.502775258980762e-06,2.6553821935754756,8.128692836609913,0,1,0.24366262948923037,0,1,fold_2
1817,sub18,rest01,22,22,0,-1.121862935150523,0.24566589173644227,0.5,0,-0.5361887812614441,0.36907461285591125,1,4.502775258980762e-06,2.6553821935754756,8.128692836609913,0,1,0.22431722463847556,0,1,fold_2
1818,sub18,rest01,23,23,0,-1.3031051383766659,0.2136428910894922,0.5,0,-0.33725082874298096,0.41647741198539734,1,4.502775258980762e-06,2.6553821935754756,8.128692836609913,0,1,0.2136428910894922,0,1,fold_2
1819,sub18,rest02,0,24,0,-1.3164450977714763,0.21141034458255545,0.5,0,-0.5477026700973511,0.36639758944511414,1,4.502775258980762e-06,2.6553821935754756,8.128692836609913,0,1,0.17823839766380592,0,1,fold_2
1820,sub18,rest02,1,25,0,-1.5902907668592192,0.16934299200707537,0.5,0,-0.5122025012969971,0.3746773600578308,1,4.502775258980762e-06,2.6553821935754756,8.128692836609913,0,1,0.15915751347327226,0,1,fold_2
1821,sub18,rest02,2,26,0,-1.7038595595535813,0.153961856401787,0.5,0,-0.5483880639076233,0.36623847484588623,1,4.502775258980762e-06,2.6553821935754756,8.128692836609913,0,1,0.15550339106092606,0,1,fold_2
1822,sub18,rest02,3,27,0,-1.7022802033073792,0.15416769201095437,0.5,0,-0.5373913645744324,0.36879462003707886,1,4.502775258980762e-06,2.6553821935754756,8.128692836609913,0,1,0.16392069367722276,0,1,fold_2
1823,sub18,rest02,4,28,0,-1.6703267100893224,0.1583806247700368,0.5,0,-0.4775111675262451,0.38284000754356384,1,4.502775258980762e-06,2.6553821935754756,8.128692836609913,0,1,0.17240372672467777,0,1,fold_2
1824,sub18,rest02,5,29,0,-1.5216833979389264,0.1792137642506771,0.5,0,-0.4179619550704956,0.3970045745372772,1,4.502775258980762e-06,2.6553821935754756,8.128692836609913,0,1,0.18854287384298507,0,1,fold_2
1825,sub18,rest02,6,30,0,-1.5189459155134624,0.17961679115331947,0.5,0,-0.39201653003692627,0.40323197841644287,1,4.502775258980762e-06,2.6553821935754756,8.128692836609913,0,1,0.19396635008302845,0,1,fold_2
1826,sub18,rest02,7,31,0,-1.3443350435461934,0.2067980661249586,0.5,0,-0.30849480628967285,0.42348217964172363,1,4.502775258980762e-06,2.6553821935754756,8.128692836609913,0,1,0.20145095817555955,0,1,fold_2
1827,sub18,rest02,8,32,0,-1.4147610927171557,0.19548419297080735,0.5,0,-0.357235312461853,0.41162896156311035,1,4.502775258980762e-06,2.6553821935754756,8.128692836609913,0,1,0.19087835869570427,0,1,fold_2
1828,sub18,rest02,9,33,0,-1.373402885366328,0.20207061543091265,0.5,0,-0.303899884223938,0.4246043860912323,1,4.502775258980762e-06,2.6553821935754756,8.128692836609913,0,1,0.1851988716594141,0,1,fold_2
1829,sub18,rest02,10,34,0,-1.5500415461837826,0.17508026768539284,0.5,0,-0.39654624462127686,0.40214240550994873,1,4.502775258980762e-06,2.6553821935754756,8.128692836609913,0,1,0.19207068043214393,0,1,fold_2
1830,sub18,rest02,11,35,0,-1.526913463297669,0.17844573186193677,0.5,0,-0.4229676127433777,0.39580681920051575,1,4.502775258980762e-06,2.6553821935754756,8.128692836609913,0,1,0.20782022238363593,0,1,fold_2
1831,sub18,rest02,12,36,0,-1.250081438502147,0.22268604174910217,0.5,0,-0.48613405227661133,0.3808046877384186,1,4.502775258980762e-06,2.6553821935754756,8.128692836609913,0,1,0.2108487494016371,0,1,fold_2
1832,sub18,rest02,13,37,0,-1.2521459044964132,0.22232889353986882,0.5,0,-0.5434238314628601,0.3673914670944214,1,4.502775258980762e-06,2.6553821935754756,8.128692836609913,0,1,0.19587450443527507,0,1,fold_2
1833,sub18,rest02,14,38,0,-1.466131540802287,0.18753131291594025,0.5,0,-0.6722923517227173,0.33798375725746155,1,4.502775258980762e-06,2.6553821935754756,8.128692836609913,0,1,0.1798842436460273,0,1,fold_2
1834,sub18,rest02,15,39,0,-1.5315753728682564,0.17776330685001618,0.5,0,-0.46864229440689087,0.3849376440048218,1,4.502775258980762e-06,2.6553821935754756,8.128692836609913,0,1,0.17527944049762456,0,1,fold_2
1835,sub18,rest02,16,40,0,-1.5550498364852217,0.1743581111721254,0.5,0,-0.41426241397857666,0.39789050817489624,1,4.502775258980762e-06,2.6553821935754756,8.128692836609913,0,1,0.17723732366138167,0,1,fold_2
1836,sub18,rest02,17,41,0,-1.559510463998545,0.17371690347073215,0.5,0,-0.40809929370880127,0.3993679881095886,1,4.502775258980762e-06,2.6553821935754756,8.128692836609913,0,1,0.17714921384901897,0,1,fold_2
1837,sub18,rest02,18,42,0,-1.4918984172743393,0.1836369563412875,0.5,0,-0.3436710834503174,0.4149180054664612,1,4.502775258980762e-06,2.6553821935754756,8.128692836609913,0,1,0.1782254371493441,0,1,fold_2
1838,sub18,rest02,19,43,0,-1.5568871003575238,0.1740937817350373,0.5,0,-0.3944828510284424,0.40263858437538147,1,4.502775258980762e-06,2.6553821935754756,8.128692836609913,0,1,0.17133197578890721,0,1,fold_2
1839,sub18,rest02,20,44,0,-1.5371801402686553,0.17694557337170747,0.5,0,-0.39417898654937744,0.4027116894721985,1,4.502775258980762e-06,2.6553821935754756,8.128692836609913,0,1,0.16639783372591285,0,1,fold_2
1840,sub18,rest02,21,45,0,-1.6363922166818956,0.16295657225997684,0.5,0,-0.46336066722869873,0.38618889451026917,1,4.502775258980762e-06,2.6553821935754756,8.128692836609913,0,1,0.16334822298296642,0,1,fold_2
1841,sub18,rest02,22,46,0,-1.663510210340311,0.15929135554605423,0.5,0,-0.4898410439491272,0.3799310326576233,1,4.502775258980762e-06,2.6553821935754756,8.128692836609913,0,1,0.16496161261059686,0,1,fold_2
1842,sub18,rest02,23,47,0,-1.601323339730366,0.1677967411428682,0.5,0,-0.4006460905075073,0.4011571407318115,1,4.502775258980762e-06,2.6553821935754756,8.128692836609913,0,1,0.16779674114286816,0,1,fold_2
1843,sub18,task02,0,48,0,-1.5032596632551094,0.18193985977947294,0.5,0,-0.7228500843048096,0.32676568627357483,1,4.502775258980762e-06,2.6553821935754756,8.128692836609913,1,0,0.2900066642100772,0,0,fold_2
1844,sub18,task02,1,49,0,-0.5074132710400032,0.37580011067625024,0.5,0,-0.34828507900238037,0.41379836201667786,1,4.502775258980762e-06,2.6553821935754756,8.128692836609913,1,0,0.3421165134535585,0,0,fold_2
1845,sub18,task02,2,50,0,-0.7894814538476285,0.3122800221745085,0.5,0,-0.681220293045044,0.33598899841308594,1,4.502775258980762e-06,2.6553821935754756,8.128692836609913,1,0,0.2895686769145401,0,0,fold_2
1846,sub18,task02,3,51,0,-0.6710158714862552,0.3382694075099167,0.5,0,-0.579581618309021,0.3590288758277893,1,4.502775258980762e-06,2.6553821935754756,8.128692836609913,1,0,0.2550471693195849,0,0,fold_2
1847,sub18,task02,4,52,0,-1.276441305002964,0.21815660105919502,0.5,0,-0.7221450805664062,0.3269208073616028,1,4.502775258980762e-06,2.6553821935754756,8.128692836609913,1,0,0.21612383423172987,0,0,fold_2
1848,sub18,task02,5,53,0,-1.3326854974878994,0.208715499389643,0.5,0,-0.7539319396018982,0.3199651539325714,1,4.502775258980762e-06,2.6553821935754756,8.128692836609913,1,0,0.19428649180931776,0,0,fold_2
1849,sub18,task02,6,54,0,-1.2569498682817017,0.22149940224635153,0.5,0,-0.7050409317016602,0.33069556951522827,1,4.502775258980762e-06,2.6553821935754756,8.128692836609913,1,0,0.19391479132249656,0,0,fold_2
1850,sub18,task02,7,55,0,-1.7140080643366324,0.15264457379195875,0.5,0,-0.7719069719314575,0.316066712141037,1,4.502775258980762e-06,2.6553821935754756,8.128692836609913,1,0,0.2194724879789042,0,0,fold_2
1851,sub18,task02,8,56,0,-1.3394507445449457,0.2076003979291794,0.5,0,-0.8742549419403076,0.2943696975708008,1,4.502775258980762e-06,2.6553821935754756,8.128692836609913,1,0,0.3050450336357835,0,0,fold_2
1852,sub18,task02,9,57,0,-0.8560155064416272,0.29817249221557446,0.5,0,-0.8026743531227112,0.30945372581481934,1,4.502775258980762e-06,2.6553821935754756,8.128692836609913,1,0,0.35776067615904666,0,0,fold_2
1853,sub18,task02,10,58,0,-0.3666025867326047,0.4093622107625967,0.5,0,-0.4939810037612915,0.3789561986923218,1,4.502775258980762e-06,2.6553821935754756,8.128692836609913,1,0,0.327791496323087,0,0,fold_2
1854,sub18,task02,11,59,0,-0.5505046877647722,0.3657473254989688,0.5,0,-0.57015460729599,0.3612011671066284,1,4.502775258980762e-06,2.6553821935754756,8.128692836609913,1,0,0.264770136471772,0,0,fold_2
1855,sub18,task02,12,60,0,-1.335415719410645,0.20826495270769546,0.5,0,-0.8903060555458069,0.291046679019928,1,4.502775258980762e-06,2.6553821935754756,8.128692836609913,1,0,0.21318990440709198,0,0,fold_2
1856,sub18,task02,13,61,0,-1.2639298562870442,0.22029813120865155,0.5,0,-0.7926462292671204,0.31160077452659607,1,4.502775258980762e-06,2.6553821935754756,8.128692836609913,1,0,0.21648461429041396,0,0,fold_2
1857,sub18,task02,14,62,0,-1.3188683671604147,0.21100662930492897,0.5,0,-0.7220108509063721,0.3269503116607666,1,4.502775258980762e-06,2.6553821935754756,8.128692836609913,1,0,0.20359103105005183,0,0,fold_2
1858,sub18,task02,15,63,0,-1.2764853868830288,0.2181490823576613,0.5,0,-0.7322564125061035,0.3246997594833374,1,4.502775258980762e-06,2.6553821935754756,8.128692836609913,1,0,0.1988689788323599,0,0,fold_2
1859,sub18,task02,16,64,0,-1.5054278014108429,0.18161738148756523,0.5,0,-0.6097416281700134,0.3521181643009186,1,4.502775258980762e-06,2.6553821935754756,8.128692836609913,1,0,0.1950827488173954,0,0,fold_2
1860,sub18,task02,17,65,0,-1.4061597412170057,0.19684047265185325,0.5,0,-0.7027885317802429,0.3311942517757416,1,4.502775258980762e-06,2.6553821935754756,8.128692836609913,1,0,0.22369097388888007,0,0,fold_2
1861,sub18,task02,18,66,0,-1.3443818264188516,0.20679039231276775,0.5,0,-0.6628836393356323,0.34009215235710144,1,4.502775258980762e-06,2.6553821935754756,8.128692836609913,1,0,0.26868347863930353,0,0,fold_2
1862,sub18,task02,19,67,0,-1.0076395088282935,0.2674420567020192,0.5,0,-0.569462776184082,0.3613607883453369,1,4.502775258980762e-06,2.6553821935754756,8.128692836609913,1,0,0.3554593786263948,0,0,fold_2
1863,sub18,task02,20,68,0,-0.6999740247553301,0.3318179869031236,0.5,0,-0.6309393644332886,0.3472975790500641,1,4.502775258980762e-06,2.6553821935754756,8.128692836609913,1,0,0.39562740582433076,0,0,fold_2
1864,sub18,task02,21,69,0,-0.13171773817763544,0.4671180922740417,0.5,0,-0.3366488218307495,0.4166237711906433,1,4.502775258980762e-06,2.6553821935754756,8.128692836609913,1,0,0.35415620586278895,0,0,fold_2
1865,sub18,task02,22,70,0,-0.45595377679841753,0.38794613829582686,0.5,0,-0.5422291159629822,0.3676691949367523,1,4.502775258980762e-06,2.6553821935754756,8.128692836609913,1,0,0.2548864812245169,0,0,fold_2
1866,sub18,task02,23,71,0,-1.3406426977459136,0.20740438701849828,0.5,0,-0.6371594667434692,0.3458889424800873,1,4.502775258980762e-06,2.6553821935754756,8.128692836609913,1,0,0.18669528607077224,0,0,fold_2
1867,sub18,task02,24,72,0,-1.590533017233645,0.1693089183592255,0.5,0,-0.6764212846755981,0.33706051111221313,1,4.502775258980762e-06,2.6553821935754756,8.128692836609913,1,0,0.18771997364854606,0,0,fold_2
1868,sub18,task02,25,73,0,-1.4936630986062485,0.18337255283459294,0.5,0,-0.6792454719543457,0.33642974495887756,1,4.502775258980762e-06,2.6553821935754756,8.128692836609913,1,0,0.1994095024426101,0,0,fold_2
1869,sub18,task02,26,74,0,-1.3220438579886338,0.21047844975181976,0.5,0,-0.6849218010902405,0.3351637125015259,1,4.502775258980762e-06,2.6553821935754756,8.128692836609913,1,0,0.2249877219049289,0,0,fold_2
1870,sub18,task02,27,75,0,-1.359156023971618,0.2043775047414176,0.5,0,-0.7704446315765381,0.31638291478157043,1,4.502775258980762e-06,2.6553821935754756,8.128692836609913,1,0,0.25884081791798563,0,0,fold_2
1871,sub18,task02,28,76,0,-1.0454113987985771,0.26010721122154945,0.5,0,-0.6335701942443848,0.346701443195343,1,4.502775258980762e-06,2.6553821935754756,8.128692836609913,1,0,0.28900519391734236,0,0,fold_2
1872,sub18,task02,29,77,0,-0.7906098500351737,0.31203773779098987,0.5,0,-0.5163281559944153,0.3737112283706665,1,4.502775258980762e-06,2.6553821935754756,8.128692836609913,1,0,0.310749782674097,0,0,fold_2
1873,sub18,task02,30,78,0,-0.8718445585689832,0.2948706327394878,0.5,0,-0.65287846326828,0.34234118461608887,1,4.502775258980762e-06,2.6553821935754756,8.128692836609913,1,0,0.3214245507707841,0,0,fold_2
1874,sub18,task02,31,79,0,-0.7293336175429144,0.3253409774918133,0.5,0,-0.4604504704475403,0.38687893748283386,1,4.502775258980762e-06,2.6553821935754756,8.128692836609913,1,0,0.41499916127693165,0,0,fold_2
1875,sub18,task02,32,80,0,-0.6452442121302115,0.34406204208105107,0.5,0,-0.3968968391418457,0.40205812454223633,1,4.502775258980762e-06,2.6553821935754756,8.128692836609913,1,0,0.5422225402323614,1,1,fold_2
1876,sub18,task02,33,81,0,0.3047139072801019,0.5755944642579305,0.5,1,-0.024802088737487793,0.4937998056411743,1,4.502775258980762e-06,2.6553821935754756,8.128692836609913,1,1,0.678406828400466,1,1,fold_2
1877,sub18,task02,34,82,0,0.8809117108881536,0.7070111143581025,0.5,1,0.6002205610275269,0.6457067728042603,1,4.502775258980762e-06,2.6553821935754756,8.128692836609913,1,1,0.7374136425096108,1,1,fold_2
1878,sub18,task02,35,83,0,1.1126074795760903,0.752614906585365,0.5,1,1.0772331953048706,0.7459700107574463,1,4.502775258980762e-06,2.6553821935754756,8.128692836609913,1,1,0.752614906585365,1,1,fold_2
1879,sub18,rest04,0,84,0,1.1595104202819444,0.7612437442749735,0.5,1,0.03478872776031494,0.5086962580680847,1,4.502775258980762e-06,2.6553821935754756,8.128692836609913,1,1,0.7709786277317864,1,1,fold_2
1880,sub18,rest04,1,85,0,1.2940335559724965,0.7848291278629135,0.5,1,0.6393777132034302,0.6546127796173096,1,4.502775258980762e-06,2.6553821935754756,8.128692836609913,1,1,0.7702944310537675,1,1,fold_2
1881,sub18,rest04,2,86,0,1.190681965665017,0.7668630110574723,0.5,1,0.6005305051803589,0.6457776427268982,1,4.502775258980762e-06,2.6553821935754756,8.128692836609913,1,1,0.704975844203223,1,1,fold_2
1882,sub18,rest04,3,87,0,1.1482501481666259,0.7591911542409165,0.5,1,0.3001168966293335,0.574471116065979,1,4.502775258980762e-06,2.6553821935754756,8.128692836609913,1,1,0.6913333199995266,1,1,fold_2
1883,sub18,rest04,4,88,0,0.3593098886885253,0.5888733673112798,0.5,1,-0.33958375453948975,0.41591060161590576,1,4.502775258980762e-06,2.6553821935754756,8.128692836609913,1,1,0.7013580722173532,1,1,fold_2
1884,sub18,rest04,5,89,0,0.9740973783699979,0.7259354384463834,0.5,1,-0.042655110359191895,0.48933783173561096,1,4.502775258980762e-06,2.6553821935754756,8.128692836609913,1,1,0.781129705721835,1,1,fold_2
1885,sub18,rest04,6,90,0,1.3205031830918759,0.7892654108943962,0.5,1,0.18981730937957764,0.547312319278717,1,4.502775258980762e-06,2.6553821935754756,8.128692836609913,1,1,0.8057802715089584,1,1,fold_2
1886,sub18,rest04,7,91,0,1.5728412081924874,0.8281882678247257,0.5,1,0.6668981313705444,0.660808265209198,1,4.502775258980762e-06,2.6553821935754756,8.128692836609913,1,1,0.7767427629219688,1,1,fold_2
1887,sub18,rest04,8,92,0,1.3855891091347905,0.7998871358077533,0.5,1,0.3624612092971802,0.5896361470222473,1,4.502775258980762e-06,2.6553821935754756,8.128692836609913,1,1,0.75177996804213,1,1,fold_2
1888,sub18,rest04,9,93,0,0.8575708479082195,0.7021528851334274,0.5,1,0.028011083602905273,0.5070023536682129,1,4.502775258980762e-06,2.6553821935754756,8.128692836609913,1,1,0.7160873841522831,1,1,fold_2
1889,sub18,rest04,10,94,0,1.1162899027162068,0.7532998831852094,0.5,1,0.10096371173858643,0.5252195000648499,1,4.502775258980762e-06,2.6553821935754756,8.128692836609913,1,1,0.7278381214850534,1,1,fold_2
1890,sub18,rest04,11,95,0,0.813286448908601,0.6928093841382122,0.5,1,0.12507140636444092,0.531227171421051,1,4.502775258980762e-06,2.6553821935754756,8.128692836609913,1,1,0.7138656908924842,1,1,fold_2
1891,sub18,rest04,12,96,0,1.0325248466485095,0.737405097131739,0.5,1,0.3061431646347046,0.5759435892105103,1,4.502775258980762e-06,2.6553821935754756,8.128692836609913,1,1,0.7047399362973111,1,1,fold_2
1892,sub18,rest04,13,97,0,0.902108422969164,0.711382591407501,0.5,1,0.20637333393096924,0.5514110326766968,1,4.502775258980762e-06,2.6553821935754756,8.128692836609913,1,1,0.722535877680862,1,1,fold_2
1893,sub18,rest04,14,98,0,0.6875968469930737,0.665432120352693,0.5,1,0.03438866138458252,0.5085963606834412,1,4.502775258980762e-06,2.6553821935754756,8.128692836609913,1,1,0.7499664064736226,1,1,fold_2
1894,sub18,rest04,15,99,0,1.3297115712184469,0.7907929212823922,0.5,1,0.16176700592041016,0.5403537750244141,1,4.502775258980762e-06,2.6553821935754756,8.128692836609913,1,1,0.8075664440902304,1,1,fold_2
1895,sub18,rest04,16,100,0,1.347216441079905,0.7936741777857826,0.5,1,0.3566170930862427,0.5882213115692139,1,4.502775258980762e-06,2.6553821935754756,8.128692836609913,1,1,0.7761105944856501,1,1,fold_2
1896,sub18,rest04,17,101,0,1.6451334215696722,0.8382322332025163,0.5,1,0.8125900030136108,0.6926611661911011,1,4.502775258980762e-06,2.6553821935754756,8.128692836609913,1,1,0.7059455044835999,1,1,fold_2
1897,sub18,rest04,18,102,0,0.8303331709897321,0.6964253724686517,0.5,1,0.19928324222564697,0.5496565699577332,1,4.502775258980762e-06,2.6553821935754756,8.128692836609913,1,1,0.5357247199528895,1,1,fold_2
1898,sub18,rest04,19,103,0,0.33583691938777344,0.5831789077796319,0.5,1,-0.1305469274520874,0.46740952134132385,1,4.502775258980762e-06,2.6553821935754756,8.128692836609913,1,1,0.48261586414210483,0,0,fold_2
1899,sub18,rest04,20,104,0,-0.7191967907049461,0.32756987961038486,0.5,0,-0.4109405279159546,0.39868664741516113,1,4.502775258980762e-06,2.6553821935754756,8.128692836609913,1,0,0.5081207208620745,1,1,fold_2
1900,sub18,rest04,21,105,0,0.14866844255838804,0.5370988050362978,0.5,1,-0.2871962785720825,0.4286904036998749,1,4.502775258980762e-06,2.6553821935754756,8.128692836609913,1,1,0.6466962361118113,1,1,fold_2
1901,sub18,rest04,22,106,0,0.6619285528332248,0.6596934779395408,0.5,1,0.15969312191009521,0.5398386716842651,1,4.502775258980762e-06,2.6553821935754756,8.128692836609913,1,1,0.7154287762195771,1,1,fold_2
1902,sub18,rest04,23,107,0,1.0631729094286901,0.7432964253595953,0.5,1,0.840589165687561,0.6985892653465271,1,4.502775258980762e-06,2.6553821935754756,8.128692836609913,1,1,0.7432964253595952,1,1,fold_2
2186,sub22,rest01,0,0,0,-1.4210585610095607,0.19449568825739963,0.5,0,-0.8605789542198181,0.297218382358551,1,3.63215374258594e-06,3.206965570811159,9.718251270414205,0,1,0.19973484984206039,0,1,fold_2
2187,sub22,rest01,1,1,0,-1.3783518739005751,0.20127382646380954,0.5,0,-0.8724747896194458,0.29473960399627686,1,3.63215374258594e-06,3.206965570811159,9.718251270414205,0,1,0.21006683301959475,0,1,fold_2
2188,sub22,rest01,2,2,0,-1.3649619747300297,0.20343503480497205,0.5,0,-0.8631086349487305,0.2966902554035187,1,3.63215374258594e-06,3.206965570811159,9.718251270414205,0,1,0.2157428389785523,0,1,fold_2
2189,sub22,rest01,3,3,0,-1.2339453814287924,0.22549163779000267,0.5,0,-0.7584834098815918,0.31897562742233276,1,3.63215374258594e-06,3.206965570811159,9.718251270414205,0,1,0.25279898317441735,0,1,fold_2
2190,sub22,rest01,4,4,0,-1.2755899636544592,0.2183018443406821,0.5,0,-0.7642686367034912,0.3177202045917511,1,3.63215374258594e-06,3.206965570811159,9.718251270414205,0,1,0.26912469838815833,0,1,fold_2
2191,sub22,rest01,5,5,0,-0.7786845383403106,0.31460346739256734,0.5,0,-0.5038195848464966,0.37664347887039185,1,3.63215374258594e-06,3.206965570811159,9.718251270414205,0,1,0.2988162457006232,0,1,fold_2
2192,sub22,rest01,6,6,0,-0.9720665661397916,0.2744687834312256,0.5,0,-0.6729063391685486,0.3378463685512543,1,3.63215374258594e-06,3.206965570811159,9.718251270414205,0,1,0.2649084211024164,0,1,fold_2
2193,sub22,rest01,7,7,0,-0.8124132454077093,0.30737648627807673,0.5,0,-0.5661836862564087,0.36211785674095154,1,3.63215374258594e-06,3.206965570811159,9.718251270414205,0,1,0.24261590648454442,0,1,fold_2
2194,sub22,rest01,8,8,1,-1.266464463954494,0.21986307825359278,0.5,0,-1.0120352506637573,0.2665817439556122,1,3.63215374258594e-06,3.206965570811159,9.718251270414205,0,1,,,,fold_2
2195,sub22,rest01,9,9,0,-1.3076521260951228,0.2128799935979469,0.5,0,-1.0025440454483032,0.2684415280818939,1,3.63215374258594e-06,3.206965570811159,9.718251270414205,0,1,0.2065603438364181,0,1,fold_2
2196,sub22,rest01,10,10,0,-1.33950641848413,0.20759123957760964,0.5,0,-0.7078524827957153,0.3300735354423523,1,3.63215374258594e-06,3.206965570811159,9.718251270414205,0,1,0.20342448088203866,0,1,fold_2
2197,sub22,rest01,11,11,0,-1.3912404598817487,0.19920979833369779,0.5,0,-0.7292710542678833,0.3253546953201294,1,3.63215374258594e-06,3.206965570811159,9.718251270414205,0,1,0.23974749786745694,0,1,fold_2
2198,sub22,rest01,12,12,1,-1.4876798463837804,0.18427022519041375,0.5,0,-0.6686002016067505,0.33881035447120667,1,3.63215374258594e-06,3.206965570811159,9.718251270414205,0,1,,,,fold_2
2199,sub22,rest01,13,13,0,-1.3647313819872509,0.20347240473480852,0.5,0,-0.6349520683288574,0.34638848900794983,1,3.63215374258594e-06,3.206965570811159,9.718251270414205,0,1,0.2796133719614459,0,1,fold_2
2200,sub22,rest01,14,14,0,-0.769624728876864,0.3165602905338645,0.5,0,-0.4193692207336426,0.3966676890850067,1,3.63215374258594e-06,3.206965570811159,9.718251270414205,0,1,0.28000046977250137,0,1,fold_2
2201,sub22,rest01,15,15,0,-0.7592578319260505,0.31880742061566475,0.5,0,-0.5622129440307617,0.3630355894565582,1,3.63215374258594e-06,3.206965570811159,9.718251270414205,0,1,0.24972027101851155,0,1,fold_2
2202,sub22,rest01,16,16,1,-1.1556888871758162,0.23945151915812662,0.5,0,-1.0452628135681152,0.26013579964637756,1,3.63215374258594e-06,3.206965570811159,9.718251270414205,0,1,,,,fold_2
2203,sub22,rest01,17,17,0,-1.3575812229260227,0.2046336981679748,0.5,0,-0.8638482093811035,0.2965359687805176,1,3.63215374258594e-06,3.206965570811159,9.718251270414205,0,1,0.21800726292032266,0,1,fold_2
2204,sub22,rest01,18,18,0,-1.2326400214892692,0.22571969427189506,0.5,0,-1.0544614791870117,0.2583692967891693,1,3.63215374258594e-06,3.206965570811159,9.718251270414205,0,1,0.2525163790391384,0,1,fold_2
2205,sub22,rest01,19,19,0,-1.2444151717817147,0.2236683963210981,0.5,0,-1.0462132692337036,0.25995293259620667,1,3.63215374258594e-06,3.206965570811159,9.718251270414205,0,1,0.322028958181157,0,1,fold_2
2206,sub22,rest01,20,20,1,-0.6322115185140899,0.34700925195310756,0.5,0,-0.45456182956695557,0.38827669620513916,1,3.63215374258594e-06,3.206965570811159,9.718251270414205,0,1,,,,fold_2
2207,sub22,rest01,21,21,0,-0.8087306776949844,0.30816104652442206,0.5,0,-0.6598580479621887,0.34077149629592896,1,3.63215374258594e-06,3.206965570811159,9.718251270414205,0,1,0.36610884868661625,0,1,fold_2
2208,sub22,rest01,22,22,0,-0.2645016295722984,0.43425743169795095,0.5,0,0.32438600063323975,0.5803927779197693,1,3.63215374258594e-06,3.206965570811159,9.718251270414205,0,1,0.3737602911681817,0,1,fold_2
2209,sub22,rest01,23,23,0,-0.5931690066297638,0.3559080678374758,0.5,0,-0.0946875810623169,0.4763457775115967,1,3.63215374258594e-06,3.206965570811159,9.718251270414205,0,1,0.3040549436142582,0,1,fold_2
2210,sub22,rest01,24,24,0,-0.7031447114190728,0.33111537396911844,0.5,0,-0.3417712450027466,0.41537928581237793,1,3.63215374258594e-06,3.206965570811159,9.718251270414205,0,1,0.2519042341567071,0,1,fold_2
2211,sub22,rest01,25,25,0,-1.2359519746807046,0.22514138903618042,0.5,0,-1.0582208633422852,0.25764960050582886,1,3.63215374258594e-06,3.206965570811159,9.718251270414205,0,1,0.2044011800449023,0,1,fold_2
2212,sub22,rest01,26,26,0,-1.3896982150652506,0.19945593946482254,0.5,0,-0.8269256353378296,0.30429551005363464,1,3.63215374258594e-06,3.206965570811159,9.718251270414205,0,1,0.19125868174438332,0,1,fold_2
2213,sub22,rest01,27,27,0,-1.459092190142571,0.1886062116337039,0.5,0,-0.8204635977745056,0.3056652545928955,1,3.63215374258594e-06,3.206965570811159,9.718251270414205,0,1,0.1866779999676503,0,1,fold_2
2214,sub22,rest01,28,28,0,-1.4781044997682984,0.18571389413462353,0.5,0,-0.6568377017974854,0.3414503037929535,1,3.63215374258594e-06,3.206965570811159,9.718251270414205,0,1,0.18571389413462355,0,1,fold_2
2215,sub22,rest02,0,29,0,-0.9708486178751748,0.2747113869850085,0.5,0,0.40674102306365967,0.6003062129020691,1,3.63215374258594e-06,3.206965570811159,9.718251270414205,0,1,0.29781867492719694,0,1,fold_2
2216,sub22,rest02,1,30,0,-0.9510586997455083,0.27867195875609707,0.5,0,0.39618754386901855,0.5977713465690613,1,3.63215374258594e-06,3.206965570811159,9.718251270414205,0,1,0.32422256332266014,0,1,fold_2
2217,sub22,rest02,2,31,0,-0.6629703525483636,0.3400726790404852,0.5,0,0.3365398645401001,0.5833497643470764,1,3.63215374258594e-06,3.206965570811159,9.718251270414205,0,1,0.35457925554731423,0,1,fold_2
2218,sub22,rest02,3,32,0,-0.6018390882160837,0.35392305217139813,0.5,0,0.41366779804229736,0.6019670367240906,1,3.63215374258594e-06,3.206965570811159,9.718251270414205,0,1,0.33731350267481996,0,1,fold_2
2219,sub22,rest02,4,33,0,-0.5333236422080744,0.3697420354300594,0.5,0,0.4132598638534546,0.6018692255020142,1,3.63215374258594e-06,3.206965570811159,9.718251270414205,0,1,0.30276969824922445,0,1,fold_2
2220,sub22,rest02,5,34,0,-0.9037746660728997,0.2882754204230023,0.5,0,0.4068143367767334,0.6003237962722778,1,3.63215374258594e-06,3.206965570811159,9.718251270414205,0,1,0.25866896130357087,0,1,fold_2
2221,sub22,rest02,6,35,0,-1.0970574855049442,0.25029163889461153,0.5,0,0.13935136795043945,0.5347815752029419,1,3.63215374258594e-06,3.206965570811159,9.718251270414205,0,1,0.23850169539133595,0,1,fold_2
2222,sub22,rest02,7,36,0,-1.1667672026973488,0.23743982459309873,0.5,0,0.12287557125091553,0.5306802988052368,1,3.63215374258594e-06,3.206965570811159,9.718251270414205,0,1,0.2283522330788811,0,1,fold_2
2223,sub22,rest02,8,37,0,-1.220925489137331,0.2277736226862976,0.5,0,0.05499565601348877,0.5137454867362976,1,3.63215374258594e-06,3.206965570811159,9.718251270414205,0,1,0.21982674689371354,0,1,fold_2
2224,sub22,rest02,9,38,0,-1.2665800572167225,0.21984325195724702,0.5,0,0.06336379051208496,0.5158356428146362,1,3.63215374258594e-06,3.206965570811159,9.718251270414205,0,1,0.2145417393769923,0,1,fold_2
2225,sub22,rest02,10,39,0,-1.313729901110233,0.21186336603759598,0.5,0,0.015613913536071777,0.5039033889770508,1,3.63215374258594e-06,3.206965570811159,9.718251270414205,0,1,0.21310645380456664,0,1,fold_2
2226,sub22,rest02,11,40,0,-1.313399144524634,0.2119186001361339,0.5,0,-0.007036328315734863,0.4982408881187439,1,3.63215374258594e-06,3.206965570811159,9.718251270414205,0,1,0.20650248202586952,0,1,fold_2
2227,sub22,rest02,12,41,0,-1.2918644811417654,0.21553739523997006,0.5,0,0.026767253875732422,0.5066914558410645,1,3.63215374258594e-06,3.206965570811159,9.718251270414205,0,1,0.20153185852463384,0,1,fold_2
2228,sub22,rest02,13,42,0,-1.4367350713496214,0.19205145070150456,0.5,0,-0.26724135875701904,0.43358445167541504,1,3.63215374258594e-06,3.206965570811159,9.718251270414205,0,1,0.1989862942793124,0,1,fold_2
2229,sub22,rest02,14,43,0,-1.4051084445731854,0.19700672963242696,0.5,0,-0.2522594928741455,0.4372674226760864,1,3.63215374258594e-06,3.206965570811159,9.718251270414205,0,1,0.21579013280336715,0,1,fold_2
2230,sub22,rest02,15,44,0,-1.3376261856759097,0.2079007025040057,0.5,0,-0.13438260555267334,0.4664548337459564,1,3.63215374258594e-06,3.206965570811159,9.718251270414205,0,1,0.22506089848548996,0,1,fold_2
2231,sub22,rest02,16,45,0,-1.1392234432782145,0.2424629662736688,0.5,0,0.23240196704864502,0.5578404068946838,1,3.63215374258594e-06,3.206965570811159,9.718251270414205,0,1,0.2316513693282908,0,1,fold_2
2232,sub22,rest02,17,46,0,-1.2378007633672592,0.2248190266787954,0.5,0,0.13261854648590088,0.5331060886383057,1,3.63215374258594e-06,3.206965570811159,9.718251270414205,0,1,0.2263597538513149,0,1,fold_2
2233,sub22,rest02,18,47,0,-1.221502679372133,0.22767211503240828,0.5,0,0.11482083797454834,0.5286736488342285,1,3.63215374258594e-06,3.206965570811159,9.718251270414205,0,1,0.2295714655944623,0,1,fold_2
2234,sub22,rest02,19,48,0,-1.2276778206622598,0.22658811984274102,0.5,0,0.06122612953186035,0.5153017044067383,1,3.63215374258594e-06,3.206965570811159,9.718251270414205,0,1,0.23488979126599974,0,1,fold_2
2235,sub22,rest02,20,49,0,-1.1833289960693854,0.23445416190823756,0.5,0,0.05338621139526367,0.5133433938026428,1,3.63215374258594e-06,3.206965570811159,9.718251270414205,0,1,0.2497931982131573,0,1,fold_2
2236,sub22,rest02,21,50,0,-1.1328957741011292,0.24362709204702054,0.5,0,0.045105576515197754,0.5112744569778442,1,3.63215374258594e-06,3.206965570811159,9.718251270414205,0,1,0.26838563861867737,0,1,fold_2
2237,sub22,rest02,22,51,0,-0.988045298283695,0.27129834068421377,0.5,0,0.17338931560516357,0.5432390570640564,1,3.63215374258594e-06,3.206965570811159,9.718251270414205,0,1,0.2839204356446032,0,1,fold_2
2238,sub22,rest02,23,52,0,-0.8942600620591125,0.2902314831247978,0.5,0,0.32711470127105713,0.5810571908950806,1,3.63215374258594e-06,3.206965570811159,9.718251270414205,0,1,0.2902314831247978,0,1,fold_2
2239,sub22,task02,0,53,0,0.35533312232161585,0.5879102469859415,0.5,1,0.6910082101821899,0.6661911606788635,1,3.63215374258594e-06,3.206965570811159,9.718251270414205,1,1,0.7011681583799966,1,1,fold_2
2240,sub22,task02,1,54,0,0.9906820085393709,0.7292226107567201,0.5,1,0.8611389398574829,0.7028985619544983,1,3.63215374258594e-06,3.206965570811159,9.718251270414205,1,1,0.7678393788045476,1,1,fold_2
2241,sub22,task02,2,55,0,1.3031915007554915,0.7863716173973281,0.5,1,1.5706228017807007,0.8278723955154419,1,3.63215374258594e-06,3.206965570811159,9.718251270414205,1,1,0.7693459524401316,1,1,fold_2
2242,sub22,task02,3,56,0,1.312456388494767,0.7879239082595945,0.5,1,1.5608755350112915,0.8264789581298828,1,3.63215374258594e-06,3.206965570811159,9.718251270414205,1,1,0.7336557552097746,1,1,fold_2
2243,sub22,task02,4,57,0,1.0136934023303195,0.7337423316634722,0.5,1,1.2319148778915405,0.7741535902023315,1,3.63215374258594e-06,3.206965570811159,9.718251270414205,1,1,0.7106732079463377,1,1,fold_2
2244,sub22,task02,5,58,0,0.7505614577837262,0.6793010257062571,0.5,1,0.789035439491272,0.6876242160797119,1,3.63215374258594e-06,3.206965570811159,9.718251270414205,1,1,0.7249034459697493,1,1,fold_2
2245,sub22,task02,6,59,0,0.9393892213626572,0.7189762664692837,0.5,1,1.0209089517593384,0.7351495623588562,1,3.63215374258594e-06,3.206965570811159,9.718251270414205,1,1,0.7635260807572387,1,1,fold_2
2246,sub22,task02,7,60,0,1.2449994723056401,0.7764330457337069,0.5,1,1.3120909929275513,0.7878628373146057,1,3.63215374258594e-06,3.206965570811159,9.718251270414205,1,1,0.7939292839199497,1,1,fold_2
2247,sub22,task02,8,61,0,1.3563689924263138,0.7951689300687254,0.5,1,1.9447613954544067,0.8748742938041687,1,3.63215374258594e-06,3.206965570811159,9.718251270414205,1,1,0.7897311665825576,1,1,fold_2
2248,sub22,task02,9,62,0,1.4512183990260559,0.8101858759574169,0.5,1,1.643973708152771,0.8380749225616455,1,3.63215374258594e-06,3.206965570811159,9.718251270414205,1,1,0.7145281890916163,1,1,fold_2
2249,sub22,task02,10,63,0,1.1738415602772685,0.7638386937215307,0.5,1,1.2698251008987427,0.7807128429412842,1,3.63215374258594e-06,3.206965570811159,9.718251270414205,1,1,0.5834794248097349,1,1,fold_2
2250,sub22,task02,11,64,0,0.28005618177441566,0.5695599975959015,0.5,1,0.44016313552856445,0.6082978844642639,1,3.63215374258594e-06,3.206965570811159,9.718251270414205,1,1,0.5152871434023848,1,1,fold_2
2251,sub22,task02,12,65,0,-0.33493814766170305,0.41703958311177275,0.5,0,0.03961479663848877,0.5099024176597595,1,3.63215374258594e-06,3.206965570811159,9.718251270414205,1,0,0.564941212962235,1,1,fold_2
2252,sub22,task02,13,66,0,0.23816685228092863,0.5592618494994802,0.5,1,0.5070128440856934,0.6241059303283691,1,3.63215374258594e-06,3.206965570811159,9.718251270414205,1,1,0.6702109709994951,1,1,fold_2
2253,sub22,task02,14,67,0,0.9371430525366026,0.718522206275452,0.5,1,0.9334169626235962,0.7177680134773254,1,3.63215374258594e-06,3.206965570811159,9.718251270414205,1,1,0.71777184669155,1,1,fold_2
2254,sub22,task02,15,68,0,1.0091249070597654,0.7328488572235533,0.5,1,0.9850751161575317,0.7281140685081482,1,3.63215374258594e-06,3.206965570811159,9.718251270414205,1,1,0.652673655867052,1,1,fold_2
2255,sub22,task02,16,69,0,0.856574518334786,0.7019444765756447,0.5,1,0.7489026784896851,0.6789395809173584,1,3.63215374258594e-06,3.206965570811159,9.718251270414205,1,1,0.6544436361770049,1,1,fold_2
2256,sub22,task02,17,70,0,0.0929774583758208,0.5232276338019579,0.5,1,0.4579184055328369,0.6125202178955078,1,3.63215374258594e-06,3.206965570811159,9.718251270414205,1,1,0.6710245777765307,1,1,fold_2
2257,sub22,task02,18,71,0,1.0364207549173872,0.7381587981534118,0.5,1,1.0077742338180542,0.7325843572616577,1,3.63215374258594e-06,3.206965570811159,9.718251270414205,1,1,0.7544634285390551,1,1,fold_2
2258,sub22,task02,19,72,0,1.107631581354021,0.7516873013742226,0.5,1,1.2542418241500854,0.7780333161354065,1,3.63215374258594e-06,3.206965570811159,9.718251270414205,1,1,0.7682492961928551,1,1,fold_2
2259,sub22,task02,20,73,0,1.2284329494357784,0.7735441860895308,0.5,1,2.6913537979125977,0.9365145564079285,1,3.63215374258594e-06,3.206965570811159,9.718251270414205,1,1,0.7480169320634892,1,1,fold_2
2260,sub22,task02,21,74,0,1.2628504181868998,0.7795164011148121,0.5,1,1.8469184637069702,0.8637648820877075,1,3.63215374258594e-06,3.206965570811159,9.718251270414205,1,1,0.6530593248080414,1,1,fold_2
2261,sub22,task02,22,75,0,0.8047526918025796,0.6909902089861245,0.5,1,0.909582257270813,0.7129146456718445,1,3.63215374258594e-06,3.206965570811159,9.718251270414205,1,1,0.5692500537606661,1,1,fold_2
2262,sub22,task02,23,76,0,-0.04532229919935796,0.4886713643231874,0.5,0,0.4829200506210327,0.6184371709823608,1,3.63215374258594e-06,3.206965570811159,9.718251270414205,1,0,0.5435240593151249,1,1,fold_2
2263,sub22,task02,24,77,0,0.11247276829657744,0.5280885879726864,0.5,1,0.6448847055435181,0.6558567881584167,1,3.63215374258594e-06,3.206965570811159,9.718251270414205,1,1,0.6402630169589989,1,1,fold_2
2264,sub22,task02,25,78,0,0.4633653467280329,0.613812225649501,0.5,1,0.6368411779403687,0.6540390253067017,1,3.63215374258594e-06,3.206965570811159,9.718251270414205,1,1,0.7101673631994946,1,1,fold_2
2265,sub22,task02,26,79,0,1.2591992786052135,0.7788882372548092,0.5,1,1.050646185874939,0.7408989667892456,1,3.63215374258594e-06,3.206965570811159,9.718251270414205,1,1,0.7254074054347116,1,1,fold_2
2266,sub22,task02,27,80,0,1.0345736226604356,0.7378016266941735,0.5,1,1.0916112661361694,0.7486850023269653,1,3.63215374258594e-06,3.206965570811159,9.718251270414205,1,1,0.6234905984777818,1,1,fold_2
2267,sub22,task02,28,81,0,0.6612109200211074,0.659532352355152,0.5,1,1.039138674736023,0.7386837601661682,1,3.63215374258594e-06,3.206965570811159,9.718251270414205,1,1,0.5534477324351496,1,1,fold_2
2268,sub22,task02,29,82,0,-0.10755229056088315,0.4731378163840198,0.5,0,0.8218780755996704,0.6946348547935486,1,3.63215374258594e-06,3.206965570811159,9.718251270414205,1,0,0.5656399559750864,1,1,fold_2
2269,sub22,task02,30,83,0,0.11080534596098246,0.5276730285662768,0.5,1,0.6070083379745483,0.6472580432891846,1,3.63215374258594e-06,3.206965570811159,9.718251270414205,1,1,0.653431381921834,1,1,fold_2
2270,sub22,task02,31,84,0,0.8288372813960836,0.6961090229749627,0.5,1,1.0328339338302612,0.737464964389801,1,3.63215374258594e-06,3.206965570811159,9.718251270414205,1,1,0.7202895055438275,1,1,fold_2
2271,sub22,task02,32,85,0,1.0279181884383077,0.7365120942242623,0.5,1,1.4692577123641968,0.8129445314407349,1,3.63215374258594e-06,3.206965570811159,9.718251270414205,1,1,0.7310022976962592,1,1,fold_2
2272,sub22,task02,33,86,0,0.9857487291889966,0.7282473994322576,0.5,1,1.7995740175247192,0.8580970764160156,1,3.63215374258594e-06,3.206965570811159,9.718251270414205,1,1,0.7282473994322576,1,1,fold_2
719,sub8,rest01,0,0,0,-1.307260986720245,0.21294554109415298,0.5,0,-0.3761254549026489,0.40706175565719604,1,2.4886785950859763e-06,1.5510569725453605,5.994788801083416,0,1,0.21416851443005944,0,1,fold_3
720,sub8,rest01,1,1,0,-1.3263990996752035,0.20975562015435417,0.5,0,-0.4133627414703369,0.39810609817504883,1,2.4886785950859763e-06,1.5510569725453605,5.994788801083416,0,1,0.207771230236623,0,1,fold_3
721,sub8,rest01,2,2,0,-1.2668067022286738,0.2198043820416712,0.5,0,-0.3059183359146118,0.42411136627197266,1,2.4886785950859763e-06,1.5510569725453605,5.994788801083416,0,1,0.20063961368443348,0,1,fold_3
722,sub8,rest01,3,3,0,-1.4258015876555745,0.1937536885138436,0.5,0,-0.3778421878814697,0.4066474437713623,1,2.4886785950859763e-06,1.5510569725453605,5.994788801083416,0,1,0.18984167385129033,0,1,fold_3
723,sub8,rest01,4,4,0,-1.4606968268627203,0.1883607704977856,0.5,0,-0.4196610450744629,0.39659786224365234,1,2.4886785950859763e-06,1.5510569725453605,5.994788801083416,0,1,0.1874333619443259,0,1,fold_3
724,sub8,rest01,5,5,0,-1.4669242531817934,0.1874105625422417,0.5,0,-0.6155657172203064,0.3507906496524811,1,2.4886785950859763e-06,1.5510569725453605,5.994788801083416,0,1,0.18545972286350695,0,1,fold_3
725,sub8,rest01,6,6,0,-1.472725183810176,0.18652875279295036,0.5,0,-0.7452794909477234,0.3218507468700409,1,2.4886785950859763e-06,1.5510569725453605,5.994788801083416,0,1,0.1889980319294817,0,1,fold_3
726,sub8,rest01,7,7,1,-1.3302184904675884,0.20912322662449237,0.5,0,-0.5848389863967896,0.35781988501548767,1,2.4886785950859763e-06,1.5510569725453605,5.994788801083416,0,1,,,,fold_3
727,sub8,rest01,8,8,0,-1.4999039265662286,0.18243985325532877,0.5,0,-0.87663733959198,0.2938750982284546,1,2.4886785950859763e-06,1.5510569725453605,5.994788801083416,0,1,0.19445466298813008,0,1,fold_3
728,sub8,rest01,9,9,0,-1.3986810661728182,0.19802548974016593,0.5,0,-0.7485201358795166,0.32114383578300476,1,2.4886785950859763e-06,1.5510569725453605,5.994788801083416,0,1,0.1926044989567337,0,1,fold_3
729,sub8,rest01,10,10,1,-1.4383509476502547,0.19180084366530303,0.5,0,-0.6832444071769714,0.3355375826358795,1,2.4886785950859763e-06,1.5510569725453605,5.994788801083416,0,1,,,,fold_3
730,sub8,rest01,11,11,0,-1.3682752667109368,0.2028986459688955,0.5,0,-0.5821078419685364,0.35844773054122925,1,2.4886785950859763e-06,1.5510569725453605,5.994788801083416,0,1,0.18840741987521312,0,1,fold_3
731,sub8,rest01,12,12,0,-1.537566166279388,0.1768893611611397,0.5,0,-0.8201068043708801,0.30574098229408264,1,2.4886785950859763e-06,1.5510569725453605,5.994788801083416,0,1,0.17859410959856106,0,1,fold_3
732,sub8,rest01,13,13,1,-1.5795833153404701,0.170854502826456,0.5,0,-0.796844482421875,0.310700923204422,1,2.4886785950859763e-06,1.5510569725453605,5.994788801083416,0,1,,,,fold_3
733,sub8,rest01,14,14,0,-1.4799547608561627,0.18543425249560402,0.5,0,-0.6405189037322998,0.34512925148010254,1,2.4886785950859763e-06,1.5510569725453605,5.994788801083416,0,1,0.1949483828445714,0,1,fold_3
734,sub8,rest01,15,15,0,-1.5613102494666875,0.17345871513893954,0.5,0,-0.8078856468200684,0.30834123492240906,1,2.4886785950859763e-06,1.5510569725453605,5.994788801083416,0,1,0.21697620732384873,0,1,fold_3
735,sub8,rest01,16,16,1,-1.3993050743535775,0.1979264088038806,0.5,0,-0.6729532480239868,0.3378358781337738,1,2.4886785950859763e-06,1.5510569725453605,5.994788801083416,0,1,,,,fold_3
736,sub8,rest01,17,17,0,-1.2313102655228643,0.22595218089917055,0.5,0,-0.11031162738800049,0.4724500775337219,1,2.4886785950859763e-06,1.5510569725453605,5.994788801083416,0,1,0.22850717245919996,0,1,fold_3
737,sub8,rest01,18,18,0,-1.0905340537326746,0.2515177259334362,0.5,0,0.07847774028778076,0.5196093916893005,1,2.4886785950859763e-06,1.5510569725453605,5.994788801083416,0,1,0.2270926260234146,0,1,fold_3
738,sub8,rest01,19,19,0,-1.336710048318658,0.20805161054499327,0.5,0,-0.36189091205596924,0.4105018973350525,1,2.4886785950859763e-06,1.5510569725453605,5.994788801083416,0,1,0.20179316019588345,0,1,fold_3
739,sub8,rest01,20,20,0,-1.2557374356438544,0.2217085415918143,0.5,0,-0.09679996967315674,0.4758189022541046,1,2.4886785950859763e-06,1.5510569725453605,5.994788801083416,0,1,0.19086541928399914,0,1,fold_3
740,sub8,rest01,21,21,0,-1.5463136572167044,0.1756193284508428,0.5,0,-0.5170547962188721,0.3735411763191223,1,2.4886785950859763e-06,1.5510569725453605,5.994788801083416,0,1,0.17894171908663606,0,1,fold_3
741,sub8,rest01,22,22,0,-1.5487395711339165,0.17526838780934026,0.5,0,-0.4328404664993286,0.39344826340675354,1,2.4886785950859763e-06,1.5510569725453605,5.994788801083416,0,1,0.18238108993626348,0,1,fold_3
742,sub8,rest01,23,23,0,-1.4766269384306334,0.18593744099972512,0.5,0,-0.39046549797058105,0.40360528230667114,1,2.4886785950859763e-06,1.5510569725453605,5.994788801083416,0,1,0.18593744099972512,0,1,fold_3
743,sub8,rest02,0,24,0,-1.4042443155627091,0.1971434663813663,0.5,0,-0.22624552249908447,0.44367867708206177,1,2.4886785950859763e-06,1.5510569725453605,5.994788801083416,0,1,0.3234451846434698,0,1,fold_3
744,sub8,rest02,1,25,0,-0.39674940044922274,0.40209358128942,0.5,0,0.5168687105178833,0.6264152526855469,1,2.4886785950859763e-06,1.5510569725453605,5.994788801083416,0,1,0.3985107055376833,0,1,fold_3
745,sub8,rest02,2,26,0,-0.5275070938212028,0.371098506259623,0.5,0,0.28666722774505615,0.5711800456047058,1,2.4886785950859763e-06,1.5510569725453605,5.994788801083416,0,1,0.3403589470120323,0,1,fold_3
746,sub8,rest02,3,27,0,-0.31317466432195373,0.4223400290640068,0.5,0,0.4077950716018677,0.6005590558052063,1,2.4886785950859763e-06,1.5510569725453605,5.994788801083416,0,1,0.29199974639765497,0,1,fold_3
747,sub8,rest02,4,28,0,-1.2216949653522502,0.22763830571246718,0.5,0,0.09063589572906494,0.5226434469223022,1,2.4886785950859763e-06,1.5510569725453605,5.994788801083416,0,1,0.2201668031740176,0,1,fold_3
748,sub8,rest02,5,29,0,-1.230917372522192,0.22602090441649092,0.5,0,0.06657636165618896,0.516637921333313,1,2.4886785950859763e-06,1.5510569725453605,5.994788801083416,0,1,0.22487017033768966,0,1,fold_3
749,sub8,rest02,6,30,0,-1.3440721083962381,0.20684119939309467,0.5,0,-0.185502290725708,0.4537569284439087,1,2.4886785950859763e-06,1.5510569725453605,5.994788801083416,0,1,0.22350223106785297,0,1,fold_3
750,sub8,rest02,7,31,0,-1.1431177014868366,0.24174840720348348,0.5,0,0.12138855457305908,0.5303099155426025,1,2.4886785950859763e-06,1.5510569725453605,5.994788801083416,0,1,0.2212615935564285,0,1,fold_3
751,sub8,rest02,8,32,0,-1.2545292626270348,0.2219170866069808,0.5,0,-0.16577374935150146,0.45865121483802795,1,2.4886785950859763e-06,1.5510569725453605,5.994788801083416,0,1,0.20494628139111448,0,1,fold_3
752,sub8,rest02,9,33,0,-1.3855489849307108,0.2001192868588212,0.5,0,-0.30509161949157715,0.4243133068084717,1,2.4886785950859763e-06,1.5510569725453605,5.994788801083416,0,1,0.23715863909914595,0,1,fold_3
753,sub8,rest02,10,34,0,-1.4319022112303446,0.19280247070754142,0.5,0,-0.36927735805511475,0.4087156653404236,1,2.4886785950859763e-06,1.5510569725453605,5.994788801083416,0,1,0.27769852248568094,0,1,fold_3
754,sub8,rest02,11,35,0,-0.7604242698122872,0.3185541597310752,0.5,0,0.4370521306991577,0.6075563430786133,1,2.4886785950859763e-06,1.5510569725453605,5.994788801083416,0,1,0.3049349928085953,0,1,fold_3
755,sub8,rest02,12,36,0,-0.7457918003695934,0.32173893701842626,0.5,0,0.5135753154754639,0.6256442666053772,1,2.4886785950859763e-06,1.5510569725453605,5.994788801083416,0,1,0.26999547251741857,0,1,fold_3
756,sub8,rest02,13,37,0,-0.9718501501577259,0.27451188167628443,0.5,0,0.20247840881347656,0.550447404384613,1,2.4886785950859763e-06,1.5510569725453605,5.994788801083416,0,1,0.22592227479371507,0,1,fold_3
757,sub8,rest02,14,38,0,-1.3025533923040424,0.213735598857545,0.5,0,-0.043970584869384766,0.48900917172431946,1,2.4886785950859763e-06,1.5510569725453605,5.994788801083416,0,1,0.20880072358121973,0,1,fold_3
758,sub8,rest02,15,39,0,-1.4531363766675902,0.18951934384731575,0.5,0,-0.4031050205230713,0.4005665183067322,1,2.4886785950859763e-06,1.5510569725453605,5.994788801083416,0,1,0.20840898468660732,0,1,fold_3
759,sub8,rest02,16,40,0,-1.2474190807037038,0.22314722803879847,0.5,0,-0.07168471813201904,0.48208650946617126,1,2.4886785950859763e-06,1.5510569725453605,5.994788801083416,0,1,0.22160498420916444,0,1,fold_3
760,sub8,rest02,17,41,0,-1.3095605925771232,0.21256038217370776,0.5,0,-0.015825629234313965,0.49604371190071106,1,2.4886785950859763e-06,1.5510569725453605,5.994788801083416,0,1,0.2576067621060225,0,1,fold_3
761,sub8,rest02,18,42,0,-1.213358501050219,0.22910734241498706,0.5,0,0.10171163082122803,0.525406002998352,1,2.4886785950859763e-06,1.5510569725453605,5.994788801083416,0,1,0.36817778200285717,0,1,fold_3
762,sub8,rest02,19,43,0,-0.7029768089245628,0.3311525617293727,0.5,0,0.3112879991531372,0.5771995782852173,1,2.4886785950859763e-06,1.5510569725453605,5.994788801083416,0,1,0.4849984704511597,0,1,fold_3
763,sub8,rest02,20,44,0,0.17755879461568663,0.5442734418642118,0.5,1,1.3280695676803589,0.7905211448669434,1,2.4886785950859763e-06,1.5510569725453605,5.994788801083416,0,0,0.5564966522243009,1,0,fold_3
764,sub8,rest02,21,45,0,0.32100602169283693,0.5795694077598947,0.5,1,1.4526914358139038,0.8104123473167419,1,2.4886785950859763e-06,1.5510569725453605,5.994788801083416,0,0,0.5215507552272488,1,0,fold_3
765,sub8,rest02,22,46,0,0.1830982493493551,0.5456471070487963,0.5,1,1.2074934244155884,0.7698551416397095,1,2.4886785950859763e-06,1.5510569725453605,5.994788801083416,0,0,0.4748395362649691,0,1,fold_3
766,sub8,rest02,23,47,0,-0.24345234460569187,0.4394357508730555,0.5,0,1.1444696187973022,0.7584993243217468,1,2.4886785950859763e-06,1.5510569725453605,5.994788801083416,0,1,0.4394357508730555,0,1,fold_3
767,sub8,task02,0,48,0,-0.5222694396603276,0.3723217161023914,0.5,0,0.8416882753372192,0.6988206505775452,1,2.4886785950859763e-06,1.5510569725453605,5.994788801083416,1,0,0.42276916941410597,0,0,fold_3
768,sub8,task02,1,49,0,-0.21150611038293404,0.4473197131315996,0.5,0,0.7958649396896362,0.6890892386436462,1,2.4886785950859763e-06,1.5510569725453605,5.994788801083416,1,0,0.5104441386545173,1,1,fold_3
769,sub8,task02,2,50,0,-0.2060617410532726,0.4486660790083269,0.5,0,0.6307634115219116,0.6526625156402588,1,2.4886785950859763e-06,1.5510569725453605,5.994788801083416,1,0,0.571858812108539,1,1,fold_3
770,sub8,task02,3,51,0,0.5552234661882984,0.6353466238236254,0.5,1,1.468088984489441,0.8127667903900146,1,2.4886785950859763e-06,1.5510569725453605,5.994788801083416,1,1,0.6755941180747621,1,1,fold_3
771,sub8,task02,4,52,0,0.5389311178572176,0.6315637334936649,0.5,1,1.4007059335708618,0.8022958636283875,1,2.4886785950859763e-06,1.5510569725453605,5.994788801083416,1,1,0.7352475819156767,1,1,fold_3
772,sub8,task02,5,53,0,1.1519778665886022,0.759871996906996,0.5,1,2.60097599029541,0.9309243559837341,1,2.4886785950859763e-06,1.5510569725453605,5.994788801083416,1,1,0.7928349967738789,1,1,fold_3
773,sub8,task02,6,54,0,1.4782427738253971,0.8143070153463695,0.5,1,3.46702241897583,0.9697347283363342,1,2.4886785950859763e-06,1.5510569725453605,5.994788801083416,1,1,0.7886819057816794,1,1,fold_3
774,sub8,task02,7,55,0,1.4135545111208005,0.8043259780682711,0.5,1,3.237440586090088,0.96221923828125,1,2.4886785950859763e-06,1.5510569725453605,5.994788801083416,1,1,0.7269849389933705,1,1,fold_3
775,sub8,task02,8,56,0,1.0848607043710485,0.7474127239303974,0.5,1,2.331282138824463,0.9114348888397217,1,2.4886785950859763e-06,1.5510569725453605,5.994788801083416,1,1,0.6770622969854658,1,1,fold_3
776,sub8,task02,9,57,0,0.5288554100037325,0.629216114981443,0.5,1,1.5278922319412231,0.8216976523399353,1,2.4886785950859763e-06,1.5510569725453605,5.994788801083416,1,1,0.6473282230987452,1,1,fold_3
777,sub8,task02,10,58,0,0.6391356723933365,0.6545580520445572,0.5,1,1.7650679349899292,0.8538432717323303,1,2.4886785950859763e-06,1.5510569725453605,5.994788801083416,1,1,0.6482439146603313,1,1,fold_3
778,sub8,task02,11,59,0,0.655329748580801,0.6582105022702351,0.5,1,1.9535640478134155,0.8758347630500793,1,2.4886785950859763e-06,1.5510569725453605,5.994788801083416,1,1,0.6694711825559202,1,1,fold_3
779,sub8,task02,12,60,0,0.5406481870041198,0.6319631896662015,0.5,1,1.7375203371047974,0.850371778011322,1,2.4886785950859763e-06,1.5510569725453605,5.994788801083416,1,1,0.6378330215655734,1,1,fold_3
780,sub8,task02,13,61,0,0.935747417394857,0.718239855731324,0.5,1,2.113741874694824,0.8922317028045654,1,2.4886785950859763e-06,1.5510569725453605,5.994788801083416,1,1,0.6402372914058515,1,1,fold_3
781,sub8,task02,14,62,0,0.2545497032619068,0.5632960192991949,0.5,1,1.2489689588546753,0.7771213054656982,1,2.4886785950859763e-06,1.5510569725453605,5.994788801083416,1,1,0.6690717487797176,1,1,fold_3
782,sub8,task02,15,63,0,0.5717895384653274,0.6391759991870356,0.5,1,1.4020072221755981,0.8025022149085999,1,2.4886785950859763e-06,1.5510569725453605,5.994788801083416,1,1,0.7504820659382454,1,1,fold_3
783,sub8,task02,16,64,0,1.4162077823146448,0.8047432278529223,0.5,1,2.850480556488037,0.945343554019928,1,2.4886785950859763e-06,1.5510569725453605,5.994788801083416,1,1,0.7952864388323428,1,1,fold_3
784,sub8,task02,17,65,0,1.4340204188884351,0.8075269707747784,0.5,1,3.0705642700195312,0.9556621313095093,1,2.4886785950859763e-06,1.5510569725453605,5.994788801083416,1,1,0.6361619929325826,1,1,fold_3
785,sub8,task02,18,66,0,1.2286894660479974,0.7735891178693278,0.5,1,2.3029370307922363,0.9091199636459351,1,2.4886785950859763e-06,1.5510569725453605,5.994788801083416,1,1,0.5609941442478201,1,1,fold_3
786,sub8,task02,19,67,0,-0.7201048704889154,0.32736989015364154,0.5,0,0.28225719928741455,0.5700994729995728,1,2.4886785950859763e-06,1.5510569725453605,5.994788801083416,1,0,0.479507604230424,0,0,fold_3
787,sub8,task02,20,68,0,0.33108530462883706,0.582023424720491,0.5,1,1.1018544435501099,0.7506073713302612,1,2.4886785950859763e-06,1.5510569725453605,5.994788801083416,1,1,0.6071974951149796,1,1,fold_3
788,sub8,task02,21,69,0,0.11665008536026773,0.5291294978171395,0.5,1,0.9469972848892212,0.7205109000205994,1,2.4886785950859763e-06,1.5510569725453605,5.994788801083416,1,1,0.5288747596597294,1,1,fold_3
789,sub8,task02,22,70,0,0.8975198417403311,0.7104395628073085,0.5,1,1.4730194807052612,0.8135159015655518,1,2.4886785950859763e-06,1.5510569725453605,5.994788801083416,1,1,0.5936349760664607,1,1,fold_3
790,sub8,task02,23,71,0,-0.6320086666754379,0.3470552183547402,0.5,0,0.25912773609161377,0.5644218325614929,1,2.4886785950859763e-06,1.5510569725453605,5.994788801083416,1,0,0.589076843599072,1,1,fold_3
791,sub8,task02,24,72,0,0.9614406126095676,0.7234101470373334,0.5,1,2.1586203575134277,0.8964715600013733,1,2.4886785950859763e-06,1.5510569725453605,5.994788801083416,1,1,0.723235715470885,1,1,fold_3
792,sub8,task02,25,73,0,0.8319408950521193,0.6967651654051427,0.5,1,1.4324012994766235,0.8072751760482788,1,2.4886785950859763e-06,1.5510569725453605,5.994788801083416,1,1,0.6800882397634771,1,1,fold_3
793,sub8,task02,26,74,0,1.096116959517914,0.7495318339701792,0.5,1,2.2067785263061523,0.9008565545082092,1,2.4886785950859763e-06,1.5510569725453605,5.994788801083416,1,1,0.6254536674127897,1,1,fold_3
794,sub8,task02,27,75,0,0.38039231026929793,0.5939677199151093,0.5,1,1.7417999505996704,0.8509155511856079,1,2.4886785950859763e-06,1.5510569725453605,5.994788801083416,1,1,0.6086397258673549,1,1,fold_3
795,sub8,task02,28,76,0,0.13163554543354938,0.5328614483530806,0.5,1,1.6037784814834595,0.8325457572937012,1,2.4886785950859763e-06,1.5510569725453605,5.994788801083416,1,1,0.6296835047440629,1,1,fold_3
796,sub8,task02,29,77,0,0.8429683169644372,0.6990900093338751,0.5,1,2.3372550010681152,0.9119158387184143,1,2.4886785950859763e-06,1.5510569725453605,5.994788801083416,1,1,0.694980195668841,1,1,fold_3
797,sub8,task02,30,78,0,0.6503931672528805,0.6570990565452328,0.5,1,1.6659456491470337,0.8410345315933228,1,2.4886785950859763e-06,1.5510569725453605,5.994788801083416,1,1,0.7141651287812256,1,1,fold_3
798,sub8,task02,31,79,0,0.9882975279769292,0.7287515211274149,0.5,1,2.4532575607299805,0.9207993149757385,1,2.4886785950859763e-06,1.5510569725453605,5.994788801083416,1,1,0.7408920940704306,1,1,fold_3
799,sub8,task02,32,80,0,1.1343718653517683,0.756644808671029,0.5,1,2.4682564735412598,0.9218863248825073,1,2.4886785950859763e-06,1.5510569725453605,5.994788801083416,1,1,0.7508362827496224,1,1,fold_3
800,sub8,task02,33,81,0,1.0318786666865785,0.7372799524128476,0.5,1,1.9164758920669556,0.8717449307441711,1,2.4886785950859763e-06,1.5510569725453605,5.994788801083416,1,1,0.6817577542813139,1,1,fold_3
801,sub8,task02,34,82,0,1.1449324270100558,0.7585840871649907,0.5,1,1.8554514646530151,0.8647658824920654,1,2.4886785950859763e-06,1.5510569725453605,5.994788801083416,1,1,0.6416659895983913,1,1,fold_3
802,sub8,task02,35,83,0,0.19828400247548775,0.5494092232661033,0.5,1,1.7798453569412231,0.8556777834892273,1,2.4886785950859763e-06,1.5510569725453605,5.994788801083416,1,1,0.5944728466647544,1,1,fold_3
803,sub8,task02,36,84,0,0.47685374762352417,0.6170046583640799,0.5,1,3.2808570861816406,0.9637662768363953,1,2.4886785950859763e-06,1.5510569725453605,5.994788801083416,1,1,0.6170046583640799,1,1,fold_3
804,sub8,rest04,0,85,0,-1.0075127190249775,0.2674668976873664,0.5,0,0.0704425573348999,0.51760333776474,1,2.4886785950859763e-06,1.5510569725453605,5.994788801083416,1,0,0.36720887502700844,0,0,fold_3
805,sub8,rest04,1,86,0,-0.22716116597164326,0.44345266352568025,0.5,0,0.8388673067092896,0.6982265710830688,1,2.4886785950859763e-06,1.5510569725453605,5.994788801083416,1,0,0.4579605934306521,0,0,fold_3
806,sub8,rest04,2,87,0,-0.4443410818436419,0.39070706386797877,0.5,0,0.6351617574691772,0.653658926486969,1,2.4886785950859763e-06,1.5510569725453605,5.994788801083416,1,0,0.45090492140112054,0,0,fold_3
807,sub8,rest04,3,88,0,0.1592237503533483,0.5397220528982974,0.5,1,1.153211236000061,0.7600969672203064,1,2.4886785950859763e-06,1.5510569725453605,5.994788801083416,1,1,0.4598219715423917,0,0,fold_3
808,sub8,rest04,4,89,0,-0.3133975720864352,0.42228564743708563,0.5,0,0.899673581123352,0.7108824253082275,1,2.4886785950859763e-06,1.5510569725453605,5.994788801083416,1,0,0.3434101950265885,0,0,fold_3
809,sub8,rest04,5,90,0,-0.33321646423502443,0.417458214291792,0.5,0,0.9375914335250854,0.7186128497123718,1,2.4886785950859763e-06,1.5510569725453605,5.994788801083416,1,0,0.2699334279147632,0,0,fold_3
810,sub8,rest04,6,91,0,-1.4468506755902166,0.190486723350888,0.5,0,-0.14274466037750244,0.464374303817749,1,2.4886785950859763e-06,1.5510569725453605,5.994788801083416,1,0,0.22169898244456462,0,0,fold_3
811,sub8,rest04,7,92,0,-1.374738519106419,0.2018553461016096,0.5,0,-0.2059938907623291,0.4486828148365021,1,2.4886785950859763e-06,1.5510569725453605,5.994788801083416,1,0,0.2573167346490349,0,0,fold_3
812,sub8,rest04,8,93,0,-0.9806900814292604,0.27275487788119623,0.5,0,0.15958750247955322,0.539812445640564,1,2.4886785950859763e-06,1.5510569725453605,5.994788801083416,1,0,0.41101324158403596,0,0,fold_3
813,sub8,rest04,9,94,0,-0.8599969639941087,0.2973399799642989,0.5,0,0.25212228298187256,0.5626987814903259,1,2.4886785950859763e-06,1.5510569725453605,5.994788801083416,1,0,0.5433355202348574,1,1,fold_3
814,sub8,rest04,10,95,0,0.676445313069492,0.6629448669066128,0.5,1,1.6206163167953491,0.8348801136016846,1,2.4886785950859763e-06,1.5510569725453605,5.994788801083416,1,1,0.6661707688755819,1,1,fold_3
815,sub8,rest04,11,96,0,0.7069266831119553,0.6697217138336604,0.5,1,1.744881272315979,0.8513060212135315,1,2.4886785950859763e-06,1.5510569725453605,5.994788801083416,1,1,0.6719508279815917,1,1,fold_3
816,sub8,rest04,12,97,0,0.6894552160160428,0.6658457258864724,0.5,1,1.4168027639389038,0.8048367500305176,1,2.4886785950859763e-06,1.5510569725453605,5.994788801083416,1,1,0.6933619755352222,1,1,fold_3
817,sub8,rest04,13,98,0,0.7550820573944609,0.6802850442246422,0.5,1,1.673050045967102,0.8419820070266724,1,2.4886785950859763e-06,1.5510569725453605,5.994788801083416,1,1,0.7305091092148054,1,1,fold_3
818,sub8,rest04,14,99,0,1.0147830528742297,0.733955156494552,0.5,1,3.0365452766418457,0.9541980624198914,1,2.4886785950859763e-06,1.5510569725453605,5.994788801083416,1,1,0.7264189307549547,1,1,fold_3
819,sub8,rest04,15,100,0,1.2499264376801333,0.7772871269252221,0.5,1,4.156668663024902,0.9845817685127258,1,2.4886785950859763e-06,1.5510569725453605,5.994788801083416,1,1,0.632964831176733,1,1,fold_3
820,sub8,rest04,16,101,0,0.699218626507827,0.6680145088450897,0.5,1,2.580760955810547,0.9296130537986755,1,2.4886785950859763e-06,1.5510569725453605,5.994788801083416,1,1,0.45393228406811764,0,0,fold_3
821,sub8,rest04,17,102,0,-0.18616437301052705,0.4535928577598871,0.5,0,1.0915640592575073,0.7486761212348938,1,2.4886785950859763e-06,1.5510569725453605,5.994788801083416,1,0,0.2936682943024494,0,0,fold_3
822,sub8,rest04,18,103,0,-1.1516409438739852,0.24018948559937614,0.5,0,0.2988928556442261,0.5741718411445618,1,2.4886785950859763e-06,1.5510569725453605,5.994788801083416,1,0,0.20576138923396434,0,0,fold_3
823,sub8,rest04,19,104,0,-1.4681593853321053,0.1872225395480849,0.5,0,-0.19365978240966797,0.45173579454421997,1,2.4886785950859763e-06,1.5510569725453605,5.994788801083416,1,0,0.18988164998636647,0,0,fold_3
824,sub8,rest04,20,105,0,-1.4508411721931391,0.189872142554432,0.5,0,-0.23542869091033936,0.4414132237434387,1,2.4886785950859763e-06,1.5510569725453605,5.994788801083416,1,0,0.18839096756517595,0,0,fold_3
825,sub8,rest04,21,106,0,-1.4335235505821506,0.1925502678565825,0.5,0,-0.18276798725128174,0.4544347822666168,1,2.4886785950859763e-06,1.5510569725453605,5.994788801083416,1,0,0.1902276482155704,0,0,fold_3
826,sub8,rest04,22,107,0,-1.4978226508514703,0.18275049228451343,0.5,0,-0.15601301193237305,0.46107566356658936,1,2.4886785950859763e-06,1.5510569725453605,5.994788801083416,1,0,0.19117162043191469,0,0,fold_3
827,sub8,rest04,23,108,0,-1.4154098403547868,0.1953821845056153,0.5,0,0.033742666244506836,0.5084348917007446,1,2.4886785950859763e-06,1.5510569725453605,5.994788801083416,1,0,0.1953821845056153,0,0,fold_3
1578,sub16,rest01,0,0,0,-1.21850732805518,0.22819923977956427,0.5,0,0.6829451322555542,0.6643956899642944,1,1.8130914503977147e-06,1.986374062934372,11.433149617635463,0,1,0.22135756991041303,0,1,fold_3
1579,sub16,rest01,1,1,0,-1.2677989182933822,0.2196342738028217,0.5,0,0.5505911111831665,0.6342726945877075,1,1.8130914503977147e-06,1.986374062934372,11.433149617635463,0,1,0.2159438869974798,0,1,fold_3
1580,sub16,rest01,2,2,0,-1.2877186921115282,0.21623919614885315,0.5,0,0.3557504415512085,0.5880113244056702,1,1.8130914503977147e-06,1.986374062934372,11.433149617635463,0,1,0.21231648012887905,0,1,fold_3
1581,sub16,rest01,3,3,0,-1.3131621023539817,0.2119581910407645,0.5,0,0.31368088722229004,0.577783465385437,1,1.8130914503977147e-06,1.986374062934372,11.433149617635463,0,1,0.20923790826639665,0,1,fold_3
1582,sub16,rest01,4,4,0,-1.3324641792203296,0.2087520531970195,0.5,0,0.19633030891418457,0.548925518989563,1,1.8130914503977147e-06,1.986374062934372,11.433149617635463,0,1,0.2071549397659266,0,1,fold_3
1583,sub16,rest01,5,5,0,-1.3430832250884577,0.207003480561406,0.5,0,-0.25969398021698,0.43543896079063416,1,1.8130914503977147e-06,1.986374062934372,11.433149617635463,0,1,0.2054379098107437,0,1,fold_3
1584,sub16,rest01,6,6,0,-1.3509855965403552,0.20570928553935433,0.5,0,-0.37772607803344727,0.40667545795440674,1,1.8130914503977147e-06,1.986374062934372,11.433149617635463,0,1,0.2043934728622808,0,1,fold_3
1585,sub16,rest01,7,7,1,-1.347360423108835,0.2063022453653067,0.5,0,-0.5762286186218262,0.3598008453845978,1,1.8130914503977147e-06,1.986374062934372,11.433149617635463,0,1,,,,fold_3
1586,sub16,rest01,8,8,0,-1.3639383464260393,0.20360096333147068,0.5,0,-0.46857285499572754,0.3849540650844574,1,1.8130914503977147e-06,1.986374062934372,11.433149617635463,0,1,0.20540474374874432,0,1,fold_3
1587,sub16,rest01,9,9,0,-1.3622789076358524,0.20387016971601735,0.5,0,-0.5484877824783325,0.366215318441391,1,1.8130914503977147e-06,1.986374062934372,11.433149617635463,0,1,0.20816623101398535,0,1,fold_3
1588,sub16,rest01,10,10,1,-1.3738011081039316,0.20200641437837427,0.5,0,-0.6206573247909546,0.3496319651603699,1,1.8130914503977147e-06,1.986374062934372,11.433149617635463,0,1,,,,fold_3
1589,sub16,rest01,11,11,0,-1.3325183954125532,0.2087430981987449,0.5,0,-0.6799241304397583,0.33627820014953613,1,1.8130914503977147e-06,1.986374062934372,11.433149617635463,0,1,0.2091958945510178,0,1,fold_3
1590,sub16,rest01,12,12,0,-1.313597797808785,0.21188542512719383,0.5,0,-0.5176881551742554,0.3733929991722107,1,1.8130914503977147e-06,1.986374062934372,11.433149617635463,0,1,0.21064646122795763,0,1,fold_3
1591,sub16,rest01,13,13,1,-1.3287188682994708,0.20937135837855217,0.5,0,-0.6154670715332031,0.3508131206035614,1,1.8130914503977147e-06,1.986374062934372,11.433149617635463,0,1,,,,fold_3
1592,sub16,rest01,14,14,0,-1.3433532398319739,0.20695916032711464,0.5,0,-0.6563063859939575,0.34156984090805054,1,1.8130914503977147e-06,1.986374062934372,11.433149617635463,0,1,0.20926289483606078,0,1,fold_3
1593,sub16,rest01,15,15,0,-1.3063706571691132,0.21309479822956442,0.5,0,-0.5480394959449768,0.36631935834884644,1,1.8130914503977147e-06,1.986374062934372,11.433149617635463,0,1,0.20925427971246205,0,1,fold_3
1594,sub16,rest01,16,16,1,-1.2947449470139503,0.2150507621897288,0.5,0,-0.6277782917022705,0.3480144739151001,1,1.8130914503977147e-06,1.986374062934372,11.433149617635463,0,1,,,,fold_3
1595,sub16,rest01,17,17,0,-1.3386343679739763,0.20773472595150327,0.5,0,-0.6149600744247437,0.35092857480049133,1,1.8130914503977147e-06,1.986374062934372,11.433149617635463,0,1,0.20701026324346208,0,1,fold_3
1596,sub16,rest01,18,18,0,-1.3435107188154294,0.20693331495631845,0.5,0,-0.47185349464416504,0.38417765498161316,1,1.8130914503977147e-06,1.986374062934372,11.433149617635463,0,1,0.20685649704343587,0,1,fold_3
1597,sub16,rest01,19,19,0,-1.3469909575487258,0.20636274882256456,0.5,0,-0.23092377185821533,0.4425242245197296,1,1.8130914503977147e-06,1.986374062934372,11.433149617635463,0,1,0.20604443985344031,0,1,fold_3
1598,sub16,rest01,20,20,0,-1.3414395342603933,0.2072734273514246,0.5,0,-0.1909886598587036,0.4523974657058716,1,1.8130914503977147e-06,1.986374062934372,11.433149617635463,0,1,0.20727875197595966,0,1,fold_3
1599,sub16,rest01,21,21,0,-1.3584204321233664,0.20449714338633174,0.5,0,-0.011021971702575684,0.4972444772720337,1,1.8130914503977147e-06,1.986374062934372,11.433149617635463,0,1,0.20874452335971208,0,1,fold_3
1600,sub16,rest01,22,22,0,-1.3245295277644178,0.21006568519012253,0.5,0,0.20045018196105957,0.5499454140663147,1,1.8130914503977147e-06,1.986374062934372,11.433149617635463,0,1,0.21113572273182882,0,1,fold_3
1601,sub16,rest01,23,23,0,-1.3148838820863336,0.211670741502682,0.5,0,0.27680647373199463,0.5687630772590637,1,1.8130914503977147e-06,1.986374062934372,11.433149617635463,0,1,0.21167074150268203,0,1,fold_3
1602,sub16,rest02,0,24,0,-1.2824169898973075,0.21713907930277754,0.5,0,0.6827229261398315,0.6643460988998413,1,1.8130914503977147e-06,1.986374062934372,11.433149617635463,0,1,0.22045719993381496,0,1,fold_3
1603,sub16,rest02,1,25,0,-1.2832379575472228,0.21699955566660298,0.5,0,0.5795193910598755,0.6409568190574646,1,1.8130914503977147e-06,1.986374062934372,11.433149617635463,0,1,0.22582675466555133,0,1,fold_3
1604,sub16,rest02,2,26,0,-1.2240018576196703,0.2272329648320643,0.5,0,1.0037957429885864,0.7318041920661926,1,1.8130914503977147e-06,1.986374062934372,11.433149617635463,0,1,0.23185000549106394,0,1,fold_3
1605,sub16,rest02,3,27,0,-1.1900625804309604,0.23324774349798671,0.5,0,1.1835509538650513,0.7655856609344482,1,1.8130914503977147e-06,1.986374062934372,11.433149617635463,0,1,0.22725522563611977,0,1,fold_3
1606,sub16,rest02,4,28,0,-1.1799048319122358,0.23506930814314084,0.5,0,1.2264152765274048,0.7731905579566956,1,1.8130914503977147e-06,1.986374062934372,11.433149617635463,0,1,0.21896926351784088,0,1,fold_3
1607,sub16,rest02,5,29,0,-1.3042618684223004,0.21344862526723168,0.5,0,0.679939866065979,0.6637253165245056,1,1.8130914503977147e-06,1.986374062934372,11.433149617635463,0,1,0.21266697696350081,0,1,fold_3
1608,sub16,rest02,6,30,0,-1.3346583881986798,0.2083898571431502,0.5,0,0.4712411165237427,0.6156774759292603,1,1.8130914503977147e-06,1.986374062934372,11.433149617635463,0,1,0.2426207530950597,0,1,fold_3
1609,sub16,rest02,7,31,0,-1.2881715928731607,0.21616244848012053,0.5,0,0.5969280004501343,0.644953191280365,1,1.8130914503977147e-06,1.986374062934372,11.433149617635463,0,1,0.2759086054314577,0,1,fold_3
1610,sub16,rest02,8,32,0,-0.8315853830321899,0.30330995366190844,0.5,0,2.0019092559814453,0.8809974193572998,1,1.8130914503977147e-06,1.986374062934372,11.433149617635463,0,1,0.3008953608516652,0,1,fold_3
1611,sub16,rest02,9,33,0,-0.8082974652224977,0.30825341415234403,0.5,0,2.0259203910827637,0.8834918141365051,1,1.8130914503977147e-06,1.986374062934372,11.433149617635463,0,1,0.31839367264815305,0,1,fold_3
1612,sub16,rest02,10,34,0,-0.8899375516911237,0.2911227147407432,0.5,0,1.8818780183792114,0.8678267002105713,1,1.8130914503977147e-06,1.986374062934372,11.433149617635463,0,1,0.3394367226115955,0,1,fold_3
1613,sub16,rest02,11,35,0,-0.593619131383193,0.3558048890513718,0.5,0,2.7908987998962402,0.9421820044517517,1,1.8130914503977147e-06,1.986374062934372,11.433149617635463,0,1,0.3655262662499526,0,1,fold_3
1614,sub16,rest02,12,36,0,-0.5262901604977307,0.3713825640426715,0.5,0,3.011603832244873,0.9530956149101257,1,1.8130914503977147e-06,1.986374062934372,11.433149617635463,0,1,0.34723854835691365,0,1,fold_3
1615,sub16,rest02,13,37,0,-0.5348288316208436,0.36939134565581455,0.5,0,2.920340061187744,0.9488427639007568,1,1.8130914503977147e-06,1.986374062934372,11.433149617635463,0,1,0.3179932745918064,0,1,fold_3
1616,sub16,rest02,14,38,0,-0.8428174172001397,0.30094173537225505,0.5,0,2.3824820518493652,0.915481686592102,1,1.8130914503977147e-06,1.986374062934372,11.433149617635463,0,1,0.30394852053963556,0,1,fold_3
1617,sub16,rest02,15,39,0,-0.9264438209867368,0.2836467427473494,0.5,0,1.6395200490951538,0.8374695777893066,1,1.8130914503977147e-06,1.986374062934372,11.433149617635463,0,1,0.3275427397192811,0,1,fold_3
1618,sub16,rest02,16,40,0,-0.7206172102967524,0.3272570834993023,0.5,0,2.5609326362609863,0.9283044934272766,1,1.8130914503977147e-06,1.986374062934372,11.433149617635463,0,1,0.3486679831893659,0,1,fold_3
1619,sub16,rest02,17,41,0,-0.5248262345708321,0.37172439291119147,0.5,0,3.0169529914855957,0.9533340930938721,1,1.8130914503977147e-06,1.986374062934372,11.433149617635463,0,1,0.39882358644763927,0,1,fold_3
1620,sub16,rest02,18,42,0,-0.632153171442499,0.3470224731576038,0.5,0,2.9008116722106934,0.9478865265846252,1,1.8130914503977147e-06,1.986374062934372,11.433149617635463,0,1,0.3855435928343492,0,1,fold_3
1621,sub16,rest02,19,43,0,-0.08916345166518505,0.4777238932741226,0.5,0,4.676620006561279,0.9907754063606262,1,1.8130914503977147e-06,1.986374062934372,11.433149617635463,0,1,0.37628352395091985,0,1,fold_3
1622,sub16,rest02,20,44,0,-0.6996744425047595,0.3318844120713211,0.5,0,2.456322193145752,0.9210225343704224,1,1.8130914503977147e-06,1.986374062934372,11.433149617635463,0,1,0.2847448808686322,0,1,fold_3
1623,sub16,rest02,21,45,0,-0.7572562210632616,0.31924226650731574,0.5,0,2.0262041091918945,0.8835210204124451,1,1.8130914503977147e-06,1.986374062934372,11.433149617635463,0,1,0.24409567168308413,0,1,fold_3
1624,sub16,rest02,22,46,0,-1.3669815264313625,0.20310796402725986,0.5,0,-0.0992727279663086,0.4752022325992584,1,1.8130914503977147e-06,1.986374062934372,11.433149617635463,0,1,0.2076605110188711,0,1,fold_3
1625,sub16,rest02,23,47,0,-1.3253065025819204,0.20993678451467673,0.5,0,0.29497718811035156,0.5732141733169556,1,1.8130914503977147e-06,1.986374062934372,11.433149617635463,0,1,0.20993678451467676,0,1,fold_3
1626,sub16,task02,0,48,0,1.013531130922887,0.7337106283850356,0.5,1,8.672811508178711,0.9998288154602051,1,1.8130914503977147e-06,1.986374062934372,11.433149617635463,1,1,0.7132818493818975,1,1,fold_3
1627,sub16,task02,1,49,0,1.042305415570782,0.7392945925660477,0.5,1,8.987908363342285,0.9998750686645508,1,1.8130914503977147e-06,1.986374062934372,11.433149617635463,1,1,0.6683607524672118,1,1,fold_3
1628,sub16,task02,2,50,0,0.6939287547719103,0.6668403271946092,0.5,1,6.226974010467529,0.9980284571647644,1,1.8130914503977147e-06,1.986374062934372,11.433149617635463,1,1,0.6208013503359754,1,1,fold_3
1629,sub16,task02,3,51,0,0.40108093086113356,0.5989473376409785,0.5,1,5.293726444244385,0.9950020909309387,1,1.8130914503977147e-06,1.986374062934372,11.433149617635463,1,1,0.6207847924380029,1,1,fold_3
1630,sub16,task02,4,52,0,0.39138633309535226,0.5966163861723383,0.5,1,5.746028900146484,0.9968147873878479,1,1.8130914503977147e-06,1.986374062934372,11.433149617635463,1,1,0.6261244093176841,1,1,fold_3
1631,sub16,task02,5,53,0,0.6937051732153426,0.666790653500692,0.5,1,7.43388032913208,0.9994094371795654,1,1.8130914503977147e-06,1.986374062934372,11.433149617635463,1,1,0.6685525241417868,1,1,fold_3
1632,sub16,task02,6,54,0,0.468236134807787,0.614966188280022,0.5,1,6.271621227264404,0.9981144666671753,1,1.8130914503977147e-06,1.986374062934372,11.433149617635463,1,1,0.690939387263121,1,1,fold_3
1633,sub16,task02,7,55,0,0.9638937979874806,0.7239007306446462,0.5,1,8.321823120117188,0.9997568726539612,1,1.8130914503977147e-06,1.986374062934372,11.433149617635463,1,1,0.7357940386021499,1,1,fold_3
1634,sub16,task02,8,56,0,1.0147630103074021,0.733951242864695,0.5,1,9.76925277709961,0.9999427795410156,1,1.8130914503977147e-06,1.986374062934372,11.433149617635463,1,1,0.7547349273573255,1,1,fold_3
1635,sub16,task02,9,57,0,1.0961079485210032,0.7495301422971082,0.5,1,9.217241287231445,0.9999006986618042,1,1.8130914503977147e-06,1.986374062934372,11.433149617635463,1,1,0.7587169419142311,1,1,fold_3
1636,sub16,task02,10,58,0,1.2698869611451942,0.780723396910173,0.5,1,9.92634391784668,0.9999511241912842,1,1.8130914503977147e-06,1.986374062934372,11.433149617635463,1,1,0.7485251176096767,1,1,fold_3
1637,sub16,task02,11,59,0,1.0768493361185332,0.745897286535412,0.5,1,7.7530083656311035,0.9995707869529724,1,1.8130914503977147e-06,1.986374062934372,11.433149617635463,1,1,0.7208845162442037,1,1,fold_3
1638,sub16,task02,12,60,0,0.9392823337355489,0.7189546693834453,0.5,1,8.633934020996094,0.9998220801353455,1,1.8130914503977147e-06,1.986374062934372,11.433149617635463,1,1,0.7200174009312518,1,1,fold_3
1639,sub16,task02,13,61,0,0.8368510322746754,0.6978015928137539,0.5,1,8.131830215454102,0.9997060894966125,1,1.8130914503977147e-06,1.986374062934372,11.433149617635463,1,1,0.7363877921874974,1,1,fold_3
1640,sub16,task02,14,62,0,1.0631703688346752,0.7432959405965561,0.5,1,9.864970207214355,0.9999480247497559,1,1.8130914503977147e-06,1.986374062934372,11.433149617635463,1,1,0.753338700012531,1,1,fold_3
1641,sub16,task02,15,63,0,1.1974219380487254,0.768065843152182,0.5,1,11.24909496307373,0.999987006187439,1,1.8130914503977147e-06,1.986374062934372,11.433149617635463,1,1,0.7513236743409015,1,1,fold_3
1642,sub16,task02,16,64,0,1.0914481324298797,0.748654316288855,0.5,1,9.923107147216797,0.9999510049819946,1,1.8130914503977147e-06,1.986374062934372,11.433149617635463,1,1,0.7360825043496503,1,1,fold_3
1643,sub16,task02,17,65,0,1.031728496003031,0.7372508635816674,0.5,1,8.76197624206543,0.9998434782028198,1,1.8130914503977147e-06,1.986374062934372,11.433149617635463,1,1,0.734498289455826,1,1,fold_3
1644,sub16,task02,18,66,0,0.9561102316316439,0.7223423331784286,0.5,1,8.12472915649414,0.9997039437294006,1,1.8130914503977147e-06,1.986374062934372,11.433149617635463,1,1,0.7204113095677319,1,1,fold_3
1645,sub16,task02,19,67,0,1.0663473982633989,0.7439016716073821,0.5,1,9.278511047363281,0.9999065399169922,1,1.8130914503977147e-06,1.986374062934372,11.433149617635463,1,1,0.700849935578109,1,1,fold_3
1646,sub16,task02,20,68,0,0.8235525351009328,0.6949899239173852,0.5,1,8.041385650634766,0.9996782541275024,1,1.8130914503977147e-06,1.986374062934372,11.433149617635463,1,1,0.6296931659969264,1,1,fold_3
1647,sub16,task02,21,69,0,0.6796394033171158,0.6636582112095601,0.5,1,7.302112102508545,0.9993263483047485,1,1.8130914503977147e-06,1.986374062934372,11.433149617635463,1,1,0.6169885214375836,1,1,fold_3
1648,sub16,task02,22,70,0,0.1218760877648055,0.530431362863834,0.5,1,5.06850528717041,0.9937474727630615,1,1.8130914503977147e-06,1.986374062934372,11.433149617635463,1,1,0.5760923556024423,1,1,fold_3
1649,sub16,task02,23,71,0,0.6494033228143774,0.6568759902393568,0.5,1,7.094089031219482,0.9991706609725952,1,1.8130914503977147e-06,1.986374062934372,11.433149617635463,1,1,0.596449044299828,1,1,fold_3
1650,sub16,task02,24,72,0,0.16424710411769494,0.5409697137041364,0.5,1,4.821333408355713,0.9920083284378052,1,1.8130914503977147e-06,1.986374062934372,11.433149617635463,1,1,0.6073992301963466,1,1,fold_3
1651,sub16,task02,25,73,0,0.37017568299526343,0.5915014289559909,0.5,1,4.842039585113525,0.9921708106994629,1,1.8130914503977147e-06,1.986374062934372,11.433149617635463,1,1,0.6507357499326215,1,1,fold_3
1652,sub16,task02,26,74,0,0.7988411995816914,0.6897265479289124,0.5,1,5.989553451538086,0.9975014328956604,1,1.8130914503977147e-06,1.986374062934372,11.433149617635463,1,1,0.6849428627798796,1,1,fold_3
1653,sub16,task02,27,75,0,0.7126174976025315,0.6709792729129613,0.5,1,5.9849677085876465,0.9974900484085083,1,1.8130914503977147e-06,1.986374062934372,11.433149617635463,1,1,0.6282503600990865,1,1,fold_3
1654,sub16,task02,28,76,0,0.8194650227972414,0.6941227674977651,0.5,1,7.368259906768799,0.9993694424629211,1,1.8130914503977147e-06,1.986374062934372,11.433149617635463,1,1,0.6174545422006278,1,1,fold_3
1655,sub16,task02,29,77,0,0.07863665678438829,0.5196490398865331,0.5,1,4.453878402709961,0.9885003566741943,1,1.8130914503977147e-06,1.986374062934372,11.433149617635463,1,1,0.629499311070877,1,1,fold_3
1656,sub16,task02,30,78,0,0.569257455435927,0.6385918192175849,0.5,1,6.292757987976074,0.9981537461280823,1,1.8130914503977147e-06,1.986374062934372,11.433149617635463,1,1,0.720459762086076,1,1,fold_3
1657,sub16,task02,31,79,0,0.9959272493526296,0.7302570741085127,0.5,1,7.708531856536865,0.9995512366294861,1,1.8130914503977147e-06,1.986374062934372,11.433149617635463,1,1,0.7694874633712542,1,1,fold_3
1658,sub16,task02,32,80,0,1.3402459987384576,0.7925303929321306,0.5,1,10.921350479125977,0.9999818801879883,1,1.8130914503977147e-06,1.986374062934372,11.433149617635463,1,1,0.7727879256493452,1,1,fold_3
1659,sub16,task02,33,81,0,1.2990492095123072,0.7856749230731196,0.5,1,12.205403327941895,0.9999949932098389,1,1.8130914503977147e-06,1.986374062934372,11.433149617635463,1,1,0.6526276618563652,1,1,fold_3
1660,sub16,task02,34,82,0,1.046792319631877,0.7401584609427854,0.5,1,7.63849401473999,0.999518632888794,1,1.8130914503977147e-06,1.986374062934372,11.433149617635463,1,1,0.48524626797257914,0,0,fold_3
1661,sub16,task02,35,83,0,-0.2734936881666561,0.43204960155319105,0.5,0,3.4609341621398926,0.9695555567741394,1,1.8130914503977147e-06,1.986374062934372,11.433149617635463,1,0,0.33303702813223784,0,0,fold_3
1662,sub16,task02,36,84,0,-0.927014788723522,0.28353074142176127,0.5,0,2.7759318351745605,0.9413613080978394,1,1.8130914503977147e-06,1.986374062934372,11.433149617635463,1,0,0.28353074142176127,0,0,fold_3
1663,sub16,rest04,0,85,0,1.2572194551056153,0.7785470811189783,0.5,1,10.618821144104004,0.9999755620956421,1,1.8130914503977147e-06,1.986374062934372,11.433149617635463,1,1,0.7754138819176636,1,1,fold_3
1664,sub16,rest04,1,86,0,1.2879879719576741,0.7838064378600657,0.5,1,11.575661659240723,0.9999905824661255,1,1.8130914503977147e-06,1.986374062934372,11.433149617635463,1,1,0.7248661399796679,1,1,fold_3
1665,sub16,rest04,2,87,0,1.1741156157222918,0.7638881267739467,0.5,1,9.409537315368652,0.9999181032180786,1,1.8130914503977147e-06,1.986374062934372,11.433149617635463,1,1,0.5603384893689414,1,1,fold_3
1666,sub16,rest04,3,88,0,0.5189570410479329,0.6269038553049914,0.5,1,5.733871936798096,0.9967759251594543,1,1.8130914503977147e-06,1.986374062934372,11.433149617635463,1,1,0.4979496048322251,0,0,fold_3
1667,sub16,rest04,4,89,0,-0.8942988837675062,0.2902234860278861,0.5,0,2.000588893890381,0.8808588981628418,1,1.8130914503977147e-06,1.986374062934372,11.433149617635463,1,0,0.46932869072991884,0,0,fold_3
1668,sub16,rest04,5,90,0,0.3093290162392523,0.5767214731637977,0.5,1,5.044402599334717,0.9935959577560425,1,1.8130914503977147e-06,1.986374062934372,11.433149617635463,1,1,0.5716489556030572,1,1,fold_3
1669,sub16,rest04,6,91,0,0.1645346351632608,0.5410411129980728,0.5,1,4.37047815322876,0.9875126481056213,1,1.8130914503977147e-06,1.986374062934372,11.433149617635463,1,1,0.581905382478178,1,1,fold_3
1670,sub16,rest04,7,92,0,0.39374655827433186,0.5971842806473011,0.5,1,5.512552261352539,0.9959803819656372,1,1.8130914503977147e-06,1.986374062934372,11.433149617635463,1,1,0.656642385378584,1,1,fold_3
1671,sub16,rest04,8,93,0,0.43677686082866257,0.6074907537891601,0.5,1,5.367873668670654,0.9953575730323792,1,1.8130914503977147e-06,1.986374062934372,11.433149617635463,1,1,0.7115577467639772,1,1,fold_3
1672,sub16,rest04,9,94,0,1.1816932704538565,0.7652521216992909,0.5,1,9.481222152709961,0.9999237060546875,1,1.8130914503977147e-06,1.986374062934372,11.433149617635463,1,1,0.7089971164525205,1,1,fold_3
1673,sub16,rest04,10,95,0,1.1632919510022692,0.7619303648034803,0.5,1,8.764139175415039,0.9998437166213989,1,1.8130914503977147e-06,1.986374062934372,11.433149617635463,1,1,0.6319367919300928,1,1,fold_3
1674,sub16,rest04,11,96,0,0.40466876671537827,0.5998088628547903,0.5,1,5.28754186630249,0.9949712753295898,1,1.8130914503977147e-06,1.986374062934372,11.433149617635463,1,1,0.6099066877589681,1,1,fold_3
1675,sub16,rest04,12,97,0,0.1364961222130565,0.5340711481320081,0.5,1,4.604315280914307,0.9900906085968018,1,1.8130914503977147e-06,1.986374062934372,11.433149617635463,1,1,0.6503534071887591,1,1,fold_3
1676,sub16,rest04,13,98,0,0.8275661171724034,0.6958400522901058,0.5,1,7.823665142059326,0.9995999932289124,1,1.8130914503977147e-06,1.986374062934372,11.433149617635463,1,1,0.6890304468366043,1,1,fold_3
1677,sub16,rest04,14,99,0,0.9501682895140642,0.7211490211441635,0.5,1,9.425760269165039,0.9999194145202637,1,1.8130914503977147e-06,1.986374062934372,11.433149617635463,1,1,0.674458480110559,1,1,fold_3
1678,sub16,rest04,15,100,0,0.6194887643336129,0.6501022670755433,0.5,1,7.348766803741455,0.9993570446968079,1,1.8130914503977147e-06,1.986374062934372,11.433149617635463,1,1,0.6530012642616875,1,1,fold_3
1679,sub16,rest04,16,101,0,0.6283893039707981,0.6521241521119702,0.5,1,7.7063727378845215,0.9995502829551697,1,1.8130914503977147e-06,1.986374062934372,11.433149617635463,1,1,0.6834480274396526,1,1,fold_3
1680,sub16,rest04,17,102,0,0.6489658149024639,0.656777373597549,0.5,1,6.964902400970459,0.9990563988685608,1,1.8130914503977147e-06,1.986374062934372,11.433149617635463,1,1,0.6900693792013776,1,1,fold_3
1681,sub16,rest04,18,103,0,1.0534798019987457,0.7414425566094389,0.5,1,9.580310821533203,0.9999309778213501,1,1.8130914503977147e-06,1.986374062934372,11.433149617635463,1,1,0.6520556514990022,1,1,fold_3
1682,sub16,rest04,19,104,0,0.7171912310576851,0.6719882073971448,0.5,1,6.574827671051025,0.9986069798469543,1,1.8130914503977147e-06,1.986374062934372,11.433149617635463,1,1,0.4868678382693976,0,0,fold_3
1683,sub16,rest04,20,105,0,0.17136287680395776,0.5427361904904231,0.5,1,4.312211990356445,0.9867733716964722,1,1.8130914503977147e-06,1.986374062934372,11.433149617635463,1,1,0.3366822454742992,0,0,fold_3
1684,sub16,rest04,21,106,0,-1.120712657017286,0.24587911692062503,0.5,0,1.0439079999923706,0.7396033406257629,1,1.8130914503977147e-06,1.986374062934372,11.433149617635463,1,0,0.23685627408980836,0,0,fold_3
1685,sub16,rest04,22,107,0,-1.257344102315281,0.2214314290118494,0.5,0,0.9707008600234985,0.7252591848373413,1,1.8130914503977147e-06,1.986374062934372,11.433149617635463,1,0,0.23598266056191688,0,0,fold_3
1686,sub16,rest04,23,108,0,-1.134898266673262,0.24325827633695063,0.5,0,1.743127703666687,0.8510838747024536,1,1.8130914503977147e-06,1.986374062934372,11.433149617635463,1,0,0.24325827633695063,0,0,fold_3
1687,sub17,rest01,0,0,0,-1.4864276371260625,0.1844585250825615,0.5,0,-0.8197115659713745,0.3058249056339264,1,1.7611368986201562e-06,1.9812062004995996,10.506588684315497,0,1,0.17956002570122664,0,1,fold_3
1688,sub17,rest01,1,1,0,-1.5082989031272938,0.1811910324603751,0.5,0,-0.8411883115768433,0.3012845814228058,1,1.7611368986201562e-06,1.9812062004995996,10.506588684315497,0,1,0.17641179365365392,0,1,fold_3
1689,sub17,rest01,2,2,0,-1.5642997978152295,0.17303051956074333,0.5,0,-0.9703129529953003,0.2748181223869324,1,1.7611368986201562e-06,1.9812062004995996,10.506588684315497,0,1,0.1755118563169152,0,1,fold_3
1690,sub17,rest01,3,3,0,-1.5505016305280757,0.17501382893984332,0.5,0,-1.0163265466690063,0.26574355363845825,1,1.7611368986201562e-06,1.9812062004995996,10.506588684315497,0,1,0.1777918090393195,0,1,fold_3
1691,sub17,rest01,4,4,0,-1.5266032097816304,0.178491220450159,0.5,0,-1.0129146575927734,0.26640981435775757,1,1.7611368986201562e-06,1.9812062004995996,10.506588684315497,0,1,0.17754612517401414,0,1,fold_3
1692,sub17,rest01,5,5,0,-1.5172259359641405,0.17987037772795614,0.5,0,-1.001987338066101,0.2685508728027344,1,1.7611368986201562e-06,1.9812062004995996,10.506588684315497,0,1,0.17749510455519957,0,1,fold_3
1693,sub17,rest01,6,6,0,-1.555614926016032,0.1742767773439273,0.5,0,-1.0363571643829346,0.26185348629951477,1,1.7611368986201562e-06,1.9812062004995996,10.506588684315497,0,1,0.1849869143571964,0,1,fold_3
1694,sub17,rest01,7,7,1,-1.557583640339415,0.17399365237247297,0.5,0,-1.0171372890472412,0.26558539271354675,1,1.7611368986201562e-06,1.9812062004995996,10.506588684315497,0,1,,,,fold_3
1695,sub17,rest01,8,8,0,-1.5276474098668889,0.17833815859371527,0.5,0,-0.9863924980163574,0.27162522077560425,1,1.7611368986201562e-06,1.9812062004995996,10.506588684315497,0,1,0.21030805910272668,0,1,fold_3
1696,sub17,rest01,9,9,0,-1.3716970110097606,0.20234580713394673,0.5,0,-0.9033968448638916,0.28835293650627136,1,1.7611368986201562e-06,1.9812062004995996,10.506588684315497,0,1,0.21673243066353587,0,1,fold_3
1697,sub17,rest01,10,10,1,-1.313614597979582,0.21188261968039057,0.5,0,-0.7747626304626465,0.3154497444629669,1,1.7611368986201562e-06,1.9812062004995996,10.506588684315497,0,1,,,,fold_3
1698,sub17,rest01,11,11,0,-1.0973315702547592,0.25024021158051807,0.5,0,-0.5687047839164734,0.3615357577800751,1,1.7611368986201562e-06,1.9812062004995996,10.506588684315497,0,1,0.21480238866557813,0,1,fold_3
1699,sub17,rest01,12,12,0,-1.4012913524231465,0.19761127327614278,0.5,0,-0.9750720858573914,0.27387067675590515,1,1.7611368986201562e-06,1.9812062004995996,10.506588684315497,0,1,0.19628362760594684,0,1,fold_3
1700,sub17,rest01,13,13,1,-1.123661176796431,0.24533280452247277,0.5,0,-0.6212791800498962,0.34949055314064026,1,1.7611368986201562e-06,1.9812062004995996,10.506588684315497,0,1,,,,fold_3
1701,sub17,rest01,14,14,0,-1.4079621287813808,0.19655568114007363,0.5,0,-1.0063490867614746,0.26769495010375977,1,1.7611368986201562e-06,1.9812062004995996,10.506588684315497,0,1,0.19461366322796889,0,1,fold_3
1702,sub17,rest01,15,15,0,-1.4198574723584516,0.19468392840162407,0.5,0,-1.0287106037139893,0.263334184885025,1,1.7611368986201562e-06,1.9812062004995996,10.506588684315497,0,1,0.1934507986195041,0,1,fold_3
1703,sub17,rest01,16,16,1,-1.4834338817983168,0.18490931190787496,0.5,0,-0.9263797998428345,0.28365975618362427,1,1.7611368986201562e-06,1.9812062004995996,10.506588684315497,0,1,,,,fold_3
1704,sub17,rest01,17,17,0,-1.4331948338655056,0.19260138014220896,0.5,0,-0.7704651951789856,0.31637847423553467,1,1.7611368986201562e-06,1.9812062004995996,10.506588684315497,0,1,0.19381193288245077,0,1,fold_3
1705,sub17,rest01,18,18,0,-1.4302028019018889,0.19306708731467923,0.5,0,-0.767013669013977,0.31712546944618225,1,1.7611368986201562e-06,1.9812062004995996,10.506588684315497,0,1,0.1961215948053495,0,1,fold_3
1706,sub17,rest01,19,19,0,-1.4129617480574395,0.19576733119046408,0.5,0,-0.6582755446434021,0.34112709760665894,1,1.7611368986201562e-06,1.9812062004995996,10.506588684315497,0,1,0.19578565485201418,0,1,fold_3
1707,sub17,rest01,20,20,0,-1.3892321632103237,0.1995303659109051,0.5,0,-0.6476521492004395,0.34351879358291626,1,1.7611368986201562e-06,1.9812062004995996,10.506588684315497,0,1,0.1934988230143957,0,1,fold_3
1708,sub17,rest01,21,21,0,-1.4366846959663222,0.19205926745467344,0.5,0,-0.7497847080230713,0.32086822390556335,1,1.7611368986201562e-06,1.9812062004995996,10.506588684315497,0,1,0.1919052137555057,0,1,fold_3
1709,sub17,rest01,22,22,0,-1.4571289627720387,0.18890683567760852,0.5,0,-0.7978534698486328,0.3104848861694336,1,1.7611368986201562e-06,1.9812062004995996,10.506588684315497,0,1,0.19280197064869295,0,1,fold_3
1710,sub17,rest01,23,23,0,-1.419439048614138,0.19474953813423515,0.5,0,-0.6866381168365479,0.33478134870529175,1,1.7611368986201562e-06,1.9812062004995996,10.506588684315497,0,1,0.19474953813423515,0,1,fold_3
1711,sub17,rest02,0,24,0,-1.5603863663373887,0.17359121295570046,0.5,0,-0.9242756962776184,0.28408747911453247,1,1.7611368986201562e-06,1.9812062004995996,10.506588684315497,0,1,0.17661966709804214,0,1,fold_3
1712,sub17,rest02,1,25,0,-1.5138287850793164,0.18037206043159634,0.5,0,-0.8772310614585876,0.29375189542770386,1,1.7611368986201562e-06,1.9812062004995996,10.506588684315497,0,1,0.17637274174858922,0,1,fold_3
1713,sub17,rest02,2,26,0,-1.5444057013134074,0.17589572790682967,0.5,0,-0.9009222984313965,0.2888610064983368,1,1.7611368986201562e-06,1.9812062004995996,10.506588684315497,0,1,0.17758606976884603,0,1,fold_3
1714,sub17,rest02,3,27,0,-1.5655588348127496,0.17285043690734167,0.5,0,-0.9053632616996765,0.2879495918750763,1,1.7611368986201562e-06,1.9812062004995996,10.506588684315497,0,1,0.18020999062012513,0,1,fold_3
1715,sub17,rest02,4,28,0,-1.4893983797835875,0.18401204449236677,0.5,0,-0.8102213144302368,0.30784332752227783,1,1.7611368986201562e-06,1.9812062004995996,10.506588684315497,0,1,0.18340282327260285,0,1,fold_3
1716,sub17,rest02,5,29,0,-1.4910279327943565,0.18376749046066698,0.5,0,-0.8116869330406189,0.3075311481952667,1,1.7611368986201562e-06,1.9812062004995996,10.506588684315497,0,1,0.18200730862856937,0,1,fold_3
1717,sub17,rest02,6,30,0,-1.499977129636028,0.18242893486477485,0.5,0,-0.8233020901679993,0.3050631582736969,1,1.7611368986201562e-06,1.9812062004995996,10.506588684315497,0,1,0.18042938490818994,0,1,fold_3
1718,sub17,rest02,7,31,0,-1.517530182467307,0.17982550056026622,0.5,0,-0.8426637649536133,0.300974041223526,1,1.7611368986201562e-06,1.9812062004995996,10.506588684315497,0,1,0.17837219415391545,0,1,fold_3
1719,sub17,rest02,8,32,0,-1.5229078735233537,0.17903371929952866,0.5,0,-0.8351294994354248,0.30256155133247375,1,1.7611368986201562e-06,1.9812062004995996,10.506588684315497,0,1,0.17616266672115463,0,1,fold_3
1720,sub17,rest02,9,33,0,-1.5419129334205084,0.17625736260195152,0.5,0,-0.8573668599128723,0.2978897988796234,1,1.7611368986201562e-06,1.9812062004995996,10.506588684315497,0,1,0.17482278647404348,0,1,fold_3
1721,sub17,rest02,10,34,0,-1.5631373520830072,0.17319691826198372,0.5,0,-0.8689440488815308,0.2954740524291992,1,1.7611368986201562e-06,1.9812062004995996,10.506588684315497,0,1,0.17333786035348353,0,1,fold_3
1722,sub17,rest02,11,35,0,-1.5504999016784022,0.17501407855819517,0.5,0,-0.8484979271888733,0.2997480630874634,1,1.7611368986201562e-06,1.9812062004995996,10.506588684315497,0,1,0.180223737337003,0,1,fold_3
1723,sub17,rest02,12,36,0,-1.572905499216536,0.17180258424027176,0.5,0,-0.9074810147285461,0.2875155806541443,1,1.7611368986201562e-06,1.9812062004995996,10.506588684315497,0,1,0.20203567007123058,0,1,fold_3
1724,sub17,rest02,13,37,0,-1.425156054723855,0.1938545492125421,0.5,0,-0.7125928997993469,0.32902616262435913,1,1.7611368986201562e-06,1.9812062004995996,10.506588684315497,0,1,0.23207569858610763,0,1,fold_3
1725,sub17,rest02,14,38,0,-1.150214659718267,0.2404498767608779,0.5,0,-0.4193154573440552,0.3966805338859558,1,1.7611368986201562e-06,1.9812062004995996,10.506588684315497,0,1,0.2398722441351534,0,1,fold_3
1726,sub17,rest02,15,39,0,-1.0359992958983628,0.26192266978490286,0.5,0,-0.25491225719451904,0.4366147816181183,1,1.7611368986201562e-06,1.9812062004995996,10.506588684315497,0,1,0.22109466068063885,0,1,fold_3
1727,sub17,rest02,16,40,0,-1.2817987866707703,0.21724418585967942,0.5,0,-0.5962265729904175,0.3552074730396271,1,1.7611368986201562e-06,1.9812062004995996,10.506588684315497,0,1,0.20443612296597005,0,1,fold_3
1728,sub17,rest02,17,41,0,-1.488698695809934,0.18411712639733424,0.5,0,-0.9035946130752563,0.2883123755455017,1,1.7611368986201562e-06,1.9812062004995996,10.506588684315497,0,1,0.21176764280198124,0,1,fold_3
1729,sub17,rest02,18,42,0,-1.3132287639472537,0.21194705664089658,0.5,0,-0.6679600477218628,0.33895376324653625,1,1.7611368986201562e-06,1.9812062004995996,10.506588684315497,0,1,0.23335869274443946,0,1,fold_3
1730,sub17,rest02,19,43,0,-1.156857594873563,0.23923874536771286,0.5,0,-0.4543357491493225,0.3883304297924042,1,1.7611368986201562e-06,1.9812062004995996,10.506588684315497,0,1,0.22815296355138692,0,1,fold_3
1731,sub17,rest02,20,44,0,-1.1045396030398884,0.248890276224709,0.5,0,-0.39274322986602783,0.4030570983886719,1,1.7611368986201562e-06,1.9812062004995996,10.506588684315497,0,1,0.21093387361451468,0,1,fold_3
1732,sub17,rest02,21,45,0,-1.4093926501054526,0.19632986906173888,0.5,0,-0.7084096670150757,0.32995033264160156,1,1.7611368986201562e-06,1.9812062004995996,10.506588684315497,0,1,0.19481607577550464,0,1,fold_3
1733,sub17,rest02,22,46,0,-1.4658023442356038,0.18758147555709614,0.5,0,-0.8115268349647522,0.30756524205207825,1,1.7611368986201562e-06,1.9812062004995996,10.506588684315497,0,1,0.19621841365748463,0,1,fold_3
1734,sub17,rest02,23,47,0,-1.3829422155091669,0.20053688270767892,0.5,0,-0.6488988995552063,0.3432376980781555,1,1.7611368986201562e-06,1.9812062004995996,10.506588684315497,0,1,0.20053688270767892,0,1,fold_3
1735,sub17,task02,0,48,0,-1.5008754739904087,0.18229498626826057,0.5,0,-0.7698202133178711,0.31651797890663147,1,1.7611368986201562e-06,1.9812062004995996,10.506588684315497,1,0,0.20177038132566424,0,0,fold_3
1736,sub17,task02,1,49,0,-1.3050571020966175,0.21331514525371562,0.5,0,-0.562065601348877,0.36306965351104736,1,1.7611368986201562e-06,1.9812062004995996,10.506588684315497,1,0,0.21762134579350054,0,0,fold_3
1737,sub17,task02,2,50,0,-1.3267285731000893,0.2097010124550165,0.5,0,-0.5853767395019531,0.3576963543891907,1,1.7611368986201562e-06,1.9812062004995996,10.506588684315497,1,0,0.21408525344869211,0,0,fold_3
1738,sub17,task02,3,51,0,-1.2091703568282803,0.22984787967176942,0.5,0,-0.46723800897598267,0.3852701783180237,1,1.7611368986201562e-06,1.9812062004995996,10.506588684315497,1,0,0.20903331630781208,0,0,fold_3
1739,sub17,task02,4,52,0,-1.3694614685729463,0.20270686821929038,0.5,0,-0.63764888048172,0.3457781970500946,1,1.7611368986201562e-06,1.9812062004995996,10.506588684315497,1,0,0.19663979833996778,0,0,fold_3
1740,sub17,task02,5,53,0,-1.4207425534339924,0.19454520103237646,0.5,0,-0.6958369612693787,0.3327358663082123,1,1.7611368986201562e-06,1.9812062004995996,10.506588684315497,1,0,0.20655381338158982,0,0,fold_3
1741,sub17,task02,6,54,0,-1.4327708181104177,0.19266732576823653,0.5,0,-0.7811096906661987,0.31408077478408813,1,1.7611368986201562e-06,1.9812062004995996,10.506588684315497,1,0,0.22856419158818075,0,0,fold_3
1742,sub17,task02,7,55,0,-1.19453456633245,0.2324489133441564,0.5,0,-0.555382251739502,0.3646165728569031,1,1.7611368986201562e-06,1.9812062004995996,10.506588684315497,1,0,0.25548965030253173,0,0,fold_3
1743,sub17,task02,8,56,0,-1.0429751973886487,0.2605763356521493,0.5,0,-0.36141955852508545,0.4106159508228302,1,1.7611368986201562e-06,1.9812062004995996,10.506588684315497,1,0,0.2738263601948458,0,0,fold_3
1744,sub17,task02,9,57,0,-0.9772202146451282,0.2734437019112896,0.5,0,-0.19257259368896484,0.4520050883293152,1,1.7611368986201562e-06,1.9812062004995996,10.506588684315497,1,0,0.318426232408561,0,0,fold_3
1745,sub17,task02,10,58,0,-0.9077570029377529,0.2874590430210984,0.5,0,-0.15387332439422607,0.4616073668003082,1,1.7611368986201562e-06,1.9812062004995996,10.506588684315497,1,0,0.35324400620075197,0,0,fold_3
1746,sub17,task02,11,59,0,-0.42895476224730994,0.394375952293295,0.5,0,0.18817126750946045,0.5469045042991638,1,1.7611368986201562e-06,1.9812062004995996,10.506588684315497,1,0,0.35856629982316507,0,0,fold_3
1747,sub17,task02,12,60,0,-0.49848390311034835,0.37789702328786245,0.5,0,0.05081582069396973,0.5127012133598328,1,1.7611368986201562e-06,1.9812062004995996,10.506588684315497,1,0,0.31231083082256766,0,0,fold_3
1748,sub17,task02,13,61,0,-0.8310366345018374,0.3034259238883377,0.5,0,-0.209014892578125,0.44793567061424255,1,1.7611368986201562e-06,1.9812062004995996,10.506588684315497,1,0,0.3258635278618276,0,0,fold_3
1749,sub17,task02,14,62,0,-1.0689146354349524,0.25560954529150287,0.5,0,-0.5550370812416077,0.36469656229019165,1,1.7611368986201562e-06,1.9812062004995996,10.506588684315497,1,0,0.38616774678212407,0,0,fold_3
1750,sub17,task02,15,63,0,-0.32870761137595744,0.41855511440564225,0.5,0,0.03218972682952881,0.5080467462539673,1,1.7611368986201562e-06,1.9812062004995996,10.506588684315497,1,0,0.4407229535725605,0,0,fold_3
1751,sub17,task02,16,64,0,-0.06266617711907875,0.4843385806492272,0.5,0,0.3317447900772095,0.582183837890625,1,1.7611368986201562e-06,1.9812062004995996,10.506588684315497,1,0,0.41982961722731593,0,0,fold_3
1752,sub17,task02,17,65,0,-0.3257496133369761,0.41927516566281214,0.5,0,0.22264349460601807,0.5554320812225342,1,1.7611368986201562e-06,1.9812062004995996,10.506588684315497,1,0,0.3686275627027724,0,0,fold_3
1753,sub17,task02,18,66,0,-0.5933128013772473,0.3558751053699084,0.5,0,0.07979393005371094,0.5199379324913025,1,1.7611368986201562e-06,1.9812062004995996,10.506588684315497,1,0,0.3785496011946657,0,0,fold_3
1754,sub17,task02,19,67,0,-0.7048743138228898,0.33073241707559664,0.5,0,0.12681519985198975,0.5316613912582397,1,1.7611368986201562e-06,1.9812062004995996,10.506588684315497,1,0,0.4415239349307331,0,0,fold_3
1755,sub17,task02,20,68,0,-0.2045450622588733,0.44904128113849207,0.5,0,0.11938655376434326,0.5298112630844116,1,1.7611368986201562e-06,1.9812062004995996,10.506588684315497,1,0,0.5159985157515664,1,1,fold_3
1756,sub17,task02,21,69,0,0.17967423704337415,0.5447981065781105,0.5,1,0.5175632238388062,0.6265777945518494,1,1.7611368986201562e-06,1.9812062004995996,10.506588684315497,1,1,0.5640619289321914,1,1,fold_3
1757,sub17,task02,22,70,0,0.21747776623461532,0.5541561595380966,0.5,1,0.5379288196563721,0.6313304901123047,1,1.7611368986201562e-06,1.9812062004995996,10.506588684315497,1,1,0.5178758678712416,1,1,fold_3
1758,sub17,task02,23,71,0,0.3773405688277771,0.5932315206803672,0.5,1,0.6797791719436646,0.6636894345283508,1,1.7611368986201562e-06,1.9812062004995996,10.506588684315497,1,1,0.4703345921967763,0,0,fold_3
1759,sub17,task02,24,72,0,-0.3795313969424172,0.4062399233952608,0.5,0,-0.073752760887146,0.48157018423080444,1,1.7611368986201562e-06,1.9812062004995996,10.506588684315497,1,0,0.35526653829251414,0,0,fold_3
1760,sub17,task02,25,73,0,-0.35763439527661844,0.411532332514701,0.5,0,0.02349531650543213,0.5058735609054565,1,1.7611368986201562e-06,1.9812062004995996,10.506588684315497,1,0,0.3456890665746955,0,0,fold_3
1761,sub17,task02,26,74,0,-1.1091608831841717,0.2480273589675805,0.5,0,-0.45341789722442627,0.3885484039783478,1,1.7611368986201562e-06,1.9812062004995996,10.506588684315497,1,0,0.333594410438587,0,0,fold_3
1762,sub17,task02,27,75,0,-0.5001411089599505,0.37750750824180523,0.5,0,0.06964492797851562,0.5174041986465454,1,1.7611368986201562e-06,1.9812062004995996,10.506588684315497,1,0,0.3482077850269542,0,0,fold_3
1763,sub17,task02,28,76,0,-0.5097660771614365,0.3752483641063753,0.5,0,0.027179837226867676,0.5067945122718811,1,1.7611368986201562e-06,1.9812062004995996,10.506588684315497,1,0,0.31639315112314714,0,0,fold_3
1764,sub17,task02,29,77,0,-0.8863313744608428,0.29186748273268215,0.5,0,-0.3113521337509155,0.4227847456932068,1,1.7611368986201562e-06,1.9812062004995996,10.506588684315497,1,0,0.35384921105261075,0,0,fold_3
1765,sub17,task02,30,78,0,-0.9342483760649275,0.282063606530384,0.5,0,-0.3795919418334961,0.406225323677063,1,1.7611368986201562e-06,1.9812062004995996,10.506588684315497,1,0,0.4918040178800809,0,0,fold_3
1766,sub17,task02,31,79,0,-0.04954395616506699,0.4876165438947661,0.5,0,0.31164228916168213,0.5772860050201416,1,1.7611368986201562e-06,1.9812062004995996,10.506588684315497,1,0,0.6392024230523334,1,1,fold_3
1767,sub17,task02,32,80,0,0.8747441792427154,0.7057319032150926,0.5,1,1.2305129766464233,0.7739083766937256,1,1.7611368986201562e-06,1.9812062004995996,10.506588684315497,1,1,0.7145386736867906,1,1,fold_3
1768,sub17,task02,33,81,0,0.9656861528133157,0.7242588220471415,0.5,1,1.4241560697555542,0.8059890866279602,1,1.7611368986201562e-06,1.9812062004995996,10.506588684315497,1,1,0.6900979742559956,1,1,fold_3
1769,sub17,task02,34,82,0,0.9130569209169065,0.7136252957981377,0.5,1,1.3005648851394653,0.7859300374984741,1,1.7611368986201562e-06,1.9812062004995996,10.506588684315497,1,1,0.6594816352145175,1,1,fold_3
1770,sub17,task02,35,83,0,0.5425688921985589,0.6324098049227074,0.5,1,1.267891764640808,0.7803816795349121,1,1.7611368986201562e-06,1.9812062004995996,10.506588684315497,1,1,0.6324098049227074,1,1,fold_3
1771,sub17,rest04,0,84,0,1.3964726691322191,0.8016235577443191,0.5,1,1.7864700555801392,0.8564939498901367,1,1.7611368986201562e-06,1.9812062004995996,10.506588684315497,1,1,0.7635905896134897,1,1,fold_3
1772,sub17,rest04,1,85,0,1.2881037280215608,0.7838260525328052,0.5,1,1.6243895292282104,0.8353995680809021,1,1.7611368986201562e-06,1.9812062004995996,10.506588684315497,1,1,0.7061839817347392,1,1,fold_3
1773,sub17,rest04,2,86,0,0.872771964259876,0.7053221585633446,0.5,1,0.976638913154602,0.7264407873153687,1,1.7611368986201562e-06,1.9812062004995996,10.506588684315497,1,1,0.6628969271499139,1,1,fold_3
1774,sub17,rest04,3,87,0,0.5296596794629234,0.6294037341080678,0.5,1,0.7925647497177124,0.6883817911148071,1,1.7611368986201562e-06,1.9812062004995996,10.506588684315497,1,1,0.6100160229425108,1,1,fold_3
1775,sub17,rest04,4,88,0,0.6365134157042086,0.6539648887783291,0.5,1,1.0682507753372192,0.7442640662193298,1,1.7611368986201562e-06,1.9812062004995996,10.506588684315497,1,1,0.5794520549621405,1,1,fold_3
1776,sub17,rest04,5,89,0,0.18726310850987066,0.5466794459411352,0.5,1,0.7001677751541138,0.6682249903678894,1,1.7611368986201562e-06,1.9812062004995996,10.506588684315497,1,1,0.5753666760058405,1,1,fold_3
1777,sub17,rest04,6,90,0,0.15113434413844412,0.5377118301669571,0.5,1,0.2828028202056885,0.5702332258224487,1,1.7611368986201562e-06,1.9812062004995996,10.506588684315497,1,1,0.6652692998588147,1,1,fold_3
1778,sub17,rest04,7,91,0,0.5827883454872463,0.6417087519094292,0.5,1,0.5753182172775269,0.6399893760681152,1,1.7611368986201562e-06,1.9812062004995996,10.506588684315497,1,1,0.7501975657749829,1,1,fold_3
1779,sub17,rest04,8,92,0,1.4920603435529463,0.8163873175000577,0.5,1,2.023634433746338,0.8832562565803528,1,1.7611368986201562e-06,1.9812062004995996,10.506588684315497,1,1,0.7601171222117183,1,1,fold_3
1780,sub17,rest04,9,93,0,1.3400406601975896,0.7924966279154616,0.5,1,1.8138467073440552,0.8598260879516602,1,1.7611368986201562e-06,1.9812062004995996,10.506588684315497,1,1,0.6274184642372824,1,1,fold_3
1781,sub17,rest04,10,94,0,0.7148294909832164,0.671467421219636,0.5,1,0.7747091054916382,0.6845386624336243,1,1.7611368986201562e-06,1.9812062004995996,10.506588684315497,1,1,0.4692308653643355,0,0,fold_3
1782,sub17,rest04,11,95,0,-0.329791548116351,0.4182913435767497,0.5,0,0.04313862323760986,0.5107830166816711,1,1.7611368986201562e-06,1.9812062004995996,10.506588684315497,1,0,0.375770724763872,0,0,fold_3
1783,sub17,rest04,12,96,0,-0.7632833912509526,0.3179338312966208,0.5,0,-0.2308192253112793,0.44255000352859497,1,1.7611368986201562e-06,1.9812062004995996,10.506588684315497,1,0,0.336485766968255,0,0,fold_3
1784,sub17,rest04,13,97,0,-0.4427453611765652,0.3910869994182456,0.5,0,0.013865232467651367,0.5034662485122681,1,1.7611368986201562e-06,1.9812062004995996,10.506588684315497,1,0,0.4389082815744594,0,0,fold_3
1785,sub17,rest04,14,98,0,-0.8452202937790415,0.3004364701898984,0.5,0,-0.31470203399658203,0.42196744680404663,1,1.7611368986201562e-06,1.9812062004995996,10.506588684315497,1,0,0.5496208352746647,1,1,fold_3
1786,sub17,rest04,15,99,0,0.5116849165986271,0.625201375115234,0.5,1,0.6945458650588989,0.6669774055480957,1,1.7611368986201562e-06,1.9812062004995996,10.506588684315497,1,1,0.7193437700284163,1,1,fold_3
1787,sub17,rest04,16,100,0,0.9605137793606264,0.7232246605188618,0.5,1,1.076114296913147,0.7457579374313354,1,1.7611368986201562e-06,1.9812062004995996,10.506588684315497,1,1,0.7760916707517344,1,1,fold_3
1788,sub17,rest04,17,101,0,1.4474473933730705,0.8096052744511529,0.5,1,2.1478214263916016,0.8954650163650513,1,1.7611368986201562e-06,1.9812062004995996,10.506588684315497,1,1,0.8084332258275779,1,1,fold_3
1789,sub17,rest04,18,102,0,1.358065293484205,0.7954450772851885,0.5,1,1.8263391256332397,0.8613250255584717,1,1.7611368986201562e-06,1.9812062004995996,10.506588684315497,1,1,0.7971680872684925,1,1,fold_3
1790,sub17,rest04,19,103,0,1.518037602173682,0.8202493257463923,0.5,1,2.3258109092712402,0.9109922647476196,1,1.7611368986201562e-06,1.9812062004995996,10.506588684315497,1,1,0.8002857390066186,1,1,fold_3
1791,sub17,rest04,20,104,0,1.2414129262564235,0.7758098587738966,0.5,1,1.6304999589920044,0.8362380862236023,1,1.7611368986201562e-06,1.9812062004995996,10.506588684315497,1,1,0.7944358984211443,1,1,fold_3
1792,sub17,rest04,21,105,0,1.4165566012990347,0.8047980324995665,0.5,1,1.6706980466842651,0.8416688442230225,1,1.7611368986201562e-06,1.9812062004995996,10.506588684315497,1,1,0.80790341693744,1,1,fold_3
1793,sub17,rest04,22,106,0,1.4032543944591362,0.8026998039899698,0.5,1,1.6711283922195435,0.8417261838912964,1,1.7611368986201562e-06,1.9812062004995996,10.506588684315497,1,1,0.8117082108785124,1,1,fold_3
1794,sub17,rest04,23,107,0,1.4908939676798867,0.8162124143227837,0.5,1,2.56571102142334,0.9286219477653503,1,1.7611368986201562e-06,1.9812062004995996,10.506588684315497,1,1,0.8162124143227837,1,1,fold_3
2127,sub21,rest01,0,0,0,-0.5001263613068465,0.3775109738815001,0.5,0,-1.0679678916931152,0.25578972697257996,1,8.268562491875282e-06,4.396426207264154,9.020405372414197,0,1,0.3688263499880829,0,1,fold_3
2128,sub21,rest01,1,1,0,-0.6912099477529244,0.3337639684180638,0.5,0,-1.1457772254943848,0.24126124382019043,1,8.268562491875282e-06,4.396426207264154,9.020405372414197,0,1,0.3904696262663672,0,1,fold_3
2129,sub21,rest01,2,2,0,-0.4254886733605705,0.3952041076646849,0.5,0,-1.1095291376113892,0.2479586899280548,1,8.268562491875282e-06,4.396426207264154,9.020405372414197,0,1,0.4920469873885396,0,1,fold_3
2130,sub21,rest01,3,3,0,-0.23126200483896373,0.44244080271635317,0.5,0,-1.101833701133728,0.24939647316932678,1,8.268562491875282e-06,4.396426207264154,9.020405372414197,0,1,0.5688999544882346,1,0,fold_3
2131,sub21,rest01,4,4,0,0.568842528577212,0.6384960517845808,0.5,1,-0.983677089214325,0.2721627652645111,1,8.268562491875282e-06,4.396426207264154,9.020405372414197,0,0,0.631434889970377,1,0,fold_3
2132,sub21,rest01,5,5,0,0.5140824568851873,0.62576300896377,0.5,1,-1.0482107400894165,0.25956884026527405,1,8.268562491875282e-06,4.396426207264154,9.020405372414197,0,0,0.5935927739498075,1,0,fold_3
2133,sub21,rest01,6,6,0,0.5324124822289967,0.6300456091627802,0.5,1,-1.0374042987823486,0.2616511583328247,1,8.268562491875282e-06,4.396426207264154,9.020405372414197,0,0,0.515199027155016,1,0,fold_3
2134,sub21,rest01,7,7,1,-0.13690719093730755,0.46582656330728717,0.5,0,-1.1169205904006958,0.24658295512199402,1,8.268562491875282e-06,4.396426207264154,9.020405372414197,0,1,,,,fold_3
2135,sub21,rest01,8,8,0,0.09996197009523322,0.5249697037228723,0.5,1,-1.0972706079483032,0.2502516508102417,1,8.268562491875282e-06,4.396426207264154,9.020405372414197,0,0,0.45451199617209936,0,1,fold_3
2136,sub21,rest01,9,9,0,-0.4448674411761532,0.3905817685793952,0.5,0,-1.1649277210235596,0.23777303099632263,1,8.268562491875282e-06,4.396426207264154,9.020405372414197,0,1,0.3877211587036323,0,1,fold_3
2137,sub21,rest01,10,10,1,-0.4190189922299289,0.396751520493017,0.5,0,-1.1288495063781738,0.24437347054481506,1,8.268562491875282e-06,4.396426207264154,9.020405372414197,0,1,,,,fold_3
2138,sub21,rest01,11,11,0,-0.20881742642514167,0.4479845162140305,0.5,0,-1.112623691558838,0.2473820596933365,1,8.268562491875282e-06,4.396426207264154,9.020405372414197,0,1,0.4139401078094654,0,1,fold_3
2139,sub21,rest01,12,12,0,-0.7327242641962216,0.32459719131747117,0.5,0,-1.2005341053009033,0.23138020932674408,1,8.268562491875282e-06,4.396426207264154,9.020405372414197,0,1,0.4103933749976902,0,1,fold_3
2140,sub21,rest01,13,13,1,-0.4854223886369712,0.3809725272412723,0.5,0,-1.1880214214324951,0.23361298441886902,1,8.268562491875282e-06,4.396426207264154,9.020405372414197,0,1,,,,fold_3
2141,sub21,rest01,14,14,0,-0.12320113447741106,0.4692386158968944,0.5,0,-1.2385034561157227,0.2246965765953064,1,8.268562491875282e-06,4.396426207264154,9.020405372414197,0,1,0.37988341865033587,0,1,fold_3
2142,sub21,rest01,15,15,0,-0.2519470667861422,0.4373443177787049,0.5,0,-1.2024405002593994,0.2310413271188736,1,8.268562491875282e-06,4.396426207264154,9.020405372414197,0,1,0.2975700401946955,0,1,fold_3
2143,sub21,rest01,16,16,1,-0.707578480272929,0.3301341281456997,0.5,0,-1.164337158203125,0.23788011074066162,1,8.268562491875282e-06,4.396426207264154,9.020405372414197,0,1,,,,fold_3
2144,sub21,rest01,17,17,0,-1.1910716753779238,0.23306732227540838,0.5,0,-0.8351836800575256,0.3025501072406769,1,8.268562491875282e-06,4.396426207264154,9.020405372414197,0,1,0.2195432273022638,0,1,fold_3
2145,sub21,rest01,18,18,0,-1.252321813774691,0.22229848052997322,0.5,0,-0.842143177986145,0.30108359456062317,1,8.268562491875282e-06,4.396426207264154,9.020405372414197,0,1,0.21236509466870732,0,1,fold_3
2146,sub21,rest01,19,19,0,-1.3660185015433148,0.2032638791014097,0.5,0,-0.7567992210388184,0.31934159994125366,1,8.268562491875282e-06,4.396426207264154,9.020405372414197,0,1,0.21719319691266079,0,1,fold_3
2147,sub21,rest01,20,20,0,-1.315709992651152,0.21153292437473908,0.5,0,-0.4731135368347168,0.38387954235076904,1,8.268562491875282e-06,4.396426207264154,9.020405372414197,0,1,0.2877489565138698,0,1,fold_3
2148,sub21,rest01,21,21,0,-1.1703994618180393,0.23678278726183352,0.5,0,-0.9235584735870361,0.2842333912849426,1,8.268562491875282e-06,4.396426207264154,9.020405372414197,0,1,0.42757664416322,0,1,fold_3
2149,sub21,rest01,22,22,0,-0.3436168971989042,0.4149311579050367,0.5,0,-1.1531610488891602,0.23991218209266663,1,8.268562491875282e-06,4.396426207264154,9.020405372414197,0,1,0.5589877108502055,1,0,fold_3
2150,sub21,rest01,23,23,0,0.5365778816825417,0.6310159873227899,0.5,1,-0.935296893119812,0.28185132145881653,1,8.268562491875282e-06,4.396426207264154,9.020405372414197,0,0,0.6310159873227899,1,0,fold_3
2151,sub21,rest02,0,24,0,1.1268072919251964,0.7552492149648429,0.5,1,-0.7991900444030762,0.3101987838745117,1,8.268562491875282e-06,4.396426207264154,9.020405372414197,0,0,0.7646334670259929,1,0,fold_3
2152,sub21,rest02,1,25,0,1.3414438093522476,0.792727275092971,0.5,1,-0.7552202343940735,0.3196848928928375,1,8.268562491875282e-06,4.396426207264154,9.020405372414197,0,0,0.7534477744686267,1,0,fold_3
2153,sub21,rest02,2,26,0,1.0769898139790355,0.7459239110201649,0.5,1,-0.7893394231796265,0.31231051683425903,1,8.268562491875282e-06,4.396426207264154,9.020405372414197,0,0,0.7328502285931919,1,0,fold_3
2154,sub21,rest02,3,27,0,0.95287072455182,0.7216921372927444,0.5,1,-0.8348948359489441,0.3026110827922821,1,8.268562491875282e-06,4.396426207264154,9.020405372414197,0,0,0.7370296563371834,1,0,fold_3
2155,sub21,rest02,4,28,0,0.9993697070402734,0.7309346374666665,0.5,1,-0.8006860017776489,0.30987879633903503,1,8.268562491875282e-06,4.396426207264154,9.020405372414197,0,0,0.7607773207112715,1,0,fold_3
2156,sub21,rest02,5,29,0,1.144266948386961,0.7584621942521395,0.5,1,-0.7656925320625305,0.3174116313457489,1,8.268562491875282e-06,4.396426207264154,9.020405372414197,0,0,0.7736545533894996,1,0,fold_3
2157,sub21,rest02,6,30,0,1.3427092917236068,0.7929351304150087,0.5,1,-0.7362908124923706,0.3238157629966736,1,8.268562491875282e-06,4.396426207264154,9.020405372414197,0,0,0.7763400318940281,1,0,fold_3
2158,sub21,rest02,7,31,0,1.2058641241194565,0.7695663355013508,0.5,1,-0.8504353761672974,0.2993415594100952,1,8.268562491875282e-06,4.396426207264154,9.020405372414197,0,0,0.77009424094294,1,0,fold_3
2159,sub21,rest02,8,32,0,1.1887567139325697,0.7665186297657248,0.5,1,-0.8471741676330566,0.300025999546051,1,8.268562491875282e-06,4.396426207264154,9.020405372414197,0,0,0.7795968278626763,1,0,fold_3
2160,sub21,rest02,9,33,0,1.232167758932759,0.7741977575617441,0.5,1,-0.8441198468208313,0.30066782236099243,1,8.268562491875282e-06,4.396426207264154,9.020405372414197,0,0,0.7889047969895887,1,0,fold_3
2161,sub21,rest02,10,34,0,1.3743006286584167,0.7980740962605595,0.5,1,-0.7546876668930054,0.3198007345199585,1,8.268562491875282e-06,4.396426207264154,9.020405372414197,0,0,0.794288130979787,1,0,fold_3
2162,sub21,rest02,11,35,0,1.351915038114246,0.7944425371464625,0.5,1,-0.7292262315750122,0.3253645598888397,1,8.268562491875282e-06,4.396426207264154,9.020405372414197,0,0,0.7720548590637577,1,0,fold_3
2163,sub21,rest02,12,36,0,1.3270228902758205,0.7903477595323392,0.5,1,-0.7544506192207336,0.3198523223400116,1,8.268562491875282e-06,4.396426207264154,9.020405372414197,0,0,0.7516547864045829,1,0,fold_3
2164,sub21,rest02,13,37,0,1.0016063069937537,0.7313742805124716,0.5,1,-0.8670340776443481,0.2958718240261078,1,8.268562491875282e-06,4.396426207264154,9.020405372414197,0,0,0.7259504940607934,1,0,fold_3
2165,sub21,rest02,14,38,0,1.0111355488661695,0.7332423191689379,0.5,1,-0.8970633745193481,0.28965434432029724,1,8.268562491875282e-06,4.396426207264154,9.020405372414197,0,0,0.7444861017214954,1,0,fold_3
2166,sub21,rest02,15,39,0,0.9111473198813305,0.713234882500971,0.5,1,-0.8563168048858643,0.2981094419956207,1,8.268562491875282e-06,4.396426207264154,9.020405372414197,0,0,0.7627564216966273,1,0,fold_3
2167,sub21,rest02,16,40,0,1.306823359559447,0.7869811034945774,0.5,1,-0.7429953813552856,0.3223494589328766,1,8.268562491875282e-06,4.396426207264154,9.020405372414197,0,0,0.7901721561559055,1,0,fold_3
2168,sub21,rest02,17,41,0,1.3132307740320652,0.7880532790943334,0.5,1,-0.7508244514465332,0.3206416666507721,1,8.268562491875282e-06,4.396426207264154,9.020405372414197,0,0,0.7934654996746121,1,0,fold_3
2169,sub21,rest02,18,42,0,1.3582927569407186,0.7954820858788056,0.5,1,-0.70136559009552,0.331509530544281,1,8.268562491875282e-06,4.396426207264154,9.020405372414197,0,0,0.792854607505248,1,0,fold_3
2170,sub21,rest02,19,43,0,1.3667906138992232,0.796861134050697,0.5,1,-0.6935145258903503,0.3332517147064209,1,8.268562491875282e-06,4.396426207264154,9.020405372414197,0,0,0.7894790469993239,1,0,fold_3
2171,sub21,rest02,20,44,0,1.3022927877976656,0.7862206025862416,0.5,1,-0.76719069480896,0.3170871436595917,1,8.268562491875282e-06,4.396426207264154,9.020405372414197,0,0,0.7853327304328346,1,0,fold_3
2172,sub21,rest02,21,45,0,1.2971527429295853,0.7853554043610331,0.5,1,-0.7883423566818237,0.3125247061252594,1,8.268562491875282e-06,4.396426207264154,9.020405372414197,0,0,0.7844693397896519,1,0,fold_3
2173,sub21,rest02,22,46,0,1.2916254379960557,0.7844221843512289,0.5,1,-0.7755827903747559,0.31527265906333923,1,8.268562491875282e-06,4.396426207264154,9.020405372414197,0,0,0.7838943485548722,1,0,fold_3
2174,sub21,rest02,23,47,0,1.2869496049171603,0.7836304306566937,0.5,1,-0.7053550481796265,0.3306260108947754,1,8.268562491875282e-06,4.396426207264154,9.020405372414197,0,0,0.7836304306566936,1,0,fold_3
2175,sub21,task02,0,48,0,-1.3882195236549306,0.19969215188677003,0.5,0,-0.8357020616531372,0.3024407625198364,1,8.268562491875282e-06,4.396426207264154,9.020405372414197,1,0,0.20174420675307259,0,0,fold_3
2176,sub21,task02,1,49,0,-1.386207203998763,0.2000139455040066,0.5,0,-0.8374000787734985,0.3020826578140259,1,8.268562491875282e-06,4.396426207264154,9.020405372414197,1,0,0.20885836843784014,0,0,fold_3
2177,sub21,task02,2,50,0,-1.3521045116638646,0.2055265228684411,0.5,0,-0.9031545519828796,0.2884026765823364,1,8.268562491875282e-06,4.396426207264154,9.020405372414197,1,0,0.21608553498762292,0,0,fold_3
2178,sub21,task02,3,51,0,-1.2596471640659224,0.22103463694107267,0.5,0,-0.9621638059616089,0.2764451503753662,1,8.268562491875282e-06,4.396426207264154,9.020405372414197,1,0,0.23732375180249954,0,0,fold_3
2179,sub21,task02,4,52,0,-1.25581333492987,0.2216954451533549,0.5,0,-0.8873291015625,0.2916613221168518,1,8.268562491875282e-06,4.396426207264154,9.020405372414197,1,0,0.26003522807186036,0,0,fold_3
2180,sub21,task02,5,53,0,-0.9984759498569087,0.269241173313071,0.5,0,-1.146801471710205,0.24107378721237183,1,8.268562491875282e-06,4.396426207264154,9.020405372414197,1,0,0.30538893916356735,0,0,fold_3
2181,sub21,task02,6,54,0,-0.8994230960065551,0.2891690657491553,0.5,0,-1.1172174215316772,0.2465277910232544,1,8.268562491875282e-06,4.396426207264154,9.020405372414197,1,0,0.3151710357515619,0,0,fold_3
2182,sub21,task02,7,55,0,-0.5851145865457805,0.3577565784284757,0.5,0,-1.0567651987075806,0.25792810320854187,1,8.268562491875282e-06,4.396426207264154,9.020405372414197,1,0,0.3307346656190826,0,0,fold_3
2183,sub21,task02,8,56,0,-0.8540333131406157,0.29858746307705475,0.5,0,-0.982380747795105,0.27241966128349304,1,8.268562491875282e-06,4.396426207264154,9.020405372414197,1,0,0.34384750043062695,0,0,fold_3
2184,sub21,task02,9,57,0,-0.6817987643231311,0.3358599553517175,0.5,0,-0.9508436918258667,0.27871519327163696,1,8.268562491875282e-06,4.396426207264154,9.020405372414197,1,0,0.376683373692645,0,0,fold_3
2185,sub21,task02,10,58,0,-0.41758374582616814,0.3970950828631087,0.5,0,-0.8533084392547607,0.29873931407928467,1,8.268562491875282e-06,4.396426207264154,9.020405372414197,1,0,0.39709508286310874,0,0,fold_3
2273,sub23,rest01,0,0,0,-1.2271139132715405,0.22668695756171664,0.5,0,-0.1597198247909546,0.4601547420024872,1,1.816173657721004e-06,1.6596308630185947,16.45543060043559,0,1,0.22385815317016555,0,1,fold_3
2274,sub23,rest01,1,1,0,-1.2589142840542848,0.22116084879292067,0.5,0,-0.29833459854125977,0.4259646534919739,1,1.816173657721004e-06,1.6596308630185947,16.45543060043559,0,1,0.22316898568959828,0,1,fold_3
2275,sub23,rest01,2,2,0,-1.2440797009718705,0.22372665315585932,0.5,0,-0.37730884552001953,0.40677616000175476,1,1.816173657721004e-06,1.6596308630185947,16.45543060043559,0,1,0.22668379369922556,0,1,fold_3
2276,sub23,rest01,3,3,0,-1.2389462747450517,0.22461945512001483,0.5,0,-0.39631783962249756,0.40219733119010925,1,1.816173657721004e-06,1.6596308630185947,16.45543060043559,0,1,0.22648996729133886,0,1,fold_3
2277,sub23,rest01,4,4,0,-1.1987072305906301,0.2317052728218025,0.5,0,-0.04437530040740967,0.48890799283981323,1,1.816173657721004e-06,1.6596308630185947,16.45543060043559,0,1,0.22557606061863114,0,1,fold_3
2278,sub23,rest01,5,5,0,-1.2474309300443958,0.22314517393219924,0.5,0,-0.2756565809249878,0.43151894211769104,1,1.816173657721004e-06,1.6596308630185947,16.45543060043559,0,1,0.2230005039050206,0,1,fold_3
2279,sub23,rest01,6,6,0,-1.2547571772830182,0.22187773510189163,0.5,0,-0.4414864778518677,0.39138683676719666,1,1.816173657721004e-06,1.6596308630185947,16.45543060043559,0,1,0.22315465334478543,0,1,fold_3
2280,sub23,rest01,7,7,1,-1.258163099549052,0.2212902664699513,0.5,0,-0.6757289171218872,0.33721524477005005,1,1.816173657721004e-06,1.6596308630185947,16.45543060043559,0,1,,,,fold_3
2281,sub23,rest01,8,8,0,-1.2426295701211039,0.223978602680971,0.5,0,-0.737328052520752,0.32358869910240173,1,1.816173657721004e-06,1.6596308630185947,16.45543060043559,0,1,0.22481779582743344,0,1,fold_3
2282,sub23,rest01,9,9,0,-1.2447652043369433,0.22360762225149367,0.5,0,-0.743787407875061,0.3221764862537384,1,1.816173657721004e-06,1.6596308630185947,16.45543060043559,0,1,0.22424798776209862,0,1,fold_3
2283,sub23,rest01,10,10,1,-1.2323259896868617,0.22577458243578996,0.5,0,-0.5016636848449707,0.377149760723114,1,1.816173657721004e-06,1.6596308630185947,16.45543060043559,0,1,,,,fold_3
2284,sub23,rest01,11,11,0,-1.2260862212726433,0.2268671625498356,0.5,0,-0.4477885365486145,0.3898867070674896,1,1.816173657721004e-06,1.6596308630185947,16.45543060043559,0,1,0.22273211818278074,0,1,fold_3
2285,sub23,rest01,12,12,0,-1.2524913134740947,0.22226917848496655,0.5,0,-0.6498603224754333,0.343021035194397,1,1.816173657721004e-06,1.6596308630185947,16.45543060043559,0,1,0.22118476091070663,0,1,fold_3
2286,sub23,rest01,13,13,1,-1.2606055785564054,0.22086966285911486,0.5,0,-0.5158329010009766,0.37382715940475464,1,1.816173657721004e-06,1.6596308630185947,16.45543060043559,0,1,,,,fold_3
2287,sub23,rest01,14,14,0,-1.2711525784161015,0.21906001351354015,0.5,0,-0.6191538572311401,0.3499739468097687,1,1.816173657721004e-06,1.6596308630185947,16.45543060043559,0,1,0.2209930729553272,0,1,fold_3
2288,sub23,rest01,15,15,0,-1.2527463721845449,0.2222250907336132,0.5,0,-0.7232875823974609,0.32666945457458496,1,1.816173657721004e-06,1.6596308630185947,16.45543060043559,0,1,0.2216861380270744,0,1,fold_3
2289,sub23,rest01,16,16,1,-1.251548257601797,0.22243224309256313,0.5,0,-0.7887612581253052,0.31243470311164856,1,1.816173657721004e-06,1.6596308630185947,16.45543060043559,0,1,,,,fold_3
2290,sub23,rest01,17,17,0,-1.2558210461080497,0.22169411461882813,0.5,0,-0.5095895528793335,0.37528976798057556,1,1.816173657721004e-06,1.6596308630185947,16.45543060043559,0,1,0.22185694307793777,0,1,fold_3
2291,sub23,rest01,18,18,0,-1.2590399211057486,0.22113920872878193,0.5,0,-0.4127485752105713,0.3982532322406769,1,1.816173657721004e-06,1.6596308630185947,16.45543060043559,0,1,0.22469665556992627,0,1,fold_3
2292,sub23,rest01,19,19,0,-1.2497841490979693,0.22273750588620325,0.5,0,-0.4331292510032654,0.3933793306350708,1,1.816173657721004e-06,1.6596308630185947,16.45543060043559,0,1,0.2298785631791751,0,1,fold_3
2293,sub23,rest01,20,20,0,-1.2071074633419574,0.23021325209479362,0.5,0,-0.1454235315322876,0.4637080132961273,1,1.816173657721004e-06,1.6596308630185947,16.45543060043559,0,1,0.24351672986228726,0,1,fold_3
2294,sub23,rest01,21,21,0,-1.1709410258102548,0.23668493155652845,0.5,0,0.39317619800567627,0.5970470905303955,1,1.816173657721004e-06,1.6596308630185947,16.45543060043559,0,1,0.2638498871742626,0,1,fold_3
2295,sub23,rest01,22,22,0,-1.027072750733007,0.26365200593553967,0.5,0,1.7065483331680298,0.846388041973114,1,1.816173657721004e-06,1.6596308630185947,16.45543060043559,0,1,0.28202581799899307,0,1,fold_3
2296,sub23,rest01,23,23,0,-0.8895014370907679,0.29121272403071974,0.5,0,3.0381083488464355,0.9542663097381592,1,1.816173657721004e-06,1.6596308630185947,16.45543060043559,0,1,0.29121272403071974,0,1,fold_3
2297,sub23,rest02,0,24,0,-0.9803912595089115,0.27281415611896215,0.5,0,2.019702911376953,0.8828502893447876,1,1.816173657721004e-06,1.6596308630185947,16.45543060043559,0,1,0.26283411004049756,0,1,fold_3
2298,sub23,rest02,1,25,0,-1.0837319869843174,0.25280042267621367,0.5,0,1.3826855421066284,0.7994219660758972,1,1.816173657721004e-06,1.6596308630185947,16.45543060043559,0,1,0.25228048825245847,0,1,fold_3
2299,sub23,rest02,2,26,0,-1.031013045409434,0.2628877513263168,0.5,0,1.5773574113845825,0.8288299441337585,1,1.816173657721004e-06,1.6596308630185947,16.45543060043559,0,1,0.24606648594381078,0,1,fold_3
2300,sub23,rest02,3,27,0,-1.146367000381379,0.24115329075484493,0.5,0,0.8383029699325562,0.6981076598167419,1,1.816173657721004e-06,1.6596308630185947,16.45543060043559,0,1,0.2364648641308991,0,1,fold_3
2301,sub23,rest02,4,28,0,-1.1849774625903304,0.2341584157502707,0.5,0,0.5202125310897827,0.6271974444389343,1,1.816173657721004e-06,1.6596308630185947,16.45543060043559,0,1,0.23309983049626312,0,1,fold_3
2302,sub23,rest02,5,29,0,-1.1853986919325175,0.23408288588758167,0.5,0,0.6005162000656128,0.6457743644714355,1,1.816173657721004e-06,1.6596308630185947,16.45543060043559,0,1,0.2370544828212274,0,1,fold_3
2303,sub23,rest02,6,30,0,-1.2023457142196032,0.23105818985093696,0.5,0,0.6348990201950073,0.6535994410514832,1,1.816173657721004e-06,1.6596308630185947,16.45543060043559,0,1,0.2425712334473257,0,1,fold_3
2304,sub23,rest02,7,31,0,-1.1199402176841706,0.24602237272516353,0.5,0,1.270340085029602,0.7808009386062622,1,1.816173657721004e-06,1.6596308630185947,16.45543060043559,0,1,0.24703564606603332,0,1,fold_3
2305,sub23,rest02,8,32,0,-1.0952383988963266,0.25063313776587665,0.5,0,1.4433335065841675,0.8089703321456909,1,1.816173657721004e-06,1.6596308630185947,16.45543060043559,0,1,0.24212549402477349,0,1,fold_3
2306,sub23,rest02,9,33,0,-1.1284274417371543,0.24445142770705972,0.5,0,1.0996962785720825,0.7502031922340393,1,1.816173657721004e-06,1.6596308630185947,16.45543060043559,0,1,0.23481263073332756,0,1,fold_3
2307,sub23,rest02,10,34,0,-1.201030671028106,0.23129191660138415,0.5,0,0.627998948097229,0.6520355939865112,1,1.816173657721004e-06,1.6596308630185947,16.45543060043559,0,1,0.23549365254222007,0,1,fold_3
2308,sub23,rest02,11,35,0,-1.2156972104612909,0.22869454789153873,0.5,0,0.5124005079269409,0.6253690719604492,1,1.816173657721004e-06,1.6596308630185947,16.45543060043559,0,1,0.24122107369954768,0,1,fold_3
2309,sub23,rest02,12,36,0,-1.1173966734174572,0.2464944931337373,0.5,0,1.2698801755905151,0.7807222008705139,1,1.816173657721004e-06,1.6596308630185947,16.45543060043559,0,1,0.24362101673665837,0,1,fold_3
2310,sub23,rest02,13,37,0,-1.1067666294428535,0.24847418007336697,0.5,0,1.2896236181259155,0.7840834856033325,1,1.816173657721004e-06,1.6596308630185947,16.45543060043559,0,1,0.2604453474337816,0,1,fold_3
2311,sub23,rest02,14,38,0,-1.1753218798367484,0.2358943770028708,0.5,0,0.8141967058181763,0.6930030584335327,1,1.816173657721004e-06,1.6596308630185947,16.45543060043559,0,1,0.27647451784266347,0,1,fold_3
2312,sub23,rest02,15,39,0,-0.8617804867459096,0.296967485225107,0.5,0,2.3160252571105957,0.910195529460907,1,1.816173657721004e-06,1.6596308630185947,16.45543060043559,0,1,0.29476960843788996,0,1,fold_3
2313,sub23,rest02,16,40,0,-0.863724918852501,0.29656169130001253,0.5,0,2.3148741722106934,0.9101014733314514,1,1.816173657721004e-06,1.6596308630185947,16.45543060043559,0,1,0.2716272254336978,0,1,fold_3
2314,sub23,rest02,17,41,0,-0.8916005101227436,0.2907796487885502,0.5,0,2.109874725341797,0.8918592929840088,1,1.816173657721004e-06,1.6596308630185947,16.45543060043559,0,1,0.24795230885653793,0,1,fold_3
2315,sub23,rest02,18,42,0,-1.2222522675388305,0.22754033621253064,0.5,0,0.08935272693634033,0.5223233699798584,1,1.816173657721004e-06,1.6596308630185947,16.45543060043559,0,1,0.2272661606796892,0,1,fold_3
2316,sub23,rest02,19,43,0,-1.2336859951782528,0.22553694156853288,0.5,0,-0.016270041465759277,0.49593254923820496,1,1.816173657721004e-06,1.6596308630185947,16.45543060043559,0,1,0.22926745141804128,0,1,fold_3
2317,sub23,rest02,20,44,0,-1.2155460977724275,0.22872120425800405,0.5,0,-0.0003020763397216797,0.4999244809150696,1,1.816173657721004e-06,1.6596308630185947,16.45543060043559,0,1,0.24032585128932013,0,1,fold_3
2318,sub23,rest02,21,45,0,-1.1884056323012206,0.23354420842758689,0.5,0,0.4247182607650757,0.6046117544174194,1,1.816173657721004e-06,1.6596308630185947,16.45543060043559,0,1,0.25974688712749544,0,1,fold_3
2319,sub23,rest02,22,46,0,-1.052673003694349,0.25871214118236946,0.5,0,1.5795668363571167,0.8291431665420532,1,1.816173657721004e-06,1.6596308630185947,16.45543060043559,0,1,0.2775602549091431,0,1,fold_3
2320,sub23,rest02,23,47,0,-0.9100758718442422,0.28698431177252987,0.5,0,2.9859461784362793,0.9519351720809937,1,1.816173657721004e-06,1.6596308630185947,16.45543060043559,0,1,0.28698431177252987,0,1,fold_3
2321,sub23,task02,0,48,0,0.17523459813453152,0.5436968894211527,0.5,1,7.422471523284912,0.999402642250061,1,1.816173657721004e-06,1.6596308630185947,16.45543060043559,1,1,0.49211467715091595,0,0,fold_3
2322,sub23,task02,1,49,0,-0.425411442357497,0.39522256740014383,0.5,0,4.100944995880127,0.9837126731872559,1,1.816173657721004e-06,1.6596308630185947,16.45543060043559,1,0,0.4600864203894188,0,0,fold_3
2323,sub23,task02,2,50,0,0.14997879835407976,0.5374245746314513,0.5,1,6.421288967132568,0.9983760118484497,1,1.816173657721004e-06,1.6596308630185947,16.45543060043559,1,1,0.5183915482829425,1,1,fold_3
2324,sub23,task02,3,51,0,-0.2103234303442233,0.4476121191366613,0.5,0,4.722720623016357,0.9911873936653137,1,1.816173657721004e-06,1.6596308630185947,16.45543060043559,1,0,0.4844174523844809,0,0,fold_3
2325,sub23,task02,4,52,0,0.2824140102382489,0.570137951080715,0.5,1,7.403703212738037,0.9993913173675537,1,1.816173657721004e-06,1.6596308630185947,16.45543060043559,1,1,0.5380837690048981,1,1,fold_3
2326,sub23,task02,5,53,0,-0.25943628475477376,0.43550228693606663,0.5,0,5.316351890563965,0.9951134324073792,1,1.816173657721004e-06,1.6596308630185947,16.45543060043559,1,0,0.5783290756741396,1,1,fold_3
2327,sub23,task02,6,54,0,0.44147765090183905,0.6086110689979127,0.5,1,9.24451732635498,0.9999033212661743,1,1.816173657721004e-06,1.6596308630185947,16.45543060043559,1,1,0.6741902718787869,1,1,fold_3
2328,sub23,task02,7,55,0,0.8042078983274685,0.6908738710884395,0.5,1,10.778230667114258,0.9999791383743286,1,1.816173657721004e-06,1.6596308630185947,16.45543060043559,1,1,0.7153921078451541,1,1,fold_3
2329,sub23,task02,8,56,0,0.9598205537146511,0.7230858755500084,0.5,1,12.60782527923584,0.9999966621398926,1,1.816173657721004e-06,1.6596308630185947,16.45543060043559,1,1,0.7227221816711064,1,1,fold_3
2330,sub23,task02,9,57,0,1.005897809224691,0.7322165768970144,0.5,1,13.279497146606445,0.9999983310699463,1,1.816173657721004e-06,1.6596308630185947,16.45543060043559,1,1,0.7309969086321285,1,1,fold_3
2331,sub23,task02,10,58,0,0.9093351399960172,0.7128640925662967,0.5,1,11.830144882202148,0.9999927282333374,1,1.816173657721004e-06,1.6596308630185947,16.45543060043559,1,1,0.7375521088286018,1,1,fold_3
2332,sub23,task02,11,59,0,1.087496782586702,0.7479100564330748,0.5,1,12.948925018310547,0.999997615814209,1,1.816173657721004e-06,1.6596308630185947,16.45543060043559,1,1,0.7532502026184386,1,1,fold_3
2333,sub23,task02,12,60,0,1.108675908674403,0.751882177486434,0.5,1,12.949538230895996,0.999997615814209,1,1.816173657721004e-06,1.6596308630185947,16.45543060043559,1,1,0.7511086120645606,1,1,fold_3
2334,sub23,task02,13,61,0,1.15245131040647,0.7599583739358067,0.5,1,14.504050254821777,0.9999995231628418,1,1.816173657721004e-06,1.6596308630185947,16.45543060043559,1,1,0.7294741796992245,1,1,fold_3
2335,sub23,task02,14,62,0,1.0537026983865994,0.7414852847714413,0.5,1,12.89230728149414,0.9999974966049194,1,1.816173657721004e-06,1.6596308630185947,16.45543060043559,1,1,0.6728135645548058,1,1,fold_3
2336,sub23,task02,15,63,0,0.7860328869052304,0.6869788803904251,0.5,1,11.396492958068848,0.9999887943267822,1,1.816173657721004e-06,1.6596308630185947,16.45543060043559,1,1,0.6419205702940064,1,1,fold_3
2337,sub23,task02,16,64,0,0.3638683482948378,0.589976528502551,0.5,1,8.492913246154785,0.999795138835907,1,1.816173657721004e-06,1.6596308630185947,16.45543060043559,1,1,0.6472064824354241,1,1,fold_3
2338,sub23,task02,17,65,0,0.6137962986142167,0.6488063019890431,0.5,1,9.444450378417969,0.9999208450317383,1,1.816173657721004e-06,1.6596308630185947,16.45543060043559,1,1,0.7000151751099692,1,1,fold_3
2339,sub23,task02,18,66,0,0.8608423570038505,0.702836616814678,0.5,1,10.654520034790039,0.999976396560669,1,1.816173657721004e-06,1.6596308630185947,16.45543060043559,1,1,0.7371745944755937,1,1,fold_3
2340,sub23,task02,19,67,0,1.0901109122214794,0.7484026065261866,0.5,1,13.062565803527832,0.9999978542327881,1,1.816173657721004e-06,1.6596308630185947,16.45543060043559,1,1,0.7595392342434396,1,1,fold_3
2341,sub23,task02,20,68,0,1.154240231509853,0.7602845600859168,0.5,1,13.50031852722168,0.9999986886978149,1,1.816173657721004e-06,1.6596308630185947,16.45543060043559,1,1,0.757194602272366,1,1,fold_3
2342,sub23,task02,21,69,0,1.2079190177422188,0.7699305361182157,0.5,1,13.991015434265137,0.9999991655349731,1,1.816173657721004e-06,1.6596308630185947,16.45543060043559,1,1,0.7425038538782182,1,1,fold_3
2343,sub23,task02,22,70,0,1.0530946323864212,0.7413687106129654,0.5,1,11.462718963623047,0.9999895095825195,1,1.816173657721004e-06,1.6596308630185947,16.45543060043559,1,1,0.7205403728269723,1,1,fold_3
2344,sub23,task02,23,71,0,0.9257502813094567,0.7162123149034737,0.5,1,11.111083984375,0.9999850988388062,1,1.816173657721004e-06,1.6596308630185947,16.45543060043559,1,1,0.7241045890283347,1,1,fold_3
2345,sub23,task02,24,72,0,0.8666113088244008,0.7040400929644778,0.5,1,10.846452713012695,0.9999805688858032,1,1.816173657721004e-06,1.6596308630185947,16.45543060043559,1,1,0.7278929368684365,1,1,fold_3
2346,sub23,task02,25,73,0,1.1096366159699487,0.7520613592170527,0.5,1,13.278088569641113,0.9999983310699463,1,1.816173657721004e-06,1.6596308630185947,16.45543060043559,1,1,0.7201070033450524,1,1,fold_3
2347,sub23,task02,26,74,0,0.9823656383190439,0.727577358423779,0.5,1,12.224337577819824,0.9999951124191284,1,1.816173657721004e-06,1.6596308630185947,16.45543060043559,1,1,0.7104344894689274,1,1,fold_3
2348,sub23,task02,27,75,0,0.7569091105336784,0.6806822923943258,0.5,1,9.867640495300293,0.9999481439590454,1,1.816173657721004e-06,1.6596308630185947,16.45543060043559,1,1,0.710987948794659,1,1,fold_3
2349,sub23,task02,28,76,0,0.9596105181286964,0.7230438175886774,0.5,1,10.243642807006836,0.9999644756317139,1,1.816173657721004e-06,1.6596308630185947,16.45543060043559,1,1,0.723673828151227,1,1,fold_3
2350,sub23,task02,29,77,0,0.9907586121050117,0.7292377364009736,0.5,1,11.224298477172852,0.9999866485595703,1,1.816173657721004e-06,1.6596308630185947,16.45543060043559,1,1,0.7206727355452708,1,1,fold_3
2351,sub23,task02,30,78,0,0.9382198265519626,0.7187399304640303,0.5,1,11.100861549377441,0.999984860420227,1,1.816173657721004e-06,1.6596308630185947,16.45543060043559,1,1,0.7257628144383861,1,1,fold_3
2352,sub23,task02,31,79,0,0.9150896857958862,0.7140405397708084,0.5,1,10.695511817932129,0.9999773502349854,1,1.816173657721004e-06,1.6596308630185947,16.45543060043559,1,1,0.7408617299358667,1,1,fold_3
2353,sub23,task02,32,80,0,1.069532358012374,0.7445079730803194,0.5,1,11.418758392333984,0.9999890327453613,1,1.816173657721004e-06,1.6596308630185947,16.45543060043559,1,1,0.7513805580108784,1,1,fold_3
2354,sub23,task02,33,81,0,1.17493941238619,0.7640366769564724,0.5,1,13.748025894165039,0.999998927116394,1,1.816173657721004e-06,1.6596308630185947,16.45543060043559,1,1,0.7437112118333932,1,1,fold_3
2355,sub23,task02,34,82,0,1.0752657424144412,0.7455970239958435,0.5,1,13.328471183776855,0.9999983310699463,1,1.816173657721004e-06,1.6596308630185947,16.45543060043559,1,1,0.7213528649194115,1,1,fold_3
2356,sub23,task02,35,83,0,0.9519139931132119,0.7214999345478638,0.5,1,12.804962158203125,0.9999972581863403,1,1.816173657721004e-06,1.6596308630185947,16.45543060043559,1,1,0.7051410689923063,1,1,fold_3
2357,sub23,task02,36,84,0,0.8328709572986208,0.6969616362145274,0.5,1,13.193294525146484,0.9999980926513672,1,1.816173657721004e-06,1.6596308630185947,16.45543060043559,1,1,0.6969616362145276,1,1,fold_3
2358,sub23,rest04,0,85,0,0.7420400052688232,0.6774417880547369,0.5,1,9.812527656555176,0.9999452829360962,1,1.816173657721004e-06,1.6596308630185947,16.45543060043559,1,1,0.7143028688533702,1,1,fold_3
2359,sub23,rest04,1,86,0,1.128809903295931,0.7556192040984575,0.5,1,11.723968505859375,0.9999918937683105,1,1.816173657721004e-06,1.6596308630185947,16.45543060043559,1,1,0.7289852349963422,1,1,fold_3
2360,sub23,rest04,2,87,0,0.8946440668705277,0.7098476144069162,0.5,1,10.37972354888916,0.9999688863754272,1,1.816173657721004e-06,1.6596308630185947,16.45543060043559,1,1,0.7072532093728134,1,1,fold_3
2361,sub23,rest04,3,88,0,0.9518590112689772,0.7214888864836524,0.5,1,11.10228443145752,0.9999849796295166,1,1.816173657721004e-06,1.6596308630185947,16.45543060043559,1,1,0.7080947606552566,1,1,fold_3
2362,sub23,rest04,4,89,0,0.8020981989334715,0.6904231272278718,0.5,1,10.486350059509277,0.9999721050262451,1,1.816173657721004e-06,1.6596308630185947,16.45543060043559,1,1,0.7082042835336383,1,1,fold_3
2363,sub23,rest04,5,90,0,0.9069335775405254,0.7123722682542456,0.5,1,10.563224792480469,0.9999741315841675,1,1.816173657721004e-06,1.6596308630185947,16.45543060043559,1,1,0.7202814324166855,1,1,fold_3
2364,sub23,rest04,6,91,0,0.953494740217242,0.7218174551187977,0.5,1,10.885512351989746,0.9999812841415405,1,1.816173657721004e-06,1.6596308630185947,16.45543060043559,1,1,0.7231499507871693,1,1,fold_3
2365,sub23,rest04,7,92,0,0.9777149329979924,0.7266545738770133,0.5,1,11.048884391784668,0.9999841451644897,1,1.816173657721004e-06,1.6596308630185947,16.45543060043559,1,1,0.7205944498357836,1,1,fold_3
2366,sub23,rest04,8,93,0,0.9493171138436335,0.7209778233656968,0.5,1,12.40733814239502,0.9999959468841553,1,1.816173657721004e-06,1.6596308630185947,16.45543060043559,1,1,0.6911276474434221,1,1,fold_3
2367,sub23,rest04,9,94,0,0.9156304913710182,0.7141509522646405,0.5,1,12.509858131408691,0.9999963045120239,1,1.816173657721004e-06,1.6596308630185947,16.45543060043559,1,1,0.6199512595861635,1,1,fold_3
2368,sub23,rest04,10,95,0,0.5677947371498769,0.638254166699929,0.5,1,8.953676223754883,0.999870777130127,1,1.816173657721004e-06,1.6596308630185947,16.45543060043559,1,1,0.5283871395981062,1,1,fold_3
2369,sub23,rest04,11,96,0,0.029796843578615863,0.5074486597939208,0.5,1,6.04986047744751,0.9976473450660706,1,1.816173657721004e-06,1.6596308630185947,16.45543060043559,1,1,0.5042350824300713,1,1,fold_3
2370,sub23,rest04,12,97,0,-0.2433596189274324,0.43945859230046874,0.5,0,4.919840335845947,0.9927526712417603,1,1.816173657721004e-06,1.6596308630185947,16.45543060043559,1,0,0.5161369992581831,1,1,fold_3
2371,sub23,rest04,13,98,0,0.2647272408820559,0.5657979951958243,0.5,1,7.554680347442627,0.9994766116142273,1,1.816173657721004e-06,1.6596308630185947,16.45543060043559,1,1,0.5898826922007357,1,1,fold_3
2372,sub23,rest04,14,99,0,0.17304818893318846,0.5431544102782561,0.5,1,7.6273322105407715,0.9995132684707642,1,1.816173657721004e-06,1.6596308630185947,16.45543060043559,1,1,0.6417046104743044,1,1,fold_3
2373,sub23,rest04,15,100,0,0.6663958971147664,0.6606956711281269,0.5,1,9.728137969970703,0.9999403953552246,1,1.816173657721004e-06,1.6596308630185947,16.45543060043559,1,1,0.7156027865364495,1,1,fold_3
2374,sub23,rest04,16,101,0,0.9507388876441624,0.7212637500165301,0.5,1,10.66667652130127,0.999976634979248,1,1.816173657721004e-06,1.6596308630185947,16.45543060043559,1,1,0.7484795163757623,1,1,fold_3
2375,sub23,rest04,17,102,0,1.179450225597389,0.7648489384646916,0.5,1,14.545369148254395,0.9999995231628418,1,1.816173657721004e-06,1.6596308630185947,16.45543060043559,1,1,0.7427258392475261,1,1,fold_3
2376,sub23,rest04,18,103,0,1.1489871144850134,0.7593258606460651,0.5,1,14.044755935668945,0.9999991655349731,1,1.816173657721004e-06,1.6596308630185947,16.45543060043559,1,1,0.708178282586939,1,1,fold_3
2377,sub23,rest04,19,104,0,0.866431948128597,0.7040027186318215,0.5,1,12.363546371459961,0.9999957084655762,1,1.816173657721004e-06,1.6596308630185947,16.45543060043559,1,1,0.6669581724047399,1,1,fold_3
2378,sub23,rest04,20,105,0,0.66867438577513,0.6612062684829304,0.5,1,11.600957870483398,0.9999908208847046,1,1.816173657721004e-06,1.6596308630185947,16.45543060043559,1,1,0.6541310018070959,1,1,fold_3
2379,sub23,rest04,21,106,0,0.5566002098540983,0.6356655300994675,0.5,1,10.97102165222168,0.9999828338623047,1,1.816173657721004e-06,1.6596308630185947,16.45543060043559,1,1,0.652561358830919,1,1,fold_3
2380,sub23,rest04,22,107,0,0.6879970244143216,0.66552120683889,0.5,1,11.542091369628906,0.9999903440475464,1,1.816173657721004e-06,1.6596308630185947,16.45543060043559,1,1,0.6595052953158964,1,1,fold_3
2381,sub23,rest04,23,108,0,0.6477237845227641,0.6564973395543995,0.5,1,11.857091903686523,0.9999929666519165,1,1.816173657721004e-06,1.6596308630185947,16.45543060043559,1,1,0.6564973395543995,1,1,fold_3
62,sub2,rest01,0,0,0,0.969790592387608,0.7250777564431717,0.5,1,6.60207462310791,0.9986442923545837,1,1.8205970015639427e-06,2.4269692148093096,10.77267370634034,0,0,0.6160224464848353,1,0,fold_4
63,sub2,rest01,1,1,0,0.8418398473697289,0.698852567574598,0.5,1,5.304553031921387,0.9950556755065918,1,1.8205970015639427e-06,2.4269692148093096,10.77267370634034,0,0,0.45693535283810394,0,1,fold_4
64,sub2,rest01,2,2,0,-0.3058132057319587,0.42413701543673576,0.5,0,2.0946285724639893,0.8903799653053284,1,1.8205970015639427e-06,2.4269692148093096,10.77267370634034,0,1,0.38483132918586477,0,1,fold_4
65,sub2,rest01,3,3,0,-1.1102918886248647,0.2478164755029779,0.5,0,0.8290882110595703,0.6961620450019836,1,1.8205970015639427e-06,2.4269692148093096,10.77267370634034,0,1,0.40201524258451427,0,1,fold_4
66,sub2,rest01,4,4,0,-0.06986641967211749,0.48254049661788073,0.5,0,3.0725862979888916,0.955747663974762,1,1.8205970015639427e-06,2.4269692148093096,10.77267370634034,0,1,0.4379860152834698,0,1,fold_4
67,sub2,rest01,5,5,0,-0.0973217201454129,0.4756887556326843,0.5,0,2.935469388961792,0.9495722055435181,1,1.8205970015639427e-06,2.4269692148093096,10.77267370634034,0,1,0.341019744796881,0,1,fold_4
68,sub2,rest01,6,6,0,-0.5939511406132268,0.35572879359984433,0.5,0,1.523024320602417,0.8209834098815918,1,1.8205970015639427e-06,2.4269692148093096,10.77267370634034,0,1,0.2473428868917665,0,1,fold_4
69,sub2,rest01,7,7,1,-1.357653933744441,0.2046218641003792,0.5,0,-0.41926002502441406,0.3966938257217407,1,1.8205970015639427e-06,2.4269692148093096,10.77267370634034,0,1,,,,fold_4
70,sub2,rest01,8,8,0,-1.4393780138559835,0.19164168515811442,0.5,0,-0.6890280842781067,0.3342493176460266,1,1.8205970015639427e-06,2.4269692148093096,10.77267370634034,0,1,0.1928170038181305,0,1,fold_4
71,sub2,rest01,9,9,0,-1.4200216988606014,0.19465818191734077,0.5,0,-0.5820287466049194,0.35846588015556335,1,1.8205970015639427e-06,2.4269692148093096,10.77267370634034,0,1,0.1916680416745367,0,1,fold_4
72,sub2,rest01,10,10,1,-1.4692011557323603,0.18706406472730744,0.5,0,-0.49754226207733154,0.3781184256076813,1,1.8205970015639427e-06,2.4269692148093096,10.77267370634034,0,1,,,,fold_4
73,sub2,rest01,11,11,0,-1.4360927085010706,0.19215114437893627,0.5,0,-0.5643584132194519,0.3625395894050598,1,1.8205970015639427e-06,2.4269692148093096,10.77267370634034,0,1,0.19638399194196643,0,1,fold_4
74,sub2,rest01,12,12,0,-1.4617828216441808,0.18819479872733305,0.5,0,-0.3929094076156616,0.40301713347435,1,1.8205970015639427e-06,2.4269692148093096,10.77267370634034,0,1,0.20391207447726759,0,1,fold_4
75,sub2,rest01,13,13,1,-1.4007504182254409,0.19769705840480034,0.5,0,-0.6890585422515869,0.3342425525188446,1,1.8205970015639427e-06,2.4269692148093096,10.77267370634034,0,1,,,,fold_4
76,sub2,rest01,14,14,0,-1.3321374075809034,0.2088060327196299,0.5,0,-0.6003005504608154,0.3542749285697937,1,1.8205970015639427e-06,2.4269692148093096,10.77267370634034,0,1,0.20852119915728218,0,1,fold_4
77,sub2,rest01,15,15,0,-1.296614206060516,0.2147353919848398,0.5,0,-0.4278600811958313,0.39463746547698975,1,1.8205970015639427e-06,2.4269692148093096,10.77267370634034,0,1,0.20911517799217827,0,1,fold_4
78,sub2,rest01,16,16,1,-1.3988058346442964,0.19800567583169162,0.5,0,-0.6839445233345032,0.33538150787353516,1,1.8205970015639427e-06,2.4269692148093096,10.77267370634034,0,1,,,,fold_4
79,sub2,rest01,17,17,0,-1.3737033540885375,0.20202217276737677,0.5,0,-0.20650923252105713,0.4485553801059723,1,1.8205970015639427e-06,2.4269692148093096,10.77267370634034,0,1,0.2095766945396421,0,1,fold_4
80,sub2,rest01,18,18,0,-1.3213849316397908,0.21058796922431824,0.5,0,0.14992249011993408,0.53741055727005,1,1.8205970015639427e-06,2.4269692148093096,10.77267370634034,0,1,0.20739738666125665,0,1,fold_4
81,sub2,rest01,19,19,0,-1.2884224829957291,0.2161199416272313,0.5,0,0.17313528060913086,0.5431760549545288,1,1.8205970015639427e-06,2.4269692148093096,10.77267370634034,0,1,0.20139806605751512,0,1,fold_4
82,sub2,rest01,20,20,0,-1.414760735615592,0.19548424913222037,0.5,0,-0.3506898880004883,0.41321516036987305,1,1.8205970015639427e-06,2.4269692148093096,10.77267370634034,0,1,0.19282079108120276,0,1,fold_4
83,sub2,rest01,21,21,0,-1.4332679691678432,0.19259000741309376,0.5,0,-0.4146970510482788,0.39778637886047363,1,1.8205970015639427e-06,2.4269692148093096,10.77267370634034,0,1,0.19459184356598488,0,1,fold_4
84,sub2,rest01,22,22,0,-1.4474902683060566,0.19038811669829417,0.5,0,-0.09888899326324463,0.47529786825180054,1,1.8205970015639427e-06,2.4269692148093096,10.77267370634034,0,1,0.19732764329047583,0,1,fold_4
85,sub2,rest01,23,23,0,-1.3813180000122571,0.20079740658656667,0.5,0,0.3774455785751343,0.5932568311691284,1,1.8205970015639427e-06,2.4269692148093096,10.77267370634034,0,1,0.20079740658656667,0,1,fold_4
86,sub2,rest02,0,24,0,-1.469319161243955,0.18704612016198494,0.5,0,-0.03189408779144287,0.4920271337032318,1,1.8205970015639427e-06,2.4269692148093096,10.77267370634034,0,1,0.186154966469717,0,1,fold_4
87,sub2,rest02,1,25,0,-1.4907575533678354,0.183808050031191,0.5,0,-0.10053753852844238,0.47488677501678467,1,1.8205970015639427e-06,2.4269692148093096,10.77267370634034,0,1,0.18587601905954543,0,1,fold_4
88,sub2,rest02,2,26,0,-1.4656103958851372,0.18761072921597513,0.5,0,0.13826537132263184,0.534511387348175,1,1.8205970015639427e-06,2.4269692148093096,10.77267370634034,0,1,0.20665676972578825,0,1,fold_4
89,sub2,rest02,3,27,0,-1.4748320433758813,0.1862092779314701,0.5,0,-0.06711316108703613,0.48322799801826477,1,1.8205970015639427e-06,2.4269692148093096,10.77267370634034,0,1,0.24211946442348067,0,1,fold_4
90,sub2,rest02,4,28,0,-1.1192506753557803,0.24615030202991955,0.5,0,1.0784921646118164,0.7462085485458374,1,1.8205970015639427e-06,2.4269692148093096,10.77267370634034,0,1,0.29405572640119665,0,1,fold_4
91,sub2,rest02,5,29,0,-0.876041187390426,0.2939988133090525,0.5,0,1.842195749282837,0.8632081747055054,1,1.8205970015639427e-06,2.4269692148093096,10.77267370634034,0,1,0.30165451413158323,0,1,fold_4
92,sub2,rest02,6,30,0,-0.654313924281332,0.34201806386461797,0.5,0,2.764936685562134,0.9407514333724976,1,1.8205970015639427e-06,2.4269692148093096,10.77267370634034,0,1,0.3455561497922947,0,1,fold_4
93,sub2,rest02,7,31,0,-0.999973329092072,0.2689466652210793,0.5,0,2.079584836959839,0.888903021812439,1,1.8205970015639427e-06,2.4269692148093096,10.77267370634034,0,1,0.3545148463844652,0,1,fold_4
94,sub2,rest02,8,32,0,-0.29940181786321773,0.4257037202911868,0.5,0,2.4312355518341064,0.919178307056427,1,1.8205970015639427e-06,2.4269692148093096,10.77267370634034,0,1,0.38566025314280444,0,1,fold_4
95,sub2,rest02,9,33,0,-0.5369638359159855,0.36889415364112943,0.5,0,1.69472336769104,0.8448443412780762,1,1.8205970015639427e-06,2.4269692148093096,10.77267370634034,0,1,0.3062621155082616,0,1,fold_4
96,sub2,rest02,10,34,0,-0.5650366215844774,0.3623828854960972,0.5,0,1.6111526489257812,0.8335713744163513,1,1.8205970015639427e-06,2.4269692148093096,10.77267370634034,0,1,0.24643379123254494,0,1,fold_4
97,sub2,rest02,11,35,0,-1.4662759753132744,0.18750930738755808,0.5,0,0.15231716632843018,0.5380058884620667,1,1.8205970015639427e-06,2.4269692148093096,10.77267370634034,0,1,0.18760249320981634,0,1,fold_4
98,sub2,rest02,12,36,0,-1.45385373545755,0.18940918081397956,0.5,0,0.09784185886383057,0.5244409441947937,1,1.8205970015639427e-06,2.4269692148093096,10.77267370634034,0,1,0.1869026350655216,0,1,fold_4
99,sub2,rest02,13,37,0,-1.4769470556065756,0.18588899142791138,0.5,0,0.07911014556884766,0.5197672247886658,1,1.8205970015639427e-06,2.4269692148093096,10.77267370634034,0,1,0.18651797308427467,0,1,fold_4
100,sub2,rest02,14,38,0,-1.4801170981906584,0.18540973295467383,0.5,0,0.023413896560668945,0.5058531761169434,1,1.8205970015639427e-06,2.4269692148093096,10.77267370634034,0,1,0.1864328718035557,0,1,fold_4
101,sub2,rest02,15,39,0,-1.4613875494772233,0.18825519487023878,0.5,0,0.18279492855072021,0.5455719232559204,1,1.8205970015639427e-06,2.4269692148093096,10.77267370634034,0,1,0.1869015004997233,0,1,fold_4
102,sub2,rest02,16,40,0,-1.4786349697563892,0.18563368758575446,0.5,0,0.014150857925415039,0.503537654876709,1,1.8205970015639427e-06,2.4269692148093096,10.77267370634034,0,1,0.1862994780206998,0,1,fold_4
103,sub2,rest02,17,41,0,-1.470835738658644,0.1868156190431766,0.5,0,0.14718365669250488,0.536729633808136,1,1.8205970015639427e-06,2.4269692148093096,10.77267370634034,0,1,0.18765910439691758,0,1,fold_4
104,sub2,rest02,18,42,0,-1.4732500334104204,0.18644912743316835,0.5,0,0.15297865867614746,0.5381702184677124,1,1.8205970015639427e-06,2.4269692148093096,10.77267370634034,0,1,0.19146272698322273,0,1,fold_4
105,sub2,rest02,19,43,0,-1.4518789206814737,0.18971256671440778,0.5,0,0.3846421241760254,0.5949922204017639,1,1.8205970015639427e-06,2.4269692148093096,10.77267370634034,0,1,0.20382034998796703,0,1,fold_4
106,sub2,rest02,20,44,0,-1.397415915778623,0.19822648680209196,0.5,0,0.5559539794921875,0.6355158090591431,1,1.8205970015639427e-06,2.4269692148093096,10.77267370634034,0,1,0.22293760113085068,0,1,fold_4
107,sub2,rest02,21,45,0,-1.2452584871824495,0.22352199644740134,0.5,0,0.9270224571228027,0.7164708375930786,1,1.8205970015639427e-06,2.4269692148093096,10.77267370634034,0,1,0.24304397933364807,0,1,fold_4
108,sub2,rest02,22,46,0,-1.1143310974689953,0.24706432014305874,0.5,0,1.103468418121338,0.7509093880653381,1,1.8205970015639427e-06,2.4269692148093096,10.77267370634034,0,1,0.254718520988009,0,1,fold_4
109,sub2,rest02,23,47,0,-1.0535414703212747,0.2585456214104841,0.5,0,1.230210304260254,0.7738553881645203,1,1.8205970015639427e-06,2.4269692148093096,10.77267370634034,0,1,0.2585456214104841,0,1,fold_4
110,sub2,task02,0,48,0,-0.7973898571384858,0.3105841304160435,0.5,0,1.7153751850128174,0.8475321531295776,1,1.8205970015639427e-06,2.4269692148093096,10.77267370634034,1,0,0.313558597540911,0,0,fold_4
111,sub2,task02,1,49,0,-0.7916301234764388,0.31181875751303667,0.5,0,1.8803775310516357,0.8676544427871704,1,1.8205970015639427e-06,2.4269692148093096,10.77267370634034,1,0,0.3018164627222137,0,0,fold_4
112,sub2,task02,2,50,0,-0.7617202186454357,0.3182729046936528,0.5,0,1.6137022972106934,0.8339247703552246,1,1.8205970015639427e-06,2.4269692148093096,10.77267370634034,1,0,0.3461167395087461,0,0,fold_4
113,sub2,task02,3,51,0,-0.9676070439645859,0.2753577259599516,0.5,0,1.3305566310882568,0.7909326553344727,1,1.8205970015639427e-06,2.4269692148093096,10.77267370634034,1,0,0.38328030711577066,0,0,fold_4
114,sub2,task02,4,52,0,-0.22202928929567,0.4447195878726338,0.5,0,2.525531768798828,0.9259123802185059,1,1.8205970015639427e-06,2.4269692148093096,10.77267370634034,1,0,0.4809420648732939,0,0,fold_4
115,sub2,task02,5,53,0,-0.2828156909589458,0.4297636075147264,0.5,0,2.472576856613159,0.9221968650817871,1,1.8205970015639427e-06,2.4269692148093096,10.77267370634034,1,0,0.46191207935209294,0,0,fold_4
116,sub2,task02,6,54,0,0.27509381518176296,0.5683429992325215,0.5,1,3.6914713382720947,0.9756714105606079,1,1.8205970015639427e-06,2.4269692148093096,10.77267370634034,1,1,0.43690150020877644,0,0,fold_4
117,sub2,task02,7,55,0,-0.4572869518055188,0.38762963130903083,0.5,0,2.2547736167907715,0.9050615429878235,1,1.8205970015639427e-06,2.4269692148093096,10.77267370634034,1,0,0.4114174987459127,0,0,fold_4
118,sub2,task02,8,56,0,-0.5983037271489872,0.3547318700847771,0.5,0,1.9661922454833984,0.877201497554779,1,1.8205970015639427e-06,2.4269692148093096,10.77267370634034,1,0,0.5114128812407016,1,1,fold_4
119,sub2,task02,9,57,0,-0.03243886488892409,0.49189099484393034,0.5,0,2.810314416885376,0.9432306885719299,1,1.8205970015639427e-06,2.4269692148093096,10.77267370634034,1,0,0.6346684811848111,1,1,fold_4
120,sub2,task02,10,58,0,0.7889963124913629,0.6876157787933975,0.5,1,4.7125244140625,0.9910978674888611,1,1.8205970015639427e-06,2.4269692148093096,10.77267370634034,1,1,0.7069660665521976,1,1,fold_4
121,sub2,task02,11,59,0,0.9668874694274339,0.7244986699171054,0.5,1,6.070372581481934,0.9976950287818909,1,1.8205970015639427e-06,2.4269692148093096,10.77267370634034,1,1,0.6554035423956406,1,1,fold_4
122,sub2,task02,12,60,0,0.8894843592023942,0.70878375094609,0.5,1,5.660447120666504,0.9965311884880066,1,1.8205970015639427e-06,2.4269692148093096,10.77267370634034,1,1,0.6103914313758901,1,1,fold_4
123,sub2,task02,13,61,0,0.13190373812925993,0.5329282063237263,0.5,1,3.371624708175659,0.9668058753013611,1,1.8205970015639427e-06,2.4269692148093096,10.77267370634034,1,1,0.5785123807374654,1,1,fold_4
124,sub2,task02,14,62,0,0.3617431538416639,0.5894623368578543,0.5,1,3.571582555770874,0.972657322883606,1,1.8205970015639427e-06,2.4269692148093096,10.77267370634034,1,1,0.6159350757418496,1,1,fold_4
125,sub2,task02,15,63,0,0.4605582450777902,0.6131465990308156,0.5,1,3.9416959285736084,0.9809545278549194,1,1.8205970015639427e-06,2.4269692148093096,10.77267370634034,1,1,0.6602354910715601,1,1,fold_4
126,sub2,task02,16,64,0,0.5979898949435003,0.6451962913368788,0.5,1,4.284430503845215,0.9864059090614319,1,1.8205970015639427e-06,2.4269692148093096,10.77267370634034,1,1,0.6521095848237825,1,1,fold_4
127,sub2,task02,17,65,0,0.9562161837524368,0.7223635828469857,0.5,1,5.110910415649414,0.994005560874939,1,1.8205970015639427e-06,2.4269692148093096,10.77267370634034,1,1,0.682855425096677,1,1,fold_4
128,sub2,task02,18,66,0,0.358878321733221,0.588768880287483,0.5,1,3.562182664871216,0.9724062085151672,1,1.8205970015639427e-06,2.4269692148093096,10.77267370634034,1,1,0.688598040941358,1,1,fold_4
129,sub2,task02,19,67,0,1.0326731435388283,0.7374338121555623,0.5,1,5.476473808288574,0.9958333969116211,1,1.8205970015639427e-06,2.4269692148093096,10.77267370634034,1,1,0.7338124812764356,1,1,fold_4
130,sub2,task02,20,68,0,1.043846093380548,0.7395914303810285,0.5,1,5.436811447143555,0.9956656098365784,1,1.8205970015639427e-06,2.4269692148093096,10.77267370634034,1,1,0.7221918879762845,1,1,fold_4
131,sub2,task02,21,69,0,0.9664543027607375,0.7244122012927162,0.5,1,5.277248382568359,0.99491947889328,1,1.8205970015639427e-06,2.4269692148093096,10.77267370634034,1,1,0.7036057828120151,1,1,fold_4
132,sub2,task02,22,70,0,0.8595758625279056,0.7025720322551088,0.5,1,4.5817365646362305,0.9898666143417358,1,1.8205970015639427e-06,2.4269692148093096,10.77267370634034,1,1,0.7175517758403557,1,1,fold_4
133,sub2,task02,23,71,0,0.7714437121477263,0.6838331148882201,0.5,1,4.876270294189453,0.9924322366714478,1,1.8205970015639427e-06,2.4269692148093096,10.77267370634034,1,1,0.7270217215457713,1,1,fold_4
134,sub2,task02,24,72,0,1.18725732615461,0.7662501803777381,0.5,1,6.717495918273926,0.9987918734550476,1,1.8205970015639427e-06,2.4269692148093096,10.77267370634034,1,1,0.7312517818789196,1,1,fold_4
135,sub2,task02,25,73,0,0.9996098795035876,0.7309818693713557,0.5,1,5.732686996459961,0.9967721104621887,1,1.8205970015639427e-06,2.4269692148093096,10.77267370634034,1,1,0.6954456924900713,1,1,fold_4
136,sub2,task02,26,74,0,0.8307963896371056,0.696523295887665,0.5,1,4.823539733886719,0.9920257925987244,1,1.8205970015639427e-06,2.4269692148093096,10.77267370634034,1,1,0.7007225893279839,1,1,fold_4
137,sub2,task02,27,75,0,0.658093155135757,0.658831912211193,0.5,1,4.2631988525390625,0.9861182570457458,1,1.8205970015639427e-06,2.4269692148093096,10.77267370634034,1,1,0.7087982435047411,1,1,fold_4
138,sub2,task02,28,76,0,1.0816841453593624,0.7468125598850938,0.5,1,5.5478620529174805,0.9961193799972534,1,1.8205970015639427e-06,2.4269692148093096,10.77267370634034,1,1,0.7383795862864527,1,1,fold_4
139,sub2,task02,29,77,0,0.9481861825098392,0.7207502584179367,0.5,1,5.394505500793457,0.9954789876937866,1,1.8205970015639427e-06,2.4269692148093096,10.77267370634034,1,1,0.7301488948928033,1,1,fold_4
140,sub2,task02,30,78,0,1.085725444021014,0.7475759405563275,0.5,1,6.062475204467773,0.9976767897605896,1,1.8205970015639427e-06,2.4269692148093096,10.77267370634034,1,1,0.7355017378383878,1,1,fold_4
141,sub2,task02,31,79,0,0.9550043847454129,0.722120485704146,0.5,1,5.313210487365723,0.9950980544090271,1,1.8205970015639427e-06,2.4269692148093096,10.77267370634034,1,1,0.7374414223712084,1,1,fold_4
142,sub2,task02,32,80,0,1.0294475984436102,0.7368087872546897,0.5,1,6.590496063232422,0.9986284971237183,1,1.8205970015639427e-06,2.4269692148093096,10.77267370634034,1,1,0.7494151913746379,1,1,fold_4
143,sub2,task02,33,81,0,1.1168017609189715,0.7533949941547897,0.5,1,6.336427688598633,0.9982325434684753,1,1.8205970015639427e-06,2.4269692148093096,10.77267370634034,1,1,0.7502836165436649,1,1,fold_4
144,sub2,task02,34,82,0,1.1419735055539026,0.7580417927144338,0.5,1,7.457858085632324,0.9994235038757324,1,1.8205970015639427e-06,2.4269692148093096,10.77267370634034,1,1,0.7456233060793256,1,1,fold_4
145,sub2,task02,35,83,0,1.0429253652552786,0.7394140627617714,0.5,1,7.841358184814453,0.9996070265769958,1,1.8205970015639427e-06,2.4269692148093096,10.77267370634034,1,1,0.7394140627617714,1,1,fold_4
146,sub2,rest04,0,84,0,1.0650010558258567,0.7436450930358602,0.5,1,5.937577247619629,0.9973684549331665,1,1.8205970015639427e-06,2.4269692148093096,10.77267370634034,1,1,0.7493665119012524,1,1,fold_4
147,sub2,rest04,1,85,0,0.9568703839521934,0.7224947665117426,0.5,1,5.383266448974609,0.995428204536438,1,1.8205970015639427e-06,2.4269692148093096,10.77267370634034,1,1,0.732057914796035,1,1,fold_4
148,sub2,rest04,2,86,0,1.277123156753401,0.7819596761561541,0.5,1,7.684810638427734,0.9995404481887817,1,1.8205970015639427e-06,2.4269692148093096,10.77267370634034,1,1,0.6825871353625401,1,1,fold_4
149,sub2,rest04,3,87,0,0.8081695139836635,0.6917193017202079,0.5,1,4.949810981750488,0.9929651021957397,1,1.8205970015639427e-06,2.4269692148093096,10.77267370634034,1,1,0.5034058419142902,1,1,fold_4
150,sub2,rest04,4,88,0,0.29852715507168265,0.5740824282112581,0.5,1,3.0891849994659424,0.9564444422721863,1,1.8205970015639427e-06,2.4269692148093096,10.77267370634034,1,1,0.34575545335417174,0,0,fold_4
151,sub2,rest04,5,89,0,-1.1286203742290626,0.24441579581140443,0.5,0,0.8173112869262695,0.6936652660369873,1,1.8205970015639427e-06,2.4269692148093096,10.77267370634034,1,0,0.309250347387441,0,0,fold_4
152,sub2,rest04,6,90,0,-1.2728595572383161,0.21876813603985246,0.5,0,0.47763943672180176,0.6171903014183044,1,1.8205970015639427e-06,2.4269692148093096,10.77267370634034,1,0,0.3793470488881477,0,0,fold_4
153,sub2,rest04,7,91,0,-0.1419695329037097,0.4645671103110661,0.5,0,2.2133514881134033,0.9014420509338379,1,1.8205970015639427e-06,2.4269692148093096,10.77267370634034,1,0,0.5137402175547096,1,1,fold_4
154,sub2,rest04,8,92,0,-0.18167444454166698,0.45470590031352465,0.5,0,2.168578863143921,0.897392213344574,1,1.8205970015639427e-06,2.4269692148093096,10.77267370634034,1,0,0.48961829908952326,0,0,fold_4
155,sub2,rest04,9,93,0,0.4978232132603588,0.6219476420395377,0.5,1,3.8992044925689697,0.9801441431045532,1,1.8205970015639427e-06,2.4269692148093096,10.77267370634034,1,1,0.5600453633702814,1,1,fold_4
156,sub2,rest04,10,94,0,-0.43806828285665095,0.39220135491550745,0.5,0,2.3638525009155273,0.9140290021896362,1,1.8205970015639427e-06,2.4269692148093096,10.77267370634034,1,0,0.5596793159209016,1,1,fold_4
157,sub2,rest04,11,95,0,0.6900906552304742,0.6659870931557991,0.5,1,5.049266815185547,0.9936268329620361,1,1.8205970015639427e-06,2.4269692148093096,10.77267370634034,1,1,0.6433069623346973,1,1,fold_4
158,sub2,rest04,12,96,0,0.49315547631866635,0.6208494996913984,0.5,1,5.005531311035156,0.9933438301086426,1,1.8205970015639427e-06,2.4269692148093096,10.77267370634034,1,1,0.5436368787492554,1,1,fold_4
159,sub2,rest04,13,97,0,0.5887761749443821,0.6430842941568947,0.5,1,4.628422737121582,0.9903243780136108,1,1.8205970015639427e-06,2.4269692148093096,10.77267370634034,1,1,0.48717207683130576,0,0,fold_4
160,sub2,rest04,14,98,0,-0.5452082590273478,0.36697684239947315,0.5,0,2.213754177093506,0.9014778137207031,1,1.8205970015639427e-06,2.4269692148093096,10.77267370634034,1,0,0.49700016178694756,0,0,fold_4
161,sub2,rest04,15,99,0,-0.19479323884088723,0.4514550939375495,0.5,0,2.804917573928833,0.9429410099983215,1,1.8205970015639427e-06,2.4269692148093096,10.77267370634034,1,0,0.636180733197841,1,1,fold_4
162,sub2,rest04,16,100,0,0.719825314744736,0.67256854902382,0.5,1,4.501283645629883,0.9890270233154297,1,1.8205970015639427e-06,2.4269692148093096,10.77267370634034,1,1,0.7430872916830379,1,1,fold_4
163,sub2,rest04,17,101,0,1.2921954298072962,0.7845185566321535,0.5,1,7.4840850830078125,0.9994383454322815,1,1.8205970015639427e-06,2.4269692148093096,10.77267370634034,1,1,0.7314548583646182,1,1,fold_4
164,sub2,rest04,18,102,0,1.2206321070355928,0.7721747693931401,0.5,1,7.079619407653809,0.9991586208343506,1,1.8205970015639427e-06,2.4269692148093096,10.77267370634034,1,1,0.5722832438134237,1,1,fold_4
165,sub2,rest04,19,103,0,0.5652709154992055,0.6376712490685612,0.5,1,4.375434875488281,0.9875736832618713,1,1.8205970015639427e-06,2.4269692148093096,10.77267370634034,1,1,0.37911840658745793,0,0,fold_4
166,sub2,rest04,20,104,0,-0.8141647994353208,0.3070037129785696,0.5,0,1.4613516330718994,0.8117392659187317,1,1.8205970015639427e-06,2.4269692148093096,10.77267370634034,1,0,0.2330686210927545,0,0,fold_4
167,sub2,rest04,21,105,0,-1.4326876815177751,0.19268025771524283,0.5,0,-0.16810762882232666,0.458071768283844,1,1.8205970015639427e-06,2.4269692148093096,10.77267370634034,1,0,0.2003559864262059,0,0,fold_4
168,sub2,rest04,22,106,0,-1.3892852158504796,0.19952189258445105,0.5,0,0.05443251132965088,0.5136047601699829,1,1.8205970015639427e-06,2.4269692148093096,10.77267370634034,1,0,0.20575117018076625,0,0,fold_4
169,sub2,rest04,23,107,0,-1.3317756172350028,0.20886580897892387,0.5,0,0.4804791212081909,0.6178609728813171,1,1.8205970015639427e-06,2.4269692148093096,10.77267370634034,1,0,0.20886580897892384,0,0,fold_4
282,sub4,rest01,0,0,0,-1.0032565515753662,0.26830162645084743,0.5,0,-0.4182562828063965,0.3969340920448303,1,2.3246856191814056e-06,1.7686807776142324,11.403071640948571,0,1,0.2534733584386665,0,1,fold_4
283,sub4,rest01,1,1,0,-1.0155761864668782,0.26589000102690535,0.5,0,-0.4390907883644104,0.3919576108455658,1,2.3246856191814056e-06,1.7686807776142324,11.403071640948571,0,1,0.24851595761277565,0,1,fold_4
284,sub4,rest01,2,2,0,-1.2297313579087417,0.22622844783824667,0.5,0,-0.6478843688964844,0.3434664309024811,1,2.3246856191814056e-06,1.7686807776142324,11.403071640948571,0,1,0.2527705184031404,0,1,fold_4
285,sub4,rest01,3,3,0,-1.0804047772266068,0.25342942397317497,0.5,0,-0.5546541213989258,0.3647852838039398,1,2.3246856191814056e-06,1.7686807776142324,11.403071640948571,0,1,0.27878220542366344,0,1,fold_4
286,sub4,rest01,4,4,0,-0.9511496174682424,0.27865368339799956,0.5,0,-0.28490447998046875,0.4292518198490143,1,2.3246856191814056e-06,1.7686807776142324,11.403071640948571,0,1,0.28217185713844867,0,1,fold_4
287,sub4,rest01,5,5,0,-0.8270768523657291,0.3042635088998159,0.5,0,-0.2775310277938843,0.43105918169021606,1,2.3246856191814056e-06,1.7686807776142324,11.403071640948571,0,1,0.2630521590718087,0,1,fold_4
288,sub4,rest01,6,6,0,-1.0273489968597977,0.26359837911753065,0.5,0,-0.5327674150466919,0.36987167596817017,1,2.3246856191814056e-06,1.7686807776142324,11.403071640948571,0,1,0.23453155940256842,0,1,fold_4
289,sub4,rest01,7,7,1,-1.062447938637027,0.2568419284302436,0.5,0,-0.6545403599739075,0.3419671058654785,1,2.3246856191814056e-06,1.7686807776142324,11.403071640948571,0,1,,,,fold_4
290,sub4,rest01,8,8,0,-1.258138014383546,0.22129458919807954,0.5,0,-0.876438558101654,0.29391634464263916,1,2.3246856191814056e-06,1.7686807776142324,11.403071640948571,0,1,0.22051999921664636,0,1,fold_4
291,sub4,rest01,9,9,0,-1.2732482643896805,0.21870170989209506,0.5,0,-0.7943180799484253,0.3112422525882721,1,2.3246856191814056e-06,1.7686807776142324,11.403071640948571,0,1,0.2173223450448207,0,1,fold_4
292,sub4,rest01,10,10,1,-1.2519176091382938,0.22236836802559037,0.5,0,-0.6874028444290161,0.33461105823516846,1,2.3246856191814056e-06,1.7686807776142324,11.403071640948571,0,1,,,,fold_4
293,sub4,rest01,11,11,0,-1.2565770394654556,0.22156369855976457,0.5,0,-0.6518804430961609,0.3425658941268921,1,2.3246856191814056e-06,1.7686807776142324,11.403071640948571,0,1,0.21579961228876096,0,1,fold_4
294,sub4,rest01,12,12,0,-1.3146988025154267,0.21170162668260248,0.5,0,-0.7968906760215759,0.3106910288333893,1,2.3246856191814056e-06,1.7686807776142324,11.403071640948571,0,1,0.2190903233728437,0,1,fold_4
295,sub4,rest01,13,13,0,-1.3001872093051665,0.21413351162391583,0.5,0,-0.8572970628738403,0.297904372215271,1,2.3246856191814056e-06,1.7686807776142324,11.403071640948571,0,1,0.22843542353066895,0,1,fold_4
296,sub4,rest01,14,14,1,-1.2645685483980194,0.22018844466581114,0.5,0,-0.8205747604370117,0.30564165115356445,1,2.3246856191814056e-06,1.7686807776142324,11.403071640948571,0,1,,,,fold_4
297,sub4,rest01,15,15,0,-1.2002214067541013,0.2314358318120128,0.5,0,-0.7528759241104126,0.32019495964050293,1,2.3246856191814056e-06,1.7686807776142324,11.403071640948571,0,1,0.2526748381434072,0,1,fold_4
298,sub4,rest01,16,16,0,-1.1541223365687072,0.23973692715607825,0.5,0,-0.6899977922439575,0.3340335786342621,1,2.3246856191814056e-06,1.7686807776142324,11.403071640948571,0,1,0.2695566426539113,0,1,fold_4
299,sub4,rest01,17,17,1,-0.9842685044173654,0.2720456406274989,0.5,0,-0.5942424535751343,0.3556620478630066,1,2.3246856191814056e-06,1.7686807776142324,11.403071640948571,0,1,,,,fold_4
300,sub4,rest01,18,18,0,-0.9107237645850964,0.28685175546213054,0.5,0,-0.5570969581604004,0.36421942710876465,1,2.3246856191814056e-06,1.7686807776142324,11.403071640948571,0,1,0.2656225174315699,0,1,fold_4
301,sub4,rest01,19,19,0,-0.9341612740719941,0.28208124534352524,0.5,0,-0.57244473695755,0.36067289113998413,1,2.3246856191814056e-06,1.7686807776142324,11.403071640948571,0,1,0.23937018842717042,0,1,fold_4
302,sub4,rest01,20,20,0,-1.2200107914215217,0.22793455148905395,0.5,0,-0.6287946701049805,0.3477839231491089,1,2.3246856191814056e-06,1.7686807776142324,11.403071640948571,0,1,0.21891951394946205,0,1,fold_4
303,sub4,rest01,21,21,0,-1.3364481340403458,0.20809476844893213,0.5,0,-0.7284814119338989,0.3255280554294586,1,2.3246856191814056e-06,1.7686807776142324,11.403071640948571,0,1,0.22846212865527002,0,1,fold_4
304,sub4,rest01,22,22,0,-1.2614218724342061,0.22072922191040004,0.5,0,-0.6626697182655334,0.340140163898468,1,2.3246856191814056e-06,1.7686807776142324,11.403071640948571,0,1,0.2573747060378136,0,1,fold_4
305,sub4,rest01,23,23,0,-1.0639129481637841,0.25656239560647787,0.5,0,-0.4488067626953125,0.3896445035934448,1,2.3246856191814056e-06,1.7686807776142324,11.403071640948571,0,1,0.2820757989332013,0,1,fold_4
306,sub4,rest01,24,24,0,-0.8720279619035415,0.294832500596563,0.5,0,-0.1333087682723999,0.4667221009731293,1,2.3246856191814056e-06,1.7686807776142324,11.403071640948571,0,1,0.294832500596563,0,1,fold_4
307,sub4,rest02,0,25,0,-1.2744119352495413,0.21850293706055718,0.5,0,-0.6097943782806396,0.35210609436035156,1,2.3246856191814056e-06,1.7686807776142324,11.403071640948571,0,1,0.21092997190854437,0,1,fold_4
308,sub4,rest02,1,26,0,-1.3276999874994615,0.20954006874754746,0.5,0,-0.662423849105835,0.34019532799720764,1,2.3246856191814056e-06,1.7686807776142324,11.403071640948571,0,1,0.21004655692628396,0,1,fold_4
309,sub4,rest02,2,27,0,-1.3568857856545733,0.20474690991752859,0.5,0,-0.7213268280029297,0.32710087299346924,1,2.3246856191814056e-06,1.7686807776142324,11.403071640948571,0,1,0.23235465595444235,0,1,fold_4
310,sub4,rest02,3,28,0,-1.2900007013381747,0.2158526921137759,0.5,0,-0.5983815789222717,0.354714035987854,1,2.3246856191814056e-06,1.7686807776142324,11.403071640948571,0,1,0.26380590104220253,0,1,fold_4
311,sub4,rest02,4,29,0,-0.9620678605132418,0.2764643658320226,0.5,0,-0.30260610580444336,0.42492052912712097,1,2.3246856191814056e-06,1.7686807776142324,11.403071640948571,0,1,0.29931964975515196,0,1,fold_4
312,sub4,rest02,5,30,0,-0.8515841802949949,0.2991006451808091,0.5,0,-0.15567445755004883,0.4611598253250122,1,2.3246856191814056e-06,1.7686807776142324,11.403071640948571,0,1,0.2935992941949674,0,1,fold_4
313,sub4,rest02,6,31,0,-0.7427918806962397,0.3223939382526243,0.5,0,-0.09500038623809814,0.4762677252292633,1,2.3246856191814056e-06,1.7686807776142324,11.403071640948571,0,1,0.2760408561657397,0,1,fold_4
314,sub4,rest02,7,32,0,-1.0495928151470402,0.2593032991514689,0.5,0,-0.4154078960418701,0.3976161479949951,1,2.3246856191814056e-06,1.7686807776142324,11.403071640948571,0,1,0.24257254795835073,0,1,fold_4
315,sub4,rest02,8,33,0,-1.1177690781145357,0.24642533109312598,0.5,0,-0.5036920309066772,0.3766734004020691,1,2.3246856191814056e-06,1.7686807776142324,11.403071640948571,0,1,0.23629256953247438,0,1,fold_4
316,sub4,rest02,9,34,0,-1.2541127528796927,0.22198901363045728,0.5,0,-0.6590741872787476,0.34094759821891785,1,2.3246856191814056e-06,1.7686807776142324,11.403071640948571,0,1,0.2346241850243891,0,1,fold_4
317,sub4,rest02,10,35,0,-1.1501408132595534,0.24046336387383993,0.5,0,-0.5579464435577393,0.36402273178100586,1,2.3246856191814056e-06,1.7686807776142324,11.403071640948571,0,1,0.2429900693444239,0,1,fold_4
318,sub4,rest02,11,36,0,-1.1449091396800384,0.24142017756887,0.5,0,-0.47620511054992676,0.3831486105918884,1,2.3246856191814056e-06,1.7686807776142324,11.403071640948571,0,1,0.23578805332268948,0,1,fold_4
319,sub4,rest02,12,37,0,-1.114210974132216,0.24708666659056178,0.5,0,-0.45435410737991333,0.3883260190486908,1,2.3246856191814056e-06,1.7686807776142324,11.403071640948571,0,1,0.22773296705854215,0,1,fold_4
320,sub4,rest02,13,38,0,-1.2723378358869748,0.21885731580863668,0.5,0,-0.6757670640945435,0.33720672130584717,1,2.3246856191814056e-06,1.7686807776142324,11.403071640948571,0,1,0.21749556965291064,0,1,fold_4
321,sub4,rest02,14,39,0,-1.2817356712406907,0.21725491877642802,0.5,0,-0.7200894355773926,0.32737329602241516,1,2.3246856191814056e-06,1.7686807776142324,11.403071640948571,0,1,0.22704802928004372,0,1,fold_4
322,sub4,rest02,15,40,0,-1.2869206761008898,0.21637447437366727,0.5,0,-0.7183336615562439,0.3277600407600403,1,2.3246856191814056e-06,1.7686807776142324,11.403071640948571,0,1,0.24583911573498365,0,1,fold_4
323,sub4,rest02,16,41,0,-1.111911515873808,0.24751469469003587,0.5,0,-0.4509347677230835,0.38913851976394653,1,2.3246856191814056e-06,1.7686807776142324,11.403071640948571,0,1,0.26472035747801964,0,1,fold_4
324,sub4,rest02,17,42,0,-0.9762918643130665,0.27362817814124785,0.5,0,-0.1639326810836792,0.4591083824634552,1,2.3246856191814056e-06,1.7686807776142324,11.403071640948571,0,1,0.2664528353938535,0,1,fold_4
325,sub4,rest02,18,43,0,-0.979362985204097,0.2730181996027752,0.5,0,-0.05715787410736084,0.4857143759727478,1,2.3246856191814056e-06,1.7686807776142324,11.403071640948571,0,1,0.2507505129498177,0,1,fold_4
326,sub4,rest02,19,44,0,-1.0841994724854174,0.25271212843753743,0.5,0,-0.13855814933776855,0.4654158055782318,1,2.3246856191814056e-06,1.7686807776142324,11.403071640948571,0,1,0.23343994123544973,0,1,fold_4
327,sub4,rest02,20,45,0,-1.2280596612815275,0.2265212108091406,0.5,0,-0.42063701152801514,0.39636433124542236,1,2.3246856191814056e-06,1.7686807776142324,11.403071640948571,0,1,0.21999857561499203,0,1,fold_4
328,sub4,rest02,21,46,0,-1.259346062498152,0.22108648445967113,0.5,0,-0.5489437580108643,0.3661094903945923,1,2.3246856191814056e-06,1.7686807776142324,11.403071640948571,0,1,0.2177384006403997,0,1,fold_4
329,sub4,rest02,22,47,0,-1.310590603449694,0.21238803157616434,0.5,0,-0.6883838772773743,0.3343926668167114,1,2.3246856191814056e-06,1.7686807776142324,11.403071640948571,0,1,0.21728980111563048,0,1,fold_4
330,sub4,rest02,23,48,0,-1.2671781678087026,0.21974068588536358,0.5,0,-0.6374411582946777,0.3458251953125,1,2.3246856191814056e-06,1.7686807776142324,11.403071640948571,0,1,0.21974068588536358,0,1,fold_4
331,sub4,task01,0,49,0,-0.18645945117684964,0.4535197247073836,0.5,0,0.416103720664978,0.6025505065917969,1,2.3246856191814056e-06,1.7686807776142324,11.403071640948571,1,0,0.5163108584404225,1,1,fold_4
332,sub4,task01,1,50,0,-0.07989999068814985,0.48003562226117014,0.5,0,0.5771410465240479,0.6404092907905579,1,2.3246856191814056e-06,1.7686807776142324,11.403071640948571,1,0,0.5924768018664582,1,1,fold_4
333,sub4,task01,2,51,0,0.46997241914834115,0.6153772283527137,0.5,1,1.1288535594940186,0.7556272745132446,1,2.3246856191814056e-06,1.7686807776142324,11.403071640948571,1,1,0.6450314738113037,1,1,fold_4
334,sub4,task01,3,52,0,0.7630592210606468,0.6820175549854911,0.5,1,1.3705551624298096,0.7974698543548584,1,2.3246856191814056e-06,1.7686807776142324,11.403071640948571,1,1,0.57024440407747,1,1,fold_4
335,sub4,task01,4,53,0,0.5653937889977729,0.6376996380957063,0.5,1,1.2045478820800781,0.7693328261375427,1,2.3246856191814056e-06,1.7686807776142324,11.403071640948571,1,1,0.5402675635750275,1,1,fold_4
336,sub4,task01,5,54,0,-0.4430434344966334,0.39101601915121276,0.5,0,0.07544803619384766,0.5188530683517456,1,2.3246856191814056e-06,1.7686807776142324,11.403071640948571,1,0,0.5644515789143618,1,1,fold_4
337,sub4,task01,6,55,0,0.37259980578828106,0.5920870334781632,0.5,1,0.7957251071929932,0.689059317111969,1,2.3246856191814056e-06,1.7686807776142324,11.403071640948571,1,1,0.6884392815799458,1,1,fold_4
338,sub4,task01,7,56,0,0.8966067219839996,0.7102516841137096,0.5,1,1.3981754779815674,0.8018941879272461,1,2.3246856191814056e-06,1.7686807776142324,11.403071640948571,1,1,0.7453776663068324,1,1,fold_4
339,sub4,task01,8,57,0,1.1690824662539085,0.7629791271479646,0.5,1,2.301180601119995,0.9089747667312622,1,2.3246856191814056e-06,1.7686807776142324,11.403071640948571,1,1,0.7498073967358011,1,1,fold_4
340,sub4,task01,9,58,0,1.1686570623545474,0.7629021876588231,0.5,1,2.3200371265411377,0.9105229377746582,1,2.3246856191814056e-06,1.7686807776142324,11.403071640948571,1,1,0.725459571001417,1,1,fold_4
341,sub4,task01,10,59,0,0.9620940626611306,0.7235408754006154,0.5,1,1.734412431716919,0.8499759435653687,1,2.3246856191814056e-06,1.7686807776142324,11.403071640948571,1,1,0.6855574753788031,1,1,fold_4
342,sub4,task01,11,60,0,0.799818475532226,0.6899356499448125,0.5,1,1.455199956893921,0.810797393321991,1,2.3246856191814056e-06,1.7686807776142324,11.403071640948571,1,1,0.6916502853578207,1,1,fold_4
343,sub4,task01,12,61,0,0.5892624552417253,0.6431959007909813,0.5,1,1.3507964611053467,0.794259786605835,1,2.3246856191814056e-06,1.7686807776142324,11.403071640948571,1,1,0.7103604545620327,1,1,fold_4
344,sub4,task01,13,62,0,1.055445983019533,0.7418193053376684,0.5,1,2.260620355606079,0.9055627584457397,1,2.3246856191814056e-06,1.7686807776142324,11.403071640948571,1,1,0.7230139669798135,1,1,fold_4
345,sub4,task01,14,63,0,1.0777405090569276,0.7460661575574485,0.5,1,2.5346014499664307,0.9265321493148804,1,2.3246856191814056e-06,1.7686807776142324,11.403071640948571,1,1,0.6836427967424602,1,1,fold_4
346,sub4,task01,15,64,0,0.7590914167892129,0.6811564380443235,0.5,1,1.5317537784576416,0.8222627639770508,1,2.3246856191814056e-06,1.7686807776142324,11.403071640948571,1,1,0.6585928815314706,1,1,fold_4
347,sub4,task01,16,65,0,0.5053074756856978,0.6237057946256085,0.5,1,1.2891309261322021,0.7840000987052917,1,2.3246856191814056e-06,1.7686807776142324,11.403071640948571,1,1,0.6849490283425098,1,1,fold_4
348,sub4,task01,17,66,0,0.7123327712245308,0.6709164119244796,0.5,1,1.410606861114502,0.8038616180419922,1,2.3246856191814056e-06,1.7686807776142324,11.403071640948571,1,1,0.7327628186177887,1,1,fold_4
349,sub4,task01,18,67,0,1.153912791813207,0.7602248784774414,0.5,1,2.386317014694214,0.9157779216766357,1,2.3246856191814056e-06,1.7686807776142324,11.403071640948571,1,1,0.7648992277080016,1,1,fold_4
350,sub4,task01,19,68,0,1.1922720118409302,0.767147165451445,0.5,1,2.2674381732940674,0.9061442017555237,1,2.3246856191814056e-06,1.7686807776142324,11.403071640948571,1,1,0.7638790366399388,1,1,fold_4
351,sub4,task01,20,69,0,1.1932713905407795,0.767325639195118,0.5,1,2.519202709197998,0.925477147102356,1,2.3246856191814056e-06,1.7686807776142324,11.403071640948571,1,1,0.7620863616511503,1,1,fold_4
352,sub4,task01,21,70,0,1.1371952165451917,0.7571643052732535,0.5,1,2.5027596950531006,0.9243350625038147,1,2.3246856191814056e-06,1.7686807776142324,11.403071640948571,1,1,0.7335006425220483,1,1,fold_4
353,sub4,task01,22,71,0,1.1624033430514218,0.7617691404850792,0.5,1,2.545748710632324,0.9272873997688293,1,2.3246856191814056e-06,1.7686807776142324,11.403071640948571,1,1,0.7129114054588214,1,1,fold_4
354,sub4,task01,23,72,0,0.7609892945986052,0.6815684818078125,0.5,1,1.445035696029663,0.8092332482337952,1,2.3246856191814056e-06,1.7686807776142324,11.403071640948571,1,1,0.6742681458349011,1,1,fold_4
355,sub4,task01,24,73,0,0.8254716997794058,0.6953965940835727,0.5,1,1.4981720447540283,0.8173016905784607,1,2.3246856191814056e-06,1.7686807776142324,11.403071640948571,1,1,0.7045674295498521,1,1,fold_4
356,sub4,task01,25,74,0,0.6008002156670115,0.6458393616133183,0.5,1,1.214143991470337,0.7710313200950623,1,2.3246856191814056e-06,1.7686807776142324,11.403071640948571,1,1,0.7209677169767774,1,1,fold_4
357,sub4,task01,26,75,0,1.2222902114206238,0.772466332952665,0.5,1,2.43261981010437,0.9192811846733093,1,2.3246856191814056e-06,1.7686807776142324,11.403071640948571,1,1,0.7585502655646131,1,1,fold_4
358,sub4,task01,27,76,0,1.0700028423545906,0.7445974563643487,0.5,1,1.9335761070251465,0.8736447095870972,1,2.3246856191814056e-06,1.7686807776142324,11.403071640948571,1,1,0.7377596781417027,1,1,fold_4
359,sub4,task01,28,77,0,1.1449483728178949,0.7585870073768257,0.5,1,2.3018600940704346,0.9090309739112854,1,2.3246856191814056e-06,1.7686807776142324,11.403071640948571,1,1,0.7469931020809771,1,1,fold_4
360,sub4,task01,29,78,0,0.8958433953218704,0.7100945706839337,0.5,1,1.9859058856964111,0.8793092966079712,1,2.3246856191814056e-06,1.7686807776142324,11.403071640948571,1,1,0.7521191575271494,1,1,fold_4
361,sub4,task01,30,79,0,1.2213311836836525,0.772297728182172,0.5,1,2.3503997325897217,0.9129659533500671,1,2.3246856191814056e-06,1.7686807776142324,11.403071640948571,1,1,0.7505164644282777,1,1,fold_4
362,sub4,task01,31,80,0,1.2308377913726027,0.7739651737153426,0.5,1,2.3640170097351074,0.9140419363975525,1,2.3246856191814056e-06,1.7686807776142324,11.403071640948571,1,1,0.7171488507242803,1,1,fold_4
363,sub4,task01,32,81,0,0.8726003638122477,0.7052864913873184,0.5,1,1.5010247230529785,0.817727267742157,1,2.3246856191814056e-06,1.7686807776142324,11.403071640948571,1,1,0.6940014157684069,1,1,fold_4
364,sub4,task01,33,82,0,0.718129045099771,0.6721948870701799,0.5,1,1.3940651416778564,0.8012403845787048,1,2.3246856191814056e-06,1.7686807776142324,11.403071640948571,1,1,0.7167020490654661,1,1,fold_4
365,sub4,task01,34,83,0,0.8689293484120779,0.7045228688477226,0.5,1,1.6044049263000488,0.8326331377029419,1,2.3246856191814056e-06,1.7686807776142324,11.403071640948571,1,1,0.7467731383843265,1,1,fold_4
366,sub4,task01,35,84,0,1.2275437917795433,0.7733883912784956,0.5,1,2.738661527633667,0.9392697811126709,1,2.3246856191814056e-06,1.7686807776142324,11.403071640948571,1,1,0.7660682337773395,1,1,fold_4
367,sub4,task01,36,85,0,1.1659277844064173,0.7624081550267615,0.5,1,3.0572803020477295,0.9550957679748535,1,2.3246856191814056e-06,1.7686807776142324,11.403071640948571,1,1,0.7624081550267615,1,1,fold_4
368,sub4,rest03,0,86,0,0.28912211142867666,0.5717811977031082,0.5,1,0.8472988605499268,0.7000002264976501,1,2.3246856191814056e-06,1.7686807776142324,11.403071640948571,1,1,0.6375848870801762,1,1,fold_4
369,sub4,rest03,1,87,0,0.6083352833854637,0.6475609642568841,0.5,1,1.2279260158538818,0.7734553813934326,1,2.3246856191814056e-06,1.7686807776142324,11.403071640948571,1,1,0.6948354403763943,1,1,fold_4
370,sub4,rest03,2,88,0,0.8161218609429083,0.6934124992805366,0.5,1,1.8358213901519775,0.8624537587165833,1,2.3246856191814056e-06,1.7686807776142324,11.403071640948571,1,1,0.7061469506665404,1,1,fold_4
371,sub4,rest03,3,89,0,1.0644124014207967,0.7435328575917619,0.5,1,2.05503511428833,0.8864554166793823,1,2.3246856191814056e-06,1.7686807776142324,11.403071640948571,1,1,0.6940189521438175,1,1,fold_4
372,sub4,rest03,4,90,0,0.7606530219439347,0.6814954951273225,0.5,1,1.5516548156738281,0.8251526355743408,1,2.3246856191814056e-06,1.7686807776142324,11.403071640948571,1,1,0.6879148403021632,1,1,fold_4
373,sub4,rest03,5,91,0,0.650080059678839,0.6570285037123684,0.5,1,1.237675428390503,0.7751591801643372,1,2.3246856191814056e-06,1.7686807776142324,11.403071640948571,1,1,0.7128717465645139,1,1,fold_4
374,sub4,rest03,6,92,0,0.9705068994235356,0.725220522066799,0.5,1,1.6389904022216797,0.8373975157737732,1,2.3246856191814056e-06,1.7686807776142324,11.403071640948571,1,1,0.7413307264082952,1,1,fold_4
375,sub4,rest03,7,93,0,1.13285944767929,0.756366213914374,0.5,1,2.1175901889801025,0.8926010727882385,1,2.3246856191814056e-06,1.7686807776142324,11.403071640948571,1,1,0.7316393783361447,1,1,fold_4
376,sub4,rest03,8,94,0,1.0585086499980743,0.7424054432437126,0.5,1,2.3945295810699463,0.9164091944694519,1,2.3246856191814056e-06,1.7686807776142324,11.403071640948571,1,1,0.7094522923087196,1,1,fold_4
377,sub4,rest03,9,95,0,0.82901434462067,0.6961464778503473,0.5,1,1.6782326698303223,0.8426703214645386,1,2.3246856191814056e-06,1.7686807776142324,11.403071640948571,1,1,0.6650996910296892,1,1,fold_4
378,sub4,rest03,10,96,0,0.7992076105578265,0.689804955832099,0.5,1,1.582580327987671,0.8295696377754211,1,2.3246856191814056e-06,1.7686807776142324,11.403071640948571,1,1,0.6530181145033312,1,1,fold_4
379,sub4,rest03,11,97,0,0.4445708801520031,0.6093476394066213,0.5,1,1.110564947128296,0.7522343993186951,1,2.3246856191814056e-06,1.7686807776142324,11.403071640948571,1,1,0.6485708932442394,1,1,fold_4
380,sub4,rest03,12,98,0,0.6628564061456392,0.6599017482712735,0.5,1,1.4152765274047852,0.8045969009399414,1,2.3246856191814056e-06,1.7686807776142324,11.403071640948571,1,1,0.6814601833632993,1,1,fold_4
381,sub4,rest03,13,99,0,0.7375656058382711,0.6764632920548238,0.5,1,1.5873148441314697,0.8302379250526428,1,2.3246856191814056e-06,1.7686807776142324,11.403071640948571,1,1,0.6755752167173945,1,1,fold_4
382,sub4,rest03,14,100,0,0.8857653146716814,0.7080155097638007,0.5,1,2.02113676071167,0.882998526096344,1,2.3246856191814056e-06,1.7686807776142324,11.403071640948571,1,1,0.646604126182673,1,1,fold_4
383,sub4,rest03,15,101,0,0.5851295006637912,0.6422468483335593,0.5,1,2.0708982944488525,0.8880422711372375,1,2.3246856191814056e-06,1.7686807776142324,11.403071640948571,1,1,0.6287653438718918,1,1,fold_4
384,sub4,rest03,16,102,0,0.362105499741969,0.589550020450659,0.5,1,1.101262092590332,0.750496506690979,1,2.3246856191814056e-06,1.7686807776142324,11.403071640948571,1,1,0.6555210377449873,1,1,fold_4
385,sub4,rest03,17,103,0,0.6388752399842241,0.6544991628314568,0.5,1,1.3321113586425781,0.7911896705627441,1,2.3246856191814056e-06,1.7686807776142324,11.403071640948571,1,1,0.7004276541778452,1,1,fold_4
386,sub4,rest03,18,104,0,0.9569659661140267,0.7225139299528461,0.5,1,1.8739354610443115,0.8669129610061646,1,2.3246856191814056e-06,1.7686807776142324,11.403071640948571,1,1,0.7111353672217667,1,1,fold_4
387,sub4,rest03,19,105,0,0.9657414727815564,0.7242698697492327,0.5,1,2.7872679233551025,0.9419839382171631,1,2.3246856191814056e-06,1.7686807776142324,11.403071640948571,1,1,0.6900501615773699,1,1,fold_4
388,sub4,rest03,20,106,0,0.7843751961846788,0.6866223019632216,0.5,1,2.373579978942871,0.9147903323173523,1,2.3246856191814056e-06,1.7686807776142324,11.403071640948571,1,1,0.6585272340512924,1,1,fold_4
389,sub4,rest03,21,107,0,0.6599907609310728,0.6592583130196553,0.5,1,2.1665773391723633,0.8972077369689941,1,2.3246856191814056e-06,1.7686807776142324,11.403071640948571,1,1,0.6368244735362661,1,1,fold_4
390,sub4,rest03,22,108,0,0.5309346899878689,0.6297010871710006,0.5,1,1.8623297214508057,0.8655682802200317,1,2.3246856191814056e-06,1.7686807776142324,11.403071640948571,1,1,0.6242430426690952,1,1,fold_4
391,sub4,rest03,23,109,0,0.4959794395601691,0.6215140204181425,0.5,1,1.9761407375335693,0.8782691955566406,1,2.3246856191814056e-06,1.7686807776142324,11.403071640948571,1,1,0.6215140204181425,1,1,fold_4
611,sub7,rest01,0,0,0,-1.7939197717376152,0.14259282005675253,0.5,0,-0.691257655620575,0.333753377199173,1,5.1555904137361446e-06,2.2550898413552116,8.49001766121374,0,1,0.140837132027912,0,1,fold_4
612,sub7,rest01,1,1,0,-1.7486837786877125,0.14821328892324054,0.5,0,-0.5814047455787659,0.3586094081401825,1,5.1555904137361446e-06,2.2550898413552116,8.49001766121374,0,1,0.1366984566957261,0,1,fold_4
613,sub7,rest01,2,2,0,-1.8859644350207796,0.131705287103743,0.5,0,-0.6408925652503967,0.3450448215007782,1,5.1555904137361446e-06,2.2550898413552116,8.49001766121374,0,1,0.12737853832870275,0,1,fold_4
614,sub7,rest01,3,3,0,-1.8993964985704619,0.13017679406019475,0.5,0,-0.6541842222213745,0.3420472741127014,1,5.1555904137361446e-06,2.2550898413552116,8.49001766121374,0,1,0.13221448599770988,0,1,fold_4
615,sub7,rest01,4,4,0,-1.9900314634968357,0.12025353382217047,0.5,0,-0.988293468952179,0.27124926447868347,1,5.1555904137361446e-06,2.2550898413552116,8.49001766121374,0,1,0.13772036178046637,0,1,fold_4
616,sub7,rest01,5,5,0,-1.7646162432449188,0.14621313011076448,0.5,0,-0.9899030327796936,0.2709312438964844,1,5.1555904137361446e-06,2.2550898413552116,8.49001766121374,0,1,0.13823700983798706,0,1,fold_4
617,sub7,rest01,6,6,0,-1.7607660659714521,0.14669442140846417,0.5,0,-0.9836422204971313,0.27216967940330505,1,5.1555904137361446e-06,2.2550898413552116,8.49001766121374,0,1,0.12962863971268332,0,1,fold_4
618,sub7,rest01,7,7,1,-1.9041826084737927,0.12963581759329648,0.5,0,-0.7800514698028564,0.3143087923526764,1,5.1555904137361446e-06,2.2550898413552116,8.49001766121374,0,1,,,,fold_4
619,sub7,rest01,8,8,0,-1.9754614879192063,0.1218034779947326,0.5,0,-1.0036131143569946,0.2682316303253174,1,5.1555904137361446e-06,2.2550898413552116,8.49001766121374,0,1,0.12023783540870607,0,1,fold_4
620,sub7,rest01,9,9,0,-1.98876085465595,0.12038801973485318,0.5,0,-1.0073673725128174,0.26749536395072937,1,5.1555904137361446e-06,2.2550898413552116,8.49001766121374,0,1,0.12725385082972138,0,1,fold_4
621,sub7,rest01,10,10,1,-1.9597987020295524,0.12348883427379943,0.5,0,-0.9664807319641113,0.27558252215385437,1,5.1555904137361446e-06,2.2550898413552116,8.49001766121374,0,1,,,,fold_4
622,sub7,rest01,11,11,0,-2.006501365389208,0.11852200849653242,0.5,0,-0.8119825124740601,0.3074682056903839,1,5.1555904137361446e-06,2.2550898413552116,8.49001766121374,0,1,0.19333652865448828,0,1,fold_4
623,sub7,rest01,12,12,0,-1.7918053552081659,0.14285152425777847,0.5,0,-1.0544304847717285,0.25837522745132446,1,5.1555904137361446e-06,2.2550898413552116,8.49001766121374,0,1,0.24615006661135597,0,1,fold_4
624,sub7,rest01,13,13,1,-1.2122985541555573,0.2292946009841871,0.5,0,-0.8915952444076538,0.2907807230949402,1,5.1555904137361446e-06,2.2550898413552116,8.49001766121374,0,1,,,,fold_4
625,sub7,rest01,14,14,0,-0.7600470409019571,0.318636053209154,0.5,0,-0.7703430652618408,0.31640487909317017,1,5.1555904137361446e-06,2.2550898413552116,8.49001766121374,0,1,0.2963164922257677,0,1,fold_4
626,sub7,rest01,15,15,0,-0.9595783590135164,0.2769626223671354,0.5,0,-0.8701256513595581,0.29522815346717834,1,5.1555904137361446e-06,2.2550898413552116,8.49001766121374,0,1,0.3048352698491298,0,1,fold_4
627,sub7,rest01,16,16,1,-0.6497150286666171,0.34305375783822334,0.5,0,-0.6801226139068604,0.3362339437007904,1,5.1555904137361446e-06,2.2550898413552116,8.49001766121374,0,1,,,,fold_4
628,sub7,rest01,17,17,0,-0.8791651939141095,0.2933508011010138,0.5,0,-0.7289304733276367,0.3254294693470001,1,5.1555904137361446e-06,2.2550898413552116,8.49001766121374,0,1,0.36574235431264684,0,1,fold_4
629,sub7,rest01,18,18,0,-0.6446667115663235,0.3441923860792401,0.5,0,-0.6465733051300049,0.3437621593475342,1,5.1555904137361446e-06,2.2550898413552116,8.49001766121374,0,1,0.44711656595056065,0,1,fold_4
630,sub7,rest01,19,19,0,-0.16161535691223178,0.4596838757576866,0.5,0,-0.3765265941619873,0.40696489810943604,1,5.1555904137361446e-06,2.2550898413552116,8.49001766121374,0,1,0.44352564797091637,0,1,fold_4
631,sub7,rest01,20,20,0,0.15017534646575587,0.5374734360147553,0.5,1,-0.18110394477844238,0.4548473656177521,1,5.1555904137361446e-06,2.2550898413552116,8.49001766121374,0,0,0.33956043507994355,0,1,fold_4
632,sub7,rest01,21,21,0,-0.6927588610573155,0.3334196321403072,0.5,0,-0.5571579337120056,0.3642053008079529,1,5.1555904137361446e-06,2.2550898413552116,8.49001766121374,0,1,0.2010143757109816,0,1,fold_4
633,sub7,rest01,22,22,0,-1.7520546253286078,0.1477882370847684,0.5,0,-0.8211456537246704,0.30552053451538086,1,5.1555904137361446e-06,2.2550898413552116,8.49001766121374,0,1,0.1304862509668356,0,1,fold_4
634,sub7,rest01,23,23,0,-1.9751644222181426,0.12183525790786923,0.5,0,-0.6460767388343811,0.34387415647506714,1,5.1555904137361446e-06,2.2550898413552116,8.49001766121374,0,1,0.12183525790786924,0,1,fold_4
635,sub7,rest02,0,24,0,-1.661298991791737,0.1595876998099537,0.5,0,-0.8387349843978882,0.30180126428604126,1,5.1555904137361446e-06,2.2550898413552116,8.49001766121374,0,1,0.17269177199134833,0,1,fold_4
636,sub7,rest02,1,25,0,-1.4784156673235018,0.18566684265824523,0.5,0,-0.7944029569625854,0.3112240433692932,1,5.1555904137361446e-06,2.2550898413552116,8.49001766121374,0,1,0.1688385394633912,0,1,fold_4
637,sub7,rest02,2,26,0,-1.5657663242076596,0.17282077350584604,0.5,0,-0.8332939147949219,0.30294904112815857,1,5.1555904137361446e-06,2.2550898413552116,8.49001766121374,0,1,0.152300319940839,0,1,fold_4
638,sub7,rest02,3,27,0,-1.7501521997291267,0.1480280022260822,0.5,0,-0.8788462281227112,0.29341691732406616,1,5.1555904137361446e-06,2.2550898413552116,8.49001766121374,0,1,0.14653303069411147,0,1,fold_4
639,sub7,rest02,4,28,0,-1.8484738500390445,0.13605218409058878,0.5,0,-0.8540844321250916,0.2985767722129822,1,5.1555904137361446e-06,2.2550898413552116,8.49001766121374,0,1,0.16367877394867428,0,1,fold_4
640,sub7,rest02,5,29,0,-1.6919550443478195,0.15551890576566343,0.5,0,-0.7912688851356506,0.31189629435539246,1,5.1555904137361446e-06,2.2550898413552116,8.49001766121374,0,1,0.17428218541151286,0,1,fold_4
641,sub7,rest02,6,30,0,-1.3896400189591962,0.19946523198977056,0.5,0,-0.7739943265914917,0.3156156837940216,1,5.1555904137361446e-06,2.2550898413552116,8.49001766121374,0,1,0.203423034386494,0,1,fold_4
642,sub7,rest02,7,31,0,-1.6008530832889987,0.1678624184791046,0.5,0,-0.8322480916976929,0.3031699061393738,1,5.1555904137361446e-06,2.2550898413552116,8.49001766121374,0,1,0.19471282905356943,0,1,fold_4
643,sub7,rest02,8,32,0,-1.136620112793159,0.24294145269060682,0.5,0,-0.789779782295227,0.3122159540653229,1,5.1555904137361446e-06,2.2550898413552116,8.49001766121374,0,1,0.2412800848127046,0,1,fold_4
644,sub7,rest02,9,33,0,-1.5621760760596592,0.1733346159909969,0.5,0,-0.9350707530975342,0.28189709782600403,1,5.1555904137361446e-06,2.2550898413552116,8.49001766121374,0,1,0.25535053877771624,0,1,fold_4
645,sub7,rest02,10,34,0,-0.8115317471206361,0.3075641857565101,0.5,0,-0.6694268584251404,0.3386252224445343,1,5.1555904137361446e-06,2.2550898413552116,8.49001766121374,0,1,0.2854807005952115,0,1,fold_4
646,sub7,rest02,11,35,0,-0.9190435650600933,0.2851528145856417,0.5,0,-0.6240218877792358,0.3488672971725464,1,5.1555904137361446e-06,2.2550898413552116,8.49001766121374,0,1,0.2754119599001818,0,1,fold_4
647,sub7,rest02,12,36,0,-1.0266962742432482,0.26372510144348266,0.5,0,-0.6611666083335876,0.3404775857925415,1,5.1555904137361446e-06,2.2550898413552116,8.49001766121374,0,1,0.30908390131546887,0,1,fold_4
648,sub7,rest02,13,37,0,-0.9576050312146215,0.2773579636714209,0.5,0,-0.729008138179779,0.32541242241859436,1,5.1555904137361446e-06,2.2550898413552116,8.49001766121374,0,1,0.39795063813275794,0,1,fold_4
649,sub7,rest02,14,38,0,-0.46344607212338834,0.386168638831503,0.5,0,-0.5931798815727234,0.35590559244155884,1,5.1555904137361446e-06,2.2550898413552116,8.49001766121374,0,1,0.553168661018661,1,0,fold_4
650,sub7,rest02,15,39,0,0.1214503121925734,0.5303253118953499,0.5,1,-0.3959435224533081,0.4022873342037201,1,5.1555904137361446e-06,2.2550898413552116,8.49001766121374,0,0,0.6600809609804942,1,0,fold_4
651,sub7,rest02,16,40,0,1.0616829734405726,0.7430120323291303,0.5,1,-0.20307552814483643,0.44940489530563354,1,5.1555904137361446e-06,2.2550898413552116,8.49001766121374,0,0,0.7519404046050474,1,0,fold_4
652,sub7,rest02,17,41,0,0.880402097849397,0.7069055387170022,0.5,1,-0.1932915449142456,0.4518270194530487,1,5.1555904137361446e-06,2.2550898413552116,8.49001766121374,0,0,0.7714793247744586,1,0,fold_4
653,sub7,rest02,18,42,0,1.4236094629326153,0.8059036427690095,0.5,1,0.1598438024520874,0.5398761034011841,1,5.1555904137361446e-06,2.2550898413552116,8.49001766121374,0,0,0.8217588561111359,1,0,fold_4
654,sub7,rest02,19,43,0,1.3965055897630412,0.8016287928373637,0.5,1,0.17333030700683594,0.5432243943214417,1,5.1555904137361446e-06,2.2550898413552116,8.49001766121374,0,0,0.8437726410388935,1,0,fold_4
655,sub7,rest02,20,44,0,1.7966785230456117,0.8577441327270345,0.5,1,0.2876455783843994,0.5714195966720581,1,5.1555904137361446e-06,2.2550898413552116,8.49001766121374,0,0,0.869545902355449,1,0,fold_4
656,sub7,rest02,21,45,0,1.9182664674731225,0.8719449975522824,0.5,1,0.5765163898468018,0.6402654647827148,1,5.1555904137361446e-06,2.2550898413552116,8.49001766121374,0,0,0.8717252810327248,1,0,fold_4
657,sub7,rest02,22,46,0,1.98251095347785,0.8789485767870302,0.5,1,0.833599328994751,0.6971154808998108,1,5.1555904137361446e-06,2.2550898413552116,8.49001766121374,0,0,0.8691710381015848,1,0,fold_4
658,sub7,rest02,23,47,0,1.851322192092037,0.8642822687588622,0.5,1,0.9640829563140869,0.723938524723053,1,5.1555904137361446e-06,2.2550898413552116,8.49001766121374,0,0,0.8642822687588622,1,0,fold_4
659,sub7,task01,0,48,0,-0.944869689996842,0.2799177382253795,0.5,0,-0.5122526288032532,0.37466561794281006,1,5.1555904137361446e-06,2.2550898413552116,8.49001766121374,1,0,0.3316191800353146,0,0,fold_4
660,sub7,task01,1,49,0,-0.7285516509308777,0.32551263808419945,0.5,0,-0.3481557369232178,0.4138297140598297,1,5.1555904137361446e-06,2.2550898413552116,8.49001766121374,1,0,0.3816933344627864,0,0,fold_4
661,sub7,task01,2,50,0,-0.44972074367009596,0.3894271637963648,0.5,0,-0.3458164930343628,0.41439729928970337,1,5.1555904137361446e-06,2.2550898413552116,8.49001766121374,1,0,0.36957686378199184,0,0,fold_4
662,sub7,task01,3,51,0,-0.2812791574530993,0.43014020150779514,0.5,0,-0.4296342730522156,0.39421364665031433,1,5.1555904137361446e-06,2.2550898413552116,8.49001766121374,1,0,0.3094936150064621,0,0,fold_4
663,sub7,task01,4,52,0,-0.8994515062877901,0.2891632260418156,0.5,0,-0.6901888251304626,0.33399108052253723,1,5.1555904137361446e-06,2.2550898413552116,8.49001766121374,1,0,0.2352341930495431,0,0,fold_4
664,sub7,task01,5,53,0,-1.3298908681731296,0.2091774174697756,0.5,0,-0.8393369317054749,0.30167442560195923,1,5.1555904137361446e-06,2.2550898413552116,8.49001766121374,1,0,0.2276499342416615,0,0,fold_4
665,sub7,task01,6,54,0,-1.3409009564954972,0.20736193563703811,0.5,0,-0.8537642955780029,0.2986437976360321,1,5.1555904137361446e-06,2.2550898413552116,8.49001766121374,1,0,0.227359007193677,0,0,fold_4
666,sub7,task01,7,55,0,-1.0129115133508495,0.2664104496181708,0.5,0,-0.6660284996032715,0.3393867015838623,1,5.1555904137361446e-06,2.2550898413552116,8.49001766121374,1,0,0.21151629128786623,0,0,fold_4
667,sub7,task01,8,56,0,-1.3351750700508145,0.20830463632582213,0.5,0,-0.6907079219818115,0.3338755965232849,1,5.1555904137361446e-06,2.2550898413552116,8.49001766121374,1,0,0.16871602187718937,0,0,fold_4
668,sub7,task01,9,57,0,-1.6594652940094765,0.15983378791960579,0.5,0,-0.6856472492218018,0.335002064704895,1,5.1555904137361446e-06,2.2550898413552116,8.49001766121374,1,0,0.14021270669010968,0,0,fold_4
669,sub7,task01,10,58,0,-1.8319205378647176,0.13800964138614022,0.5,0,-0.783545970916748,0.31355616450309753,1,5.1555904137361446e-06,2.2550898413552116,8.49001766121374,1,0,0.12873881591462996,0,0,fold_4
670,sub7,task01,11,59,0,-1.9662272890430808,0.12279469076458306,0.5,0,-0.8373098969459534,0.30210164189338684,1,5.1555904137361446e-06,2.2550898413552116,8.49001766121374,1,0,0.13675134898352714,0,0,fold_4
671,sub7,task01,12,60,0,-1.9421475470506788,0.12541211559316653,0.5,0,-0.8862077593803406,0.29189303517341614,1,5.1555904137361446e-06,2.2550898413552116,8.49001766121374,1,0,0.1548544406862066,0,0,fold_4
672,sub7,task01,13,61,0,-1.643073824550004,0.16204724059283182,0.5,0,-0.8168177604675293,0.306439608335495,1,5.1555904137361446e-06,2.2550898413552116,8.49001766121374,1,0,0.19623861519302346,0,0,fold_4
673,sub7,task01,14,62,0,-1.5360929292677734,0.1771039658726214,0.5,0,-0.8238060474395752,0.304956316947937,1,5.1555904137361446e-06,2.2550898413552116,8.49001766121374,1,0,0.23560869740628995,0,0,fold_4
674,sub7,task01,15,63,0,-1.1009355630569502,0.24956463911361715,0.5,0,-0.6967780590057373,0.3325269818305969,1,5.1555904137361446e-06,2.2550898413552116,8.49001766121374,1,0,0.2624087388403505,0,0,fold_4
675,sub7,task01,16,64,0,-0.9436805563638528,0.28015748723263123,0.5,0,-0.7048414945602417,0.33073970675468445,1,5.1555904137361446e-06,2.2550898413552116,8.49001766121374,1,0,0.23478655173844384,0,0,fold_4
676,sub7,task01,17,65,0,-1.0589817578571172,0.25750409017480314,0.5,0,-0.5842344760894775,0.3579588532447815,1,5.1555904137361446e-06,2.2550898413552116,8.49001766121374,1,0,0.19637731004441328,0,0,fold_4
677,sub7,task01,18,66,0,-1.609211769264473,0.1666980778078972,0.5,0,-0.7300031185150146,0.32519403100013733,1,5.1555904137361446e-06,2.2550898413552116,8.49001766121374,1,0,0.1510447087693381,0,0,fold_4
678,sub7,task01,19,67,0,-1.6219961391628575,0.16492976215053945,0.5,0,-0.6868307590484619,0.33473846316337585,1,5.1555904137361446e-06,2.2550898413552116,8.49001766121374,1,0,0.16628165957534938,0,0,fold_4
679,sub7,task01,20,68,0,-1.9782427508802796,0.12150628634957766,0.5,0,-0.8757481575012207,0.2940596342086792,1,5.1555904137361446e-06,2.2550898413552116,8.49001766121374,1,0,0.1682665766631429,0,0,fold_4
680,sub7,task01,21,69,0,-1.310465675308916,0.21240893022593105,0.5,0,-0.7163230180740356,0.3282032012939453,1,5.1555904137361446e-06,2.2550898413552116,8.49001766121374,1,0,0.2173784852266163,0,0,fold_4
681,sub7,task01,22,70,0,-1.5793714855475385,0.17088451341391994,0.5,0,-0.8333582878112793,0.3029354214668274,1,5.1555904137361446e-06,2.2550898413552116,8.49001766121374,1,0,0.2138883155791028,0,0,fold_4
682,sub7,task01,23,71,0,-1.0005056709703437,0.2688420120399979,0.5,0,-0.6163120865821838,0.35062068700790405,1,5.1555904137361446e-06,2.2550898413552116,8.49001766121374,1,0,0.254497092638411,0,0,fold_4
683,sub7,task01,24,72,0,-1.374222954989431,0.20193842128339048,0.5,0,-0.7759771347045898,0.31518757343292236,1,5.1555904137361446e-06,2.2550898413552116,8.49001766121374,1,0,0.23309919070822693,0,0,fold_4
684,sub7,task01,25,73,0,-0.8822543283394436,0.2927108445918447,0.5,0,-0.6224269866943359,0.34922969341278076,1,5.1555904137361446e-06,2.2550898413552116,8.49001766121374,1,0,0.25323461874579,0,0,fold_4
685,sub7,task01,26,74,0,-1.3574914723323788,0.20464830624944558,0.5,0,-0.8034935593605042,0.3092787265777588,1,5.1555904137361446e-06,2.2550898413552116,8.49001766121374,1,0,0.20328973314793156,0,0,fold_4
686,sub7,task01,27,75,0,-1.0338173265247943,0.26234470539607974,0.5,0,-0.6337839365005493,0.346653014421463,1,5.1555904137361446e-06,2.2550898413552116,8.49001766121374,1,0,0.2408599074080501,0,0,fold_4
687,sub7,task01,28,76,0,-1.7916039441809406,0.14287618779826938,0.5,0,-0.9101336002349854,0.2869724929332733,1,5.1555904137361446e-06,2.2550898413552116,8.49001766121374,1,0,0.2305851783048737,0,0,fold_4
688,sub7,task01,29,77,0,-0.765936263105052,0.3173588290298012,0.5,0,-0.6516149640083313,0.3426257073879242,1,5.1555904137361446e-06,2.2550898413552116,8.49001766121374,1,0,0.26964022017017203,0,0,fold_4
689,sub7,task01,30,78,0,-1.1997453631035762,0.23152051808655055,0.5,0,-0.7198256850242615,0.3274313807487488,1,5.1555904137361446e-06,2.2550898413552116,8.49001766121374,1,0,0.218745546218393,0,0,fold_4
690,sub7,task01,31,79,0,-1.0457538396661983,0.26004131339416425,0.5,0,-0.6826688051223755,0.33566591143608093,1,5.1555904137361446e-06,2.2550898413552116,8.49001766121374,1,0,0.21793124077826562,0,0,fold_4
691,sub7,task01,32,80,0,-1.6238484379395408,0.16467480717446417,0.5,0,-0.8532325625419617,0.2987551987171173,1,5.1555904137361446e-06,2.2550898413552116,8.49001766121374,1,0,0.25380097278383534,0,0,fold_4
692,sub7,task01,33,81,0,-1.213526899207194,0.22907760176616845,0.5,0,-0.6989976167678833,0.33203449845314026,1,5.1555904137361446e-06,2.2550898413552116,8.49001766121374,1,0,0.34385376276429386,0,0,fold_4
693,sub7,task01,34,82,0,-0.5423094485141655,0.3676505094108735,0.5,0,-0.3521859645843506,0.4128524363040924,1,5.1555904137361446e-06,2.2550898413552116,8.49001766121374,1,0,0.41243895454751756,0,0,fold_4
694,sub7,task01,35,83,0,-0.2621584926568616,0.4348331771158395,0.5,0,-0.05698394775390625,0.48575785756111145,1,5.1555904137361446e-06,2.2550898413552116,8.49001766121374,1,0,0.4348331771158395,0,0,fold_4
695,sub7,rest03,0,84,0,-1.9625638043573588,0.12318985287465302,0.5,0,-0.7218891978263855,0.32697710394859314,1,5.1555904137361446e-06,2.2550898413552116,8.49001766121374,1,0,0.22253196108829557,0,0,fold_4
696,sub7,rest03,1,85,0,-1.4836064685312995,0.18488330141963985,0.5,0,-0.6917827129364014,0.333636611700058,1,5.1555904137361446e-06,2.2550898413552116,8.49001766121374,1,0,0.33946640569107855,0,0,fold_4
697,sub7,rest03,2,86,0,-0.5774362354113738,0.35952272897059384,0.5,0,-0.47815895080566406,0.38268694281578064,1,5.1555904137361446e-06,2.2550898413552116,8.49001766121374,1,0,0.4535727257247304,0,0,fold_4
698,sub7,rest03,3,87,0,-0.10412121822268582,0.4739931866830019,0.5,0,-0.3729444742202759,0.40782973170280457,1,5.1555904137361446e-06,2.2550898413552116,8.49001766121374,1,0,0.4613430959832214,0,0,fold_4
699,sub7,rest03,4,88,0,0.10891659003110345,0.5272022615205955,0.5,1,-0.37208354473114014,0.4080376625061035,1,5.1555904137361446e-06,2.2550898413552116,8.49001766121374,1,1,0.5014984137623658,1,1,fold_4
700,sub7,rest03,5,89,0,-0.47753723487843164,0.38283383974606666,0.5,0,-0.4778444766998291,0.38276126980781555,1,5.1555904137361446e-06,2.2550898413552116,8.49001766121374,1,0,0.5321984675999462,1,1,fold_4
701,sub7,rest03,6,90,0,0.38243035086100147,0.5944591400204352,0.5,1,-0.2238450050354004,0.4442712366580963,1,5.1555904137361446e-06,2.2550898413552116,8.49001766121374,1,1,0.6464511491898911,1,1,fold_4
702,sub7,rest03,7,91,0,0.48658842178293743,0.6193024230333368,0.5,1,-0.2332594394683838,0.4419480860233307,1,5.1555904137361446e-06,2.2550898413552116,8.49001766121374,1,1,0.6019885989415236,1,1,fold_4
703,sub7,rest03,8,92,0,0.9723712434296055,0.7255918845159016,0.5,1,-0.0121690034866333,0.49695780873298645,1,5.1555904137361446e-06,2.2550898413552116,8.49001766121374,1,1,0.5024715696834477,1,1,fold_4
704,sub7,rest03,9,93,0,-0.1560298236247346,0.461071489275332,0.5,0,-0.3540600538253784,0.41239821910858154,1,5.1555904137361446e-06,2.2550898413552116,8.49001766121374,1,0,0.3836142265263512,0,0,fold_4
705,sub7,rest03,10,94,0,-0.7503211161051065,0.3207513352591096,0.5,0,-0.47160804271698,0.3842357099056244,1,5.1555904137361446e-06,2.2550898413552116,8.49001766121374,1,0,0.4185032114414707,0,0,fold_4
706,sub7,rest03,11,95,0,-0.536423945746428,0.36901985504461193,0.5,0,-0.45381295680999756,0.3884545564651489,1,5.1555904137361446e-06,2.2550898413552116,8.49001766121374,1,0,0.5150830288624948,1,1,fold_4
707,sub7,rest03,12,96,0,0.26448484223994273,0.5657384440206906,0.5,1,-0.2594369649887085,0.43550214171409607,1,5.1555904137361446e-06,2.2550898413552116,8.49001766121374,1,1,0.5453983245355905,1,1,fold_4
708,sub7,rest03,13,97,0,0.4493756862908996,0.610490787522182,0.5,1,-0.25820422172546387,0.43580517172813416,1,5.1555904137361446e-06,2.2550898413552116,8.49001766121374,1,1,0.5503047753943145,1,1,fold_4
709,sub7,rest03,14,98,0,-0.16048056523276025,0.4599657420638987,0.5,0,-0.40524864196777344,0.40005195140838623,1,5.1555904137361446e-06,2.2550898413552116,8.49001766121374,1,0,0.58893329246315,1,1,fold_4
710,sub7,rest03,15,99,0,0.32465297177391855,0.5804577965968629,0.5,1,-0.168959379196167,0.4578603506088257,1,5.1555904137361446e-06,2.2550898413552116,8.49001766121374,1,1,0.6956678833069704,1,1,fold_4
711,sub7,rest03,16,100,0,0.9763145901566009,0.726376338728688,0.5,1,-0.03794384002685547,0.49051517248153687,1,5.1555904137361446e-06,2.2550898413552116,8.49001766121374,1,1,0.6575604090938666,1,1,fold_4
712,sub7,rest03,17,101,0,1.2666544940154159,0.78016951459536,0.5,1,-0.06046581268310547,0.4848881661891937,1,5.1555904137361446e-06,2.2550898413552116,8.49001766121374,1,1,0.5084439799486997,1,1,fold_4
713,sub7,rest03,18,102,0,-0.135666203544552,0.4661353739575521,0.5,0,-0.5630922317504883,0.36283227801322937,1,5.1555904137361446e-06,2.2550898413552116,8.49001766121374,1,0,0.33784697591187723,0,0,fold_4
714,sub7,rest03,19,103,0,-0.9492928822891185,0.2790270512931872,0.5,0,-0.6436792612075806,0.3444153070449829,1,5.1555904137361446e-06,2.2550898413552116,8.49001766121374,1,0,0.31768311242827657,0,0,fold_4
715,sub7,rest03,20,104,0,-1.0028649935059983,0.2683785024848925,0.5,0,-0.5478344559669495,0.366366982460022,1,5.1555904137361446e-06,2.2550898413552116,8.49001766121374,1,0,0.3546737054084466,0,0,fold_4
716,sub7,rest03,21,105,0,-0.38200343673298215,0.40564378350674984,0.5,0,-0.31544482707977295,0.42178627848625183,1,5.1555904137361446e-06,2.2550898413552116,8.49001766121374,1,0,0.39230653829143175,0,0,fold_4
717,sub7,rest03,22,106,0,-0.447317135096776,0.3899988302336976,0.5,0,-0.33191800117492676,0.4177740216255188,1,5.1555904137361446e-06,2.2550898413552116,8.49001766121374,1,0,0.38418427750046447,0,0,fold_4
718,sub7,rest03,23,107,0,-0.4841315266746337,0.38127700113384794,0.5,0,-0.20383775234222412,0.4492163062095642,1,5.1555904137361446e-06,2.2550898413552116,8.49001766121374,1,0,0.38127700113384794,0,0,fold_4
2019,sub20,rest01,0,0,0,-1.0024310041180167,0.26846372550973596,0.5,0,0.675663948059082,0.6627702713012695,1,1.7430874271756049e-06,1.4532226226469531,13.655051283777336,0,1,0.25137254848056817,0,1,fold_4
2020,sub20,rest01,1,1,0,-1.174192837300761,0.2360979455899515,0.5,0,-0.13188767433166504,0.46707576513290405,1,1.7430874271756049e-06,1.4532226226469531,13.655051283777336,0,1,0.24347151792622426,0,1,fold_4
2021,sub20,rest01,2,2,0,-1.1009818294679383,0.24955597434201712,0.5,0,0.19268572330474854,0.5480229258537292,1,1.7430874271756049e-06,1.4532226226469531,13.655051283777336,0,1,0.28429067238313904,0,1,fold_4
2022,sub20,rest01,3,3,0,-1.1267540120074997,0.24476063384670416,0.5,0,0.12862730026245117,0.5321125984191895,1,1.7430874271756049e-06,1.4532226226469531,13.655051283777336,0,1,0.3110032621753726,0,1,fold_4
2023,sub20,rest01,4,4,0,-0.581639600396083,0.35855540896069593,0.5,0,1.9980359077453613,0.8805906772613525,1,1.7430874271756049e-06,1.4532226226469531,13.655051283777336,0,1,0.3382008304836123,0,1,fold_4
2024,sub20,rest01,5,5,0,-0.7095705326555084,0.3296937437187178,0.5,0,1.253293752670288,0.7778695225715637,1,1.7430874271756049e-06,1.4532226226469531,13.655051283777336,0,1,0.292856832951962,0,1,fold_4
2025,sub20,rest01,6,6,0,-0.7247250762738556,0.3263533387714232,0.5,0,1.1576623916625977,0.7609077095985413,1,1.7430874271756049e-06,1.4532226226469531,13.655051283777336,0,1,0.2595384490927269,0,1,fold_4
2026,sub20,rest01,7,7,1,-1.2294481632402243,0.22627802466402974,0.5,0,-0.5830526947975159,0.35823044180870056,1,1.7430874271756049e-06,1.4532226226469531,13.655051283777336,0,1,,,,fold_4
2027,sub20,rest01,8,8,0,-1.251021187925665,0.22252341636574507,0.5,0,-0.7461879253387451,0.32165250182151794,1,1.7430874271756049e-06,1.4532226226469531,13.655051283777336,0,1,0.22933380412302248,0,1,fold_4
2028,sub20,rest01,9,9,0,-1.2097878413146657,0.2297385921410125,0.5,0,-0.6615828275680542,0.3403841555118561,1,1.7430874271756049e-06,1.4532226226469531,13.655051283777336,0,1,0.23153036852107892,0,1,fold_4
2029,sub20,rest01,10,10,1,-1.183016402932842,0.23451027247200595,0.5,0,-0.5791871547698975,0.35911962389945984,1,1.7430874271756049e-06,1.4532226226469531,13.655051283777336,0,1,,,,fold_4
2030,sub20,rest01,11,11,0,-1.1761818514259974,0.2357394038623099,0.5,0,-0.5229517817497253,0.3721622824668884,1,1.7430874271756049e-06,1.4532226226469531,13.655051283777336,0,1,0.22996686725702872,0,1,fold_4
2031,sub20,rest01,12,12,0,-1.2133258479736362,0.22911310955991443,0.5,0,-0.6396117806434631,0.3453342914581299,1,1.7430874271756049e-06,1.4532226226469531,13.655051283777336,0,1,0.22744282468879717,0,1,fold_4
2032,sub20,rest01,13,13,1,-1.2108451568061973,0.22955154435724934,0.5,0,-0.5540480613708496,0.364925742149353,1,1.7430874271756049e-06,1.4532226226469531,13.655051283777336,0,1,,,,fold_4
2033,sub20,rest01,14,14,0,-1.236486872582581,0.2250480883488618,0.5,0,-0.6796251535415649,0.33634498715400696,1,1.7430874271756049e-06,1.4532226226469531,13.655051283777336,0,1,0.2269648602670398,0,1,fold_4
2034,sub20,rest01,15,15,0,-1.2186888202757868,0.22816727615761526,0.5,0,-0.6248106360435486,0.34868812561035156,1,1.7430874271756049e-06,1.4532226226469531,13.655051283777336,0,1,0.22735448002937556,0,1,fold_4
2035,sub20,rest01,16,16,1,-1.227746861367886,0.2265760209675135,0.5,0,-0.5667558908462524,0.3619857132434845,1,1.7430874271756049e-06,1.4532226226469531,13.655051283777336,0,1,,,,fold_4
2036,sub20,rest01,17,17,0,-1.2214622944530789,0.22767921629464236,0.5,0,-0.4425331950187683,0.3911375403404236,1,1.7430874271756049e-06,1.4532226226469531,13.655051283777336,0,1,0.22750656926386703,0,1,fold_4
2037,sub20,rest01,18,18,0,-1.2297970560858928,0.22621694763586905,0.5,0,-0.37291884422302246,0.4078359007835388,1,1.7430874271756049e-06,1.4532226226469531,13.655051283777336,0,1,0.2280933723416129,0,1,fold_4
2038,sub20,rest01,19,19,0,-1.2160997867822414,0.22862354386108968,0.5,0,-0.31491267681121826,0.42191606760025024,1,1.7430874271756049e-06,1.4532226226469531,13.655051283777336,0,1,0.2293325073722673,0,1,fold_4
2039,sub20,rest01,20,20,0,-1.211478083917792,0.22943962552787994,0.5,0,-0.3549128770828247,0.41219156980514526,1,1.7430874271756049e-06,1.4532226226469531,13.655051283777336,0,1,0.2317194325888424,0,1,fold_4
2040,sub20,rest01,21,21,0,-1.2086819221513947,0.22993435272783225,0.5,0,-0.3956942558288574,0.40234729647636414,1,1.7430874271756049e-06,1.4532226226469531,13.655051283777336,0,1,0.23710350910446124,0,1,fold_4
2041,sub20,rest01,22,22,0,-1.1759325668452258,0.2357843195108149,0.5,0,-0.24097788333892822,0.44004538655281067,1,1.7430874271756049e-06,1.4532226226469531,13.655051283777336,0,1,0.24232267655342934,0,1,fold_4
2042,sub20,rest01,23,23,0,-1.122262495474904,0.24559185507473658,0.5,0,0.26447880268096924,0.5657369494438171,1,1.7430874271756049e-06,1.4532226226469531,13.655051283777336,0,1,0.24559185507473658,0,1,fold_4
2043,sub20,rest02,0,24,0,-1.0878877096623294,0.25201624508340686,0.5,0,0.08679735660552979,0.5216857194900513,1,1.7430874271756049e-06,1.4532226226469531,13.655051283777336,0,1,0.2374132914478623,0,1,fold_4
2044,sub20,rest02,1,25,0,-1.2200991203059741,0.22791900771091356,0.5,0,-0.21646368503570557,0.4460943937301636,1,1.7430874271756049e-06,1.4532226226469531,13.655051283777336,0,1,0.23099885923320462,0,1,fold_4
2045,sub20,rest02,2,26,0,-1.19534347749842,0.23230462154926645,0.5,0,-0.17590367794036865,0.45613712072372437,1,1.7430874271756049e-06,1.4532226226469531,13.655051283777336,0,1,0.2333689976084553,0,1,fold_4
2046,sub20,rest02,3,27,0,-1.1927192748191449,0.23277294843943383,0.5,0,-0.21065473556518555,0.44753018021583557,1,1.7430874271756049e-06,1.4532226226469531,13.655051283777336,0,1,0.24557826659591317,0,1,fold_4
2047,sub20,rest02,4,28,0,-1.1801266619953577,0.23502942283666564,0.5,0,-0.19193005561828613,0.4521642327308655,1,1.7430874271756049e-06,1.4532226226469531,13.655051283777336,0,1,0.276862876970689,0,1,fold_4
2048,sub20,rest02,5,29,0,-1.0000457396112725,0.26893242851164,0.5,0,0.46586763858795166,0.6144052147865295,1,1.7430874271756049e-06,1.4532226226469531,13.655051283777336,0,1,0.3041470078989104,0,1,fold_4
2049,sub20,rest02,6,30,0,-0.7234815660792219,0.3266267795637614,0.5,0,1.3823611736297607,0.7993699312210083,1,1.7430874271756049e-06,1.4532226226469531,13.655051283777336,0,1,0.30844003065424486,0,1,fold_4
2050,sub20,rest02,7,31,0,-0.7681389987809379,0.3168818156213299,0.5,0,1.2314932346343994,0.7740798592567444,1,1.7430874271756049e-06,1.4532226226469531,13.655051283777336,0,1,0.2816340707906501,0,1,fold_4
2051,sub20,rest02,8,32,0,-0.9354936776157861,0.2818114967776433,0.5,0,0.6676898002624512,0.6609857082366943,1,1.7430874271756049e-06,1.4532226226469531,13.655051283777336,0,1,0.2584760151033167,0,1,fold_4
2052,sub20,rest02,9,33,0,-1.1189349114946714,0.24620889997297707,0.5,0,0.19758689403533936,0.5492366552352905,1,1.7430874271756049e-06,1.4532226226469531,13.655051283777336,0,1,0.2424391304246152,0,1,fold_4
2053,sub20,rest02,10,34,0,-1.1124863400180534,0.24740764855932976,0.5,0,0.22451019287109375,0.5558929443359375,1,1.7430874271756049e-06,1.4532226226469531,13.655051283777336,0,1,0.23990500704393805,0,1,fold_4
2054,sub20,rest02,11,35,0,-1.1875307906006296,0.23370084274153882,0.5,0,-0.09120750427246094,0.47721394896507263,1,1.7430874271756049e-06,1.4532226226469531,13.655051283777336,0,1,0.2334893299915253,0,1,fold_4
2055,sub20,rest02,12,36,0,-1.1603343912661546,0.23860652983094563,0.5,0,-0.012637138366699219,0.49684077501296997,1,1.7430874271756049e-06,1.4532226226469531,13.655051283777336,0,1,0.2305245859656697,0,1,fold_4
2056,sub20,rest02,13,37,0,-1.2187266315217364,0.22816061740209145,0.5,0,-0.2727872133255005,0.43222299218177795,1,1.7430874271756049e-06,1.4532226226469531,13.655051283777336,0,1,0.22861866093422786,0,1,fold_4
2057,sub20,rest02,14,38,0,-1.237872008396528,0.22480661066397198,0.5,0,-0.3942277431488037,0.4026999771595001,1,1.7430874271756049e-06,1.4532226226469531,13.655051283777336,0,1,0.23173789244165097,0,1,fold_4
2058,sub20,rest02,15,39,0,-1.1920709382378274,0.23288875473662013,0.5,0,-0.1719428300857544,0.4571198523044586,1,1.7430874271756049e-06,1.4532226226469531,13.655051283777336,0,1,0.2380094549091174,0,1,fold_4
2059,sub20,rest02,16,40,0,-1.1663337692128417,0.23751831192436082,0.5,0,-0.05895864963531494,0.4852645993232727,1,1.7430874271756049e-06,1.4532226226469531,13.655051283777336,0,1,0.23989851507888874,0,1,fold_4
2060,sub20,rest02,17,41,0,-1.1329272167405353,0.24362129806637123,0.5,0,0.13361799716949463,0.5333548784255981,1,1.7430874271756049e-06,1.4532226226469531,13.655051283777336,0,1,0.2372248161911834,0,1,fold_4
2061,sub20,rest02,18,42,0,-1.1606129034408446,0.23855593524593427,0.5,0,0.11737334728240967,0.5293096899986267,1,1.7430874271756049e-06,1.4532226226469531,13.655051283777336,0,1,0.23264499390899743,0,1,fold_4
2062,sub20,rest02,19,43,0,-1.2111523734615444,0.22949721526124472,0.5,0,-0.28303444385528564,0.4297100007534027,1,1.7430874271756049e-06,1.4532226226469531,13.655051283777336,0,1,0.23030494392058024,0,1,fold_4
2063,sub20,rest02,20,44,0,-1.2089785694320776,0.22988183121981334,0.5,0,-0.3437683582305908,0.41489437222480774,1,1.7430874271756049e-06,1.4532226226469531,13.655051283777336,0,1,0.23020010972016416,0,1,fold_4
2064,sub20,rest02,21,45,0,-1.199659555166559,0.2315357852806826,0.5,0,-0.33636367321014404,0.4166930615901947,1,1.7430874271756049e-06,1.4532226226469531,13.655051283777336,0,1,0.23303372870299996,0,1,fold_4
2065,sub20,rest02,22,46,0,-1.2129318067766324,0.2291827126599965,0.5,0,-0.06466555595397949,0.4838392734527588,1,1.7430874271756049e-06,1.4532226226469531,13.655051283777336,0,1,0.23531602966554602,0,1,fold_4
2066,sub20,rest02,23,47,0,-1.1615668982793903,0.23838268816832076,0.5,0,0.27715587615966797,0.5688487887382507,1,1.7430874271756049e-06,1.4532226226469531,13.655051283777336,0,1,0.23838268816832076,0,1,fold_4
2067,sub20,task02,0,48,0,0.6736643637527261,0.6623231853361791,0.5,1,6.106764793395996,0.9977771639823914,1,1.7430874271756049e-06,1.4532226226469531,13.655051283777336,1,1,0.6826415455281739,1,1,fold_4
2068,sub20,task02,1,49,0,0.7420368219732243,0.6774410924583785,0.5,1,6.033881187438965,0.9976094961166382,1,1.7430874271756049e-06,1.4532226226469531,13.655051283777336,1,1,0.7038979610471724,1,1,fold_4
2069,sub20,task02,2,50,0,0.8864660860347353,0.7081603587899641,0.5,1,5.781959533691406,0.9969268441200256,1,1.7430874271756049e-06,1.4532226226469531,13.655051283777336,1,1,0.7311882767851663,1,1,fold_4
2070,sub20,task02,3,51,0,0.9748866165785718,0.7260924318931743,0.5,1,6.114709854125977,0.9977947473526001,1,1.7430874271756049e-06,1.4532226226469531,13.655051283777336,1,1,0.7382640538824684,1,1,fold_4
2071,sub20,task02,4,52,0,1.1489114882456415,0.7593120396723604,0.5,1,6.3384199142456055,0.9982360601425171,1,1.7430874271756049e-06,1.4532226226469531,13.655051283777336,1,1,0.7054431147570895,1,1,fold_4
2072,sub20,task02,5,53,0,0.9915181955594867,0.7293876900818707,0.5,1,6.388176918029785,0.9983214735984802,1,1.7430874271756049e-06,1.4532226226469531,13.655051283777336,1,1,0.632056532255087,1,1,fold_4
2073,sub20,task02,6,54,0,0.5220611878422108,0.6276296145170375,0.5,1,4.188551902770996,0.9850584268569946,1,1.7430874271756049e-06,1.4532226226469531,13.655051283777336,1,1,0.6141393369427729,1,1,fold_4
2074,sub20,task02,7,55,0,0.15693044011598545,0.5391522921663526,0.5,1,3.1611454486846924,0.9593456983566284,1,1.7430874271756049e-06,1.4532226226469531,13.655051283777336,1,1,0.6568366391587036,1,1,fold_4
2075,sub20,task02,8,56,0,0.7337886027227306,0.6756361041449288,0.5,1,4.7385053634643555,0.9913241863250732,1,1.7430874271756049e-06,1.4532226226469531,13.655051283777336,1,1,0.7273659506735557,1,1,fold_4
2076,sub20,task02,9,57,0,1.1293640688720368,0.7557215211648295,0.5,1,7.43758487701416,0.9994117021560669,1,1.7430874271756049e-06,1.4532226226469531,13.655051283777336,1,1,0.7369696307479309,1,1,fold_4
2077,sub20,task02,10,58,0,1.1025640698826618,0.7507402267109089,0.5,1,6.357416152954102,0.9982690811157227,1,1.7430874271756049e-06,1.4532226226469531,13.655051283777336,1,1,0.7052130370705713,1,1,fold_4
2078,sub20,task02,11,59,0,0.8685656134689197,0.704447144368054,0.5,1,5.298088073730469,0.9950237274169922,1,1.7430874271756049e-06,1.4532226226469531,13.655051283777336,1,1,0.6977023826961117,1,1,fold_4
2079,sub20,task02,12,60,0,0.6653079689084272,0.660451740132751,0.5,1,4.838500022888184,0.9921432733535767,1,1.7430874271756049e-06,1.4532226226469531,13.655051283777336,1,1,0.7153089990643663,1,1,fold_4
2080,sub20,task02,13,61,0,0.9855509855780857,0.7282082635875304,0.5,1,6.15069580078125,0.9978725910186768,1,1.7430874271756049e-06,1.4532226226469531,13.655051283777336,1,1,0.7032557120760504,1,1,fold_4
2081,sub20,task02,14,62,0,1.1377537899757608,0.7572669934728173,0.5,1,6.352799415588379,0.9982611536979675,1,1.7430874271756049e-06,1.4532226226469531,13.655051283777336,1,1,0.6646923559659176,1,1,fold_4
2082,sub20,task02,15,63,0,0.5078054465322712,0.6242918791678035,0.5,1,4.263416290283203,0.9861212372779846,1,1.7430874271756049e-06,1.4532226226469531,13.655051283777336,1,1,0.6120403533361253,1,1,fold_4
2083,sub20,task02,16,64,0,0.4579097563312257,0.6125181952571318,0.5,1,3.8172824382781982,0.9784855842590332,1,1.7430874271756049e-06,1.4532226226469531,13.655051283777336,1,1,0.6533037156247099,1,1,fold_4
2084,sub20,task02,17,65,0,0.4025950367020363,0.5993109855834404,0.5,1,3.8447539806365967,0.9790563583374023,1,1.7430874271756049e-06,1.4532226226469531,13.655051283777336,1,1,0.6962899862961841,1,1,fold_4
2085,sub20,task02,18,66,0,1.0884087796654396,0.7480819660335576,0.5,1,6.761701583862305,0.9988440275192261,1,1.7430874271756049e-06,1.4532226226469531,13.655051283777336,1,1,0.7503253823210181,1,1,fold_4
2086,sub20,task02,19,67,0,1.0536595159793374,0.7414770072715542,0.5,1,5.984801292419434,0.9974895715713501,1,1.7430874271756049e-06,1.4532226226469531,13.655051283777336,1,1,0.7476033964754709,1,1,fold_4
2087,sub20,task02,20,68,0,1.160464868762247,0.7614171736579425,0.5,1,6.993882179260254,0.999083399772644,1,1.7430874271756049e-06,1.4532226226469531,13.655051283777336,1,1,0.7482486569216261,1,1,fold_4
2088,sub20,task02,21,69,0,1.0455320546345757,0.739916008496916,0.5,1,6.26711368560791,0.9981058835983276,1,1.7430874271756049e-06,1.4532226226469531,13.655051283777336,1,1,0.7227954687852448,1,1,fold_4
2089,sub20,task02,22,70,0,1.0637828483393164,0.7434127886100195,0.5,1,6.094812393188477,0.9977505803108215,1,1.7430874271756049e-06,1.4532226226469531,13.655051283777336,1,1,0.6943660992064306,1,1,fold_4
2090,sub20,task02,23,71,0,0.77711320022333,0.6850576092487989,0.5,1,5.391997337341309,0.9954677820205688,1,1.7430874271756049e-06,1.4532226226469531,13.655051283777336,1,1,0.6731697629492271,1,1,fold_4
2091,sub20,task02,24,72,0,0.639444595009553,0.6546278997604734,0.5,1,4.896711349487305,0.9925843477249146,1,1.7430874271756049e-06,1.4532226226469531,13.655051283777336,1,1,0.6844551360972234,1,1,fold_4
2092,sub20,task02,25,73,0,0.7529620850634839,0.6798237798384091,0.5,1,5.590662002563477,0.9962813258171082,1,1.7430874271756049e-06,1.4532226226469531,13.655051283777336,1,1,0.6878613884374638,1,1,fold_4
2093,sub20,task02,26,74,0,0.9390797250696863,0.7189137286927874,0.5,1,6.287949562072754,0.9981448650360107,1,1.7430874271756049e-06,1.4532226226469531,13.655051283777336,1,1,0.6746973109179405,1,1,fold_4
2094,sub20,task02,27,75,0,0.6849682547138256,0.6648466567811951,0.5,1,4.540782928466797,0.9894474744796753,1,1.7430874271756049e-06,1.4532226226469531,13.655051283777336,1,1,0.6414947386913664,1,1,fold_4
2095,sub20,task02,28,76,0,0.5768034424052909,0.640331547279839,0.5,1,4.374850273132324,0.9875664710998535,1,1.7430874271756049e-06,1.4532226226469531,13.655051283777336,1,1,0.6718977312489564,1,1,fold_4
2096,sub20,task02,29,77,0,0.4866036443852674,0.619306012013065,0.5,1,4.243095397949219,0.9858403205871582,1,1.7430874271756049e-06,1.4532226226469531,13.655051283777336,1,1,0.7110089764334643,1,1,fold_4
2097,sub20,task02,30,78,0,1.1311747747817293,0.7560556344539647,0.5,1,6.751421928405762,0.9988321661949158,1,1.7430874271756049e-06,1.4532226226469531,13.655051283777336,1,1,0.7536974712635774,1,1,fold_4
2098,sub20,task02,31,79,0,1.1399218094390744,0.7576652828333629,0.5,1,7.286736488342285,0.9993159770965576,1,1.7430874271756049e-06,1.4532226226469531,13.655051283777336,1,1,0.7397877238035657,1,1,fold_4
2099,sub20,task02,32,80,0,1.0846423354580796,0.7473714965034047,0.5,1,7.263381004333496,0.9992997646331787,1,1.7430874271756049e-06,1.4532226226469531,13.655051283777336,1,1,0.7097442949810309,1,1,fold_4
2100,sub20,task02,33,81,0,0.9164900615507741,0.7143263920739295,0.5,1,6.103418350219727,0.997769832611084,1,1.7430874271756049e-06,1.4532226226469531,13.655051283777336,1,1,0.6617759980079885,1,1,fold_4
2101,sub20,task02,34,82,0,0.6970572155837644,0.6675349963657583,0.5,1,5.632563591003418,0.9964333772659302,1,1.7430874271756049e-06,1.4532226226469531,13.655051283777336,1,1,0.6248227358447712,1,1,fold_4
2102,sub20,task02,35,83,0,0.41993044391323475,0.6034666055842777,0.5,1,5.605749130249023,0.996336817741394,1,1.7430874271756049e-06,1.4532226226469531,13.655051283777336,1,1,0.6034666055842777,1,1,fold_4
2103,sub20,rest04,0,84,0,-1.061267806473758,0.25706724978819206,0.5,0,0.27595794200897217,0.5685549974441528,1,1.7430874271756049e-06,1.4532226226469531,13.655051283777336,1,0,0.2558677726834714,0,0,fold_4
2104,sub20,rest04,1,85,0,-1.2017158081861905,0.23117012440551543,0.5,0,-0.09099900722503662,0.47726595401763916,1,1.7430874271756049e-06,1.4532226226469531,13.655051283777336,1,0,0.2613581640278072,0,0,fold_4
2105,sub20,rest04,2,86,0,-0.9476089088952442,0.27936594385670666,0.5,0,0.6018502712249756,0.6460795402526855,1,1.7430874271756049e-06,1.4532226226469531,13.655051283777336,1,0,0.3156684491590345,0,0,fold_4
2106,sub20,rest04,3,87,0,-0.976743491377265,0.27353842382119953,0.5,0,0.5029972791671753,0.6231634616851807,1,1.7430874271756049e-06,1.4532226226469531,13.655051283777336,1,0,0.42654655925914,0,0,fold_4
2107,sub20,rest04,4,88,0,-0.4301061684855756,0.39410097979919745,0.5,0,1.722391128540039,0.8484365940093994,1,1.7430874271756049e-06,1.4532226226469531,13.655051283777336,1,0,0.5860681007487251,1,1,fold_4
2108,sub20,rest04,5,89,0,0.45572809744845894,0.612000274157023,0.5,1,4.108150482177734,0.9838277101516724,1,1.7430874271756049e-06,1.4532226226469531,13.655051283777336,1,1,0.7118212500030299,1,1,fold_4
2109,sub20,rest04,6,90,0,1.109860204346701,0.752103048289955,0.5,1,7.018754005432129,0.9991058707237244,1,1.7430874271756049e-06,1.4532226226469531,13.655051283777336,1,1,0.7496236065087724,1,1,fold_4
2110,sub20,rest04,7,91,0,1.2160089007970332,0.7713604275621115,0.5,1,8.669538497924805,0.9998282194137573,1,1.7430874271756049e-06,1.4532226226469531,13.655051283777336,1,1,0.6688722729908813,1,1,fold_4
2111,sub20,rest04,8,92,0,0.9714446006108671,0.7254073436742506,0.5,1,5.501824378967285,0.9959372282028198,1,1.7430874271756049e-06,1.4532226226469531,13.655051283777336,1,1,0.4892972737635482,0,0,fold_4
2112,sub20,rest04,9,93,0,0.039401287568938584,0.5098490477362815,0.5,1,2.467651605606079,0.9218427538871765,1,1.7430874271756049e-06,1.4532226226469531,13.655051283777336,1,1,0.3234811677421733,0,0,fold_4
2113,sub20,rest04,10,94,0,-1.1934894584697497,0.2326354298801126,0.5,0,-0.20888173580169678,0.44796860218048096,1,1.7430874271756049e-06,1.4532226226469531,13.655051283777336,1,0,0.22828542217376793,0,0,fold_4
2114,sub20,rest04,11,95,0,-1.2198717236828958,0.2279590256101257,0.5,0,-0.3431140184402466,0.41505324840545654,1,1.7430874271756049e-06,1.4532226226469531,13.655051283777336,1,0,0.22617135859405668,0,0,fold_4
2115,sub20,rest04,12,96,0,-1.2410009093198733,0.22426181103106554,0.5,0,-0.47480565309524536,0.38347944617271423,1,1.7430874271756049e-06,1.4532226226469531,13.655051283777336,1,0,0.23125007244457177,0,0,fold_4
2116,sub20,rest04,13,97,0,-1.2293612633184203,0.2262932391409788,0.5,0,-0.3418445587158203,0.4153614640235901,1,1.7430874271756049e-06,1.4532226226469531,13.655051283777336,1,0,0.31198116610552035,0,0,fold_4
2117,sub20,rest04,14,98,0,-1.1352411255765857,0.24319516716167094,0.5,0,-0.010403871536254883,0.4973990321159363,1,1.7430874271756049e-06,1.4532226226469531,13.655051283777336,1,0,0.4591029154329846,0,0,fold_4
2118,sub20,rest04,15,99,0,-0.1343814934939024,0.4664550920139114,0.5,0,2.3977692127227783,0.916657030582428,1,1.7430874271756049e-06,1.4532226226469531,13.655051283777336,1,0,0.6207532989143484,1,1,fold_4
2119,sub20,rest04,16,100,0,0.6976137025259955,0.6676584871233714,0.5,1,5.35727596282959,0.9953083395957947,1,1.7430874271756049e-06,1.4532226226469531,13.655051283777336,1,1,0.7045566221873779,1,1,fold_4
2120,sub20,rest04,17,101,0,0.9852380245396202,0.7281463176057625,0.5,1,6.614988327026367,0.9986616373062134,1,1.7430874271756049e-06,1.4532226226469531,13.655051283777336,1,1,0.7277786032951635,1,1,fold_4
2121,sub20,rest04,18,102,0,0.9338961545904573,0.7178650618329998,0.5,1,5.9933013916015625,0.9975107908248901,1,1.7430874271756049e-06,1.4532226226469531,13.655051283777336,1,1,0.7390939432910697,1,1,fold_4
2122,sub20,rest04,19,103,0,1.0321083046081634,0.7373244304467281,0.5,1,6.575701713562012,0.9986081719398499,1,1.7430874271756049e-06,1.4532226226469531,13.655051283777336,1,1,0.7520960957121599,1,1,fold_4
2123,sub20,rest04,20,104,0,1.1641851009808,0.762092337593481,0.5,1,7.783672332763672,0.9995836615562439,1,1.7430874271756049e-06,1.4532226226469531,13.655051283777336,1,1,0.7549672546875691,1,1,fold_4
2124,sub20,rest04,21,105,0,1.135603483637701,0.7568715190962702,0.5,1,9.023187637329102,0.9998793601989746,1,1.7430874271756049e-06,1.4532226226469531,13.655051283777336,1,1,0.74719108085482,1,1,fold_4
2125,sub20,rest04,22,106,0,1.0770636663502482,0.7459379073729561,0.5,1,8.917604446411133,0.9998660087585449,1,1.7430874271756049e-06,1.4532226226469531,13.655051283777336,1,1,0.7411551798544745,1,1,fold_4
2126,sub20,rest04,23,107,0,1.0395533532300674,0.7387638160952338,0.5,1,9.413973808288574,0.9999184608459473,1,1.7430874271756049e-06,1.4532226226469531,13.655051283777336,1,1,0.7387638160952338,1,1,fold_4
0,sub1,rest01,0,0,0,-1.3710080774609255,0.20245702517624253,0.5,0,-0.3694295883178711,0.40867888927459717,1,3.1596854317106346e-06,1.3816381660283101,15.554343401789385,0,1,0.19993525896336117,0,1,fold_5
1,sub1,rest01,1,1,0,-1.3895618496875197,0.19947771426266317,0.5,0,-0.47654688358306885,0.3830678462982178,1,3.1596854317106346e-06,1.3816381660283101,15.554343401789385,0,1,0.19745242180290798,0,1,fold_5
2,sub1,rest01,2,2,0,-1.3996539036370075,0.1978710374511778,0.5,0,-0.5060498714447021,0.3761199712753296,1,3.1596854317106346e-06,1.3816381660283101,15.554343401789385,0,1,0.1962364357450317,0,1,fold_5
3,sub1,rest01,3,3,0,-1.417788483759712,0.19500851369488298,0.5,0,-0.6088394522666931,0.352323979139328,1,3.1596854317106346e-06,1.3816381660283101,15.554343401789385,0,1,0.19491553676534243,0,1,fold_5
4,sub1,rest01,4,4,0,-1.4125653025178646,0.19582975608903436,0.5,0,-0.5059710144996643,0.37613847851753235,1,3.1596854317106346e-06,1.3816381660283101,15.554343401789385,0,1,0.19420815403813307,0,1,fold_5
5,sub1,rest01,5,5,0,-1.4248118816634332,0.1939083405121099,0.5,0,-0.6812314391136169,0.33598652482032776,1,3.1596854317106346e-06,1.3816381660283101,15.554343401789385,0,1,0.19384923948336408,0,1,fold_5
6,sub1,rest01,6,6,0,-1.4313632335871138,0.192886365513255,0.5,0,-0.7814512848854065,0.3140071630477905,1,3.1596854317106346e-06,1.3816381660283101,15.554343401789385,0,1,0.19529923063008636,0,1,fold_5
7,sub1,rest01,7,7,1,-1.3812169475554847,0.20081362375364686,0.5,0,-0.6836467385292053,0.33544787764549255,1,3.1596854317106346e-06,1.3816381660283101,15.554343401789385,0,1,,,,fold_5
8,sub1,rest01,8,8,0,-1.4194168944294474,0.19475301242472734,0.5,0,-0.7140179872512817,0.3287116289138794,1,3.1596854317106346e-06,1.3816381660283101,15.554343401789385,0,1,0.19722059255286917,0,1,fold_5
9,sub1,rest01,9,9,0,-1.3972156724197813,0.19825831395227675,0.5,0,-0.6551350951194763,0.34183329343795776,1,3.1596854317106346e-06,1.3816381660283101,15.554343401789385,0,1,0.19768922902599906,0,1,fold_5
10,sub1,rest01,10,10,1,-1.4045284034347696,0.19709850541251497,0.5,0,-0.7109586000442505,0.32938703894615173,1,3.1596854317106346e-06,1.3816381660283101,15.554343401789385,0,1,,,,fold_5
11,sub1,rest01,11,11,0,-1.3947504882874353,0.19865045128160336,0.5,0,-0.7522674798965454,0.32032743096351624,1,3.1596854317106346e-06,1.3816381660283101,15.554343401789385,0,1,0.1999831656341308,0,1,fold_5
12,sub1,rest01,12,12,0,-1.4104764292314427,0.19615892184411707,0.5,0,-0.7364141941070557,0.32378873229026794,1,3.1596854317106346e-06,1.3816381660283101,15.554343401789385,0,1,0.2099367094727372,0,1,fold_5
13,sub1,rest01,13,13,1,-1.3680392995330655,0.2029368118013922,0.5,0,-0.7458188533782959,0.3217330276966095,1,3.1596854317106346e-06,1.3816381660283101,15.554343401789385,0,1,,,,fold_5
14,sub1,rest01,14,14,0,-1.354472566540838,0.205140123776672,0.5,0,-0.6522628664970398,0.34247979521751404,1,3.1596854317106346e-06,1.3816381660283101,15.554343401789385,0,1,0.2204124712380492,0,1,fold_5
15,sub1,rest01,15,15,0,-1.2167375948871215,0.22851108279742244,0.5,0,-0.28043806552886963,0.43034639954566956,1,3.1596854317106346e-06,1.3816381660283101,15.554343401789385,0,1,0.21942890875103213,0,1,fold_5
16,sub1,rest01,16,16,1,-1.2379501627622937,0.22479299110511647,0.5,0,-0.3870049715042114,0.4044385254383087,1,3.1596854317106346e-06,1.3816381660283101,15.554343401789385,0,1,,,,fold_5
17,sub1,rest01,17,17,0,-1.2219913084434366,0.22758620714005315,0.5,0,-0.266987681388855,0.4336467385292053,1,3.1596854317106346e-06,1.3816381660283101,15.554343401789385,0,1,0.2087064321492349,0,1,fold_5
18,sub1,rest01,18,18,0,-1.3726661189210476,0.2021894363156208,0.5,0,-0.7005395889282227,0.3316926062107086,1,3.1596854317106346e-06,1.3816381660283101,15.554343401789385,0,1,0.20088783523280104,0,1,fold_5
19,sub1,rest01,19,19,0,-1.4093052931795507,0.19634365299203074,0.5,0,-0.5816094279289246,0.3585623502731323,1,3.1596854317106346e-06,1.3816381660283101,15.554343401789385,0,1,0.20020657197863004,0,1,fold_5
20,sub1,rest01,20,20,0,-1.3606762471196665,0.20413041639075158,0.5,0,-0.455464243888855,0.38806238770484924,1,3.1596854317106346e-06,1.3816381660283101,15.554343401789385,0,1,0.20187723306608898,0,1,fold_5
21,sub1,rest01,21,21,0,-1.3853843186211798,0.2001456465531079,0.5,0,-0.5538800954818726,0.36496466398239136,1,3.1596854317106346e-06,1.3816381660283101,15.554343401789385,0,1,0.20228799904388517,0,1,fold_5
22,sub1,rest01,22,22,0,-1.377843065754446,0.20135563625440753,0.5,0,-0.5279138684272766,0.37100356817245483,1,3.1596854317106346e-06,1.3816381660283101,15.554343401789385,0,1,0.20402702163422926,0,1,fold_5
23,sub1,rest01,23,23,0,-1.3531080122402286,0.20536271432414013,0.5,0,-0.4673585891723633,0.38524162769317627,1,3.1596854317106346e-06,1.3816381660283101,15.554343401789385,0,1,0.20536271432414013,0,1,fold_5
24,sub1,rest02,0,24,0,-1.3510598210785325,0.205697158036129,0.5,0,-0.48752301931381226,0.38047727942466736,1,3.1596854317106346e-06,1.3816381660283101,15.554343401789385,0,1,0.20426506528829505,0,1,fold_5
25,sub1,rest02,1,25,0,-1.4014512405111148,0.1975859224774843,0.5,0,-0.47493666410446167,0.38344845175743103,1,3.1596854317106346e-06,1.3816381660283101,15.554343401789385,0,1,0.20850511470134248,0,1,fold_5
26,sub1,rest02,2,26,0,-1.3278687628153936,0.20951211535127195,0.5,0,-0.23812484741210938,0.44074851274490356,1,3.1596854317106346e-06,1.3816381660283101,15.554343401789385,0,1,0.21377597758827147,0,1,fold_5
27,sub1,rest02,3,27,0,-1.2749134764522798,0.2184173062752712,0.5,0,-0.10293376445770264,0.47428926825523376,1,3.1596854317106346e-06,1.3816381660283101,15.554343401789385,0,1,0.21514201938925184,0,1,fold_5
28,sub1,rest02,4,28,0,-1.304560390792935,0.21339851113827127,0.5,0,-0.31569886207580566,0.4217243194580078,1,3.1596854317106346e-06,1.3816381660283101,15.554343401789385,0,1,0.20983933695716236,0,1,fold_5
29,sub1,rest02,5,29,0,-1.3032994968832727,0.2136102407542131,0.5,0,-0.35297203063964844,0.41266191005706787,1,3.1596854317106346e-06,1.3816381660283101,15.554343401789385,0,1,0.2047987991481417,0,1,fold_5
30,sub1,rest02,6,30,0,-1.370684615732171,0.20250925897900268,0.5,0,-0.5460883975028992,0.3667724132537842,1,3.1596854317106346e-06,1.3816381660283101,15.554343401789385,0,1,0.20198224798851983,0,1,fold_5
31,sub1,rest02,7,31,0,-1.3970987622289504,0.19827689771120927,0.5,0,-0.5152475833892822,0.3739641606807709,1,3.1596854317106346e-06,1.3816381660283101,15.554343401789385,0,1,0.21130594434365493,0,1,fold_5
32,sub1,rest02,8,32,0,-1.3543470726369138,0.20516058727534747,0.5,0,-0.3432091474533081,0.41503018140792847,1,3.1596854317106346e-06,1.3816381660283101,15.554343401789385,0,1,0.22495264182025188,0,1,fold_5
33,sub1,rest02,9,33,0,-1.2056008906963795,0.23048034804440812,0.5,0,0.13364768028259277,0.5333622694015503,1,3.1596854317106346e-06,1.3816381660283101,15.554343401789385,0,1,0.23301262327544006,0,1,fold_5
34,sub1,rest02,10,34,0,-1.1569771304688474,0.239216990141,0.5,0,0.28943705558776855,0.5718583464622498,1,3.1596854317106346e-06,1.3816381660283101,15.554343401789385,0,1,0.22816814572416766,0,1,fold_5
35,sub1,rest02,11,35,0,-1.2120386639742962,0.2293405316409121,0.5,0,0.09233832359313965,0.5230681896209717,1,3.1596854317106346e-06,1.3816381660283101,15.554343401789385,0,1,0.23072380201072692,0,1,fold_5
36,sub1,rest02,12,36,0,-1.2894441126200549,0.21594691539059085,0.5,0,-0.27430152893066406,0.4318513870239258,1,3.1596854317106346e-06,1.3816381660283101,15.554343401789385,0,1,0.23639402802977907,0,1,fold_5
37,sub1,rest02,13,37,0,-1.115300896219797,0.24688395900067783,0.5,0,0.19473743438720703,0.5485311150550842,1,3.1596854317106346e-06,1.3816381660283101,15.554343401789385,0,1,0.24019308661180772,0,1,fold_5
38,sub1,rest02,14,38,0,-1.1181682646727955,0.24635120969806862,0.5,0,0.22808551788330078,0.5567754507064819,1,3.1596854317106346e-06,1.3816381660283101,15.554343401789385,0,1,0.22651965502481866,0,1,fold_5
39,sub1,rest02,15,39,0,-1.2233691224082133,0.2273440911366767,0.5,0,-0.10114550590515137,0.4747351408004761,1,3.1596854317106346e-06,1.3816381660283101,15.554343401789385,0,1,0.21245837026957845,0,1,fold_5
40,sub1,rest02,16,40,0,-1.3500410284054765,0.20586366423971067,0.5,0,-0.4137972593307495,0.3980019688606262,1,3.1596854317106346e-06,1.3816381660283101,15.554343401789385,0,1,0.21056030414856494,0,1,fold_5
41,sub1,rest02,17,41,0,-1.3604488909303947,0.20416735543234796,0.5,0,-0.4257408380508423,0.3951438367366791,1,3.1596854317106346e-06,1.3816381660283101,15.554343401789385,0,1,0.21590947233976496,0,1,fold_5
42,sub1,rest02,18,42,0,-1.2560773548163484,0.2216498927736362,0.5,0,-0.2012169361114502,0.44986483454704285,1,3.1596854317106346e-06,1.3816381660283101,15.554343401789385,0,1,0.22404650451250316,0,1,fold_5
43,sub1,rest02,19,43,0,-1.2545635352495437,0.2219111688133107,0.5,0,-0.1930844783782959,0.45187827944755554,1,3.1596854317106346e-06,1.3816381660283101,15.554343401789385,0,1,0.22936283809872285,0,1,fold_5
44,sub1,rest02,20,44,0,-1.2163554930910507,0.22857845195056264,0.5,0,-0.1672220230102539,0.4582916498184204,1,3.1596854317106346e-06,1.3816381660283101,15.554343401789385,0,1,0.24462853908738383,0,1,fold_5
45,sub1,rest02,21,45,0,-1.1658888730074222,0.23759889353229524,0.5,0,0.0645437240600586,0.5161303281784058,1,3.1596854317106346e-06,1.3816381660283101,15.554343401789385,0,1,0.2679467794054137,0,1,fold_5
46,sub1,rest02,22,46,0,-1.0062811209016809,0.26770827177929357,0.5,0,0.3663969039916992,0.5905880928039551,1,3.1596854317106346e-06,1.3816381660283101,15.554343401789385,0,1,0.29483371470886527,0,1,fold_5
47,sub1,rest02,23,47,0,-0.8542925512263172,0.2985331729046524,0.5,0,0.6692512035369873,0.6613354682922363,1,3.1596854317106346e-06,1.3816381660283101,15.554343401789385,0,1,0.3116841905966507,0,1,fold_5
48,sub1,rest02,24,48,0,-0.7617810799477185,0.3182596994426498,0.5,0,0.976348876953125,0.7263831496238708,1,3.1596854317106346e-06,1.3816381660283101,15.554343401789385,0,1,0.3182596994426498,0,1,fold_5
49,sub1,task02,0,49,0,0.6951636527842081,0.6671146209057238,0.5,1,3.3784475326538086,0.9670242071151733,1,3.1596854317106346e-06,1.3816381660283101,15.554343401789385,1,1,0.6639410050036277,1,1,fold_5
50,sub1,task02,1,50,0,0.9507022812101451,0.7212563905132943,0.5,1,3.7361292839050293,0.9767091274261475,1,3.1596854317106346e-06,1.3816381660283101,15.554343401789385,1,1,0.6999295665911495,1,1,fold_5
51,sub1,task02,2,51,0,0.41986942332826743,0.6034520035918651,0.5,1,2.6862945556640625,0.9362131357192993,1,3.1596854317106346e-06,1.3816381660283101,15.554343401789385,1,1,0.712401254974719,1,1,fold_5
52,sub1,task02,3,52,0,1.2372232197881456,0.7750803056682891,0.5,1,4.321364879608154,0.9868924021720886,1,3.1596854317106346e-06,1.3816381660283101,15.554343401789385,1,1,0.7768192448053434,1,1,fold_5
53,sub1,task02,4,53,0,1.1454095593357347,0.7586714556640025,0.5,1,3.964478015899658,0.9813755750656128,1,3.1596854317106346e-06,1.3816381660283101,15.554343401789385,1,1,0.7779261785627044,1,1,fold_5
54,sub1,task02,5,54,0,1.3658323540746566,0.7967059730837388,0.5,1,5.068714618682861,0.9937487840652466,1,3.1596854317106346e-06,1.3816381660283101,15.554343401789385,1,1,0.7783086051304413,1,1,fold_5
55,sub1,task02,6,55,0,1.2563729932998065,0.7784011069403716,0.5,1,4.759554862976074,0.9915033578872681,1,3.1596854317106346e-06,1.3816381660283101,15.554343401789385,1,1,0.7546200885707658,1,1,fold_5
56,sub1,task02,7,56,0,1.1516859911645663,0.7598187353672136,0.5,1,4.261794567108154,0.9860990047454834,1,3.1596854317106346e-06,1.3816381660283101,15.554343401789385,1,1,0.7498146905302668,1,1,fold_5
57,sub1,task02,8,57,0,0.9726150381794897,0.725640423404712,0.5,1,3.995175361633301,0.9819283485412598,1,3.1596854317106346e-06,1.3816381660283101,15.554343401789385,1,1,0.7648433638078881,1,1,fold_5
58,sub1,task02,9,58,0,1.1746523096364248,0.7639849128188752,0.5,1,4.3057169914245605,0.9866884350776672,1,3.1596854317106346e-06,1.3816381660283101,15.554343401789385,1,1,0.7904396214772644,1,1,fold_5
59,sub1,task02,10,59,0,1.4172360797073045,0.8049047552000768,0.5,1,5.349480628967285,0.9952718615531921,1,3.1596854317106346e-06,1.3816381660283101,15.554343401789385,1,1,0.8014252066705613,1,1,fold_5
60,sub1,task02,11,60,0,1.401546603071551,0.8024291964128414,0.5,1,6.200562953948975,0.997975766658783,1,3.1596854317106346e-06,1.3816381660283101,15.554343401789385,1,1,0.7987708444034576,1,1,fold_5
61,sub1,task02,12,61,0,1.3672882015969787,0.7969416683987656,0.5,1,6.190652847290039,0.9979556798934937,1,3.1596854317106346e-06,1.3816381660283101,15.554343401789385,1,1,0.7969416683987656,1,1,fold_5
929,sub10,rest01,0,0,0,-0.9770967886623344,0.27346822391391,0.5,0,0.1982971429824829,0.5494124889373779,1,1.883681068763392e-06,1.5283146833926322,14.987926193853927,0,1,0.24434676753187912,0,1,fold_5
930,sub10,rest01,1,1,0,-1.24291600362146,0.2239288209836637,0.5,0,-0.6806919574737549,0.33610689640045166,1,1.883681068763392e-06,1.5283146833926322,14.987926193853927,0,1,0.23310922891392893,0,1,fold_5
931,sub10,rest01,2,2,0,-1.176715578917557,0.23564325769806366,0.5,0,-0.43712472915649414,0.3924262821674347,1,1.883681068763392e-06,1.5283146833926322,14.987926193853927,0,1,0.23700437858063853,0,1,fold_5
932,sub10,rest01,3,3,0,-1.1540198451575756,0.23975560806005952,0.5,0,-0.3361271619796753,0.4167505204677582,1,1.883681068763392e-06,1.5283146833926322,14.987926193853927,0,1,0.23393251997958384,0,1,fold_5
933,sub10,rest01,4,4,0,-1.1768765253415014,0.23561426998379242,0.5,0,-0.45063167810440063,0.38921061158180237,1,1.883681068763392e-06,1.5283146833926322,14.987926193853927,0,1,0.2304677993150924,0,1,fold_5
934,sub10,rest01,5,5,0,-1.2285935515756652,0.22642768189489954,0.5,0,-0.6528807878494263,0.3423406183719635,1,1.883681068763392e-06,1.5283146833926322,14.987926193853927,0,1,0.22924537352593466,0,1,fold_5
935,sub10,rest01,6,6,0,-1.2119203356536765,0.22936144606658518,0.5,0,-0.6579638719558716,0.3411971628665924,1,1.883681068763392e-06,1.5283146833926322,14.987926193853927,0,1,0.23062590978156136,0,1,fold_5
936,sub10,rest01,7,7,1,-1.18999186533703,0.23326039065261642,0.5,0,-0.5934332609176636,0.3558475077152252,1,1.883681068763392e-06,1.5283146833926322,14.987926193853927,0,1,,,,fold_5
937,sub10,rest01,8,8,0,-1.1973498853380509,0.23194699261631926,0.5,0,-0.7026968002319336,0.33121457695961,1,1.883681068763392e-06,1.5283146833926322,14.987926193853927,0,1,0.2300966086176169,0,1,fold_5
938,sub10,rest01,9,9,0,-1.2050994753715971,0.2305692906617796,0.5,0,-0.6596671938896179,0.34081438183784485,1,1.883681068763392e-06,1.5283146833926322,14.987926193853927,0,1,0.23067897315926778,0,1,fold_5
939,sub10,rest01,10,10,1,-1.1958587940679481,0.23221273309042167,0.5,0,-0.6908489465713501,0.33384424448013306,1,1.883681068763392e-06,1.5283146833926322,14.987926193853927,0,1,,,,fold_5
940,sub10,rest01,11,11,0,-1.220925944594041,0.22777354257475174,0.5,0,-0.7004305124282837,0.33171677589416504,1,1.883681068763392e-06,1.5283146833926322,14.987926193853927,0,1,0.23052685628700945,0,1,fold_5
941,sub10,rest01,12,12,0,-1.187568518926557,0.23369408624127203,0.5,0,-0.5899586081504822,0.35664433240890503,1,1.883681068763392e-06,1.5283146833926322,14.987926193853927,0,1,0.2323649672734398,0,1,fold_5
942,sub10,rest01,13,13,1,-1.2176240710540218,0.22835484018676205,0.5,0,-0.683834969997406,0.3354059159755707,1,1.883681068763392e-06,1.5283146833926322,14.987926193853927,0,1,,,,fold_5
943,sub10,rest01,14,14,0,-1.2076735966320846,0.23011294004500454,0.5,0,-0.7912220358848572,0.3119063377380371,1,1.883681068763392e-06,1.5283146833926322,14.987926193853927,0,1,0.23672202125193967,0,1,fold_5
944,sub10,rest01,15,15,0,-1.1898381960173023,0.23328787553404287,0.5,0,-0.6935203075408936,0.33325040340423584,1,1.883681068763392e-06,1.5283146833926322,14.987926193853927,0,1,0.24435688369615463,0,1,fold_5
945,sub10,rest01,16,16,1,-1.1543875434205761,0.23968859306086054,0.5,0,-0.44598591327667236,0.39031559228897095,1,1.883681068763392e-06,1.5283146833926322,14.987926193853927,0,1,,,,fold_5
946,sub10,rest01,17,17,0,-1.1159394621635024,0.24676524817677156,0.5,0,-0.268976092338562,0.4331584870815277,1,1.883681068763392e-06,1.5283146833926322,14.987926193853927,0,1,0.2501746914288484,0,1,fold_5
947,sub10,rest01,18,18,0,-1.0825829566654823,0.25301752737764943,0.5,0,-0.10486125946044922,0.4738086760044098,1,1.883681068763392e-06,1.5283146833926322,14.987926193853927,0,1,0.24835619053155308,0,1,fold_5
948,sub10,rest01,19,19,0,-1.0946625941617885,0.25074129873212425,0.5,0,-0.09999966621398926,0.4750208556652069,1,1.883681068763392e-06,1.5283146833926322,14.987926193853927,0,1,0.24156797123587226,0,1,fold_5
949,sub10,rest01,20,20,0,-1.1455122380461729,0.24130974548488554,0.5,0,-0.209952712059021,0.4477037787437439,1,1.883681068763392e-06,1.5283146833926322,14.987926193853927,0,1,0.23587032643535902,0,1,fold_5
950,sub10,rest01,21,21,0,-1.1933917689809925,0.23265286949060698,0.5,0,-0.38919997215270996,0.40390992164611816,1,1.883681068763392e-06,1.5283146833926322,14.987926193853927,0,1,0.23709374937930475,0,1,fold_5
951,sub10,rest01,22,22,0,-1.1878238501952252,0.23364836433058458,0.5,0,-0.45020395517349243,0.3893122673034668,1,1.883681068763392e-06,1.5283146833926322,14.987926193853927,0,1,0.2412027976546766,0,1,fold_5
952,sub10,rest01,23,23,0,-1.125567587002439,0.24498001431672262,0.5,0,-0.1704343557357788,0.45749422907829285,1,1.883681068763392e-06,1.5283146833926322,14.987926193853927,0,1,0.2449800143167226,0,1,fold_5
953,sub10,rest02,0,24,0,-1.1212691872380414,0.24577593824784003,0.5,0,0.0604097843170166,0.5150978565216064,1,1.883681068763392e-06,1.5283146833926322,14.987926193853927,0,1,0.2373343301168769,0,1,fold_5
954,sub10,rest02,1,25,0,-1.1579782771365041,0.23903483680681525,0.5,0,-0.17853283882141113,0.45548495650291443,1,1.883681068763392e-06,1.5283146833926322,14.987926193853927,0,1,0.23031008632530528,0,1,fold_5
955,sub10,rest02,2,26,0,-1.2242339336244414,0.22719221529597544,0.5,0,-0.48290401697158813,0.3815666139125824,1,1.883681068763392e-06,1.5283146833926322,14.987926193853927,0,1,0.22652302716021333,0,1,fold_5
956,sub10,rest02,3,27,0,-1.238465464028748,0.22470320687312523,0.5,0,-0.45106661319732666,0.38910719752311707,1,1.883681068763392e-06,1.5283146833926322,14.987926193853927,0,1,0.2273183147768679,0,1,fold_5
957,sub10,rest02,4,28,0,-1.221493896972275,0.22767365931153932,0.5,0,-0.36112725734710693,0.4106867015361786,1,1.883681068763392e-06,1.5283146833926322,14.987926193853927,0,1,0.22845437691801837,0,1,fold_5
958,sub10,rest02,5,29,0,-1.2106951338089138,0.22957807814593914,0.5,0,-0.3744072914123535,0.4074765145778656,1,1.883681068763392e-06,1.5283146833926322,14.987926193853927,0,1,0.22916216169101533,0,1,fold_5
959,sub10,rest02,6,30,0,-1.2190061710441167,0.22811139329657665,0.5,0,-0.4259060025215149,0.39510437846183777,1,1.883681068763392e-06,1.5283146833926322,14.987926193853927,0,1,0.2510063057713487,0,1,fold_5
960,sub10,rest02,7,31,0,-1.2094577289534065,0.22979701363053018,0.5,0,-0.3220096826553345,0.4201860725879669,1,1.883681068763392e-06,1.5283146833926322,14.987926193853927,0,1,0.27253340825367145,0,1,fold_5
961,sub10,rest02,8,32,0,-0.8706911405318326,0.2951105103869392,0.5,0,0.5449737310409546,0.6329686641693115,1,1.883681068763392e-06,1.5283146833926322,14.987926193853927,0,1,0.2950471362754287,0,1,fold_5
962,sub10,rest02,9,33,0,-0.8823419681608649,0.29269270074354486,0.5,0,0.5085465908050537,0.6244657039642334,1,1.883681068763392e-06,1.5283146833926322,14.987926193853927,0,1,0.27456683461568515,0,1,fold_5
963,sub10,rest02,10,34,0,-0.8600054945106586,0.29733819769580205,0.5,0,0.5632638931274414,0.6372073888778687,1,1.883681068763392e-06,1.5283146833926322,14.987926193853927,0,1,0.25964881015613117,0,1,fold_5
964,sub10,rest02,11,35,0,-1.187705226354687,0.23366960540770854,0.5,0,-0.18229687213897705,0.4545516073703766,1,1.883681068763392e-06,1.5283146833926322,14.987926193853927,0,1,0.2437215511021845,0,1,fold_5
965,sub10,rest02,12,36,0,-1.1096366879301527,0.2479386273648829,0.5,0,0.12409567832946777,0.5309841632843018,1,1.883681068763392e-06,1.5283146833926322,14.987926193853927,0,1,0.2456084695508841,0,1,fold_5
966,sub10,rest02,13,37,0,-1.1009794469554222,0.24955642053396204,0.5,0,0.08344197273254395,0.5208483934402466,1,1.883681068763392e-06,1.5283146833926322,14.987926193853927,0,1,0.24000538420016526,0,1,fold_5
967,sub10,rest02,14,38,0,-1.15635428955291,0.23933036075380745,0.5,0,-0.16215038299560547,0.45955100655555725,1,1.883681068763392e-06,1.5283146833926322,14.987926193853927,0,1,0.23291878660520285,0,1,fold_5
968,sub10,rest02,15,39,0,-1.2019451194506208,0.23112937131272626,0.5,0,-0.3792872428894043,0.40629881620407104,1,1.883681068763392e-06,1.5283146833926322,14.987926193853927,0,1,0.23290170527380835,0,1,fold_5
969,sub10,rest02,16,40,0,-1.217954461064706,0.22829662774907483,0.5,0,-0.40979909896850586,0.39896029233932495,1,1.883681068763392e-06,1.5283146833926322,14.987926193853927,0,1,0.23732155283464762,0,1,fold_5
970,sub10,rest02,17,41,0,-1.1566357912160339,0.23927911675962393,0.5,0,-0.18070578575134277,0.4549460709095001,1,1.883681068763392e-06,1.5283146833926322,14.987926193853927,0,1,0.23790829270822633,0,1,fold_5
971,sub10,rest02,18,42,0,-1.1287659411263173,0.24438891399524407,0.5,0,-0.09355652332305908,0.4766279458999634,1,1.883681068763392e-06,1.5283146833926322,14.987926193853927,0,1,0.24162802913208714,0,1,fold_5
972,sub10,rest02,19,43,0,-1.2079902435083036,0.23005684736981108,0.5,0,-0.3356184959411621,0.4168742001056671,1,1.883681068763392e-06,1.5283146833926322,14.987926193853927,0,1,0.2517091067101764,0,1,fold_5
973,sub10,rest02,20,44,0,-1.0962759142299157,0.25043832603120625,0.5,0,0.00948035717010498,0.5023700594902039,1,1.883681068763392e-06,1.5283146833926322,14.987926193853927,0,1,0.27522045905012893,0,1,fold_5
974,sub10,rest02,21,45,0,-0.9712463560401895,0.2746321467295117,0.5,0,0.4474855661392212,0.6100412607192993,1,1.883681068763392e-06,1.5283146833926322,14.987926193853927,0,1,0.2894370214731019,0,1,fold_5
975,sub10,rest02,22,46,0,-0.8444856107444422,0.30059090438966884,0.5,0,0.872596263885498,0.7052856087684631,1,1.883681068763392e-06,1.5283146833926322,14.987926193853927,0,1,0.2955889769966398,0,1,fold_5
976,sub10,rest02,23,47,0,-0.8804332191455084,0.29308801330012524,0.5,0,0.9005231857299805,0.7110570073127747,1,1.883681068763392e-06,1.5283146833926322,14.987926193853927,0,1,0.29308801330012524,0,1,fold_5
977,sub10,task02,0,48,0,-0.23539556230088154,0.44142135208326483,0.5,0,1.9885799884796143,0.8795928359031677,1,1.883681068763392e-06,1.5283146833926322,14.987926193853927,1,0,0.4635720734149931,0,0,fold_5
978,sub10,task02,1,49,0,-0.3306321244364669,0.4180868254990451,0.5,0,1.9309067726135254,0.8733497262001038,1,1.883681068763392e-06,1.5283146833926322,14.987926193853927,1,0,0.5099687972627044,1,1,fold_5
979,sub10,task02,2,50,0,0.12499465633709636,0.5312080426626695,0.5,1,3.0960874557495117,0.9567310214042664,1,1.883681068763392e-06,1.5283146833926322,14.987926193853927,1,1,0.5778076093135537,1,1,fold_5
980,sub10,task02,3,51,0,0.3252842575502052,0.5806115236263987,0.5,1,3.6180968284606934,0.9738675951957703,1,1.883681068763392e-06,1.5283146833926322,14.987926193853927,1,1,0.6089584171612814,1,1,fold_5
981,sub10,task02,4,52,0,0.4963588286730055,0.6216032616515929,0.5,1,4.2795796394348145,0.9863407611846924,1,1.883681068763392e-06,1.5283146833926322,14.987926193853927,1,1,0.6285519588394614,1,1,fold_5
982,sub10,task02,5,53,0,0.5093772082768998,0.6246604662058527,0.5,1,4.294581413269043,0.9865412712097168,1,1.883681068763392e-06,1.5283146833926322,14.987926193853927,1,1,0.6549516856005396,1,1,fold_5
983,sub10,task02,6,54,0,0.572726873802242,0.6393921486609386,0.5,1,4.332501411437988,0.9870356917381287,1,1.883681068763392e-06,1.5283146833926322,14.987926193853927,1,1,0.6797802178857962,1,1,fold_5
984,sub10,task02,7,55,0,0.851121939592022,0.7008024419348275,0.5,1,4.95374059677124,0.9929925203323364,1,1.883681068763392e-06,1.5283146833926322,14.987926193853927,1,1,0.6922857913900201,1,1,fold_5
985,sub10,task02,8,56,0,0.8432347928041175,0.6991460630616225,0.5,1,4.908505916595459,0.9926706552505493,1,1.883681068763392e-06,1.5283146833926322,14.987926193853927,1,1,0.6347603020048328,1,1,fold_5
986,sub10,task02,9,57,0,0.7396022318533032,0.67690886917361,0.5,1,4.689553737640381,0.9908928871154785,1,1.883681068763392e-06,1.5283146833926322,14.987926193853927,1,1,0.554870476275263,1,1,fold_5
987,sub10,task02,10,58,0,0.11302405985378802,0.528225973779266,0.5,1,2.9754319190979004,0.9514517784118652,1,1.883681068763392e-06,1.5283146833926322,14.987926193853927,1,1,0.5087939763448103,1,1,fold_5
988,sub10,task02,11,59,0,-0.16244997069047923,0.45947658587291285,0.5,0,2.3329200744628906,0.9115670323371887,1,1.883681068763392e-06,1.5283146833926322,14.987926193853927,1,0,0.564816933783146,1,1,fold_5
989,sub10,task02,12,60,0,0.15502721956657048,0.538679369382252,0.5,1,2.7318615913391113,0.9388806819915771,1,1.883681068763392e-06,1.5283146833926322,14.987926193853927,1,1,0.6586171770918424,1,1,fold_5
990,sub10,task02,13,61,0,0.8297158577825381,0.6962948460942733,0.5,1,4.557190418243408,0.9896174669265747,1,1.883681068763392e-06,1.5283146833926322,14.987926193853927,1,1,0.7274252561775915,1,1,fold_5
991,sub10,task02,14,62,0,1.0505334121448824,0.7408773157990018,0.5,1,5.760157585144043,0.9968593120574951,1,1.883681068763392e-06,1.5283146833926322,14.987926193853927,1,1,0.7468284708360278,1,1,fold_5
992,sub10,task02,15,63,0,1.0726661159761441,0.7451036066394993,0.5,1,5.91060209274292,0.9972967505455017,1,1.883681068763392e-06,1.5283146833926322,14.987926193853927,1,1,0.7501956602863747,1,1,fold_5
993,sub10,task02,16,64,0,1.1227825716651323,0.7545044900695821,0.5,1,6.2274580001831055,0.9980294108390808,1,1.883681068763392e-06,1.5283146833926322,14.987926193853927,1,1,0.7514252006658424,1,1,fold_5
994,sub10,task02,17,65,0,1.1038398389121002,0.750978884150043,0.5,1,6.110227108001709,0.9977849125862122,1,1.883681068763392e-06,1.5283146833926322,14.987926193853927,1,1,0.7472481485359709,1,1,fold_5
995,sub10,task02,18,66,0,1.0921811710494111,0.7487922277779021,0.5,1,6.504201412200928,0.9985051155090332,1,1.883681068763392e-06,1.5283146833926322,14.987926193853927,1,1,0.7458431729221334,1,1,fold_5
996,sub10,task02,19,67,0,1.0562503666747292,0.7419733336799674,0.5,1,6.4985737800598145,0.9984966516494751,1,1.883681068763392e-06,1.5283146833926322,14.987926193853927,1,1,0.7390764632731441,1,1,fold_5
997,sub10,task02,20,68,0,1.081427118817563,0.7467639573085306,0.5,1,6.776010990142822,0.9988604784011841,1,1.883681068763392e-06,1.5283146833926322,14.987926193853927,1,1,0.7275600831515888,1,1,fold_5
998,sub10,task02,21,69,0,0.9869855389088921,0.7284920988309342,0.5,1,5.51926851272583,0.9960072636604309,1,1.883681068763392e-06,1.5283146833926322,14.987926193853927,1,1,0.7211974892663559,1,1,fold_5
999,sub10,task02,22,70,0,0.8829066752727279,0.7074241933153015,0.5,1,5.669705390930176,0.9965630173683167,1,1.883681068763392e-06,1.5283146833926322,14.987926193853927,1,1,0.7239951286335936,1,1,fold_5
1000,sub10,task02,23,71,0,0.9828642467096231,0.7276761756528318,0.5,1,5.860968589782715,0.9971596002578735,1,1.883681068763392e-06,1.5283146833926322,14.987926193853927,1,1,0.7133203233957568,1,1,fold_5
1001,sub10,task02,24,72,0,1.0298407303916681,0.7368850169326479,0.5,1,5.547240257263184,0.9961169958114624,1,1.883681068763392e-06,1.5283146833926322,14.987926193853927,1,1,0.6940428561337336,1,1,fold_5
1002,sub10,task02,25,73,0,0.7327104384420204,0.6753997776017905,0.5,1,4.208874225616455,0.9853545427322388,1,1.883681068763392e-06,1.5283146833926322,14.987926193853927,1,1,0.6894459246924819,1,1,fold_5
1003,sub10,task02,26,74,0,0.707478556901559,0.6698437738667623,0.5,1,4.234482765197754,0.985719621181488,1,1.883681068763392e-06,1.5283146833926322,14.987926193853927,1,1,0.7190856177574078,1,1,fold_5
1004,sub10,task02,27,75,0,0.9598622408958167,0.723094222608893,0.5,1,5.234663486480713,0.9946995973587036,1,1.883681068763392e-06,1.5283146833926322,14.987926193853927,1,1,0.7494985522992662,1,1,fold_5
1005,sub10,task02,28,76,0,1.1765052505653792,0.7643188567965681,0.5,1,6.571920394897461,0.9986028075218201,1,1.883681068763392e-06,1.5283146833926322,14.987926193853927,1,1,0.7614718890466633,1,1,fold_5
1006,sub10,task02,29,77,0,1.1586238840831131,0.7610825774923377,0.5,1,6.886256694793701,0.9989792704582214,1,1.883681068763392e-06,1.5283146833926322,14.987926193853927,1,1,0.76204634431961,1,1,fold_5
1007,sub10,task02,30,78,0,1.1472826550559618,0.7590142328510844,0.5,1,7.196462154388428,0.9992513060569763,1,1.883681068763392e-06,1.5283146833926322,14.987926193853927,1,1,0.7634088435213933,1,1,fold_5
1008,sub10,task02,31,79,0,1.1860966285800079,0.7660422226154083,0.5,1,7.189627170562744,0.9992462396621704,1,1.883681068763392e-06,1.5283146833926322,14.987926193853927,1,1,0.7592108535983639,1,1,fold_5
1009,sub10,task02,32,80,0,1.1812366011964475,0.7651700750976869,0.5,1,6.3832902908325195,0.998313307762146,1,1.883681068763392e-06,1.5283146833926322,14.987926193853927,1,1,0.7397887327449618,1,1,fold_5
1010,sub10,task02,33,81,0,1.0796104792886452,0.7464202630819969,0.5,1,5.4707770347595215,0.9958096742630005,1,1.883681068763392e-06,1.5283146833926322,14.987926193853927,1,1,0.7083592428994029,1,1,fold_5
1011,sub10,task02,34,82,0,0.8846063513653766,0.7077758600552017,0.5,1,4.717670440673828,0.9911432266235352,1,1.883681068763392e-06,1.5283146833926322,14.987926193853927,1,1,0.6756650999001055,1,1,fold_5
1012,sub10,task02,35,83,0,0.7121751290885421,0.6708816055610097,0.5,1,4.981159687042236,0.9931807518005371,1,1.883681068763392e-06,1.5283146833926322,14.987926193853927,1,1,0.6558524245764065,1,1,fold_5
1013,sub10,task02,36,84,0,0.6117409505756479,0.6483378340841048,0.5,1,6.071431636810303,0.9976974129676819,1,1.883681068763392e-06,1.5283146833926322,14.987926193853927,1,1,0.6483378340841048,1,1,fold_5
1014,sub10,rest04,0,85,0,1.0443795295535436,0.7396941548943369,0.5,1,5.731746196746826,0.9967690706253052,1,1.883681068763392e-06,1.5283146833926322,14.987926193853927,1,1,0.7392332927589687,1,1,fold_5
1015,sub10,rest04,1,86,0,1.0501973956130604,0.7408128027563606,0.5,1,5.780465126037598,0.9969221949577332,1,1.883681068763392e-06,1.5283146833926322,14.987926193853927,1,1,0.7357695544337388,1,1,fold_5
1016,sub10,rest04,2,87,0,1.031429398188263,0.7371929206262084,0.5,1,5.709007740020752,0.9966950416564941,1,1.883681068763392e-06,1.5283146833926322,14.987926193853927,1,1,0.7331034068710536,1,1,fold_5
1017,sub10,rest04,3,88,0,0.9910888650029978,0.7293029399186474,0.5,1,5.501323223114014,0.9959352016448975,1,1.883681068763392e-06,1.5283146833926322,14.987926193853927,1,1,0.7275114964238734,1,1,fold_5
1018,sub10,rest04,4,89,0,1.008948711883303,0.7328143600683047,0.5,1,5.759702682495117,0.9968578815460205,1,1.883681068763392e-06,1.5283146833926322,14.987926193853927,1,1,0.7293086263042499,1,1,fold_5
1019,sub10,rest04,5,90,0,0.946531943426134,0.720417189284668,0.5,1,5.661922931671143,0.9965362548828125,1,1.883681068763392e-06,1.5283146833926322,14.987926193853927,1,1,0.7130296846944724,1,1,fold_5
1020,sub10,rest04,6,91,0,1.0185718999552893,0.734694329559777,0.5,1,6.0123610496521,0.9975576400756836,1,1.883681068763392e-06,1.5283146833926322,14.987926193853927,1,1,0.7120692938617706,1,1,fold_5
1021,sub10,rest04,7,92,0,0.7721117717893462,0.6839775352389721,0.5,1,4.835892677307129,0.9921229481697083,1,1.883681068763392e-06,1.5283146833926322,14.987926193853927,1,1,0.6821169730029348,1,1,fold_5
1022,sub10,rest04,8,93,0,0.9322720945770673,0.717536016786563,0.5,1,5.3489556312561035,0.9952693581581116,1,1.883681068763392e-06,1.5283146833926322,14.987926193853927,1,1,0.6872904429991055,1,1,fold_5
1023,sub10,rest04,9,94,0,0.5964223350462534,0.6448373669832697,0.5,1,3.9083704948425293,0.9803218245506287,1,1.883681068763392e-06,1.5283146833926322,14.987926193853927,1,1,0.6692409669385492,1,1,fold_5
1024,sub10,rest04,10,95,0,0.8449082648165106,0.6994979452274837,0.5,1,5.175559997558594,0.9943787455558777,1,1.883681068763392e-06,1.5283146833926322,14.987926193853927,1,1,0.6917575582293606,1,1,fold_5
1025,sub10,rest04,11,96,0,0.6784272636638433,0.6633875886048942,0.5,1,4.71188497543335,0.9910922646522522,1,1.883681068763392e-06,1.5283146833926322,14.987926193853927,1,1,0.6910055036036344,1,1,fold_5
1026,sub10,rest04,12,97,0,0.9070061640435821,0.7123871408557041,0.5,1,5.808875560760498,0.9970081448554993,1,1.883681068763392e-06,1.5283146833926322,14.987926193853927,1,1,0.7099824930975783,1,1,fold_5
1027,sub10,rest04,13,98,0,0.8341977104836108,0.697241781350305,0.5,1,5.61406946182251,0.9963669776916504,1,1.883681068763392e-06,1.5283146833926322,14.987926193853927,1,1,0.716118898924019,1,1,fold_5
1028,sub10,rest04,14,99,0,0.9460423029487038,0.7203185570867261,0.5,1,5.917205333709717,0.9973145127296448,1,1.883681068763392e-06,1.5283146833926322,14.987926193853927,1,1,0.726733881206948,1,1,fold_5
1029,sub10,rest04,15,100,0,0.9986667159609438,0.7307963583350258,0.5,1,5.687621593475342,0.9966237545013428,1,1.883681068763392e-06,1.5283146833926322,14.987926193853927,1,1,0.7237907547878519,1,1,fold_5
1030,sub10,rest04,16,101,0,0.9899939542513366,0.729086728199092,0.5,1,5.460644245147705,0.9957672357559204,1,1.883681068763392e-06,1.5283146833926322,14.987926193853927,1,1,0.7159272489754486,1,1,fold_5
1031,sub10,rest04,17,102,0,0.9026276099540717,0.7114891778294381,0.5,1,5.258810520172119,0.9948254823684692,1,1.883681068763392e-06,1.5283146833926322,14.987926193853927,1,1,0.6935648825371558,1,1,fold_5
1032,sub10,rest04,18,103,0,0.8818519370107323,0.7072058408978157,0.5,1,5.491004943847656,0.9958932399749756,1,1.883681068763392e-06,1.5283146833926322,14.987926193853927,1,1,0.6832225766560679,1,1,fold_5
1033,sub10,rest04,19,104,0,0.6722180018808706,0.6619996288842135,0.5,1,4.6292724609375,0.9903325438499451,1,1.883681068763392e-06,1.5283146833926322,14.987926193853927,1,1,0.6739758698240573,1,1,fold_5
1034,sub10,rest04,20,105,0,0.7558969732812205,0.6804622601861742,0.5,1,4.282397747039795,0.98637855052948,1,1.883681068763392e-06,1.5283146833926322,14.987926193853927,1,1,0.6917805769288927,1,1,fold_5
1035,sub10,rest04,21,106,0,0.7513175567845115,0.6794657204017847,0.5,1,4.345893859863281,0.9872058629989624,1,1.883681068763392e-06,1.5283146833926322,14.987926193853927,1,1,0.6939834018216526,1,1,fold_5
1036,sub10,rest04,22,107,0,0.9218246765667574,0.7154137501987192,0.5,1,5.676962852478027,0.9965877532958984,1,1.883681068763392e-06,1.5283146833926322,14.987926193853927,1,1,0.6965184066425424,1,1,fold_5
1037,sub10,rest04,23,108,0,0.7864600738608348,0.6870707348644539,0.5,1,5.911362648010254,0.9972988963127136,1,1.883681068763392e-06,1.5283146833926322,14.987926193853927,1,1,0.6870707348644539,1,1,fold_5
1134,sub12,rest01,0,0,0,-1.2685496935379876,0.21950562172127744,0.5,0,-0.5437034368515015,0.3673264980316162,1,3.251571369009238e-06,1.7103970483723612,10.296527656962038,0,1,0.21145960248589768,0,1,fold_5
1135,sub12,rest01,1,1,0,-1.3613534364941615,0.20402042144222043,0.5,0,-0.7175973653793335,0.3279222846031189,1,3.251571369009238e-06,1.7103970483723612,10.296527656962038,0,1,0.21269027273690624,0,1,fold_5
1136,sub12,rest01,2,2,0,-1.3197928236162348,0.21085276429419522,0.5,0,-0.6331149935722351,0.34680452942848206,1,3.251571369009238e-06,1.7103970483723612,10.296527656962038,0,1,0.22245172273370115,0,1,fold_5
1137,sub12,rest01,3,3,0,-1.2471283415086754,0.22319763247430316,0.5,0,-0.4058414697647095,0.3999096751213074,1,3.251571369009238e-06,1.7103970483723612,10.296527656962038,0,1,0.22661591262301983,0,1,fold_5
1138,sub12,rest01,4,4,0,-1.1897437364714896,0.23330477143260506,0.5,0,-0.4271441102027893,0.39480847120285034,1,3.251571369009238e-06,1.7103970483723612,10.296527656962038,0,1,0.22322155821415016,0,1,fold_5
1139,sub12,rest01,5,5,0,-1.246276649886688,0.22334533396215125,0.5,0,-0.4913886785507202,0.379566490650177,1,3.251571369009238e-06,1.7103970483723612,10.296527656962038,0,1,0.21772802391171173,0,1,fold_5
1140,sub12,rest01,6,6,0,-1.3068491722660056,0.21301456924769419,0.5,0,-0.6909085512161255,0.33383098244667053,1,3.251571369009238e-06,1.7103970483723612,10.296527656962038,0,1,0.2134272216997627,0,1,fold_5
1141,sub12,rest01,7,7,1,-1.3566944317880418,0.20477806898843212,0.5,0,-0.7515608072280884,0.3204813003540039,1,3.251571369009238e-06,1.7103970483723612,10.296527656962038,0,1,,,,fold_5
1142,sub12,rest01,8,8,0,-1.2842704902611635,0.2168241685252897,0.5,0,-0.690182626247406,0.33399245142936707,1,3.251571369009238e-06,1.7103970483723612,10.296527656962038,0,1,0.21536692412343586,0,1,fold_5
1143,sub12,rest01,9,9,0,-1.3222576334575118,0.2104429273263042,0.5,0,-0.8819054365158081,0.29278308153152466,1,3.251571369009238e-06,1.7103970483723612,10.296527656962038,0,1,0.21303229550807948,0,1,fold_5
1144,sub12,rest01,10,10,1,-1.2446596338554012,0.2236259505876305,0.5,0,-0.7853331565856934,0.3131716251373291,1,3.251571369009238e-06,1.7103970483723612,10.296527656962038,0,1,,,,fold_5
1145,sub12,rest01,11,11,0,-1.2724761160468705,0.21883367651871372,0.5,0,-0.7843305468559265,0.31338730454444885,1,3.251571369009238e-06,1.7103970483723612,10.296527656962038,0,1,0.21733787413647873,0,1,fold_5
1146,sub12,rest01,12,12,0,-1.3260090423198043,0.2098202826792205,0.5,0,-0.8593646287918091,0.2974720895290375,1,3.251571369009238e-06,1.7103970483723612,10.296527656962038,0,1,0.21710622643783348,0,1,fold_5
1147,sub12,rest01,13,13,1,-1.2958048150982118,0.21487190632259376,0.5,0,-0.8539309501647949,0.2986088991165161,1,3.251571369009238e-06,1.7103970483723612,10.296527656962038,0,1,,,,fold_5
1148,sub12,rest01,14,14,0,-1.2461940444415815,0.2233596632115019,0.5,0,-0.7507938146591187,0.32064834237098694,1,3.251571369009238e-06,1.7103970483723612,10.296527656962038,0,1,0.24494503906290502,0,1,fold_5
1149,sub12,rest01,15,15,0,-1.2765460641122681,0.21813873342277798,0.5,0,-0.7888717651367188,0.31241098046302795,1,3.251571369009238e-06,1.7103970483723612,10.296527656962038,0,1,0.2857123402317511,0,1,fold_5
1150,sub12,rest01,16,16,1,-0.8609598127258009,0.2971388522840181,0.5,0,-0.37645411491394043,0.4069823920726776,1,3.251571369009238e-06,1.7103970483723612,10.296527656962038,0,1,,,,fold_5
1151,sub12,rest01,17,17,0,-0.8792331196669149,0.29333672055443516,0.5,0,-0.32543885707855225,0.419350802898407,1,3.251571369009238e-06,1.7103970483723612,10.296527656962038,0,1,0.29526899082500707,0,1,fold_5
1152,sub12,rest01,18,18,0,-0.6381645341891893,0.34566156671804016,0.5,0,0.0680621862411499,0.5170089602470398,1,3.251571369009238e-06,1.7103970483723612,10.296527656962038,0,1,0.27813135051099913,0,1,fold_5
1153,sub12,rest01,19,19,0,-1.115705782975364,0.24680868520254587,0.5,0,-0.4840952157974243,0.38128554821014404,1,3.251571369009238e-06,1.7103970483723612,10.296527656962038,0,1,0.23410080473136927,0,1,fold_5
1154,sub12,rest01,20,20,0,-1.1421611098679136,0.24192379961241142,0.5,0,-0.5363529920578003,0.36903634667396545,1,3.251571369009238e-06,1.7103970483723612,10.296527656962038,0,1,0.22574986835732244,0,1,fold_5
1155,sub12,rest01,21,21,0,-1.303539489314082,0.2135699293791505,0.5,0,-0.7128517627716064,0.3289690315723419,1,3.251571369009238e-06,1.7103970483723612,10.296527656962038,0,1,0.22465272811403522,0,1,fold_5
1156,sub12,rest01,22,22,0,-1.255463139406743,0.22175587608040534,0.5,0,-0.4430356025695801,0.3910178542137146,1,3.251571369009238e-06,1.7103970483723612,10.296527656962038,0,1,0.2330068779485017,0,1,fold_5
1157,sub12,rest01,23,23,0,-1.1601921135157438,0.23863237888254984,0.5,0,-0.24424028396606445,0.4392417073249817,1,3.251571369009238e-06,1.7103970483723612,10.296527656962038,0,1,0.23863237888254984,0,1,fold_5
1158,sub12,rest02,0,24,0,-1.3347354231729325,0.2083771494677551,0.5,0,-0.6179356575012207,0.35025110840797424,1,3.251571369009238e-06,1.7103970483723612,10.296527656962038,0,1,0.20545185100313867,0,1,fold_5
1159,sub12,rest02,1,25,0,-1.357531131341543,0.20464185113216152,0.5,0,-0.6419110894203186,0.344814658164978,1,3.251571369009238e-06,1.7103970483723612,10.296527656962038,0,1,0.21582618235016174,0,1,fold_5
1160,sub12,rest02,2,26,0,-1.3655698156718445,0.20333655240949944,0.5,0,-0.6453557014465332,0.34403690695762634,1,3.251571369009238e-06,1.7103970483723612,10.296527656962038,0,1,0.245522713308594,0,1,fold_5
1161,sub12,rest02,3,27,0,-1.155421906943514,0.23950014350882431,0.5,0,-0.4414006471633911,0.3914072811603546,1,3.251571369009238e-06,1.7103970483723612,10.296527656962038,0,1,0.279266743262161,0,1,fold_5
1162,sub12,rest02,4,28,0,-0.8773296619604469,0.2937314440074582,0.5,0,-0.1875087022781372,0.4532597064971924,1,3.251571369009238e-06,1.7103970483723612,10.296527656962038,0,1,0.2795565477231808,0,1,fold_5
1163,sub12,rest02,5,29,0,-0.8256358237199242,0.30456864227020053,0.5,0,-0.15735232830047607,0.46074292063713074,1,3.251571369009238e-06,1.7103970483723612,10.296527656962038,0,1,0.2733421253091585,0,1,fold_5
1164,sub12,rest02,6,30,0,-1.1506544965328038,0.24036955689188352,0.5,0,-0.5033396482467651,0.3767561614513397,1,3.251571369009238e-06,1.7103970483723612,10.296527656962038,0,1,0.2991640829786282,0,1,fold_5
1165,sub12,rest02,7,31,0,-0.968958335278403,0.2750881767653915,0.5,0,-0.3419637680053711,0.41533252596855164,1,3.251571369009238e-06,1.7103970483723612,10.296527656962038,0,1,0.38985183486157765,0,1,fold_5
1166,sub12,rest02,8,32,0,-0.48092164727526326,0.3820345152786096,0.5,0,0.11422109603881836,0.5285242795944214,1,3.251571369009238e-06,1.7103970483723612,10.296527656962038,0,1,0.4776964977978427,0,1,fold_5
1167,sub12,rest02,9,33,0,0.049741503566231186,0.5124328125407318,0.5,1,0.7101037502288818,0.6704241037368774,1,3.251571369009238e-06,1.7103970483723612,10.296527656962038,0,0,0.4853118477635718,0,1,fold_5
1168,sub12,rest02,10,34,0,0.15479702882297766,0.5386221655741866,0.5,1,0.9576988220214844,0.7226608395576477,1,3.251571369009238e-06,1.7103970483723612,10.296527656962038,0,0,0.4091876574339239,0,1,fold_5
1169,sub12,rest02,11,35,0,-0.385169993384634,0.40488056517579674,0.5,0,0.26276564598083496,0.5653160214424133,1,3.251571369009238e-06,1.7103970483723612,10.296527656962038,0,1,0.30614684418485555,0,1,fold_5
1170,sub12,rest02,12,36,0,-0.924409693368045,0.2840602415517883,0.5,0,-0.23335683345794678,0.441924124956131,1,3.251571369009238e-06,1.7103970483723612,10.296527656962038,0,1,0.2544892337474359,0,1,fold_5
1171,sub12,rest02,13,37,0,-1.211138175751687,0.22949972582698167,0.5,0,-0.4905553460121155,0.3797627389431,1,3.251571369009238e-06,1.7103970483723612,10.296527656962038,0,1,0.2546016815771927,0,1,fold_5
1172,sub12,rest02,14,38,0,-1.099104435283797,0.24990773386353762,0.5,0,-0.4007394313812256,0.4011346995830536,1,3.251571369009238e-06,1.7103970483723612,10.296527656962038,0,1,0.26743595196547076,0,1,fold_5
1173,sub12,rest02,15,39,0,-0.9227515198856568,0.2843975850410588,0.5,0,-0.21142840385437012,0.44733893871307373,1,3.251571369009238e-06,1.7103970483723612,10.296527656962038,0,1,0.26762350071974916,0,1,fold_5
1174,sub12,rest02,16,40,0,-1.0047806012660683,0.26800253699181587,0.5,0,-0.33689677715301514,0.416563481092453,1,3.251571369009238e-06,1.7103970483723612,10.296527656962038,0,1,0.26611148267980295,0,1,fold_5
1175,sub12,rest02,17,41,0,-1.0961051657477818,0.25047038012637285,0.5,0,-0.3520251512527466,0.4128913879394531,1,3.251571369009238e-06,1.7103970483723612,10.296527656962038,0,1,0.2654251673417812,0,1,fold_5
1176,sub12,rest02,18,42,0,-0.9451485632607585,0.2798615309212201,0.5,0,-0.19522392749786377,0.4513484537601471,1,3.251571369009238e-06,1.7103970483723612,10.296527656962038,0,1,0.2701852430061623,0,1,fold_5
1177,sub12,rest02,19,43,0,-1.0153016548910063,0.26594359097775055,0.5,0,-0.23894727230072021,0.44054579734802246,1,3.251571369009238e-06,1.7103970483723612,10.296527656962038,0,1,0.24795508195196347,0,1,fold_5
1178,sub12,rest02,20,44,0,-1.0214214740423706,0.26475060711951626,0.5,0,-0.23859012126922607,0.4406338334083557,1,3.251571369009238e-06,1.7103970483723612,10.296527656962038,0,1,0.235302027903017,0,1,fold_5
1179,sub12,rest02,21,45,0,-1.3059159987329814,0.21317104775862364,0.5,0,-0.5683671832084656,0.3616136610507965,1,3.251571369009238e-06,1.7103970483723612,10.296527656962038,0,1,0.23188679491086805,0,1,fold_5
1180,sub12,rest02,22,46,0,-1.2197273877085213,0.22798442883091108,0.5,0,-0.41708850860595703,0.3972136378288269,1,3.251571369009238e-06,1.7103970483723612,10.296527656962038,0,1,0.24566474837235006,0,1,fold_5
1181,sub12,rest02,23,47,0,-1.0747284292511299,0.25450490814306953,0.5,0,-0.160955548286438,0.4598478078842163,1,3.251571369009238e-06,1.7103970483723612,10.296527656962038,0,1,0.25450490814306953,0,1,fold_5
1182,sub12,task02,0,48,0,0.24589089383387366,0.5611648527663599,0.5,1,1.3678603172302246,0.7970342040061951,1,3.251571369009238e-06,1.7103970483723612,10.296527656962038,1,1,0.5644551938241275,1,1,fold_5
1183,sub12,task02,1,49,0,0.0687736602461861,0.5171866414573554,0.5,1,0.7981030941009521,0.6895685791969299,1,3.251571369009238e-06,1.7103970483723612,10.296527656962038,1,1,0.5374535594072117,1,1,fold_5
1184,sub12,task02,2,50,0,0.4684384302775045,0.615014087248667,0.5,1,1.490858793258667,0.8162071108818054,1,3.251571369009238e-06,1.7103970483723612,10.296527656962038,1,1,0.5065734669983538,1,1,fold_5
1185,sub12,task02,3,51,0,-0.07940189248473581,0.4801599495156127,0.5,0,0.526070237159729,0.6285660862922668,1,3.251571369009238e-06,1.7103970483723612,10.296527656962038,1,0,0.3915442942551873,0,0,fold_5
1186,sub12,task02,4,52,0,-0.3041374409367878,0.42454636423078196,0.5,0,0.3082852363586426,0.5764666795730591,1,3.251571369009238e-06,1.7103970483723612,10.296527656962038,1,0,0.4047080623782214,0,0,fold_5
1187,sub12,task02,5,53,0,-0.9949951640551898,0.2699265690191671,0.5,0,-0.26722705364227295,0.4335879683494568,1,3.251571369009238e-06,1.7103970483723612,10.296527656962038,1,0,0.4618654120594974,0,0,fold_5
1188,sub12,task02,6,54,0,0.07864552647647156,0.519651253884715,0.5,1,0.5506341457366943,0.6342827081680298,1,3.251571369009238e-06,1.7103970483723612,10.296527656962038,1,1,0.6178216086638738,1,1,fold_5
1189,sub12,task02,7,55,0,0.3889022618341062,0.59601841327461,0.5,1,1.0995168685913086,0.750169575214386,1,3.251571369009238e-06,1.7103970483723612,10.296527656962038,1,1,0.6938747982954833,1,1,fold_5
1190,sub12,task02,8,56,0,1.034540188710902,0.7377951588322963,0.5,1,2.264115333557129,0.9058611989021301,1,3.251571369009238e-06,1.7103970483723612,10.296527656962038,1,1,0.7492381961568316,1,1,fold_5
1191,sub12,task02,9,57,0,1.0869705261341762,0.7478108227795435,0.5,1,2.1513166427612305,0.89579176902771,1,3.251571369009238e-06,1.7103970483723612,10.296527656962038,1,1,0.7333702593367587,1,1,fold_5
1192,sub12,task02,10,58,0,1.1642748360345387,0.7621086068586547,0.5,1,2.6112632751464844,0.9315829277038574,1,3.251571369009238e-06,1.7103970483723612,10.296527656962038,1,1,0.7288902618921397,1,1,fold_5
1193,sub12,task02,11,59,0,0.8010140215403786,0.6901913483720782,0.5,1,1.7459664344787598,0.851443350315094,1,3.251571369009238e-06,1.7103970483723612,10.296527656962038,1,1,0.7168934721195713,1,1,fold_5
1194,sub12,task02,12,60,0,1.0169128829242917,0.7343708304456863,0.5,1,1.8561573028564453,0.8648484349250793,1,3.251571369009238e-06,1.7103970483723612,10.296527656962038,1,1,0.7404198553281359,1,1,fold_5
1195,sub12,task02,13,61,0,0.9750163738081635,0.7261182375409498,0.5,1,1.6144049167633057,0.834022045135498,1,3.251571369009238e-06,1.7103970483723612,10.296527656962038,1,1,0.7414885087691506,1,1,fold_5
1196,sub12,task02,14,62,0,1.1569083822729378,0.7607704979977715,0.5,1,2.104888439178467,0.8913773894309998,1,3.251571369009238e-06,1.7103970483723612,10.296527656962038,1,1,0.7527434408014207,1,1,fold_5
1197,sub12,task02,15,63,0,1.0334117028970173,0.7375767907687302,0.5,1,2.0038933753967285,0.8812052607536316,1,3.251571369009238e-06,1.7103970483723612,10.296527656962038,1,1,0.7511610960200787,1,1,fold_5
1198,sub12,task02,16,64,0,1.1520383538644487,0.7598830336377604,0.5,1,2.082001209259033,0.8891414999961853,1,3.251571369009238e-06,1.7103970483723612,10.296527656962038,1,1,0.7580778540523866,1,1,fold_5
1199,sub12,task02,17,65,0,1.131000354122996,0.7560234636537454,0.5,1,2.384373188018799,0.9156278371810913,1,3.251571369009238e-06,1.7103970483723612,10.296527656962038,1,1,0.7415625310359256,1,1,fold_5
1200,sub12,task02,18,66,0,1.1435294722344325,0.7583270648656537,0.5,1,2.267703056335449,0.906166672706604,1,3.251571369009238e-06,1.7103970483723612,10.296527656962038,1,1,0.6831680407559982,1,1,fold_5
1201,sub12,task02,19,67,0,0.8970216409277579,0.7103370645883776,0.5,1,1.403125286102295,0.8026793599128723,1,3.251571369009238e-06,1.7103970483723612,10.296527656962038,1,1,0.6005197968481936,1,1,fold_5
1202,sub12,task02,20,68,0,0.32622259354009564,0.5808399928139631,0.5,1,0.7853467464447021,0.6868312954902649,1,3.251571369009238e-06,1.7103970483723612,10.296527656962038,1,1,0.601144343274577,1,1,fold_5
1203,sub12,task02,21,69,0,0.04153530286658405,0.5103823331422397,0.5,1,0.5611032247543335,0.6367077231407166,1,3.251571369009238e-06,1.7103970483723612,10.296527656962038,1,1,0.65754743683837,1,1,fold_5
1204,sub12,task02,22,70,0,0.9061451983037037,0.712210703867528,0.5,1,1.8447463512420654,0.8635090589523315,1,3.251571369009238e-06,1.7103970483723612,10.296527656962038,1,1,0.7145314714417813,1,1,fold_5
1205,sub12,task02,23,71,0,1.0988750979641615,0.7500492735053423,0.5,1,2.3703980445861816,0.9145419597625732,1,3.251571369009238e-06,1.7103970483723612,10.296527656962038,1,1,0.6635512109940952,1,1,fold_5
1206,sub12,task02,24,72,0,0.7599111213101188,0.6813344369524739,0.5,1,1.8655931949615479,0.8659475445747375,1,3.251571369009238e-06,1.7103970483723612,10.296527656962038,1,1,0.5955782041449244,1,1,fold_5
1207,sub12,task02,25,73,0,0.23819960454299413,0.5592699225244693,0.5,1,1.079951524734497,0.7464848160743713,1,3.251571369009238e-06,1.7103970483723612,10.296527656962038,1,1,0.5967101907635434,1,1,fold_5
1208,sub12,task02,26,74,0,0.1850472497358963,0.5461302529578301,0.5,1,0.9161686897277832,0.7142608165740967,1,3.251571369009238e-06,1.7103970483723612,10.296527656962038,1,1,0.6569049946173161,1,1,fold_5
1209,sub12,task02,27,75,0,0.7755970235724065,0.6847303968083307,0.5,1,1.8049023151397705,0.8587446808815002,1,3.251571369009238e-06,1.7103970483723612,10.296527656962038,1,1,0.7170643057396271,1,1,fold_5
1210,sub12,task02,28,76,0,1.0452115933431945,0.7398543340857877,0.5,1,2.3551154136657715,0.9133400321006775,1,3.251571369009238e-06,1.7103970483723612,10.296527656962038,1,1,0.737155138104605,1,1,fold_5
1211,sub12,task02,29,77,0,0.9774814051658013,0.7266081863247629,0.5,1,2.145211696624756,0.8952204585075378,1,3.251571369009238e-06,1.7103970483723612,10.296527656962038,1,1,0.7501416576483799,1,1,fold_5
1212,sub12,task02,30,78,0,1.0721359063521476,0.745002893903264,0.5,1,2.0496253967285156,0.8859097957611084,1,3.251571369009238e-06,1.7103970483723612,10.296527656962038,1,1,0.7702369610559158,1,1,fold_5
1213,sub12,task02,31,79,0,1.258767650418192,0.7788138927171128,0.5,1,2.4840407371520996,0.9230154156684875,1,3.251571369009238e-06,1.7103970483723612,10.296527656962038,1,1,0.7841709907870719,1,1,fold_5
1214,sub12,task02,32,80,0,1.3063044318941546,0.7868940965473704,0.5,1,3.162919044494629,0.9594147205352783,1,3.251571369009238e-06,1.7103970483723612,10.296527656962038,1,1,0.778167364743427,1,1,fold_5
1215,sub12,task02,33,81,0,1.3057731007218354,0.7868049830967325,0.5,1,3.0824360847473145,0.9561624526977539,1,3.251571369009238e-06,1.7103970483723612,10.296527656962038,1,1,0.7587853251474236,1,1,fold_5
1216,sub12,task02,34,82,0,1.1570870544011185,0.760803014586178,0.5,1,2.790872573852539,0.9421806335449219,1,3.251571369009238e-06,1.7103970483723612,10.296527656962038,1,1,0.7394329900349659,1,1,fold_5
1217,sub12,task02,35,83,0,0.9882796026246659,0.7287479777593598,0.5,1,2.856780529022217,0.9456681609153748,1,3.251571369009238e-06,1.7103970483723612,10.296527656962038,1,1,0.7287479777593598,1,1,fold_5
1218,sub12,rest04,0,84,0,1.0496912452006968,0.7407156053785552,0.5,1,2.060863494873047,0.8870406746864319,1,3.251571369009238e-06,1.7103970483723612,10.296527656962038,1,1,0.7593749363322598,1,1,fold_5
1219,sub12,rest04,1,85,0,1.210846448986758,0.7704486841746659,0.5,1,2.6070609092712402,0.9313146471977234,1,3.251571369009238e-06,1.7103970483723612,10.296527656962038,1,1,0.7565456349928418,1,1,fold_5
1220,sub12,rest04,2,86,0,1.1912274423845968,0.7669605194435583,0.5,1,2.2972607612609863,0.9086499214172363,1,3.251571369009238e-06,1.7103970483723612,10.296527656962038,1,1,0.7153046637214194,1,1,fold_5
1221,sub12,rest04,3,87,0,1.0059545455943288,0.7322277013603008,0.5,1,1.8860278129577637,0.8683019876480103,1,3.251571369009238e-06,1.7103970483723612,10.296527656962038,1,1,0.6795997016224292,1,1,fold_5
1222,sub12,rest04,4,88,0,0.6046777468361634,0.6467257703603995,0.5,1,1.1818552017211914,0.7652812004089355,1,3.251571369009238e-06,1.7103970483723612,10.296527656962038,1,1,0.6459849669551665,1,1,fold_5
1223,sub12,rest04,5,89,0,0.6626063837609587,0.6598456331465873,0.5,1,1.2779767513275146,0.7821051478385925,1,3.251571369009238e-06,1.7103970483723612,10.296527656962038,1,1,0.646371519066086,1,1,fold_5
1224,sub12,rest04,6,90,0,0.5381566238230211,0.6313834973585125,0.5,1,1.134019136428833,0.7565798759460449,1,3.251571369009238e-06,1.7103970483723612,10.296527656962038,1,1,0.6537329515045769,1,1,fold_5
1225,sub12,rest04,7,91,0,0.6097572550747854,0.6478854266931584,0.5,1,1.2780697345733643,0.7821210622787476,1,3.251571369009238e-06,1.7103970483723612,10.296527656962038,1,1,0.6831556088480345,1,1,fold_5
1226,sub12,rest04,8,92,0,0.7626552083404077,0.6819299304620599,0.5,1,1.5883774757385254,0.8303877115249634,1,3.251571369009238e-06,1.7103970483723612,10.296527656962038,1,1,0.6951773585919998,1,1,fold_5
1227,sub12,rest04,9,93,0,0.9427334432269576,0.7196514693888854,0.5,1,2.179781913757324,0.8984191417694092,1,3.251571369009238e-06,1.7103970483723612,10.296527656962038,1,1,0.6965573146619951,1,1,fold_5
1228,sub12,rest04,10,94,0,0.7719875135506494,0.6839506759250542,0.5,1,1.7802066802978516,0.8557223677635193,1,3.251571369009238e-06,1.7103970483723612,10.296527656962038,1,1,0.6475220484373255,1,1,fold_5
1229,sub12,rest04,11,95,0,0.7818086974513543,0.6860697986720461,0.5,1,1.681494951248169,0.8431023359298706,1,3.251571369009238e-06,1.7103970483723612,10.296527656962038,1,1,0.6434944899391352,1,1,fold_5
1230,sub12,rest04,12,96,0,0.2922450558327811,0.5725456707148763,0.5,1,1.3101353645324707,0.7875358462333679,1,3.251571369009238e-06,1.7103970483723612,10.296527656962038,1,1,0.6582015549889305,1,1,fold_5
1231,sub12,rest04,13,97,0,0.71664592815808,0.6718680004304832,0.5,1,1.5810084342956543,0.8293472528457642,1,3.251571369009238e-06,1.7103970483723612,10.296527656962038,1,1,0.7244654594398007,1,1,fold_5
1232,sub12,rest04,14,98,0,0.9955918111336292,0.730190993821432,0.5,1,1.6290113925933838,0.8360341787338257,1,3.251571369009238e-06,1.7103970483723612,10.296527656962038,1,1,0.7548020488842226,1,1,fold_5
1233,sub12,rest04,15,99,0,1.2158782463517221,0.7713373840674864,0.5,1,2.6305794715881348,0.9328038692474365,1,3.251571369009238e-06,1.7103970483723612,10.296527656962038,1,1,0.7633035771929121,1,1,fold_5
1234,sub12,rest04,16,100,0,1.1685220684407287,0.7628777687637495,0.5,1,2.0719029903411865,0.8881421089172363,1,3.251571369009238e-06,1.7103970483723612,10.296527656962038,1,1,0.715004683606688,1,1,fold_5
1235,sub12,rest04,17,101,0,1.1292235457342876,0.7556955787475002,0.5,1,2.207639455795288,0.9009335041046143,1,3.251571369009238e-06,1.7103970483723612,10.296527656962038,1,1,0.6564236141276092,1,1,fold_5
1236,sub12,rest04,18,102,0,0.5169773707850596,0.6264407033088145,0.5,1,1.1113417148590088,0.7523791790008545,1,3.251571369009238e-06,1.7103970483723612,10.296527656962038,1,1,0.6004630802503104,1,1,fold_5
1237,sub12,rest04,19,103,0,0.35213229956017633,0.5871345603265128,0.5,1,0.894686222076416,0.7098563313484192,1,3.251571369009238e-06,1.7103970483723612,10.296527656962038,1,1,0.6384061794513026,1,1,fold_5
1238,sub12,rest04,20,104,0,0.3549357730908155,0.5878139771156036,0.5,1,1.0126152038574219,0.733531653881073,1,3.251571369009238e-06,1.7103970483723612,10.296527656962038,1,1,0.6982792004867586,1,1,fold_5
1239,sub12,rest04,21,105,0,1.0473723593560205,0.7402700009117915,0.5,1,1.8829829692840576,0.867953360080719,1,3.251571369009238e-06,1.7103970483723612,10.296527656962038,1,1,0.7512993630902342,1,1,fold_5
1240,sub12,rest04,22,106,0,1.1900702236256544,0.7667536234328808,0.5,1,3.0936360359191895,0.9566294550895691,1,3.251571369009238e-06,1.7103970483723612,10.296527656962038,1,1,0.7535008510949804,1,1,fold_5
1241,sub12,rest04,23,107,0,1.0820115669715455,0.7468744649260302,0.5,1,3.6208505630493164,0.9739375710487366,1,3.251571369009238e-06,1.7103970483723612,10.296527656962038,1,1,0.7468744649260302,1,1,fold_5
1903,sub19,rest01,0,0,0,-1.2694825101753282,0.21934585068194767,0.5,0,-0.6737913489341736,0.3376484513282776,1,3.175139854919005e-06,2.102526346448173,11.806527012404048,0,1,0.20912471920713382,0,1,fold_5
1904,sub19,rest01,1,1,0,-1.3403082103346569,0.20745937805202716,0.5,0,-0.6832208037376404,0.33554282784461975,1,3.175139854919005e-06,2.102526346448173,11.806527012404048,0,1,0.20207228272632086,0,1,fold_5
1905,sub19,rest01,2,2,0,-1.3827423409228226,0.20056892888742658,0.5,0,-0.44714081287384033,0.3900407552719116,1,3.175139854919005e-06,2.102526346448173,11.806527012404048,0,1,0.1978160226075419,0,1,fold_5
1906,sub19,rest01,3,3,0,-1.3976546853065224,0.19818854123950888,0.5,0,-0.5492658615112305,0.36603471636772156,1,3.175139854919005e-06,2.102526346448173,11.806527012404048,0,1,0.21124865951786917,0,1,fold_5
1907,sub19,rest01,4,4,0,-1.4198149342906399,0.19469059769569025,0.5,0,-0.4326211214065552,0.39350059628486633,1,3.175139854919005e-06,2.102526346448173,11.806527012404048,0,1,0.2302497656929198,0,1,fold_5
1908,sub19,rest01,5,5,0,-1.1479329557959745,0.24086683961840835,0.5,0,-0.4836120009422302,0.38139957189559937,1,3.175139854919005e-06,2.102526346448173,11.806527012404048,0,1,0.23546265616201004,0,1,fold_5
1909,sub19,rest01,6,6,0,-1.0711110018395933,0.25519185976466086,0.5,0,-0.5185843110084534,0.37318333983421326,1,3.175139854919005e-06,2.102526346448173,11.806527012404048,0,1,0.222142845529211,0,1,fold_5
1910,sub19,rest01,7,7,1,-0.9867120967259446,0.27156198904956347,0.5,0,-0.3835422992706299,0.40527281165122986,1,3.175139854919005e-06,2.102526346448173,11.806527012404048,0,1,,,,fold_5
1911,sub19,rest01,8,8,0,-1.3229418113648979,0.21032926910296085,0.5,0,-0.7509055137634277,0.3206240236759186,1,3.175139854919005e-06,2.102526346448173,11.806527012404048,0,1,0.21356099917814883,0,1,fold_5
1912,sub19,rest01,9,9,0,-1.3806326804444604,0.2009074077200113,0.5,0,-0.6743385791778564,0.3375260531902313,1,3.175139854919005e-06,2.102526346448173,11.806527012404048,0,1,0.22326140969308117,0,1,fold_5
1913,sub19,rest01,10,10,0,-1.2114402149956647,0.22944632071147433,0.5,0,-0.6717283725738525,0.33810994029045105,1,3.175139854919005e-06,2.102526346448173,11.806527012404048,0,1,0.22309170021630362,0,1,fold_5
1914,sub19,rest01,11,11,1,-1.2017425552440526,0.23116537067178342,0.5,0,-0.7384558916091919,0.32334187626838684,1,3.175139854919005e-06,2.102526346448173,11.806527012404048,0,1,,,,fold_5
1915,sub19,rest01,12,12,0,-1.1558043043650599,0.2394305006477578,0.5,0,-0.6630439758300781,0.3400561511516571,1,3.175139854919005e-06,2.102526346448173,11.806527012404048,0,1,0.21738395539423724,0,1,fold_5
1916,sub19,rest01,13,13,0,-1.3838069717928152,0.2003982792896787,0.5,0,-0.7118749022483826,0.3291846811771393,1,3.175139854919005e-06,2.102526346448173,11.806527012404048,0,1,0.21119011158364023,0,1,fold_5
1917,sub19,rest01,14,14,0,-1.3109788915580465,0.21232308624527516,0.5,0,-0.7042725682258606,0.33086565136909485,1,3.175139854919005e-06,2.102526346448173,11.806527012404048,0,1,0.21281447427206132,0,1,fold_5
1918,sub19,rest01,15,15,1,-1.3031069069553871,0.21364259396911398,0.5,0,-0.7572768330574036,0.31923776865005493,1,3.175139854919005e-06,2.102526346448173,11.806527012404048,0,1,,,,fold_5
1919,sub19,rest01,16,16,0,-1.2607258341678123,0.2208489692159669,0.5,0,-0.6593115925788879,0.34089428186416626,1,3.175139854919005e-06,2.102526346448173,11.806527012404048,0,1,0.21157953511770122,0,1,fold_5
1920,sub19,rest01,17,17,0,-1.353667866841205,0.2052713673549419,0.5,0,-0.748322069644928,0.32118701934814453,1,3.175139854919005e-06,2.102526346448173,11.806527012404048,0,1,0.20990013156948403,0,1,fold_5
1921,sub19,rest01,18,18,0,-1.333274327766153,0.20861826878219492,0.5,0,-0.639872670173645,0.345275342464447,1,3.175139854919005e-06,2.102526346448173,11.806527012404048,0,1,0.21018288489794337,0,1,fold_5
1922,sub19,rest01,19,19,1,-1.3380360301954144,0.20783321820790493,0.5,0,-0.7099621891975403,0.32960718870162964,1,3.175139854919005e-06,2.102526346448173,11.806527012404048,0,1,,,,fold_5
1923,sub19,rest01,20,20,0,-1.2902484646530898,0.2158107585713152,0.5,0,-0.7238343358039856,0.3265492022037506,1,3.175139854919005e-06,2.102526346448173,11.806527012404048,0,1,0.21196938451251532,0,1,fold_5
1924,sub19,rest01,21,21,0,-1.348476070255572,0.20611962734032,0.5,0,-0.8602499961853027,0.29728710651397705,1,3.175139854919005e-06,2.102526346448173,11.806527012404048,0,1,0.20765906710807372,0,1,fold_5
1925,sub19,rest01,22,22,0,-1.3011129574659934,0.21397776762591067,0.5,0,-0.7694209218025208,0.3166043758392334,1,3.175139854919005e-06,2.102526346448173,11.806527012404048,0,1,0.22445190623526212,0,1,fold_5
1926,sub19,rest01,23,23,0,-1.3683917582181704,0.20287980635799055,0.5,0,-0.6631264090538025,0.34003767371177673,1,3.175139854919005e-06,2.102526346448173,11.806527012404048,0,1,0.2713400573216571,0,1,fold_5
1927,sub19,rest01,24,24,0,-1.0642498296958596,0.2564981447218852,0.5,0,-0.37661218643188477,0.40694424510002136,1,3.175139854919005e-06,2.102526346448173,11.806527012404048,0,1,0.35439225676521263,0,1,fold_5
1928,sub19,rest01,25,25,0,-0.5986954065287128,0.3546422208850956,0.5,0,0.6342980861663818,0.6534634232521057,1,3.175139854919005e-06,2.102526346448173,11.806527012404048,0,1,0.4195716767541365,0,1,fold_5
1929,sub19,rest01,26,26,0,-0.19244613489217313,0.452036404688657,0.5,0,1.7831497192382812,0.8560853004455566,1,3.175139854919005e-06,2.102526346448173,11.806527012404048,0,1,0.4520364046886571,0,1,fold_5
1930,sub19,rest02,0,27,0,-1.3289486900655039,0.20933331737522878,0.5,0,-0.2102416753768921,0.4476323127746582,1,3.175139854919005e-06,2.102526346448173,11.806527012404048,0,1,0.20088037488227792,0,1,fold_5
1931,sub19,rest02,1,28,0,-1.36497175468425,0.20343344997560178,0.5,0,-0.20116114616394043,0.44987863302230835,1,3.175139854919005e-06,2.102526346448173,11.806527012404048,0,1,0.21161528400357935,0,1,fold_5
1932,sub19,rest02,2,29,0,-1.450826774056162,0.18987435729600316,0.5,0,-0.27736711502075195,0.43109938502311707,1,3.175139854919005e-06,2.102526346448173,11.806527012404048,0,1,0.2245216773860662,0,1,fold_5
1933,sub19,rest02,3,30,0,-1.1442656438306182,0.2415380447391331,0.5,0,-0.17153620719909668,0.45722079277038574,1,3.175139854919005e-06,2.102526346448173,11.806527012404048,0,1,0.2441277834716514,0,1,fold_5
1934,sub19,rest02,4,31,0,-1.1409137760305175,0.2421526301230624,0.5,0,-0.13585376739501953,0.4660886824131012,1,3.175139854919005e-06,2.102526346448173,11.806527012404048,0,1,0.22803684280100955,0,1,fold_5
1935,sub19,rest02,5,32,0,-1.1055968889170773,0.24869267555275865,0.5,0,-0.22504639625549316,0.44397464394569397,1,3.175139854919005e-06,2.102526346448173,11.806527012404048,0,1,0.2119756538062428,0,1,fold_5
1936,sub19,rest02,6,33,0,-1.4289315049910372,0.19326522272720756,0.5,0,-0.37630927562713623,0.4070173501968384,1,3.175139854919005e-06,2.102526346448173,11.806527012404048,0,1,0.1941825264919739,0,1,fold_5
1937,sub19,rest02,7,34,0,-1.4244234469825385,0.1939690631387622,0.5,0,-0.37264037132263184,0.40790316462516785,1,3.175139854919005e-06,2.102526346448173,11.806527012404048,0,1,0.19294009019139188,0,1,fold_5
1938,sub19,rest02,8,35,0,-1.415848113852523,0.19531329360995198,0.5,0,-0.2511603832244873,0.43753790855407715,1,3.175139854919005e-06,2.102526346448173,11.806527012404048,0,1,0.19129166484331503,0,1,fold_5
1939,sub19,rest02,9,36,0,-1.4530154842970306,0.18953791382546153,0.5,0,-0.2972702980041504,0.426224946975708,1,3.175139854919005e-06,2.102526346448173,11.806527012404048,0,1,0.19028410678258958,0,1,fold_5
1940,sub19,rest02,10,37,0,-1.4563658583292167,0.18902378709453158,0.5,0,-0.24798917770385742,0.43831852078437805,1,3.175139854919005e-06,2.102526346448173,11.806527012404048,0,1,0.19234673492553064,0,1,fold_5
1941,sub19,rest02,11,38,0,-1.4351944458338994,0.19229061942777573,0.5,0,-0.1087721586227417,0.4728337526321411,1,3.175139854919005e-06,2.102526346448173,11.806527012404048,0,1,0.19474046622339772,0,1,fold_5
1942,sub19,rest02,12,39,0,-1.4132255667491675,0.19572579825428457,0.5,0,-0.139512300491333,0.46517837047576904,1,3.175139854919005e-06,2.102526346448173,11.806527012404048,0,1,0.19511459795917172,0,1,fold_5
1943,sub19,rest02,13,40,0,-1.4101843510871734,0.19620498098813288,0.5,0,-0.1370323896408081,0.4657953977584839,1,3.175139854919005e-06,2.102526346448173,11.806527012404048,0,1,0.19359647292244966,0,1,fold_5
1944,sub19,rest02,14,41,0,-1.4279838725020761,0.19341301463509764,0.5,0,-0.23245298862457275,0.44214701652526855,1,3.175139854919005e-06,2.102526346448173,11.806527012404048,0,1,0.1944398066104839,0,1,fold_5
1945,sub19,rest02,15,42,0,-1.4424164705917442,0.19117142314411856,0.5,0,-0.1728978157043457,0.45688292384147644,1,3.175139854919005e-06,2.102526346448173,11.806527012404048,0,1,0.19632970618500978,0,1,fold_5
1946,sub19,rest02,16,43,0,-1.394219562529606,0.19873498205223558,0.5,0,-0.1209266185760498,0.46980515122413635,1,3.175139854919005e-06,2.102526346448173,11.806527012404048,0,1,0.19947625248682224,0,1,fold_5
1947,sub19,rest02,17,44,0,-1.3920372957298406,0.1990827133586752,0.5,0,-0.0986717939376831,0.47535204887390137,1,3.175139854919005e-06,2.102526346448173,11.806527012404048,0,1,0.19880451249065537,0,1,fold_5
1948,sub19,rest02,18,45,0,-1.3824795894203223,0.20061106204955592,0.5,0,-0.07190132141113281,0.48203244805336,1,3.175139854919005e-06,2.102526346448173,11.806527012404048,0,1,0.2023820842481152,0,1,fold_5
1949,sub19,rest02,19,46,0,-1.4069234533872288,0.19671976206373504,0.5,0,-0.15703248977661133,0.4608224034309387,1,3.175139854919005e-06,2.102526346448173,11.806527012404048,0,1,0.20535030764275078,0,1,fold_5
1950,sub19,rest02,20,47,0,-1.3260383198491859,0.2098154286310547,0.5,0,-0.22328567504882812,0.4444093704223633,1,3.175139854919005e-06,2.102526346448173,11.806527012404048,0,1,0.2080518667053779,0,1,fold_5
1951,sub19,rest02,21,48,0,-1.3278469240919741,0.20951573223346268,0.5,0,-0.28661108016967773,0.4288337230682373,1,3.175139854919005e-06,2.102526346448173,11.806527012404048,0,1,0.2037187015927815,0,1,fold_5
1952,sub19,rest02,22,49,0,-1.356409703075665,0.20482443925161625,0.5,0,-0.22944366931915283,0.44288942217826843,1,3.175139854919005e-06,2.102526346448173,11.806527012404048,0,1,0.19682819378603936,0,1,fold_5
1953,sub19,rest02,23,50,0,-1.4063149682762488,0.19681593329326552,0.5,0,-0.08731198310852051,0.47818586230278015,1,3.175139854919005e-06,2.102526346448173,11.806527012404048,0,1,0.1918710126305121,0,1,fold_5
1954,sub19,rest02,24,51,0,-1.4575377501571831,0.18884420881323635,0.5,0,-0.24521470069885254,0.4390016794204712,1,3.175139854919005e-06,2.102526346448173,11.806527012404048,0,1,0.1908038084978121,0,1,fold_5
1955,sub19,rest02,25,52,0,-1.4503162748243186,0.1899528957850344,0.5,0,-0.23162460327148438,0.442351371049881,1,3.175139854919005e-06,2.102526346448173,11.806527012404048,0,1,0.19509792815379598,0,1,fold_5
1956,sub19,rest02,26,53,0,-1.4266939944401735,0.1936143208951655,0.5,0,-0.13086247444152832,0.4673309922218323,1,3.175139854919005e-06,2.102526346448173,11.806527012404048,0,1,0.203865849616348,0,1,fold_5
1957,sub19,rest02,27,54,0,-1.3755380300726108,0.201726567781188,0.5,0,0.07725906372070312,0.5193051099777222,1,3.175139854919005e-06,2.102526346448173,11.806527012404048,0,1,0.2114132960421896,0,1,fold_5
1958,sub19,rest02,28,55,0,-1.287615650258875,0.21625666017269043,0.5,0,0.28939640522003174,0.5718483328819275,1,3.175139854919005e-06,2.102526346448173,11.806527012404048,0,1,0.21625666017269043,0,1,fold_5
1959,sub19,task02,0,56,0,-0.8416754055945772,0.3011820415876397,0.5,0,0.0781705379486084,0.5195326805114746,1,3.175139854919005e-06,2.102526346448173,11.806527012404048,1,0,0.30454313390907495,0,0,fold_5
1960,sub19,task02,1,57,0,-0.7784410215063711,0.31465597884152957,0.5,0,0.2241295576095581,0.5557990074157715,1,3.175139854919005e-06,2.102526346448173,11.806527012404048,1,0,0.28409444220068863,0,0,fold_5
1961,sub19,task02,2,58,0,-0.8578373589265367,0.29779138129805544,0.5,0,0.18627595901489258,0.5464348196983337,1,3.175139854919005e-06,2.102526346448173,11.806527012404048,1,0,0.26505926949823766,0,0,fold_5
1962,sub19,task02,3,59,0,-1.15357902699886,0.2398359664624809,0.5,0,-0.153037428855896,0.46181514859199524,1,3.175139854919005e-06,2.102526346448173,11.806527012404048,1,0,0.2477081032476348,0,0,fold_5
1963,sub19,task02,4,60,0,-1.0587392428611087,0.2575504607341767,0.5,0,-0.0372084379196167,0.4906989336013794,1,3.175139854919005e-06,2.102526346448173,11.806527012404048,1,0,0.2557074155384352,0,0,fold_5
1964,sub19,task02,5,61,0,-1.1214744937172145,0.24573788254624668,0.5,0,-0.14368581771850586,0.4641401767730713,1,3.175139854919005e-06,2.102526346448173,11.806527012404048,1,0,0.2657280565047375,0,0,fold_5
1965,sub19,task02,6,62,0,-1.0261360169735554,0.2638339033348821,0.5,0,-0.018138527870178223,0.495465487241745,1,3.175139854919005e-06,2.102526346448173,11.806527012404048,1,0,0.27072469943724037,0,0,fold_5
1966,sub19,task02,7,63,0,-0.9070084848376456,0.28761238363308367,0.5,0,0.17389297485351562,0.5433639883995056,1,3.175139854919005e-06,2.102526346448173,11.806527012404048,1,0,0.2801394395696122,0,0,fold_5
1967,sub19,task02,8,64,0,-1.0421891786311075,0.2607278113437555,0.5,0,-0.03732883930206299,0.4906688332557678,1,3.175139854919005e-06,2.102526346448173,11.806527012404048,1,0,0.26899953175821006,0,0,fold_5
1968,sub19,task02,9,65,0,-0.8853124298397641,0.29207812373199743,0.5,0,0.18007397651672363,0.5448972582817078,1,3.175139854919005e-06,2.102526346448173,11.806527012404048,1,0,0.26360889602662474,0,0,fold_5
1969,sub19,task02,10,66,0,-1.0763748249910667,0.2541926601988773,0.5,0,-0.09086179733276367,0.4773001968860626,1,3.175139854919005e-06,2.102526346448173,11.806527012404048,1,0,0.23463011340633508,0,0,fold_5
1970,sub19,task02,11,67,0,-1.1278618531431999,0.24455590414899953,0.5,0,-0.12729787826538086,0.46821844577789307,1,3.175139854919005e-06,2.102526346448173,11.806527012404048,1,0,0.22018928850340425,0,0,fold_5
1971,sub19,task02,12,68,0,-1.3544624346059897,0.20514177587112833,0.5,0,-0.34486496448516846,0.41462820768356323,1,3.175139854919005e-06,2.102526346448173,11.806527012404048,1,0,0.23584902986149323,0,0,fold_5
1972,sub19,task02,13,69,0,-1.3196881282456205,0.21087018549008488,0.5,0,-0.34776365756988525,0.4139248728752136,1,3.175139854919005e-06,2.102526346448173,11.806527012404048,1,0,0.27425194950439447,0,0,fold_5
1973,sub19,task02,14,70,0,-0.8879399697673067,0.29153512822326644,0.5,0,0.24402189254760742,0.5607045888900757,1,3.175139854919005e-06,2.102526346448173,11.806527012404048,1,0,0.31123282835666727,0,0,fold_5
1974,sub19,task02,15,71,0,-0.752161355398416,0.32035053479983217,0.5,0,0.45513463020324707,0.6118593215942383,1,3.175139854919005e-06,2.102526346448173,11.806527012404048,1,0,0.30240074189350785,0,0,fold_5
1975,sub19,task02,16,72,0,-0.7454532449819602,0.32181282204690326,0.5,0,0.5661928653717041,0.637884259223938,1,3.175139854919005e-06,2.102526346448173,11.806527012404048,1,0,0.2901016926710374,0,0,fold_5
1976,sub19,task02,17,73,0,-1.0199411249724328,0.26503886883378813,0.5,0,0.098457932472229,0.5245946049690247,1,3.175139854919005e-06,2.102526346448173,11.806527012404048,1,0,0.3061758576023683,0,0,fold_5
1977,sub19,task02,18,74,0,-0.9273956111286308,0.28345338713242085,0.5,0,0.1509687900543213,0.5376706719398499,1,3.175139854919005e-06,2.102526346448173,11.806527012404048,1,0,0.34518396890001624,0,0,fold_5
1978,sub19,task02,19,75,0,-0.5320653073321695,0.3700353168408959,0.5,0,1.0509257316589355,0.7409526705741882,1,3.175139854919005e-06,2.102526346448173,11.806527012404048,1,0,0.3806112990781929,0,0,fold_5
1979,sub19,task02,20,76,0,-0.4808001353583291,0.3820632027267319,0.5,0,1.0757229328155518,0.7456837296485901,1,3.175139854919005e-06,2.102526346448173,11.806527012404048,1,0,0.390860681674246,0,0,fold_5
1980,sub19,task02,21,77,0,-0.44842468018067927,0.3897353776669509,0.5,0,1.604186773300171,0.8326026797294617,1,3.175139854919005e-06,2.102526346448173,11.806527012404048,1,0,0.3953504806355996,0,0,fold_5
1981,sub19,task02,22,78,0,-0.4022017345640809,0.4007834646290553,0.5,0,1.7261075973510742,0.8489139080047607,1,3.175139854919005e-06,2.102526346448173,11.806527012404048,1,0,0.4103736265304006,0,0,fold_5
1982,sub19,task02,23,79,0,-0.4241145302437239,0.3955325996107926,0.5,0,1.5562481880187988,0.8258143663406372,1,3.175139854919005e-06,2.102526346448173,11.806527012404048,1,0,0.43133943785956147,0,0,fold_5
1983,sub19,task02,24,80,0,-0.26227390099330566,0.43480481535135396,0.5,0,1.7959463596343994,0.8576547503471375,1,3.175139854919005e-06,2.102526346448173,11.806527012404048,1,0,0.5011304187327151,1,1,fold_5
1984,sub19,task02,25,81,0,-0.14553272518860877,0.463680898616538,0.5,0,1.9709036350250244,0.8777081370353699,1,3.175139854919005e-06,2.102526346448173,11.806527012404048,1,0,0.5662941375438318,1,1,fold_5
1985,sub19,task02,26,82,0,0.42594744738894,0.6049055422302536,0.5,1,2.9489340782165527,0.9502130150794983,1,3.175139854919005e-06,2.102526346448173,11.806527012404048,1,1,0.6537077288770656,1,1,fold_5
1986,sub19,task02,27,83,0,0.5334867437633091,0.6302959717847041,0.5,1,2.24179744720459,0.9039406180381775,1,3.175139854919005e-06,2.102526346448173,11.806527012404048,1,1,0.6548113265034247,1,1,fold_5
1987,sub19,task02,28,84,0,0.974028188145858,0.7259216726162391,0.5,1,2.604552745819092,0.9311540126800537,1,3.175139854919005e-06,2.102526346448173,11.806527012404048,1,1,0.6669056398173749,1,1,fold_5
1988,sub19,task02,29,85,0,0.43982082083147406,0.6082163351093307,0.5,1,1.7039496898651123,0.8460498452186584,1,3.175139854919005e-06,2.102526346448173,11.806527012404048,1,1,0.6421652524897233,1,1,fold_5
1989,sub19,task02,30,86,0,0.6927523093132377,0.6665789117265548,0.5,1,2.4156579971313477,0.9180135726928711,1,3.175139854919005e-06,2.102526346448173,11.806527012404048,1,1,0.6478297560647741,1,1,fold_5
1990,sub19,task02,31,87,0,0.6265224055807235,0.6517005106332844,0.5,1,2.2504591941833496,0.904690146446228,1,3.175139854919005e-06,2.102526346448173,11.806527012404048,1,1,0.6476268299055615,1,1,fold_5
1991,sub19,task02,32,88,0,0.5117210662688796,0.6252098458344832,0.5,1,1.8930282592773438,0.8691004514694214,1,3.175139854919005e-06,2.102526346448173,11.806527012404048,1,1,0.6372377282656462,1,1,fold_5
1992,sub19,task02,33,89,0,0.6900144141739547,0.665970133248917,0.5,1,1.8942410945892334,0.8692383170127869,1,3.175139854919005e-06,2.102526346448173,11.806527012404048,1,1,0.6513440191147152,1,1,fold_5
1993,sub19,task02,34,90,0,0.49181202323742446,0.6205332057135384,0.5,1,1.967027187347412,0.8772914409637451,1,3.175139854919005e-06,2.102526346448173,11.806527012404048,1,1,0.6518635474923063,1,1,fold_5
1994,sub19,task02,35,91,0,0.6970289278487423,0.6675287183816903,0.5,1,3.270662784576416,0.9634085297584534,1,3.175139854919005e-06,2.102526346448173,11.806527012404048,1,1,0.6675287183816904,1,1,fold_5
1995,sub19,rest04,0,92,0,1.3295291904044408,0.7907627466956936,0.5,1,3.237795829772949,0.9622320532798767,1,3.175139854919005e-06,2.102526346448173,11.806527012404048,1,1,0.7927352686109522,1,1,fold_5
1996,sub19,rest04,1,93,0,1.3955844285310937,0.8014822690114507,0.5,1,3.4786605834960938,0.9700744152069092,1,3.175139854919005e-06,2.102526346448173,11.806527012404048,1,1,0.7916171289045218,1,1,fold_5
1997,sub19,rest04,2,94,0,1.3007476838985892,0.7859607901257128,0.5,1,4.210671424865723,0.9853804707527161,1,3.175139854919005e-06,2.102526346448173,11.806527012404048,1,1,0.7843712741093576,1,1,fold_5
1998,sub19,rest04,3,95,0,1.309373659518033,0.7874083275764021,0.5,1,4.271185398101807,0.9862270951271057,1,3.175139854919005e-06,2.102526346448173,11.806527012404048,1,1,0.7802755233409041,1,1,fold_5
1999,sub19,rest04,4,96,0,1.2641792572589432,0.7797447046259577,0.5,1,4.282334804534912,0.9863777160644531,1,3.175139854919005e-06,2.102526346448173,11.806527012404048,1,1,0.766464887516971,1,1,fold_5
2000,sub19,rest04,5,97,0,1.2291715189797792,0.773673537820353,0.5,1,3.7534074783325195,0.9770990014076233,1,3.175139854919005e-06,2.102526346448173,11.806527012404048,1,1,0.7340405892052141,1,1,fold_5
2001,sub19,rest04,6,98,0,1.0772668943217765,0.7459764201046021,0.5,1,3.1204633712768555,0.957728922367096,1,3.175139854919005e-06,2.102526346448173,11.806527012404048,1,1,0.708187649405918,1,1,fold_5
2002,sub19,rest04,7,99,0,0.7651546189564714,0.6824718096906872,0.5,1,2.134371757507324,0.8941993117332458,1,3.175139854919005e-06,2.102526346448173,11.806527012404048,1,1,0.6706028800983774,1,1,fold_5
2003,sub19,rest04,8,100,0,0.828864205116845,0.6961147184224649,0.5,1,2.1658191680908203,0.8971378207206726,1,3.175139854919005e-06,2.102526346448173,11.806527012404048,1,1,0.6591876021676627,1,1,fold_5
2004,sub19,rest04,9,101,0,0.5460647941847613,0.63322211218198,0.5,1,1.880845308303833,0.8677082061767578,1,3.175139854919005e-06,2.102526346448173,11.806527012404048,1,1,0.6759919546823191,1,1,fold_5
2005,sub19,rest04,10,102,0,0.6112503713410684,0.6482259758985431,0.5,1,1.9588160514831543,0.8764047622680664,1,3.175139854919005e-06,2.102526346448173,11.806527012404048,1,1,0.7143007680746764,1,1,fold_5
2006,sub19,rest04,11,103,0,1.0801785774067918,0.7465277759664344,0.5,1,2.255419969558716,0.9051169753074646,1,3.175139854919005e-06,2.102526346448173,11.806527012404048,1,1,0.7618207196217769,1,1,fold_5
2007,sub19,rest04,12,104,0,1.0887621374631975,0.7481485523590513,0.5,1,2.3164186477661133,0.9102277755737305,1,3.175139854919005e-06,2.102526346448173,11.806527012404048,1,1,0.7401927987722212,1,1,fold_5
2008,sub19,rest04,13,105,0,1.3296687117129258,0.7907858305398447,0.5,1,3.295926570892334,0.9642888307571411,1,3.175139854919005e-06,2.102526346448173,11.806527012404048,1,1,0.7498458827728988,1,1,fold_5
2009,sub19,rest04,14,106,0,0.7613373357874702,0.6816440134177679,0.5,1,1.8272721767425537,0.8614364862442017,1,3.175139854919005e-06,2.102526346448173,11.806527012404048,1,1,0.7343418637226645,1,1,fold_5
2010,sub19,rest04,15,107,0,1.2488908581518667,0.7771078043610835,0.5,1,2.9970812797546387,0.9524421095848083,1,3.175139854919005e-06,2.102526346448173,11.806527012404048,1,1,0.7561500776077703,1,1,fold_5
2011,sub19,rest04,16,108,0,1.0683014971994769,0.744273773389142,0.5,1,2.622246265411377,0.9322797060012817,1,3.175139854919005e-06,2.102526346448173,11.806527012404048,1,1,0.7173601416024197,1,1,fold_5
2012,sub19,rest04,17,109,0,1.0830390006614918,0.7470686550730854,0.5,1,2.90647554397583,0.9481655955314636,1,3.175139854919005e-06,2.102526346448173,11.806527012404048,1,1,0.7028727579626407,1,1,fold_5
2013,sub19,rest04,18,110,0,0.666584705600233,0.6607379963450315,0.5,1,2.0462043285369873,0.8855635523796082,1,3.175139854919005e-06,2.102526346448173,11.806527012404048,1,1,0.7014463046196567,1,1,fold_5
2014,sub19,rest04,19,111,0,0.8511657238664141,0.7008116224698049,0.5,1,2.258364200592041,0.9053696393966675,1,3.175139854919005e-06,2.102526346448173,11.806527012404048,1,1,0.7416284776109663,1,1,fold_5
2015,sub19,rest04,20,112,0,1.06051680511649,0.7427892950441335,0.5,1,2.6501669883728027,0.9340212941169739,1,3.175139854919005e-06,2.102526346448173,11.806527012404048,1,1,0.7650128997076577,1,1,fold_5
2016,sub19,rest04,21,113,0,1.2731676512097705,0.7812845153189607,0.5,1,3.2325520515441895,0.9620410203933716,1,3.175139854919005e-06,2.102526346448173,11.806527012404048,1,1,0.7737154167258883,1,1,fold_5
2017,sub19,rest04,22,114,0,1.213767516661948,0.770964888759879,0.5,1,3.607247829437256,0.9735899567604065,1,3.175139854919005e-06,2.102526346448173,11.806527012404048,1,1,0.7695861936525098,1,1,fold_5
2018,sub19,rest04,23,115,0,1.2020926556632965,0.768896846098825,0.5,1,4.417638778686523,0.9880810976028442,1,3.175139854919005e-06,2.102526346448173,11.806527012404048,1,1,0.768896846098825,1,1,fold_5
